dataset,model,layer,checkpoint,seed,trial,d_out,d_in,R,r,alpha,target_condition_number,actual_condition_number,condition_relative_error,smallest_gauge_singular_value,b_gauge_frobenius_norm,a_gauge_frobenius_norm,full_update_error,dense_optimal_error,sp_plus_dense_error_gap,compact_full_reconstruction_error,compact_path_no_dense_intermediate,gauge_construction,method,broadcast_error,excess_error,numerical_checks_passed
synthetic,structured_low_rank_update,aggregate,N/A,42,0,128,96,16,8,4.0000000000000000e+00,1.0000000000000000e+00,1.0000000000000011e+00,1.1102230246251565e-15,9.9999999999999967e-01,1.6457339059369436e+00,1.6457339059369438e+00,4.2363895389740217e-16,1.1761969034414466e-01,4.1633363423443370e-17,1.6290927343194167e-15,True,Q_left D(kappa) Q_right^T,RBLA prefix,6.2604723261952244e-01,5.0842754227537779e-01,True
synthetic,structured_low_rank_update,aggregate,N/A,42,0,128,96,16,8,4.0000000000000000e+00,1.0000000000000000e+00,1.0000000000000011e+00,1.1102230246251565e-15,9.9999999999999967e-01,1.6457339059369436e+00,1.6457339059369438e+00,4.2363895389740217e-16,1.1761969034414466e-01,4.1633363423443370e-17,1.6290927343194167e-15,True,Q_left D(kappa) Q_right^T,SP+ (compact QR),1.1761969034414461e-01,-4.1633363423443370e-17,True
synthetic,structured_low_rank_update,aggregate,N/A,42,0,128,96,16,8,4.0000000000000000e+00,1.5000000000000000e+00,1.5000000000000007e+00,4.4408920985006262e-16,8.1649658092772548e-01,1.7041497220581534e+00,1.6408109503788706e+00,3.6588559676010918e-16,1.1761969034414466e-01,4.1633363423443370e-17,1.2369038946241193e-15,True,Q_left D(kappa) Q_right^T,RBLA prefix,6.3060392589028524e-01,5.1298423554614059e-01,True
synthetic,structured_low_rank_update,aggregate,N/A,42,0,128,96,16,8,4.0000000000000000e+00,1.5000000000000000e+00,1.5000000000000007e+00,4.4408920985006262e-16,8.1649658092772548e-01,1.7041497220581534e+00,1.6408109503788706e+00,3.6588559676010918e-16,1.1761969034414466e-01,4.1633363423443370e-17,1.2369038946241193e-15,True,Q_left D(kappa) Q_right^T,SP+ (compact QR),1.1761969034414461e-01,-4.1633363423443370e-17,True
synthetic,structured_low_rank_update,aggregate,N/A,42,0,128,96,16,8,4.0000000000000000e+00,2.0000000000000000e+00,1.9999999999999993e+00,3.3306690738754696e-16,7.0710678118654768e-01,1.7790758646945730e+00,1.6691741560809370e+00,3.5438013231605487e-16,1.1761969034414466e-01,4.1633363423443370e-17,1.2132735856661136e-15,True,Q_left D(kappa) Q_right^T,RBLA prefix,6.3992212909910828e-01,5.2230243875496363e-01,True
synthetic,structured_low_rank_update,aggregate,N/A,42,0,128,96,16,8,4.0000000000000000e+00,2.0000000000000000e+00,1.9999999999999993e+00,3.3306690738754696e-16,7.0710678118654768e-01,1.7790758646945730e+00,1.6691741560809370e+00,3.5438013231605487e-16,1.1761969034414466e-01,4.1633363423443370e-17,1.2132735856661136e-15,True,Q_left D(kappa) Q_right^T,SP+ (compact QR),1.1761969034414461e-01,-4.1633363423443370e-17,True
synthetic,structured_low_rank_update,aggregate,N/A,42,0,128,96,16,8,4.0000000000000000e+00,3.0000000000000000e+00,3.0000000000000013e+00,4.4408920985006262e-16,5.7735026918962551e-01,1.9341822336667396e+00,1.7539420145817246e+00,4.0887287375196545e-16,1.1761969034414466e-01,4.1633363423443370e-17,1.6339315452562510e-15,True,Q_left D(kappa) Q_right^T,RBLA prefix,6.6440920178353413e-01,5.4678951143938948e-01,True
synthetic,structured_low_rank_update,aggregate,N/A,42,0,128,96,16,8,4.0000000000000000e+00,3.0000000000000000e+00,3.0000000000000013e+00,4.4408920985006262e-16,5.7735026918962551e-01,1.9341822336667396e+00,1.7539420145817246e+00,4.0887287375196545e-16,1.1761969034414466e-01,4.1633363423443370e-17,1.6339315452562510e-15,True,Q_left D(kappa) Q_right^T,SP+ (compact QR),1.1761969034414461e-01,-4.1633363423443370e-17,True
synthetic,structured_low_rank_update,aggregate,N/A,42,0,128,96,16,8,4.0000000000000000e+00,5.0000000000000000e+00,4.9999999999999982e+00,3.5527136788005011e-16,4.4721359549995793e-01,2.2185804898282524e+00,1.9369676783701504e+00,4.0392685262817058e-16,1.1761969034414466e-01,4.1633363423443370e-17,1.9332805101069475e-15,True,Q_left D(kappa) Q_right^T,RBLA prefix,7.2512320992387191e-01,6.0750351957972726e-01,True
synthetic,structured_low_rank_update,aggregate,N/A,42,0,128,96,16,8,4.0000000000000000e+00,5.0000000000000000e+00,4.9999999999999982e+00,3.5527136788005011e-16,4.4721359549995793e-01,2.2185804898282524e+00,1.9369676783701504e+00,4.0392685262817058e-16,1.1761969034414466e-01,4.1633363423443370e-17,1.9332805101069475e-15,True,Q_left D(kappa) Q_right^T,SP+ (compact QR),1.1761969034414461e-01,-4.1633363423443370e-17,True
synthetic,structured_low_rank_update,aggregate,N/A,42,0,128,96,16,8,4.0000000000000000e+00,7.5000000000000000e+00,7.5000000000000018e+00,2.3684757858670006e-16,3.6514837167011055e-01,2.5233165292629836e+00,2.1462872418595880e+00,4.3248418015120759e-16,1.1761969034414466e-01,4.1633363423443370e-17,1.1569824192115042e-15,True,Q_left D(kappa) Q_right^T,RBLA prefix,8.1469768324032155e-01,6.9707799289617689e-01,True
synthetic,structured_low_rank_update,aggregate,N/A,42,0,128,96,16,8,4.0000000000000000e+00,7.5000000000000000e+00,7.5000000000000018e+00,2.3684757858670006e-16,3.6514837167011055e-01,2.5233165292629836e+00,2.1462872418595880e+00,4.3248418015120759e-16,1.1761969034414466e-01,4.1633363423443370e-17,1.1569824192115042e-15,True,Q_left D(kappa) Q_right^T,SP+ (compact QR),1.1761969034414461e-01,-4.1633363423443370e-17,True
synthetic,structured_low_rank_update,aggregate,N/A,42,0,128,96,16,8,4.0000000000000000e+00,1.0000000000000000e+01,1.0000000000000007e+01,7.1054273576010023e-16,3.1622776601683772e-01,2.7876070530789128e+00,2.3321701670723582e+00,4.7522073264615978e-16,1.1761969034414466e-01,4.1633363423443370e-17,1.7287575171505681e-15,True,Q_left D(kappa) Q_right^T,RBLA prefix,9.1479857877427784e-01,7.9717888843013318e-01,True
synthetic,structured_low_rank_update,aggregate,N/A,42,0,128,96,16,8,4.0000000000000000e+00,1.0000000000000000e+01,1.0000000000000007e+01,7.1054273576010023e-16,3.1622776601683772e-01,2.7876070530789128e+00,2.3321701670723582e+00,4.7522073264615978e-16,1.1761969034414466e-01,4.1633363423443370e-17,1.7287575171505681e-15,True,Q_left D(kappa) Q_right^T,SP+ (compact QR),1.1761969034414461e-01,-4.1633363423443370e-17,True
synthetic,structured_low_rank_update,aggregate,N/A,42,1,128,96,16,8,4.0000000000000000e+00,1.0000000000000000e+00,1.0000000000000011e+00,1.1102230246251565e-15,9.9999999999999922e-01,1.6457339059369438e+00,1.6457339059369436e+00,3.2332937431100034e-16,1.1761969034414466e-01,4.1633363423443370e-17,1.3513484960004565e-15,True,Q_left D(kappa) Q_right^T,RBLA prefix,7.4214878308347965e-01,6.2452909273933499e-01,True
synthetic,structured_low_rank_update,aggregate,N/A,42,1,128,96,16,8,4.0000000000000000e+00,1.0000000000000000e+00,1.0000000000000011e+00,1.1102230246251565e-15,9.9999999999999922e-01,1.6457339059369438e+00,1.6457339059369436e+00,3.2332937431100034e-16,1.1761969034414466e-01,4.1633363423443370e-17,1.3513484960004565e-15,True,Q_left D(kappa) Q_right^T,SP+ (compact QR),1.1761969034414461e-01,-4.1633363423443370e-17,True
synthetic,structured_low_rank_update,aggregate,N/A,42,1,128,96,16,8,4.0000000000000000e+00,1.5000000000000000e+00,1.5000000000000004e+00,2.9605947323337506e-16,8.1649658092772592e-01,1.7008519718242570e+00,1.6460188703261995e+00,3.3269672947934456e-16,1.1761969034414466e-01,2.7755575615628914e-17,9.7387272836800149e-16,True,Q_left D(kappa) Q_right^T,RBLA prefix,7.5531573139335528e-01,6.3769604104921063e-01,True
synthetic,structured_low_rank_update,aggregate,N/A,42,1,128,96,16,8,4.0000000000000000e+00,1.5000000000000000e+00,1.5000000000000004e+00,2.9605947323337506e-16,8.1649658092772592e-01,1.7008519718242570e+00,1.6460188703261995e+00,3.3269672947934456e-16,1.1761969034414466e-01,2.7755575615628914e-17,9.7387272836800149e-16,True,Q_left D(kappa) Q_right^T,SP+ (compact QR),1.1761969034414463e-01,-2.7755575615628914e-17,True
synthetic,structured_low_rank_update,aggregate,N/A,42,1,128,96,16,8,4.0000000000000000e+00,2.0000000000000000e+00,2.0000000000000009e+00,4.4408920985006262e-16,7.0710678118654746e-01,1.7743521225653995e+00,1.6793837213627989e+00,3.5581877107322293e-16,1.1761969034414466e-01,4.1633363423443370e-17,1.7581574260639586e-15,True,Q_left D(kappa) Q_right^T,RBLA prefix,7.8169753677160136e-01,6.6407784642745671e-01,True
synthetic,structured_low_rank_update,aggregate,N/A,42,1,128,96,16,8,4.0000000000000000e+00,2.0000000000000000e+00,2.0000000000000009e+00,4.4408920985006262e-16,7.0710678118654746e-01,1.7743521225653995e+00,1.6793837213627989e+00,3.5581877107322293e-16,1.1761969034414466e-01,4.1633363423443370e-17,1.7581574260639586e-15,True,Q_left D(kappa) Q_right^T,SP+ (compact QR),1.1761969034414461e-01,-4.1633363423443370e-17,True
synthetic,structured_low_rank_update,aggregate,N/A,42,1,128,96,16,8,4.0000000000000000e+00,3.0000000000000000e+00,3.0000000000000022e+00,7.4014868308343773e-16,5.7735026918962562e-01,1.9282699588168095e+00,1.7731304599916404e+00,3.7340760637939954e-16,1.1761969034414466e-01,2.7755575615628914e-17,1.2286984056254692e-15,True,Q_left D(kappa) Q_right^T,RBLA prefix,8.4779851707113174e-01,7.3017882672698708e-01,True
synthetic,structured_low_rank_update,aggregate,N/A,42,1,128,96,16,8,4.0000000000000000e+00,3.0000000000000000e+00,3.0000000000000022e+00,7.4014868308343773e-16,5.7735026918962562e-01,1.9282699588168095e+00,1.7731304599916404e+00,3.7340760637939954e-16,1.1761969034414466e-01,2.7755575615628914e-17,1.2286984056254692e-15,True,Q_left D(kappa) Q_right^T,SP+ (compact QR),1.1761969034414463e-01,-2.7755575615628914e-17,True
synthetic,structured_low_rank_update,aggregate,N/A,42,1,128,96,16,8,4.0000000000000000e+00,5.0000000000000000e+00,4.9999999999999973e+00,5.3290705182007512e-16,4.4721359549995832e-01,2.2115649662120767e+00,1.9707643129104182e+00,3.9653838135829914e-16,1.1761969034414466e-01,4.1633363423443370e-17,1.6934750098832093e-15,True,Q_left D(kappa) Q_right^T,RBLA prefix,9.9562983033453634e-01,8.7801013999039168e-01,True
synthetic,structured_low_rank_update,aggregate,N/A,42,1,128,96,16,8,4.0000000000000000e+00,5.0000000000000000e+00,4.9999999999999973e+00,5.3290705182007512e-16,4.4721359549995832e-01,2.2115649662120767e+00,1.9707643129104182e+00,3.9653838135829914e-16,1.1761969034414466e-01,4.1633363423443370e-17,1.6934750098832093e-15,True,Q_left D(kappa) Q_right^T,SP+ (compact QR),1.1761969034414461e-01,-4.1633363423443370e-17,True
synthetic,structured_low_rank_update,aggregate,N/A,42,1,128,96,16,8,4.0000000000000000e+00,7.5000000000000000e+00,7.4999999999999947e+00,7.1054273576010023e-16,3.6514837167011099e-01,2.5148656489732137e+00,2.1944586246615621e+00,4.3735794494157568e-16,1.1761969034414466e-01,4.1633363423443370e-17,1.0731637974550964e-15,True,Q_left D(kappa) Q_right^T,RBLA prefix,1.1862160890917330e+00,1.0685963987475884e+00,True
synthetic,structured_low_rank_update,aggregate,N/A,42,1,128,96,16,8,4.0000000000000000e+00,7.5000000000000000e+00,7.4999999999999947e+00,7.1054273576010023e-16,3.6514837167011099e-01,2.5148656489732137e+00,2.1944586246615621e+00,4.3735794494157568e-16,1.1761969034414466e-01,4.1633363423443370e-17,1.0731637974550964e-15,True,Q_left D(kappa) Q_right^T,SP+ (compact QR),1.1761969034414461e-01,-4.1633363423443370e-17,True
synthetic,structured_low_rank_update,aggregate,N/A,42,1,128,96,16,8,4.0000000000000000e+00,1.0000000000000000e+01,1.0000000000000000e+01,0.0000000000000000e+00,3.1622776601683794e-01,2.7774125143499702e+00,2.3922152304643087e+00,5.1958229847638156e-16,1.1761969034414466e-01,4.1633363423443370e-17,1.4514103707373366e-15,True,Q_left D(kappa) Q_right^T,RBLA prefix,1.3761967457477156e+00,1.2585770554035709e+00,True
synthetic,structured_low_rank_update,aggregate,N/A,42,1,128,96,16,8,4.0000000000000000e+00,1.0000000000000000e+01,1.0000000000000000e+01,0.0000000000000000e+00,3.1622776601683794e-01,2.7774125143499702e+00,2.3922152304643087e+00,5.1958229847638156e-16,1.1761969034414466e-01,4.1633363423443370e-17,1.4514103707373366e-15,True,Q_left D(kappa) Q_right^T,SP+ (compact QR),1.1761969034414461e-01,-4.1633363423443370e-17,True
synthetic,structured_low_rank_update,aggregate,N/A,42,2,128,96,16,8,4.0000000000000000e+00,1.0000000000000000e+00,1.0000000000000011e+00,1.1102230246251565e-15,9.9999999999999967e-01,1.6457339059369434e+00,1.6457339059369438e+00,3.3005369447519198e-16,1.1761969034414466e-01,4.1633363423443370e-17,1.1725689560381057e-15,True,Q_left D(kappa) Q_right^T,RBLA prefix,5.6582846506075091e-01,4.4820877471660625e-01,True
synthetic,structured_low_rank_update,aggregate,N/A,42,2,128,96,16,8,4.0000000000000000e+00,1.0000000000000000e+00,1.0000000000000011e+00,1.1102230246251565e-15,9.9999999999999967e-01,1.6457339059369434e+00,1.6457339059369438e+00,3.3005369447519198e-16,1.1761969034414466e-01,4.1633363423443370e-17,1.1725689560381057e-15,True,Q_left D(kappa) Q_right^T,SP+ (compact QR),1.1761969034414461e-01,-4.1633363423443370e-17,True
synthetic,structured_low_rank_update,aggregate,N/A,42,2,128,96,16,8,4.0000000000000000e+00,1.5000000000000000e+00,1.4999999999999996e+00,2.9605947323337506e-16,8.1649658092772637e-01,1.6638032215759375e+00,1.6726708454870716e+00,3.4730888918941536e-16,1.1761969034414466e-01,4.1633363423443370e-17,1.0159823463092405e-15,True,Q_left D(kappa) Q_right^T,RBLA prefix,5.6949854212072670e-01,4.5187885177658205e-01,True
synthetic,structured_low_rank_update,aggregate,N/A,42,2,128,96,16,8,4.0000000000000000e+00,1.5000000000000000e+00,1.4999999999999996e+00,2.9605947323337506e-16,8.1649658092772637e-01,1.6638032215759375e+00,1.6726708454870716e+00,3.4730888918941536e-16,1.1761969034414466e-01,4.1633363423443370e-17,1.0159823463092405e-15,True,Q_left D(kappa) Q_right^T,SP+ (compact QR),1.1761969034414461e-01,-4.1633363423443370e-17,True
synthetic,structured_low_rank_update,aggregate,N/A,42,2,128,96,16,8,4.0000000000000000e+00,2.0000000000000000e+00,1.9999999999999993e+00,3.3306690738754696e-16,7.0710678118654757e-01,1.7049962950273039e+00,1.7186160308041545e+00,3.4051427091858406e-16,1.1761969034414466e-01,2.7755575615628914e-17,1.0133825055022193e-15,True,Q_left D(kappa) Q_right^T,RBLA prefix,5.7700768927701140e-01,4.5938799893286675e-01,True
synthetic,structured_low_rank_update,aggregate,N/A,42,2,128,96,16,8,4.0000000000000000e+00,2.0000000000000000e+00,1.9999999999999993e+00,3.3306690738754696e-16,7.0710678118654757e-01,1.7049962950273039e+00,1.7186160308041545e+00,3.4051427091858406e-16,1.1761969034414466e-01,2.7755575615628914e-17,1.0133825055022193e-15,True,Q_left D(kappa) Q_right^T,SP+ (compact QR),1.1761969034414463e-01,-2.7755575615628914e-17,True
synthetic,structured_low_rank_update,aggregate,N/A,42,2,128,96,16,8,4.0000000000000000e+00,3.0000000000000000e+00,2.9999999999999996e+00,1.4802973661668753e-16,5.7735026918962595e-01,1.8054896463257399e+00,1.8215674070567840e+00,3.6326269670586005e-16,1.1761969034414466e-01,4.1633363423443370e-17,1.0473251291638280e-15,True,Q_left D(kappa) Q_right^T,RBLA prefix,5.9668479282894427e-01,4.7906510248479961e-01,True
synthetic,structured_low_rank_update,aggregate,N/A,42,2,128,96,16,8,4.0000000000000000e+00,3.0000000000000000e+00,2.9999999999999996e+00,1.4802973661668753e-16,5.7735026918962595e-01,1.8054896463257399e+00,1.8215674070567840e+00,3.6326269670586005e-16,1.1761969034414466e-01,4.1633363423443370e-17,1.0473251291638280e-15,True,Q_left D(kappa) Q_right^T,SP+ (compact QR),1.1761969034414461e-01,-4.1633363423443370e-17,True
synthetic,structured_low_rank_update,aggregate,N/A,42,2,128,96,16,8,4.0000000000000000e+00,5.0000000000000000e+00,5.0000000000000027e+00,5.3290705182007512e-16,4.4721359549995776e-01,2.0092084956977621e+00,2.0178284289343282e+00,3.8799755681971045e-16,1.1761969034414466e-01,2.7755575615628914e-17,1.3445883095757166e-15,True,Q_left D(kappa) Q_right^T,RBLA prefix,6.4463592082814913e-01,5.2701623048400448e-01,True
synthetic,structured_low_rank_update,aggregate,N/A,42,2,128,96,16,8,4.0000000000000000e+00,5.0000000000000000e+00,5.0000000000000027e+00,5.3290705182007512e-16,4.4721359549995776e-01,2.0092084956977621e+00,2.0178284289343282e+00,3.8799755681971045e-16,1.1761969034414466e-01,2.7755575615628914e-17,1.3445883095757166e-15,True,Q_left D(kappa) Q_right^T,SP+ (compact QR),1.1761969034414463e-01,-2.7755575615628914e-17,True
synthetic,structured_low_rank_update,aggregate,N/A,42,2,128,96,16,8,4.0000000000000000e+00,7.5000000000000000e+00,7.4999999999999973e+00,3.5527136788005011e-16,3.6514837167011083e-01,2.2397782840455203e+00,2.2312144451739901e+00,4.4096614893438844e-16,1.1761969034414466e-01,2.7755575615628914e-17,1.2033852293694444e-15,True,Q_left D(kappa) Q_right^T,RBLA prefix,7.1301178916682995e-01,5.9539209882268529e-01,True
synthetic,structured_low_rank_update,aggregate,N/A,42,2,128,96,16,8,4.0000000000000000e+00,7.5000000000000000e+00,7.4999999999999973e+00,3.5527136788005011e-16,3.6514837167011083e-01,2.2397782840455203e+00,2.2312144451739901e+00,4.4096614893438844e-16,1.1761969034414466e-01,2.7755575615628914e-17,1.2033852293694444e-15,True,Q_left D(kappa) Q_right^T,SP+ (compact QR),1.1761969034414463e-01,-2.7755575615628914e-17,True
synthetic,structured_low_rank_update,aggregate,N/A,42,2,128,96,16,8,4.0000000000000000e+00,1.0000000000000000e+01,1.0000000000000005e+01,5.3290705182007512e-16,3.1622776601683783e-01,2.4452952293996000e+00,2.4170585333224364e+00,5.0308845476348070e-16,1.1761969034414466e-01,4.1633363423443370e-17,1.2410084210340358e-15,True,Q_left D(kappa) Q_right^T,RBLA prefix,7.8681253033566789e-01,6.6919283999152324e-01,True
synthetic,structured_low_rank_update,aggregate,N/A,42,2,128,96,16,8,4.0000000000000000e+00,1.0000000000000000e+01,1.0000000000000005e+01,5.3290705182007512e-16,3.1622776601683783e-01,2.4452952293996000e+00,2.4170585333224364e+00,5.0308845476348070e-16,1.1761969034414466e-01,4.1633363423443370e-17,1.2410084210340358e-15,True,Q_left D(kappa) Q_right^T,SP+ (compact QR),1.1761969034414461e-01,-4.1633363423443370e-17,True
synthetic,structured_low_rank_update,aggregate,N/A,42,3,128,96,16,8,4.0000000000000000e+00,1.0000000000000000e+00,1.0000000000000007e+00,6.6613381477509392e-16,9.9999999999999956e-01,1.6457339059369434e+00,1.6457339059369438e+00,3.4731498973975317e-16,1.1761969034414466e-01,4.1633363423443370e-17,9.6138397218858723e-16,True,Q_left D(kappa) Q_right^T,RBLA prefix,5.7469875235263845e-01,4.5707906200849380e-01,True
synthetic,structured_low_rank_update,aggregate,N/A,42,3,128,96,16,8,4.0000000000000000e+00,1.0000000000000000e+00,1.0000000000000007e+00,6.6613381477509392e-16,9.9999999999999956e-01,1.6457339059369434e+00,1.6457339059369438e+00,3.4731498973975317e-16,1.1761969034414466e-01,4.1633363423443370e-17,9.6138397218858723e-16,True,Q_left D(kappa) Q_right^T,SP+ (compact QR),1.1761969034414461e-01,-4.1633363423443370e-17,True
synthetic,structured_low_rank_update,aggregate,N/A,42,3,128,96,16,8,4.0000000000000000e+00,1.5000000000000000e+00,1.5000000000000000e+00,0.0000000000000000e+00,8.1649658092772570e-01,1.6704844296746704e+00,1.6714151362726246e+00,3.3724998437660332e-16,1.1761969034414466e-01,4.1633363423443370e-17,1.5942391371605360e-15,True,Q_left D(kappa) Q_right^T,RBLA prefix,5.8002804899425231e-01,4.6240835865010765e-01,True
synthetic,structured_low_rank_update,aggregate,N/A,42,3,128,96,16,8,4.0000000000000000e+00,1.5000000000000000e+00,1.5000000000000000e+00,0.0000000000000000e+00,8.1649658092772570e-01,1.6704844296746704e+00,1.6714151362726246e+00,3.3724998437660332e-16,1.1761969034414466e-01,4.1633363423443370e-17,1.5942391371605360e-15,True,Q_left D(kappa) Q_right^T,SP+ (compact QR),1.1761969034414461e-01,-4.1633363423443370e-17,True
synthetic,structured_low_rank_update,aggregate,N/A,42,3,128,96,16,8,4.0000000000000000e+00,2.0000000000000000e+00,1.9999999999999998e+00,1.1102230246251565e-16,7.0710678118654746e-01,1.7192989240249157e+00,1.7199272501331289e+00,3.4992595025383649e-16,1.1761969034414466e-01,4.1633363423443370e-17,1.5051229212348053e-15,True,Q_left D(kappa) Q_right^T,RBLA prefix,5.9101290325578804e-01,4.7339321291164338e-01,True
synthetic,structured_low_rank_update,aggregate,N/A,42,3,128,96,16,8,4.0000000000000000e+00,2.0000000000000000e+00,1.9999999999999998e+00,1.1102230246251565e-16,7.0710678118654746e-01,1.7192989240249157e+00,1.7199272501331289e+00,3.4992595025383649e-16,1.1761969034414466e-01,4.1633363423443370e-17,1.5051229212348053e-15,True,Q_left D(kappa) Q_right^T,SP+ (compact QR),1.1761969034414461e-01,-4.1633363423443370e-17,True
synthetic,structured_low_rank_update,aggregate,N/A,42,3,128,96,16,8,4.0000000000000000e+00,3.0000000000000000e+00,3.0000000000000000e+00,0.0000000000000000e+00,5.7735026918962562e-01,1.8336794788289399e+00,1.8313044825490024e+00,3.8276603120949927e-16,1.1761969034414466e-01,4.1633363423443370e-17,1.4934943591028691e-15,True,Q_left D(kappa) Q_right^T,RBLA prefix,6.2008921819358598e-01,5.0246952784944132e-01,True
synthetic,structured_low_rank_update,aggregate,N/A,42,3,128,96,16,8,4.0000000000000000e+00,3.0000000000000000e+00,3.0000000000000000e+00,0.0000000000000000e+00,5.7735026918962562e-01,1.8336794788289399e+00,1.8313044825490024e+00,3.8276603120949927e-16,1.1761969034414466e-01,4.1633363423443370e-17,1.4934943591028691e-15,True,Q_left D(kappa) Q_right^T,SP+ (compact QR),1.1761969034414461e-01,-4.1633363423443370e-17,True
synthetic,structured_low_rank_update,aggregate,N/A,42,3,128,96,16,8,4.0000000000000000e+00,5.0000000000000000e+00,4.9999999999999991e+00,1.7763568394002506e-16,4.4721359549995787e-01,2.0580387423373665e+00,2.0457736107014708e+00,4.1353638023740239e-16,1.1761969034414466e-01,4.1633363423443370e-17,1.1883669770982647e-15,True,Q_left D(kappa) Q_right^T,RBLA prefix,6.9106950451712601e-01,5.7344981417298135e-01,True
synthetic,structured_low_rank_update,aggregate,N/A,42,3,128,96,16,8,4.0000000000000000e+00,5.0000000000000000e+00,4.9999999999999991e+00,1.7763568394002506e-16,4.4721359549995787e-01,2.0580387423373665e+00,2.0457736107014708e+00,4.1353638023740239e-16,1.1761969034414466e-01,4.1633363423443370e-17,1.1883669770982647e-15,True,Q_left D(kappa) Q_right^T,SP+ (compact QR),1.1761969034414461e-01,-4.1633363423443370e-17,True
synthetic,structured_low_rank_update,aggregate,N/A,42,3,128,96,16,8,4.0000000000000000e+00,7.5000000000000000e+00,7.4999999999999991e+00,1.1842378929335003e-16,3.6514837167011072e-01,2.3055144663456906e+00,2.2792842708061070e+00,4.6229777874760309e-16,1.1761969034414466e-01,4.1633363423443370e-17,1.0738645742830325e-15,True,Q_left D(kappa) Q_right^T,RBLA prefix,7.9024643473267986e-01,6.7262674438853520e-01,True
synthetic,structured_low_rank_update,aggregate,N/A,42,3,128,96,16,8,4.0000000000000000e+00,7.5000000000000000e+00,7.4999999999999991e+00,1.1842378929335003e-16,3.6514837167011072e-01,2.3055144663456906e+00,2.2792842708061070e+00,4.6229777874760309e-16,1.1761969034414466e-01,4.1633363423443370e-17,1.0738645742830325e-15,True,Q_left D(kappa) Q_right^T,SP+ (compact QR),1.1761969034414461e-01,-4.1633363423443370e-17,True
synthetic,structured_low_rank_update,aggregate,N/A,42,3,128,96,16,8,4.0000000000000000e+00,1.0000000000000000e+01,9.9999999999999964e+00,3.5527136788005011e-16,3.1622776601683800e-01,2.5223261766691745e+00,2.4823685896279808e+00,5.7101801391078092e-16,1.1761969034414466e-01,4.1633363423443370e-17,1.5592938419513984e-15,True,Q_left D(kappa) Q_right^T,RBLA prefix,8.9400627939030497e-01,7.7638658904616031e-01,True
synthetic,structured_low_rank_update,aggregate,N/A,42,3,128,96,16,8,4.0000000000000000e+00,1.0000000000000000e+01,9.9999999999999964e+00,3.5527136788005011e-16,3.1622776601683800e-01,2.5223261766691745e+00,2.4823685896279808e+00,5.7101801391078092e-16,1.1761969034414466e-01,4.1633363423443370e-17,1.5592938419513984e-15,True,Q_left D(kappa) Q_right^T,SP+ (compact QR),1.1761969034414461e-01,-4.1633363423443370e-17,True
synthetic,structured_low_rank_update,aggregate,N/A,42,4,128,96,16,8,4.0000000000000000e+00,1.0000000000000000e+00,1.0000000000000009e+00,8.8817841970012523e-16,9.9999999999999967e-01,1.6457339059369438e+00,1.6457339059369436e+00,3.2243763862099994e-16,1.1761969034414466e-01,2.7755575615628914e-17,1.7059152116348123e-15,True,Q_left D(kappa) Q_right^T,RBLA prefix,7.2449318882866331e-01,6.0687349848451866e-01,True
synthetic,structured_low_rank_update,aggregate,N/A,42,4,128,96,16,8,4.0000000000000000e+00,1.0000000000000000e+00,1.0000000000000009e+00,8.8817841970012523e-16,9.9999999999999967e-01,1.6457339059369438e+00,1.6457339059369436e+00,3.2243763862099994e-16,1.1761969034414466e-01,2.7755575615628914e-17,1.7059152116348123e-15,True,Q_left D(kappa) Q_right^T,SP+ (compact QR),1.1761969034414463e-01,-2.7755575615628914e-17,True
synthetic,structured_low_rank_update,aggregate,N/A,42,4,128,96,16,8,4.0000000000000000e+00,1.5000000000000000e+00,1.5000000000000002e+00,1.4802973661668753e-16,8.1649658092772615e-01,1.6785590479246941e+00,1.6639801858648555e+00,3.3869880041222891e-16,1.1761969034414466e-01,4.1633363423443370e-17,1.1384901912642847e-15,True,Q_left D(kappa) Q_right^T,RBLA prefix,7.2972734960405461e-01,6.1210765925990995e-01,True
synthetic,structured_low_rank_update,aggregate,N/A,42,4,128,96,16,8,4.0000000000000000e+00,1.5000000000000000e+00,1.5000000000000002e+00,1.4802973661668753e-16,8.1649658092772615e-01,1.6785590479246941e+00,1.6639801858648555e+00,3.3869880041222891e-16,1.1761969034414466e-01,4.1633363423443370e-17,1.1384901912642847e-15,True,Q_left D(kappa) Q_right^T,SP+ (compact QR),1.1761969034414461e-01,-4.1633363423443370e-17,True
synthetic,structured_low_rank_update,aggregate,N/A,42,4,128,96,16,8,4.0000000000000000e+00,2.0000000000000000e+00,1.9999999999999993e+00,3.3306690738754696e-16,7.0710678118654779e-01,1.7333568588759376e+00,1.7077773099145106e+00,3.3466756051481143e-16,1.1761969034414466e-01,4.1633363423443370e-17,1.1560545445807103e-15,True,Q_left D(kappa) Q_right^T,RBLA prefix,7.4015440338594540e-01,6.2253471304180075e-01,True
synthetic,structured_low_rank_update,aggregate,N/A,42,4,128,96,16,8,4.0000000000000000e+00,2.0000000000000000e+00,1.9999999999999993e+00,3.3306690738754696e-16,7.0710678118654779e-01,1.7333568588759376e+00,1.7077773099145106e+00,3.3466756051481143e-16,1.1761969034414466e-01,4.1633363423443370e-17,1.1560545445807103e-15,True,Q_left D(kappa) Q_right^T,SP+ (compact QR),1.1761969034414461e-01,-4.1633363423443370e-17,True
synthetic,structured_low_rank_update,aggregate,N/A,42,4,128,96,16,8,4.0000000000000000e+00,3.0000000000000000e+00,3.0000000000000018e+00,5.9211894646675012e-16,5.7735026918962573e-01,1.8564203526167617e+00,1.8135840752979815e+00,3.6634778830025795e-16,1.1761969034414466e-01,4.1633363423443370e-17,1.4016264498780817e-15,True,Q_left D(kappa) Q_right^T,RBLA prefix,7.6602258824979674e-01,6.4840289790565209e-01,True
synthetic,structured_low_rank_update,aggregate,N/A,42,4,128,96,16,8,4.0000000000000000e+00,3.0000000000000000e+00,3.0000000000000018e+00,5.9211894646675012e-16,5.7735026918962573e-01,1.8564203526167617e+00,1.8135840752979815e+00,3.6634778830025795e-16,1.1761969034414466e-01,4.1633363423443370e-17,1.4016264498780817e-15,True,Q_left D(kappa) Q_right^T,SP+ (compact QR),1.1761969034414461e-01,-4.1633363423443370e-17,True
synthetic,structured_low_rank_update,aggregate,N/A,42,4,128,96,16,8,4.0000000000000000e+00,5.0000000000000000e+00,5.0000000000000018e+00,3.5527136788005011e-16,4.4721359549995798e-01,2.0921055916725257e+00,2.0234403365244775e+00,4.0052080769399687e-16,1.1761969034414466e-01,4.1633363423443370e-17,1.1871290041427141e-15,True,Q_left D(kappa) Q_right^T,RBLA prefix,8.2323330330100353e-01,7.0561361295685887e-01,True
synthetic,structured_low_rank_update,aggregate,N/A,42,4,128,96,16,8,4.0000000000000000e+00,5.0000000000000000e+00,5.0000000000000018e+00,3.5527136788005011e-16,4.4721359549995798e-01,2.0921055916725257e+00,2.0234403365244775e+00,4.0052080769399687e-16,1.1761969034414466e-01,4.1633363423443370e-17,1.1871290041427141e-15,True,Q_left D(kappa) Q_right^T,SP+ (compact QR),1.1761969034414461e-01,-4.1633363423443370e-17,True
synthetic,structured_low_rank_update,aggregate,N/A,42,4,128,96,16,8,4.0000000000000000e+00,7.5000000000000000e+00,7.4999999999999991e+00,1.1842378929335003e-16,3.6514837167011077e-01,2.3489679178673626e+00,2.2558705286987819e+00,4.6249469491400350e-16,1.1761969034414466e-01,4.1633363423443370e-17,1.9931334172954889e-15,True,Q_left D(kappa) Q_right^T,RBLA prefix,8.9680020092532642e-01,7.7918051058118176e-01,True
synthetic,structured_low_rank_update,aggregate,N/A,42,4,128,96,16,8,4.0000000000000000e+00,7.5000000000000000e+00,7.4999999999999991e+00,1.1842378929335003e-16,3.6514837167011077e-01,2.3489679178673626e+00,2.2558705286987819e+00,4.6249469491400350e-16,1.1761969034414466e-01,4.1633363423443370e-17,1.9931334172954889e-15,True,Q_left D(kappa) Q_right^T,SP+ (compact QR),1.1761969034414461e-01,-4.1633363423443370e-17,True
synthetic,structured_low_rank_update,aggregate,N/A,42,4,128,96,16,8,4.0000000000000000e+00,1.0000000000000000e+01,9.9999999999999929e+00,7.1054273576010023e-16,3.1622776601683811e-01,2.5727269116458786e+00,2.4600049683393928e+00,5.0470725781091944e-16,1.1761969034414466e-01,4.1633363423443370e-17,1.4637029317204882e-15,True,Q_left D(kappa) Q_right^T,RBLA prefix,9.7052755311074923e-01,8.5290786276660457e-01,True
synthetic,structured_low_rank_update,aggregate,N/A,42,4,128,96,16,8,4.0000000000000000e+00,1.0000000000000000e+01,9.9999999999999929e+00,7.1054273576010023e-16,3.1622776601683811e-01,2.5727269116458786e+00,2.4600049683393928e+00,5.0470725781091944e-16,1.1761969034414466e-01,4.1633363423443370e-17,1.4637029317204882e-15,True,Q_left D(kappa) Q_right^T,SP+ (compact QR),1.1761969034414461e-01,-4.1633363423443370e-17,True
synthetic,structured_low_rank_update,aggregate,N/A,42,5,128,96,16,8,4.0000000000000000e+00,1.0000000000000000e+00,1.0000000000000011e+00,1.1102230246251565e-15,9.9999999999999956e-01,1.6457339059369436e+00,1.6457339059369438e+00,3.3500382273394299e-16,1.1761969034414466e-01,4.1633363423443370e-17,1.4711005367222428e-15,True,Q_left D(kappa) Q_right^T,RBLA prefix,5.5824881685996119e-01,4.4062912651581654e-01,True
synthetic,structured_low_rank_update,aggregate,N/A,42,5,128,96,16,8,4.0000000000000000e+00,1.0000000000000000e+00,1.0000000000000011e+00,1.1102230246251565e-15,9.9999999999999956e-01,1.6457339059369436e+00,1.6457339059369438e+00,3.3500382273394299e-16,1.1761969034414466e-01,4.1633363423443370e-17,1.4711005367222428e-15,True,Q_left D(kappa) Q_right^T,SP+ (compact QR),1.1761969034414461e-01,-4.1633363423443370e-17,True
synthetic,structured_low_rank_update,aggregate,N/A,42,5,128,96,16,8,4.0000000000000000e+00,1.5000000000000000e+00,1.4999999999999998e+00,1.4802973661668753e-16,8.1649658092772603e-01,1.6676900347961710e+00,1.6731065346782539e+00,3.3158098622776223e-16,1.1761969034414466e-01,2.7755575615628914e-17,1.6278081154240501e-15,True,Q_left D(kappa) Q_right^T,RBLA prefix,5.6203947579190583e-01,4.4441978544776117e-01,True
synthetic,structured_low_rank_update,aggregate,N/A,42,5,128,96,16,8,4.0000000000000000e+00,1.5000000000000000e+00,1.4999999999999998e+00,1.4802973661668753e-16,8.1649658092772603e-01,1.6676900347961710e+00,1.6731065346782539e+00,3.3158098622776223e-16,1.1761969034414466e-01,2.7755575615628914e-17,1.6278081154240501e-15,True,Q_left D(kappa) Q_right^T,SP+ (compact QR),1.1761969034414463e-01,-2.7755575615628914e-17,True
synthetic,structured_low_rank_update,aggregate,N/A,42,5,128,96,16,8,4.0000000000000000e+00,2.0000000000000000e+00,2.0000000000000004e+00,2.2204460492503131e-16,7.0710678118654757e-01,1.7130095595855497e+00,1.7230613175759713e+00,3.5388690015923964e-16,1.1761969034414466e-01,4.1633363423443370e-17,1.1539727990307384e-15,True,Q_left D(kappa) Q_right^T,RBLA prefix,5.6991826598676332e-01,4.5229857564261866e-01,True
synthetic,structured_low_rank_update,aggregate,N/A,42,5,128,96,16,8,4.0000000000000000e+00,2.0000000000000000e+00,2.0000000000000004e+00,2.2204460492503131e-16,7.0710678118654757e-01,1.7130095595855497e+00,1.7230613175759713e+00,3.5388690015923964e-16,1.1761969034414466e-01,4.1633363423443370e-17,1.1539727990307384e-15,True,Q_left D(kappa) Q_right^T,SP+ (compact QR),1.1761969034414461e-01,-4.1633363423443370e-17,True
synthetic,structured_low_rank_update,aggregate,N/A,42,5,128,96,16,8,4.0000000000000000e+00,3.0000000000000000e+00,3.0000000000000013e+00,4.4408920985006262e-16,5.7735026918962573e-01,1.8193553690286965e+00,1.8380751715089334e+00,3.5772053266383771e-16,1.1761969034414466e-01,4.1633363423443370e-17,1.1200380136271029e-15,True,Q_left D(kappa) Q_right^T,RBLA prefix,5.9115573543833111e-01,4.7353604509418645e-01,True
synthetic,structured_low_rank_update,aggregate,N/A,42,5,128,96,16,8,4.0000000000000000e+00,3.0000000000000000e+00,3.0000000000000013e+00,4.4408920985006262e-16,5.7735026918962573e-01,1.8193553690286965e+00,1.8380751715089334e+00,3.5772053266383771e-16,1.1761969034414466e-01,4.1633363423443370e-17,1.1200380136271029e-15,True,Q_left D(kappa) Q_right^T,SP+ (compact QR),1.1761969034414461e-01,-4.1633363423443370e-17,True
synthetic,structured_low_rank_update,aggregate,N/A,42,5,128,96,16,8,4.0000000000000000e+00,5.0000000000000000e+00,5.0000000000000027e+00,5.3290705182007512e-16,4.4721359549995776e-01,2.0271181020699571e+00,2.0618717290517812e+00,3.8476179194371663e-16,1.1761969034414466e-01,4.1633363423443370e-17,2.1087398232919738e-15,True,Q_left D(kappa) Q_right^T,RBLA prefix,6.4490253753332061e-01,5.2728284718917595e-01,True
synthetic,structured_low_rank_update,aggregate,N/A,42,5,128,96,16,8,4.0000000000000000e+00,5.0000000000000000e+00,5.0000000000000027e+00,5.3290705182007512e-16,4.4721359549995776e-01,2.0271181020699571e+00,2.0618717290517812e+00,3.8476179194371663e-16,1.1761969034414466e-01,4.1633363423443370e-17,2.1087398232919738e-15,True,Q_left D(kappa) Q_right^T,SP+ (compact QR),1.1761969034414461e-01,-4.1633363423443370e-17,True
synthetic,structured_low_rank_update,aggregate,N/A,42,5,128,96,16,8,4.0000000000000000e+00,7.5000000000000000e+00,7.5000000000000062e+00,8.2896652505345023e-16,3.6514837167011061e-01,2.2554946572444381e+00,2.3081572604228691e+00,3.9713184564484510e-16,1.1761969034414466e-01,2.7755575615628914e-17,1.2143074670405689e-15,True,Q_left D(kappa) Q_right^T,RBLA prefix,7.2338200198364089e-01,6.0576231163949623e-01,True
synthetic,structured_low_rank_update,aggregate,N/A,42,5,128,96,16,8,4.0000000000000000e+00,7.5000000000000000e+00,7.5000000000000062e+00,8.2896652505345023e-16,3.6514837167011061e-01,2.2554946572444381e+00,2.3081572604228691e+00,3.9713184564484510e-16,1.1761969034414466e-01,2.7755575615628914e-17,1.2143074670405689e-15,True,Q_left D(kappa) Q_right^T,SP+ (compact QR),1.1761969034414463e-01,-2.7755575615628914e-17,True
synthetic,structured_low_rank_update,aggregate,N/A,42,5,128,96,16,8,4.0000000000000000e+00,1.0000000000000000e+01,1.0000000000000007e+01,7.1054273576010023e-16,3.1622776601683783e-01,2.4552860651140835e+00,2.5239234204654477e+00,4.3107099533207681e-16,1.1761969034414466e-01,4.1633363423443370e-17,1.6019482494906588e-15,True,Q_left D(kappa) Q_right^T,RBLA prefix,8.0852479532147181e-01,6.9090510497732716e-01,True
synthetic,structured_low_rank_update,aggregate,N/A,42,5,128,96,16,8,4.0000000000000000e+00,1.0000000000000000e+01,1.0000000000000007e+01,7.1054273576010023e-16,3.1622776601683783e-01,2.4552860651140835e+00,2.5239234204654477e+00,4.3107099533207681e-16,1.1761969034414466e-01,4.1633363423443370e-17,1.6019482494906588e-15,True,Q_left D(kappa) Q_right^T,SP+ (compact QR),1.1761969034414461e-01,-4.1633363423443370e-17,True
synthetic,structured_low_rank_update,aggregate,N/A,42,6,128,96,16,8,4.0000000000000000e+00,1.0000000000000000e+00,1.0000000000000009e+00,8.8817841970012523e-16,9.9999999999999967e-01,1.6457339059369436e+00,1.6457339059369438e+00,3.8490368205761408e-16,1.1761969034414466e-01,4.1633363423443370e-17,1.4919659167023121e-15,True,Q_left D(kappa) Q_right^T,RBLA prefix,5.9244098337129103e-01,4.7482129302714637e-01,True
synthetic,structured_low_rank_update,aggregate,N/A,42,6,128,96,16,8,4.0000000000000000e+00,1.0000000000000000e+00,1.0000000000000009e+00,8.8817841970012523e-16,9.9999999999999967e-01,1.6457339059369436e+00,1.6457339059369438e+00,3.8490368205761408e-16,1.1761969034414466e-01,4.1633363423443370e-17,1.4919659167023121e-15,True,Q_left D(kappa) Q_right^T,SP+ (compact QR),1.1761969034414461e-01,-4.1633363423443370e-17,True
synthetic,structured_low_rank_update,aggregate,N/A,42,6,128,96,16,8,4.0000000000000000e+00,1.5000000000000000e+00,1.4999999999999996e+00,2.9605947323337506e-16,8.1649658092772615e-01,1.6852967692882272e+00,1.6580501460379871e+00,3.4890133091365458e-16,1.1761969034414466e-01,4.1633363423443370e-17,1.5344723112424104e-15,True,Q_left D(kappa) Q_right^T,RBLA prefix,5.9858774269149284e-01,4.8096805234734819e-01,True
synthetic,structured_low_rank_update,aggregate,N/A,42,6,128,96,16,8,4.0000000000000000e+00,1.5000000000000000e+00,1.4999999999999996e+00,2.9605947323337506e-16,8.1649658092772615e-01,1.6852967692882272e+00,1.6580501460379871e+00,3.4890133091365458e-16,1.1761969034414466e-01,4.1633363423443370e-17,1.5344723112424104e-15,True,Q_left D(kappa) Q_right^T,SP+ (compact QR),1.1761969034414461e-01,-4.1633363423443370e-17,True
synthetic,structured_low_rank_update,aggregate,N/A,42,6,128,96,16,8,4.0000000000000000e+00,2.0000000000000000e+00,2.0000000000000000e+00,0.0000000000000000e+00,7.0710678118654768e-01,1.7446560255025079e+00,1.6989649162927025e+00,3.6975375544285429e-16,1.1761969034414466e-01,4.1633363423443370e-17,1.0897768378442545e-15,True,Q_left D(kappa) Q_right^T,RBLA prefix,6.1091195849447988e-01,4.9329226815033522e-01,True
synthetic,structured_low_rank_update,aggregate,N/A,42,6,128,96,16,8,4.0000000000000000e+00,2.0000000000000000e+00,2.0000000000000000e+00,0.0000000000000000e+00,7.0710678118654768e-01,1.7446560255025079e+00,1.6989649162927025e+00,3.6975375544285429e-16,1.1761969034414466e-01,4.1633363423443370e-17,1.0897768378442545e-15,True,Q_left D(kappa) Q_right^T,SP+ (compact QR),1.1761969034414461e-01,-4.1633363423443370e-17,True
synthetic,structured_low_rank_update,aggregate,N/A,42,6,128,96,16,8,4.0000000000000000e+00,3.0000000000000000e+00,3.0000000000000004e+00,1.4802973661668753e-16,5.7735026918962573e-01,1.8731921671411709e+00,1.8037622808399167e+00,3.6623283110198551e-16,1.1761969034414466e-01,2.7755575615628914e-17,1.6057595457063959e-15,True,Q_left D(kappa) Q_right^T,RBLA prefix,6.4186017406451201e-01,5.2424048372036736e-01,True
synthetic,structured_low_rank_update,aggregate,N/A,42,6,128,96,16,8,4.0000000000000000e+00,3.0000000000000000e+00,3.0000000000000004e+00,1.4802973661668753e-16,5.7735026918962573e-01,1.8731921671411709e+00,1.8037622808399167e+00,3.6623283110198551e-16,1.1761969034414466e-01,2.7755575615628914e-17,1.6057595457063959e-15,True,Q_left D(kappa) Q_right^T,SP+ (compact QR),1.1761969034414463e-01,-2.7755575615628914e-17,True
synthetic,structured_low_rank_update,aggregate,N/A,42,6,128,96,16,8,4.0000000000000000e+00,5.0000000000000000e+00,5.0000000000000000e+00,0.0000000000000000e+00,4.4721359549995804e-01,2.1138343985376018e+00,2.0193346643866397e+00,3.9434720180947884e-16,1.1761969034414466e-01,4.1633363423443370e-17,1.8112131974773028e-15,True,Q_left D(kappa) Q_right^T,RBLA prefix,7.1152434259007413e-01,5.9390465224592948e-01,True
synthetic,structured_low_rank_update,aggregate,N/A,42,6,128,96,16,8,4.0000000000000000e+00,5.0000000000000000e+00,5.0000000000000000e+00,0.0000000000000000e+00,4.4721359549995804e-01,2.1138343985376018e+00,2.0193346643866397e+00,3.9434720180947884e-16,1.1761969034414466e-01,4.1633363423443370e-17,1.8112131974773028e-15,True,Q_left D(kappa) Q_right^T,SP+ (compact QR),1.1761969034414461e-01,-4.1633363423443370e-17,True
synthetic,structured_low_rank_update,aggregate,N/A,42,6,128,96,16,8,4.0000000000000000e+00,7.5000000000000000e+00,7.5000000000000027e+00,3.5527136788005011e-16,3.6514837167011072e-01,2.3734844498277567e+00,2.2632406852619154e+00,4.6870143901731552e-16,1.1761969034414466e-01,2.7755575615628914e-17,1.4847931240254107e-15,True,Q_left D(kappa) Q_right^T,RBLA prefix,8.0221469553184810e-01,6.8459500518770344e-01,True
synthetic,structured_low_rank_update,aggregate,N/A,42,6,128,96,16,8,4.0000000000000000e+00,7.5000000000000000e+00,7.5000000000000027e+00,3.5527136788005011e-16,3.6514837167011072e-01,2.3734844498277567e+00,2.2632406852619154e+00,4.6870143901731552e-16,1.1761969034414466e-01,2.7755575615628914e-17,1.4847931240254107e-15,True,Q_left D(kappa) Q_right^T,SP+ (compact QR),1.1761969034414463e-01,-2.7755575615628914e-17,True
synthetic,structured_low_rank_update,aggregate,N/A,42,6,128,96,16,8,4.0000000000000000e+00,1.0000000000000000e+01,9.9999999999999947e+00,5.3290705182007512e-16,3.1622776601683805e-01,2.5990857118647495e+00,2.4798453432546443e+00,5.3455228810845814e-16,1.1761969034414466e-01,2.7755575615628914e-17,1.6047404589390837e-15,True,Q_left D(kappa) Q_right^T,RBLA prefix,8.9335566028258739e-01,7.7573596993844274e-01,True
synthetic,structured_low_rank_update,aggregate,N/A,42,6,128,96,16,8,4.0000000000000000e+00,1.0000000000000000e+01,9.9999999999999947e+00,5.3290705182007512e-16,3.1622776601683805e-01,2.5990857118647495e+00,2.4798453432546443e+00,5.3455228810845814e-16,1.1761969034414466e-01,2.7755575615628914e-17,1.6047404589390837e-15,True,Q_left D(kappa) Q_right^T,SP+ (compact QR),1.1761969034414463e-01,-2.7755575615628914e-17,True
synthetic,structured_low_rank_update,aggregate,N/A,42,7,128,96,16,8,4.0000000000000000e+00,1.0000000000000000e+00,1.0000000000000009e+00,8.8817841970012523e-16,9.9999999999999956e-01,1.6457339059369434e+00,1.6457339059369442e+00,3.7057896853378066e-16,1.1761969034414466e-01,2.7755575615628914e-17,1.1769927678890085e-15,True,Q_left D(kappa) Q_right^T,RBLA prefix,5.4990225152732053e-01,4.3228256118317587e-01,True
synthetic,structured_low_rank_update,aggregate,N/A,42,7,128,96,16,8,4.0000000000000000e+00,1.0000000000000000e+00,1.0000000000000009e+00,8.8817841970012523e-16,9.9999999999999956e-01,1.6457339059369434e+00,1.6457339059369442e+00,3.7057896853378066e-16,1.1761969034414466e-01,2.7755575615628914e-17,1.1769927678890085e-15,True,Q_left D(kappa) Q_right^T,SP+ (compact QR),1.1761969034414463e-01,-2.7755575615628914e-17,True
synthetic,structured_low_rank_update,aggregate,N/A,42,7,128,96,16,8,4.0000000000000000e+00,1.5000000000000000e+00,1.4999999999999996e+00,2.9605947323337506e-16,8.1649658092772603e-01,1.6487145511171857e+00,1.6985449556545018e+00,3.5074895148175074e-16,1.1761969034414466e-01,4.1633363423443370e-17,1.3513936885613157e-15,True,Q_left D(kappa) Q_right^T,RBLA prefix,5.5835467141767414e-01,4.4073498107352949e-01,True
synthetic,structured_low_rank_update,aggregate,N/A,42,7,128,96,16,8,4.0000000000000000e+00,1.5000000000000000e+00,1.4999999999999996e+00,2.9605947323337506e-16,8.1649658092772603e-01,1.6487145511171857e+00,1.6985449556545018e+00,3.5074895148175074e-16,1.1761969034414466e-01,4.1633363423443370e-17,1.3513936885613157e-15,True,Q_left D(kappa) Q_right^T,SP+ (compact QR),1.1761969034414461e-01,-4.1633363423443370e-17,True
synthetic,structured_low_rank_update,aggregate,N/A,42,7,128,96,16,8,4.0000000000000000e+00,2.0000000000000000e+00,2.0000000000000004e+00,2.2204460492503131e-16,7.0710678118654735e-01,1.6846043639299670e+00,1.7703067405082911e+00,3.6473879709584433e-16,1.1761969034414466e-01,2.7755575615628914e-17,1.2434574679665749e-15,True,Q_left D(kappa) Q_right^T,RBLA prefix,5.7529636870469958e-01,4.5767667836055492e-01,True
synthetic,structured_low_rank_update,aggregate,N/A,42,7,128,96,16,8,4.0000000000000000e+00,2.0000000000000000e+00,2.0000000000000004e+00,2.2204460492503131e-16,7.0710678118654735e-01,1.6846043639299670e+00,1.7703067405082911e+00,3.6473879709584433e-16,1.1761969034414466e-01,2.7755575615628914e-17,1.2434574679665749e-15,True,Q_left D(kappa) Q_right^T,SP+ (compact QR),1.1761969034414463e-01,-2.7755575615628914e-17,True
synthetic,structured_low_rank_update,aggregate,N/A,42,7,128,96,16,8,4.0000000000000000e+00,3.0000000000000000e+00,3.0000000000000013e+00,4.4408920985006262e-16,5.7735026918962573e-01,1.7832767349448688e+00,1.9212888781386648e+00,3.7877236450147916e-16,1.1761969034414466e-01,4.1633363423443370e-17,1.0455276502962651e-15,True,Q_left D(kappa) Q_right^T,RBLA prefix,6.1779124675456976e-01,5.0017155641042510e-01,True
synthetic,structured_low_rank_update,aggregate,N/A,42,7,128,96,16,8,4.0000000000000000e+00,3.0000000000000000e+00,3.0000000000000013e+00,4.4408920985006262e-16,5.7735026918962573e-01,1.7832767349448688e+00,1.9212888781386648e+00,3.7877236450147916e-16,1.1761969034414466e-01,4.1633363423443370e-17,1.0455276502962651e-15,True,Q_left D(kappa) Q_right^T,SP+ (compact QR),1.1761969034414461e-01,-4.1633363423443370e-17,True
synthetic,structured_low_rank_update,aggregate,N/A,42,7,128,96,16,8,4.0000000000000000e+00,5.0000000000000000e+00,5.0000000000000009e+00,1.7763568394002506e-16,4.4721359549995782e-01,1.9901230107193644e+00,2.1997749306624512e+00,4.2890397019344595e-16,1.1761969034414466e-01,4.1633363423443370e-17,1.1456246983420412e-15,True,Q_left D(kappa) Q_right^T,RBLA prefix,7.1312061143345629e-01,5.9550092108931163e-01,True
synthetic,structured_low_rank_update,aggregate,N/A,42,7,128,96,16,8,4.0000000000000000e+00,5.0000000000000000e+00,5.0000000000000009e+00,1.7763568394002506e-16,4.4721359549995782e-01,1.9901230107193644e+00,2.1997749306624512e+00,4.2890397019344595e-16,1.1761969034414466e-01,4.1633363423443370e-17,1.1456246983420412e-15,True,Q_left D(kappa) Q_right^T,SP+ (compact QR),1.1761969034414461e-01,-4.1633363423443370e-17,True
synthetic,structured_low_rank_update,aggregate,N/A,42,7,128,96,16,8,4.0000000000000000e+00,7.5000000000000000e+00,7.4999999999999991e+00,1.1842378929335003e-16,3.6514837167011061e-01,2.2239555762074041e+00,2.4983736806213392e+00,4.7530022055871607e-16,1.1761969034414466e-01,4.1633363423443370e-17,1.4550884317213162e-15,True,Q_left D(kappa) Q_right^T,RBLA prefix,8.3660863836113164e-01,7.1898894801698698e-01,True
synthetic,structured_low_rank_update,aggregate,N/A,42,7,128,96,16,8,4.0000000000000000e+00,7.5000000000000000e+00,7.4999999999999991e+00,1.1842378929335003e-16,3.6514837167011061e-01,2.2239555762074041e+00,2.4983736806213392e+00,4.7530022055871607e-16,1.1761969034414466e-01,4.1633363423443370e-17,1.4550884317213162e-15,True,Q_left D(kappa) Q_right^T,SP+ (compact QR),1.1761969034414461e-01,-4.1633363423443370e-17,True
synthetic,structured_low_rank_update,aggregate,N/A,42,7,128,96,16,8,4.0000000000000000e+00,1.0000000000000000e+01,1.0000000000000000e+01,0.0000000000000000e+00,3.1622776601683783e-01,2.4305540296444694e+00,2.7572091110408863e+00,5.1594420731999505e-16,1.1761969034414466e-01,2.7755575615628914e-17,1.3365878626950457e-15,True,Q_left D(kappa) Q_right^T,RBLA prefix,9.6025628929519158e-01,8.4263659895104692e-01,True
synthetic,structured_low_rank_update,aggregate,N/A,42,7,128,96,16,8,4.0000000000000000e+00,1.0000000000000000e+01,1.0000000000000000e+01,0.0000000000000000e+00,3.1622776601683783e-01,2.4305540296444694e+00,2.7572091110408863e+00,5.1594420731999505e-16,1.1761969034414466e-01,2.7755575615628914e-17,1.3365878626950457e-15,True,Q_left D(kappa) Q_right^T,SP+ (compact QR),1.1761969034414463e-01,-2.7755575615628914e-17,True
synthetic,structured_low_rank_update,aggregate,N/A,42,8,128,96,16,8,4.0000000000000000e+00,1.0000000000000000e+00,1.0000000000000009e+00,8.8817841970012523e-16,9.9999999999999933e-01,1.6457339059369434e+00,1.6457339059369442e+00,3.5416953277100447e-16,1.1761969034414466e-01,2.7755575615628914e-17,1.4589200503416589e-15,True,Q_left D(kappa) Q_right^T,RBLA prefix,6.7381953738326850e-01,5.5619984703912384e-01,True
synthetic,structured_low_rank_update,aggregate,N/A,42,8,128,96,16,8,4.0000000000000000e+00,1.0000000000000000e+00,1.0000000000000009e+00,8.8817841970012523e-16,9.9999999999999933e-01,1.6457339059369434e+00,1.6457339059369442e+00,3.5416953277100447e-16,1.1761969034414466e-01,2.7755575615628914e-17,1.4589200503416589e-15,True,Q_left D(kappa) Q_right^T,SP+ (compact QR),1.1761969034414463e-01,-2.7755575615628914e-17,True
synthetic,structured_low_rank_update,aggregate,N/A,42,8,128,96,16,8,4.0000000000000000e+00,1.5000000000000000e+00,1.4999999999999998e+00,1.4802973661668753e-16,8.1649658092772592e-01,1.6609509586695683e+00,1.6801500304428236e+00,4.0098287057043462e-16,1.1761969034414466e-01,2.7755575615628914e-17,1.6221152741676246e-15,True,Q_left D(kappa) Q_right^T,RBLA prefix,6.7678295818736856e-01,5.5916326784322390e-01,True
synthetic,structured_low_rank_update,aggregate,N/A,42,8,128,96,16,8,4.0000000000000000e+00,1.5000000000000000e+00,1.4999999999999998e+00,1.4802973661668753e-16,8.1649658092772592e-01,1.6609509586695683e+00,1.6801500304428236e+00,4.0098287057043462e-16,1.1761969034414466e-01,2.7755575615628914e-17,1.6221152741676246e-15,True,Q_left D(kappa) Q_right^T,SP+ (compact QR),1.1761969034414463e-01,-2.7755575615628914e-17,True
synthetic,structured_low_rank_update,aggregate,N/A,42,8,128,96,16,8,4.0000000000000000e+00,2.0000000000000000e+00,1.9999999999999993e+00,3.3306690738754696e-16,7.0710678118654757e-01,1.7024656908633202e+00,1.7344274524373002e+00,3.5728190159231614e-16,1.1761969034414466e-01,4.1633363423443370e-17,1.2335268840242338e-15,True,Q_left D(kappa) Q_right^T,RBLA prefix,6.8269742687377599e-01,5.6507773652963134e-01,True
synthetic,structured_low_rank_update,aggregate,N/A,42,8,128,96,16,8,4.0000000000000000e+00,2.0000000000000000e+00,1.9999999999999993e+00,3.3306690738754696e-16,7.0710678118654757e-01,1.7024656908633202e+00,1.7344274524373002e+00,3.5728190159231614e-16,1.1761969034414466e-01,4.1633363423443370e-17,1.2335268840242338e-15,True,Q_left D(kappa) Q_right^T,SP+ (compact QR),1.1761969034414461e-01,-4.1633363423443370e-17,True
synthetic,structured_low_rank_update,aggregate,N/A,42,8,128,96,16,8,4.0000000000000000e+00,3.0000000000000000e+00,3.0000000000000000e+00,0.0000000000000000e+00,5.7735026918962562e-01,1.8057130179524725e+00,1.8534028129420479e+00,3.9039426270165941e-16,1.1761969034414466e-01,2.7755575615628914e-17,1.1572169682346550e-15,True,Q_left D(kappa) Q_right^T,RBLA prefix,6.9745931679710849e-01,5.7983962645296383e-01,True
synthetic,structured_low_rank_update,aggregate,N/A,42,8,128,96,16,8,4.0000000000000000e+00,3.0000000000000000e+00,3.0000000000000000e+00,0.0000000000000000e+00,5.7735026918962562e-01,1.8057130179524725e+00,1.8534028129420479e+00,3.9039426270165941e-16,1.1761969034414466e-01,2.7755575615628914e-17,1.1572169682346550e-15,True,Q_left D(kappa) Q_right^T,SP+ (compact QR),1.1761969034414463e-01,-2.7755575615628914e-17,True
synthetic,structured_low_rank_update,aggregate,N/A,42,8,128,96,16,8,4.0000000000000000e+00,5.0000000000000000e+00,4.9999999999999991e+00,1.7763568394002506e-16,4.4721359549995815e-01,2.0144011112476328e+00,2.0767125188500204e+00,4.3195228090305166e-16,1.1761969034414466e-01,4.1633363423443370e-17,1.5362434909278176e-15,True,Q_left D(kappa) Q_right^T,RBLA prefix,7.3073567023830388e-01,6.1311597989415922e-01,True
synthetic,structured_low_rank_update,aggregate,N/A,42,8,128,96,16,8,4.0000000000000000e+00,5.0000000000000000e+00,4.9999999999999991e+00,1.7763568394002506e-16,4.4721359549995815e-01,2.0144011112476328e+00,2.0767125188500204e+00,4.3195228090305166e-16,1.1761969034414466e-01,4.1633363423443370e-17,1.5362434909278176e-15,True,Q_left D(kappa) Q_right^T,SP+ (compact QR),1.1761969034414461e-01,-4.1633363423443370e-17,True
synthetic,structured_low_rank_update,aggregate,N/A,42,8,128,96,16,8,4.0000000000000000e+00,7.5000000000000000e+00,7.5000000000000009e+00,1.1842378929335003e-16,3.6514837167011077e-01,2.2478459489011891e+00,2.3167552679261680e+00,4.2509371746175769e-16,1.1761969034414466e-01,4.1633363423443370e-17,1.3571522588039541e-15,True,Q_left D(kappa) Q_right^T,RBLA prefix,7.7504825663973531e-01,6.5742856629559066e-01,True
synthetic,structured_low_rank_update,aggregate,N/A,42,8,128,96,16,8,4.0000000000000000e+00,7.5000000000000000e+00,7.5000000000000009e+00,1.1842378929335003e-16,3.6514837167011077e-01,2.2478459489011891e+00,2.3167552679261680e+00,4.2509371746175769e-16,1.1761969034414466e-01,4.1633363423443370e-17,1.3571522588039541e-15,True,Q_left D(kappa) Q_right^T,SP+ (compact QR),1.1761969034414461e-01,-4.1633363423443370e-17,True
synthetic,structured_low_rank_update,aggregate,N/A,42,8,128,96,16,8,4.0000000000000000e+00,1.0000000000000000e+01,1.0000000000000009e+01,8.8817841970012523e-16,3.1622776601683772e-01,2.4536720916923689e+00,2.5242331017894140e+00,5.3129079313586878e-16,1.1761969034414466e-01,4.1633363423443370e-17,1.6370637379743365e-15,True,Q_left D(kappa) Q_right^T,RBLA prefix,8.2121585146453602e-01,7.0359616112039136e-01,True
synthetic,structured_low_rank_update,aggregate,N/A,42,8,128,96,16,8,4.0000000000000000e+00,1.0000000000000000e+01,1.0000000000000009e+01,8.8817841970012523e-16,3.1622776601683772e-01,2.4536720916923689e+00,2.5242331017894140e+00,5.3129079313586878e-16,1.1761969034414466e-01,4.1633363423443370e-17,1.6370637379743365e-15,True,Q_left D(kappa) Q_right^T,SP+ (compact QR),1.1761969034414461e-01,-4.1633363423443370e-17,True
synthetic,structured_low_rank_update,aggregate,N/A,42,9,128,96,16,8,4.0000000000000000e+00,1.0000000000000000e+00,1.0000000000000009e+00,8.8817841970012523e-16,9.9999999999999978e-01,1.6457339059369438e+00,1.6457339059369436e+00,3.1932164344479231e-16,1.1761969034414466e-01,2.7755575615628914e-17,9.7546672482661572e-16,True,Q_left D(kappa) Q_right^T,RBLA prefix,6.2084297441657388e-01,5.0322328407242922e-01,True
synthetic,structured_low_rank_update,aggregate,N/A,42,9,128,96,16,8,4.0000000000000000e+00,1.0000000000000000e+00,1.0000000000000009e+00,8.8817841970012523e-16,9.9999999999999978e-01,1.6457339059369438e+00,1.6457339059369436e+00,3.1932164344479231e-16,1.1761969034414466e-01,2.7755575615628914e-17,9.7546672482661572e-16,True,Q_left D(kappa) Q_right^T,SP+ (compact QR),1.1761969034414463e-01,-2.7755575615628914e-17,True
synthetic,structured_low_rank_update,aggregate,N/A,42,9,128,96,16,8,4.0000000000000000e+00,1.5000000000000000e+00,1.4999999999999996e+00,2.9605947323337506e-16,8.1649658092772637e-01,1.6728118484063190e+00,1.6670057339666422e+00,3.1678446660813395e-16,1.1761969034414466e-01,4.1633363423443370e-17,1.6475516178883921e-15,True,Q_left D(kappa) Q_right^T,RBLA prefix,6.2969744342577205e-01,5.1207775308162740e-01,True
synthetic,structured_low_rank_update,aggregate,N/A,42,9,128,96,16,8,4.0000000000000000e+00,1.5000000000000000e+00,1.4999999999999996e+00,2.9605947323337506e-16,8.1649658092772637e-01,1.6728118484063190e+00,1.6670057339666422e+00,3.1678446660813395e-16,1.1761969034414466e-01,4.1633363423443370e-17,1.6475516178883921e-15,True,Q_left D(kappa) Q_right^T,SP+ (compact QR),1.1761969034414461e-01,-4.1633363423443370e-17,True
synthetic,structured_low_rank_update,aggregate,N/A,42,9,128,96,16,8,4.0000000000000000e+00,2.0000000000000000e+00,1.9999999999999993e+00,3.3306690738754696e-16,7.0710678118654779e-01,1.7217671051671415e+00,1.7114103382475983e+00,3.2662408500989446e-16,1.1761969034414466e-01,4.1633363423443370e-17,1.2716662757275766e-15,True,Q_left D(kappa) Q_right^T,RBLA prefix,6.4774659379344668e-01,5.3012690344930202e-01,True
synthetic,structured_low_rank_update,aggregate,N/A,42,9,128,96,16,8,4.0000000000000000e+00,2.0000000000000000e+00,1.9999999999999993e+00,3.3306690738754696e-16,7.0710678118654779e-01,1.7217671051671415e+00,1.7114103382475983e+00,3.2662408500989446e-16,1.1761969034414466e-01,4.1633363423443370e-17,1.2716662757275766e-15,True,Q_left D(kappa) Q_right^T,SP+ (compact QR),1.1761969034414461e-01,-4.1633363423443370e-17,True
synthetic,structured_low_rank_update,aggregate,N/A,42,9,128,96,16,8,4.0000000000000000e+00,3.0000000000000000e+00,3.0000000000000009e+00,2.9605947323337506e-16,5.7735026918962573e-01,1.8339461906721202e+00,1.8160242776494886e+00,3.4149050147269949e-16,1.1761969034414466e-01,2.7755575615628914e-17,1.0805413180016632e-15,True,Q_left D(kappa) Q_right^T,RBLA prefix,6.9456651947658166e-01,5.7694682913243700e-01,True
synthetic,structured_low_rank_update,aggregate,N/A,42,9,128,96,16,8,4.0000000000000000e+00,3.0000000000000000e+00,3.0000000000000009e+00,2.9605947323337506e-16,5.7735026918962573e-01,1.8339461906721202e+00,1.8160242776494886e+00,3.4149050147269949e-16,1.1761969034414466e-01,2.7755575615628914e-17,1.0805413180016632e-15,True,Q_left D(kappa) Q_right^T,SP+ (compact QR),1.1761969034414463e-01,-2.7755575615628914e-17,True
synthetic,structured_low_rank_update,aggregate,N/A,42,9,128,96,16,8,4.0000000000000000e+00,5.0000000000000000e+00,5.0000000000000000e+00,0.0000000000000000e+00,4.4721359549995804e-01,2.0511591962959517e+00,2.0210060305151618e+00,3.8010100212115327e-16,1.1761969034414466e-01,4.1633363423443370e-17,1.2451632341058440e-15,True,Q_left D(kappa) Q_right^T,RBLA prefix,8.0568528012010643e-01,6.8806558977596177e-01,True
synthetic,structured_low_rank_update,aggregate,N/A,42,9,128,96,16,8,4.0000000000000000e+00,5.0000000000000000e+00,5.0000000000000000e+00,0.0000000000000000e+00,4.4721359549995804e-01,2.0511591962959517e+00,2.0210060305151618e+00,3.8010100212115327e-16,1.1761969034414466e-01,4.1633363423443370e-17,1.2451632341058440e-15,True,Q_left D(kappa) Q_right^T,SP+ (compact QR),1.1761969034414461e-01,-4.1633363423443370e-17,True
synthetic,structured_low_rank_update,aggregate,N/A,42,9,128,96,16,8,4.0000000000000000e+00,7.5000000000000000e+00,7.5000000000000009e+00,1.1842378929335003e-16,3.6514837167011072e-01,2.2891807128053387e+00,2.2466832916628769e+00,4.2596982745638194e-16,1.1761969034414466e-01,4.1633363423443370e-17,1.2875992345749970e-15,True,Q_left D(kappa) Q_right^T,RBLA prefix,9.5785728093775502e-01,8.4023759059361036e-01,True
synthetic,structured_low_rank_update,aggregate,N/A,42,9,128,96,16,8,4.0000000000000000e+00,7.5000000000000000e+00,7.5000000000000009e+00,1.1842378929335003e-16,3.6514837167011072e-01,2.2891807128053387e+00,2.2466832916628769e+00,4.2596982745638194e-16,1.1761969034414466e-01,4.1633363423443370e-17,1.2875992345749970e-15,True,Q_left D(kappa) Q_right^T,SP+ (compact QR),1.1761969034414461e-01,-4.1633363423443370e-17,True
synthetic,structured_low_rank_update,aggregate,N/A,42,9,128,96,16,8,4.0000000000000000e+00,1.0000000000000000e+01,1.0000000000000011e+01,1.0658141036401502e-15,3.1622776601683777e-01,2.4970662805644643e+00,2.4442300477553447e+00,4.8967003688608884e-16,1.1761969034414466e-01,4.1633363423443370e-17,1.4080979803749254e-15,True,Q_left D(kappa) Q_right^T,RBLA prefix,1.1159921133484647e+00,9.9837242300432005e-01,True
synthetic,structured_low_rank_update,aggregate,N/A,42,9,128,96,16,8,4.0000000000000000e+00,1.0000000000000000e+01,1.0000000000000011e+01,1.0658141036401502e-15,3.1622776601683777e-01,2.4970662805644643e+00,2.4442300477553447e+00,4.8967003688608884e-16,1.1761969034414466e-01,4.1633363423443370e-17,1.4080979803749254e-15,True,Q_left D(kappa) Q_right^T,SP+ (compact QR),1.1761969034414461e-01,-4.1633363423443370e-17,True
synthetic,structured_low_rank_update,aggregate,N/A,42,10,128,96,16,8,4.0000000000000000e+00,1.0000000000000000e+00,1.0000000000000007e+00,6.6613381477509392e-16,9.9999999999999978e-01,1.6457339059369438e+00,1.6457339059369436e+00,3.8814552306250444e-16,1.1761969034414466e-01,4.1633363423443370e-17,1.4542198048174629e-15,True,Q_left D(kappa) Q_right^T,RBLA prefix,5.4087031840285382e-01,4.2325062805870917e-01,True
synthetic,structured_low_rank_update,aggregate,N/A,42,10,128,96,16,8,4.0000000000000000e+00,1.0000000000000000e+00,1.0000000000000007e+00,6.6613381477509392e-16,9.9999999999999978e-01,1.6457339059369438e+00,1.6457339059369436e+00,3.8814552306250444e-16,1.1761969034414466e-01,4.1633363423443370e-17,1.4542198048174629e-15,True,Q_left D(kappa) Q_right^T,SP+ (compact QR),1.1761969034414461e-01,-4.1633363423443370e-17,True
synthetic,structured_low_rank_update,aggregate,N/A,42,10,128,96,16,8,4.0000000000000000e+00,1.5000000000000000e+00,1.4999999999999987e+00,8.8817841970012523e-16,8.1649658092772626e-01,1.6642925226801977e+00,1.6763962170184061e+00,3.3286606470154147e-16,1.1761969034414466e-01,4.1633363423443370e-17,1.3523647040659438e-15,True,Q_left D(kappa) Q_right^T,RBLA prefix,5.4989032862153553e-01,4.3227063827739087e-01,True
synthetic,structured_low_rank_update,aggregate,N/A,42,10,128,96,16,8,4.0000000000000000e+00,1.5000000000000000e+00,1.4999999999999987e+00,8.8817841970012523e-16,8.1649658092772626e-01,1.6642925226801977e+00,1.6763962170184061e+00,3.3286606470154147e-16,1.1761969034414466e-01,4.1633363423443370e-17,1.3523647040659438e-15,True,Q_left D(kappa) Q_right^T,SP+ (compact QR),1.1761969034414461e-01,-4.1633363423443370e-17,True
synthetic,structured_low_rank_update,aggregate,N/A,42,10,128,96,16,8,4.0000000000000000e+00,2.0000000000000000e+00,1.9999999999999984e+00,7.7715611723760958e-16,7.0710678118654791e-01,1.7080825078003172e+00,1.7277996964177924e+00,3.6998339617774180e-16,1.1761969034414466e-01,4.1633363423443370e-17,1.1503238278006038e-15,True,Q_left D(kappa) Q_right^T,RBLA prefix,5.6810116878557204e-01,4.5048147844142739e-01,True
synthetic,structured_low_rank_update,aggregate,N/A,42,10,128,96,16,8,4.0000000000000000e+00,2.0000000000000000e+00,1.9999999999999984e+00,7.7715611723760958e-16,7.0710678118654791e-01,1.7080825078003172e+00,1.7277996964177924e+00,3.6998339617774180e-16,1.1761969034414466e-01,4.1633363423443370e-17,1.1503238278006038e-15,True,Q_left D(kappa) Q_right^T,SP+ (compact QR),1.1761969034414461e-01,-4.1633363423443370e-17,True
synthetic,structured_low_rank_update,aggregate,N/A,42,10,128,96,16,8,4.0000000000000000e+00,3.0000000000000000e+00,3.0000000000000000e+00,0.0000000000000000e+00,5.7735026918962562e-01,1.8148952409196375e+00,1.8427571767251640e+00,3.7943480528079460e-16,1.1761969034414466e-01,4.1633363423443370e-17,1.2187277690741899e-15,True,Q_left D(kappa) Q_right^T,RBLA prefix,6.1432870459096833e-01,4.9670901424682368e-01,True
synthetic,structured_low_rank_update,aggregate,N/A,42,10,128,96,16,8,4.0000000000000000e+00,3.0000000000000000e+00,3.0000000000000000e+00,0.0000000000000000e+00,5.7735026918962562e-01,1.8148952409196375e+00,1.8427571767251640e+00,3.7943480528079460e-16,1.1761969034414466e-01,4.1633363423443370e-17,1.2187277690741899e-15,True,Q_left D(kappa) Q_right^T,SP+ (compact QR),1.1761969034414461e-01,-4.1633363423443370e-17,True
synthetic,structured_low_rank_update,aggregate,N/A,42,10,128,96,16,8,4.0000000000000000e+00,5.0000000000000000e+00,4.9999999999999991e+00,1.7763568394002506e-16,4.4721359549995793e-01,2.0299876940435406e+00,2.0620930795901251e+00,4.6871719010937119e-16,1.1761969034414466e-01,4.1633363423443370e-17,1.6320899098685727e-15,True,Q_left D(kappa) Q_right^T,RBLA prefix,7.1934006407029927e-01,6.0172037372615461e-01,True
synthetic,structured_low_rank_update,aggregate,N/A,42,10,128,96,16,8,4.0000000000000000e+00,5.0000000000000000e+00,4.9999999999999991e+00,1.7763568394002506e-16,4.4721359549995793e-01,2.0299876940435406e+00,2.0620930795901251e+00,4.6871719010937119e-16,1.1761969034414466e-01,4.1633363423443370e-17,1.6320899098685727e-15,True,Q_left D(kappa) Q_right^T,SP+ (compact QR),1.1761969034414461e-01,-4.1633363423443370e-17,True
synthetic,structured_low_rank_update,aggregate,N/A,42,10,128,96,16,8,4.0000000000000000e+00,7.5000000000000000e+00,7.4999999999999911e+00,1.1842378929335002e-15,3.6514837167011105e-01,2.2714258503892455e+00,2.3010437301550093e+00,4.4100064730896037e-16,1.1761969034414466e-01,4.1633363423443370e-17,1.0804578484736480e-15,True,Q_left D(kappa) Q_right^T,RBLA prefix,8.5569994488789070e-01,7.3808025454374604e-01,True
synthetic,structured_low_rank_update,aggregate,N/A,42,10,128,96,16,8,4.0000000000000000e+00,7.5000000000000000e+00,7.4999999999999911e+00,1.1842378929335002e-15,3.6514837167011105e-01,2.2714258503892455e+00,2.3010437301550093e+00,4.4100064730896037e-16,1.1761969034414466e-01,4.1633363423443370e-17,1.0804578484736480e-15,True,Q_left D(kappa) Q_right^T,SP+ (compact QR),1.1761969034414461e-01,-4.1633363423443370e-17,True
synthetic,structured_low_rank_update,aggregate,N/A,42,10,128,96,16,8,4.0000000000000000e+00,1.0000000000000000e+01,9.9999999999999964e+00,3.5527136788005011e-16,3.1622776601683794e-01,2.4852551725625607e+00,2.5095693281714682e+00,5.1146065361440005e-16,1.1761969034414466e-01,4.1633363423443370e-17,2.0461289761038733e-15,True,Q_left D(kappa) Q_right^T,RBLA prefix,9.9146096640486325e-01,8.7384127606071860e-01,True
synthetic,structured_low_rank_update,aggregate,N/A,42,10,128,96,16,8,4.0000000000000000e+00,1.0000000000000000e+01,9.9999999999999964e+00,3.5527136788005011e-16,3.1622776601683794e-01,2.4852551725625607e+00,2.5095693281714682e+00,5.1146065361440005e-16,1.1761969034414466e-01,4.1633363423443370e-17,2.0461289761038733e-15,True,Q_left D(kappa) Q_right^T,SP+ (compact QR),1.1761969034414461e-01,-4.1633363423443370e-17,True
synthetic,structured_low_rank_update,aggregate,N/A,42,11,128,96,16,8,4.0000000000000000e+00,1.0000000000000000e+00,1.0000000000000009e+00,8.8817841970012523e-16,9.9999999999999956e-01,1.6457339059369436e+00,1.6457339059369436e+00,3.5331048721928116e-16,1.1761969034414466e-01,4.1633363423443370e-17,1.3242293368068918e-15,True,Q_left D(kappa) Q_right^T,RBLA prefix,5.7214077798510432e-01,4.5452108764095966e-01,True
synthetic,structured_low_rank_update,aggregate,N/A,42,11,128,96,16,8,4.0000000000000000e+00,1.0000000000000000e+00,1.0000000000000009e+00,8.8817841970012523e-16,9.9999999999999956e-01,1.6457339059369436e+00,1.6457339059369436e+00,3.5331048721928116e-16,1.1761969034414466e-01,4.1633363423443370e-17,1.3242293368068918e-15,True,Q_left D(kappa) Q_right^T,SP+ (compact QR),1.1761969034414461e-01,-4.1633363423443370e-17,True
synthetic,structured_low_rank_update,aggregate,N/A,42,11,128,96,16,8,4.0000000000000000e+00,1.5000000000000000e+00,1.4999999999999998e+00,1.4802973661668753e-16,8.1649658092772581e-01,1.6809964989672863e+00,1.6596988859382418e+00,3.1572895963356631e-16,1.1761969034414466e-01,4.1633363423443370e-17,1.0765824649683588e-15,True,Q_left D(kappa) Q_right^T,RBLA prefix,5.7875113472225337e-01,4.6113144437810871e-01,True
synthetic,structured_low_rank_update,aggregate,N/A,42,11,128,96,16,8,4.0000000000000000e+00,1.5000000000000000e+00,1.4999999999999998e+00,1.4802973661668753e-16,8.1649658092772581e-01,1.6809964989672863e+00,1.6596988859382418e+00,3.1572895963356631e-16,1.1761969034414466e-01,4.1633363423443370e-17,1.0765824649683588e-15,True,Q_left D(kappa) Q_right^T,SP+ (compact QR),1.1761969034414461e-01,-4.1633363423443370e-17,True
synthetic,structured_low_rank_update,aggregate,N/A,42,11,128,96,16,8,4.0000000000000000e+00,2.0000000000000000e+00,1.9999999999999991e+00,4.4408920985006262e-16,7.0710678118654757e-01,1.7361326341135888e+00,1.6994282801088152e+00,3.2516897512264480e-16,1.1761969034414466e-01,4.1633363423443370e-17,1.5149973539194071e-15,True,Q_left D(kappa) Q_right^T,RBLA prefix,5.9199739869345391e-01,4.7437770834930926e-01,True
synthetic,structured_low_rank_update,aggregate,N/A,42,11,128,96,16,8,4.0000000000000000e+00,2.0000000000000000e+00,1.9999999999999991e+00,4.4408920985006262e-16,7.0710678118654757e-01,1.7361326341135888e+00,1.6994282801088152e+00,3.2516897512264480e-16,1.1761969034414466e-01,4.1633363423443370e-17,1.5149973539194071e-15,True,Q_left D(kappa) Q_right^T,SP+ (compact QR),1.1761969034414461e-01,-4.1633363423443370e-17,True
synthetic,structured_low_rank_update,aggregate,N/A,42,11,128,96,16,8,4.0000000000000000e+00,3.0000000000000000e+00,3.0000000000000009e+00,2.9605947323337506e-16,5.7735026918962540e-01,1.8571267448357842e+00,1.7978326310642931e+00,3.5503159045565999e-16,1.1761969034414466e-01,2.7755575615628914e-17,1.1296360922880702e-15,True,Q_left D(kappa) Q_right^T,RBLA prefix,6.2517821551487984e-01,5.0755852517073519e-01,True
synthetic,structured_low_rank_update,aggregate,N/A,42,11,128,96,16,8,4.0000000000000000e+00,3.0000000000000000e+00,3.0000000000000009e+00,2.9605947323337506e-16,5.7735026918962540e-01,1.8571267448357842e+00,1.7978326310642931e+00,3.5503159045565999e-16,1.1761969034414466e-01,2.7755575615628914e-17,1.1296360922880702e-15,True,Q_left D(kappa) Q_right^T,SP+ (compact QR),1.1761969034414463e-01,-2.7755575615628914e-17,True
synthetic,structured_low_rank_update,aggregate,N/A,42,11,128,96,16,8,4.0000000000000000e+00,5.0000000000000000e+00,4.9999999999999964e+00,7.1054273576010023e-16,4.4721359549995804e-01,2.0846551017920443e+00,1.9944824349911596e+00,3.8409851046652045e-16,1.1761969034414466e-01,2.7755575615628914e-17,1.3309536678079531e-15,True,Q_left D(kappa) Q_right^T,RBLA prefix,6.9921650388651135e-01,5.8159681354236670e-01,True
synthetic,structured_low_rank_update,aggregate,N/A,42,11,128,96,16,8,4.0000000000000000e+00,5.0000000000000000e+00,4.9999999999999964e+00,7.1054273576010023e-16,4.4721359549995804e-01,2.0846551017920443e+00,1.9944824349911596e+00,3.8409851046652045e-16,1.1761969034414466e-01,2.7755575615628914e-17,1.3309536678079531e-15,True,Q_left D(kappa) Q_right^T,SP+ (compact QR),1.1761969034414463e-01,-2.7755575615628914e-17,True
synthetic,structured_low_rank_update,aggregate,N/A,42,11,128,96,16,8,4.0000000000000000e+00,7.5000000000000000e+00,7.4999999999999991e+00,1.1842378929335003e-16,3.6514837167011077e-01,2.3293510200747405e+00,2.2118091985916295e+00,4.1815610093823491e-16,1.1761969034414466e-01,4.1633363423443370e-17,1.5580307493557951e-15,True,Q_left D(kappa) Q_right^T,RBLA prefix,7.9410540708973609e-01,6.7648571674559144e-01,True
synthetic,structured_low_rank_update,aggregate,N/A,42,11,128,96,16,8,4.0000000000000000e+00,7.5000000000000000e+00,7.4999999999999991e+00,1.1842378929335003e-16,3.6514837167011077e-01,2.3293510200747405e+00,2.2118091985916295e+00,4.1815610093823491e-16,1.1761969034414466e-01,4.1633363423443370e-17,1.5580307493557951e-15,True,Q_left D(kappa) Q_right^T,SP+ (compact QR),1.1761969034414461e-01,-4.1633363423443370e-17,True
synthetic,structured_low_rank_update,aggregate,N/A,42,11,128,96,16,8,4.0000000000000000e+00,1.0000000000000000e+01,1.0000000000000000e+01,0.0000000000000000e+00,3.1622776601683783e-01,2.5407209957077188e+00,2.4017282051086926e+00,4.6081190570465606e-16,1.1761969034414466e-01,4.1633363423443370e-17,1.2327298315444887e-15,True,Q_left D(kappa) Q_right^T,RBLA prefix,8.8793418042439642e-01,7.7031449008025177e-01,True
synthetic,structured_low_rank_update,aggregate,N/A,42,11,128,96,16,8,4.0000000000000000e+00,1.0000000000000000e+01,1.0000000000000000e+01,0.0000000000000000e+00,3.1622776601683783e-01,2.5407209957077188e+00,2.4017282051086926e+00,4.6081190570465606e-16,1.1761969034414466e-01,4.1633363423443370e-17,1.2327298315444887e-15,True,Q_left D(kappa) Q_right^T,SP+ (compact QR),1.1761969034414461e-01,-4.1633363423443370e-17,True
synthetic,structured_low_rank_update,aggregate,N/A,42,12,128,96,16,8,4.0000000000000000e+00,1.0000000000000000e+00,1.0000000000000009e+00,8.8817841970012523e-16,9.9999999999999967e-01,1.6457339059369434e+00,1.6457339059369440e+00,3.3374221800057181e-16,1.1761969034414466e-01,2.7755575615628914e-17,1.1363194664226280e-15,True,Q_left D(kappa) Q_right^T,RBLA prefix,5.9103619860882184e-01,4.7341650826467718e-01,True
synthetic,structured_low_rank_update,aggregate,N/A,42,12,128,96,16,8,4.0000000000000000e+00,1.0000000000000000e+00,1.0000000000000009e+00,8.8817841970012523e-16,9.9999999999999967e-01,1.6457339059369434e+00,1.6457339059369440e+00,3.3374221800057181e-16,1.1761969034414466e-01,2.7755575615628914e-17,1.1363194664226280e-15,True,Q_left D(kappa) Q_right^T,SP+ (compact QR),1.1761969034414463e-01,-2.7755575615628914e-17,True
synthetic,structured_low_rank_update,aggregate,N/A,42,12,128,96,16,8,4.0000000000000000e+00,1.5000000000000000e+00,1.4999999999999998e+00,1.4802973661668753e-16,8.1649658092772581e-01,1.6618835968771355e+00,1.6735815657908857e+00,3.1557732586856167e-16,1.1761969034414466e-01,4.1633363423443370e-17,1.3550234264411405e-15,True,Q_left D(kappa) Q_right^T,RBLA prefix,5.9515313845689666e-01,4.7753344811275200e-01,True
synthetic,structured_low_rank_update,aggregate,N/A,42,12,128,96,16,8,4.0000000000000000e+00,1.5000000000000000e+00,1.4999999999999998e+00,1.4802973661668753e-16,8.1649658092772581e-01,1.6618835968771355e+00,1.6735815657908857e+00,3.1557732586856167e-16,1.1761969034414466e-01,4.1633363423443370e-17,1.3550234264411405e-15,True,Q_left D(kappa) Q_right^T,SP+ (compact QR),1.1761969034414461e-01,-4.1633363423443370e-17,True
synthetic,structured_low_rank_update,aggregate,N/A,42,12,128,96,16,8,4.0000000000000000e+00,2.0000000000000000e+00,1.9999999999999998e+00,1.1102230246251565e-16,7.0710678118654757e-01,1.7008258613449101e+00,1.7198286718558964e+00,3.2838108094510667e-16,1.1761969034414466e-01,4.1633363423443370e-17,1.2103322975583774e-15,True,Q_left D(kappa) Q_right^T,RBLA prefix,6.0337277069444606e-01,4.8575308035030140e-01,True
synthetic,structured_low_rank_update,aggregate,N/A,42,12,128,96,16,8,4.0000000000000000e+00,2.0000000000000000e+00,1.9999999999999998e+00,1.1102230246251565e-16,7.0710678118654757e-01,1.7008258613449101e+00,1.7198286718558964e+00,3.2838108094510667e-16,1.1761969034414466e-01,4.1633363423443370e-17,1.2103322975583774e-15,True,Q_left D(kappa) Q_right^T,SP+ (compact QR),1.1761969034414461e-01,-4.1633363423443370e-17,True
synthetic,structured_low_rank_update,aggregate,N/A,42,12,128,96,16,8,4.0000000000000000e+00,3.0000000000000000e+00,3.0000000000000013e+00,4.4408920985006262e-16,5.7735026918962573e-01,1.7965137307101775e+00,1.8230563694463455e+00,3.3455867482953224e-16,1.1761969034414466e-01,4.1633363423443370e-17,9.6796993375954072e-16,True,Q_left D(kappa) Q_right^T,RBLA prefix,6.2389446162037465e-01,5.0627477127623000e-01,True
synthetic,structured_low_rank_update,aggregate,N/A,42,12,128,96,16,8,4.0000000000000000e+00,3.0000000000000000e+00,3.0000000000000013e+00,4.4408920985006262e-16,5.7735026918962573e-01,1.7965137307101775e+00,1.8230563694463455e+00,3.3455867482953224e-16,1.1761969034414466e-01,4.1633363423443370e-17,9.6796993375954072e-16,True,Q_left D(kappa) Q_right^T,SP+ (compact QR),1.1761969034414461e-01,-4.1633363423443370e-17,True
synthetic,structured_low_rank_update,aggregate,N/A,42,12,128,96,16,8,4.0000000000000000e+00,5.0000000000000000e+00,4.9999999999999973e+00,5.3290705182007512e-16,4.4721359549995815e-01,1.9908037210472662e+00,2.0199101463360449e+00,3.8934239913852691e-16,1.1761969034414466e-01,4.1633363423443370e-17,1.7318798409828064e-15,True,Q_left D(kappa) Q_right^T,RBLA prefix,6.7012850426982618e-01,5.5250881392568152e-01,True
synthetic,structured_low_rank_update,aggregate,N/A,42,12,128,96,16,8,4.0000000000000000e+00,5.0000000000000000e+00,4.9999999999999973e+00,5.3290705182007512e-16,4.4721359549995815e-01,1.9908037210472662e+00,2.0199101463360449e+00,3.8934239913852691e-16,1.1761969034414466e-01,4.1633363423443370e-17,1.7318798409828064e-15,True,Q_left D(kappa) Q_right^T,SP+ (compact QR),1.1761969034414461e-01,-4.1633363423443370e-17,True
synthetic,structured_low_rank_update,aggregate,N/A,42,12,128,96,16,8,4.0000000000000000e+00,7.5000000000000000e+00,7.4999999999999947e+00,7.1054273576010023e-16,3.6514837167011088e-01,2.2106535310661264e+00,2.2342784616998967e+00,4.1327507338865766e-16,1.1761969034414466e-01,4.1633363423443370e-17,1.2856936618637327e-15,True,Q_left D(kappa) Q_right^T,RBLA prefix,7.3160516074126325e-01,6.1398547039711859e-01,True
synthetic,structured_low_rank_update,aggregate,N/A,42,12,128,96,16,8,4.0000000000000000e+00,7.5000000000000000e+00,7.4999999999999947e+00,7.1054273576010023e-16,3.6514837167011088e-01,2.2106535310661264e+00,2.2342784616998967e+00,4.1327507338865766e-16,1.1761969034414466e-01,4.1633363423443370e-17,1.2856936618637327e-15,True,Q_left D(kappa) Q_right^T,SP+ (compact QR),1.1761969034414461e-01,-4.1633363423443370e-17,True
synthetic,structured_low_rank_update,aggregate,N/A,42,12,128,96,16,8,4.0000000000000000e+00,1.0000000000000000e+01,1.0000000000000004e+01,3.5527136788005011e-16,3.1622776601683772e-01,2.4065391757077683e+00,2.4212010889934414e+00,4.4698934437988040e-16,1.1761969034414466e-01,2.7755575615628914e-17,1.6560554062201724e-15,True,Q_left D(kappa) Q_right^T,RBLA prefix,7.9560046737425849e-01,6.7798077703011383e-01,True
synthetic,structured_low_rank_update,aggregate,N/A,42,12,128,96,16,8,4.0000000000000000e+00,1.0000000000000000e+01,1.0000000000000004e+01,3.5527136788005011e-16,3.1622776601683772e-01,2.4065391757077683e+00,2.4212010889934414e+00,4.4698934437988040e-16,1.1761969034414466e-01,2.7755575615628914e-17,1.6560554062201724e-15,True,Q_left D(kappa) Q_right^T,SP+ (compact QR),1.1761969034414463e-01,-2.7755575615628914e-17,True
synthetic,structured_low_rank_update,aggregate,N/A,42,13,128,96,16,8,4.0000000000000000e+00,1.0000000000000000e+00,1.0000000000000009e+00,8.8817841970012523e-16,9.9999999999999944e-01,1.6457339059369436e+00,1.6457339059369438e+00,3.5147495864372911e-16,1.1761969034414466e-01,4.1633363423443370e-17,1.4175189324939518e-15,True,Q_left D(kappa) Q_right^T,RBLA prefix,6.3693361014528049e-01,5.1931391980113584e-01,True
synthetic,structured_low_rank_update,aggregate,N/A,42,13,128,96,16,8,4.0000000000000000e+00,1.0000000000000000e+00,1.0000000000000009e+00,8.8817841970012523e-16,9.9999999999999944e-01,1.6457339059369436e+00,1.6457339059369438e+00,3.5147495864372911e-16,1.1761969034414466e-01,4.1633363423443370e-17,1.4175189324939518e-15,True,Q_left D(kappa) Q_right^T,SP+ (compact QR),1.1761969034414461e-01,-4.1633363423443370e-17,True
synthetic,structured_low_rank_update,aggregate,N/A,42,13,128,96,16,8,4.0000000000000000e+00,1.5000000000000000e+00,1.4999999999999996e+00,2.9605947323337506e-16,8.1649658092772603e-01,1.6498988128680718e+00,1.6950050062872430e+00,3.6207406281732999e-16,1.1761969034414466e-01,4.1633363423443370e-17,1.5561372000572835e-15,True,Q_left D(kappa) Q_right^T,RBLA prefix,6.4295000585274864e-01,5.2533031550860398e-01,True
synthetic,structured_low_rank_update,aggregate,N/A,42,13,128,96,16,8,4.0000000000000000e+00,1.5000000000000000e+00,1.4999999999999996e+00,2.9605947323337506e-16,8.1649658092772603e-01,1.6498988128680718e+00,1.6950050062872430e+00,3.6207406281732999e-16,1.1761969034414466e-01,4.1633363423443370e-17,1.5561372000572835e-15,True,Q_left D(kappa) Q_right^T,SP+ (compact QR),1.1761969034414461e-01,-4.1633363423443370e-17,True
synthetic,structured_low_rank_update,aggregate,N/A,42,13,128,96,16,8,4.0000000000000000e+00,2.0000000000000000e+00,2.0000000000000004e+00,2.2204460492503131e-16,7.0710678118654735e-01,1.6846856849073328e+00,1.7634015283871258e+00,3.5884179254867814e-16,1.1761969034414466e-01,2.7755575615628914e-17,1.6811430021081538e-15,True,Q_left D(kappa) Q_right^T,RBLA prefix,6.5496194500375815e-01,5.3734225465961349e-01,True
synthetic,structured_low_rank_update,aggregate,N/A,42,13,128,96,16,8,4.0000000000000000e+00,2.0000000000000000e+00,2.0000000000000004e+00,2.2204460492503131e-16,7.0710678118654735e-01,1.6846856849073328e+00,1.7634015283871258e+00,3.5884179254867814e-16,1.1761969034414466e-01,2.7755575615628914e-17,1.6811430021081538e-15,True,Q_left D(kappa) Q_right^T,SP+ (compact QR),1.1761969034414463e-01,-2.7755575615628914e-17,True
synthetic,structured_low_rank_update,aggregate,N/A,42,13,128,96,16,8,4.0000000000000000e+00,3.0000000000000000e+00,2.9999999999999996e+00,1.4802973661668753e-16,5.7735026918962573e-01,1.7785498995376596e+00,1.9091918746755001e+00,3.7381779900323809e-16,1.1761969034414466e-01,2.7755575615628914e-17,1.4144012285229462e-15,True,Q_left D(kappa) Q_right^T,RBLA prefix,6.8488738720319919e-01,5.6726769685905454e-01,True
synthetic,structured_low_rank_update,aggregate,N/A,42,13,128,96,16,8,4.0000000000000000e+00,3.0000000000000000e+00,2.9999999999999996e+00,1.4802973661668753e-16,5.7735026918962573e-01,1.7785498995376596e+00,1.9091918746755001e+00,3.7381779900323809e-16,1.1761969034414466e-01,2.7755575615628914e-17,1.4144012285229462e-15,True,Q_left D(kappa) Q_right^T,SP+ (compact QR),1.1761969034414463e-01,-2.7755575615628914e-17,True
synthetic,structured_low_rank_update,aggregate,N/A,42,13,128,96,16,8,4.0000000000000000e+00,5.0000000000000000e+00,4.9999999999999991e+00,1.7763568394002506e-16,4.4721359549995804e-01,1.9734574762143071e+00,2.1814273845721353e+00,3.9038333591181078e-16,1.1761969034414466e-01,2.7755575615628914e-17,1.1331727106091291e-15,True,Q_left D(kappa) Q_right^T,RBLA prefix,7.5149250213761798e-01,6.3387281179347332e-01,True
synthetic,structured_low_rank_update,aggregate,N/A,42,13,128,96,16,8,4.0000000000000000e+00,5.0000000000000000e+00,4.9999999999999991e+00,1.7763568394002506e-16,4.4721359549995804e-01,1.9734574762143071e+00,2.1814273845721353e+00,3.9038333591181078e-16,1.1761969034414466e-01,2.7755575615628914e-17,1.1331727106091291e-15,True,Q_left D(kappa) Q_right^T,SP+ (compact QR),1.1761969034414463e-01,-2.7755575615628914e-17,True
synthetic,structured_low_rank_update,aggregate,N/A,42,13,128,96,16,8,4.0000000000000000e+00,7.5000000000000000e+00,7.4999999999999991e+00,1.1842378929335003e-16,3.6514837167011083e-01,2.1930593091086710e+00,2.4758550791731904e+00,4.2446101766567052e-16,1.1761969034414466e-01,4.1633363423443370e-17,2.1913267382963340e-15,True,Q_left D(kappa) Q_right^T,RBLA prefix,8.3759409919638750e-01,7.1997440885224284e-01,True
synthetic,structured_low_rank_update,aggregate,N/A,42,13,128,96,16,8,4.0000000000000000e+00,7.5000000000000000e+00,7.4999999999999991e+00,1.1842378929335003e-16,3.6514837167011083e-01,2.1930593091086710e+00,2.4758550791731904e+00,4.2446101766567052e-16,1.1761969034414466e-01,4.1633363423443370e-17,2.1913267382963340e-15,True,Q_left D(kappa) Q_right^T,SP+ (compact QR),1.1761969034414461e-01,-4.1633363423443370e-17,True
synthetic,structured_low_rank_update,aggregate,N/A,42,13,128,96,16,8,4.0000000000000000e+00,1.0000000000000000e+01,1.0000000000000009e+01,8.8817841970012523e-16,3.1622776601683783e-01,2.3870499347133882e+00,2.7322891389364754e+00,4.8546424100210069e-16,1.1761969034414466e-01,4.1633363423443370e-17,1.4013237568969196e-15,True,Q_left D(kappa) Q_right^T,RBLA prefix,9.2412979720173949e-01,8.0651010685759483e-01,True
synthetic,structured_low_rank_update,aggregate,N/A,42,13,128,96,16,8,4.0000000000000000e+00,1.0000000000000000e+01,1.0000000000000009e+01,8.8817841970012523e-16,3.1622776601683783e-01,2.3870499347133882e+00,2.7322891389364754e+00,4.8546424100210069e-16,1.1761969034414466e-01,4.1633363423443370e-17,1.4013237568969196e-15,True,Q_left D(kappa) Q_right^T,SP+ (compact QR),1.1761969034414461e-01,-4.1633363423443370e-17,True
synthetic,structured_low_rank_update,aggregate,N/A,42,14,128,96,16,8,4.0000000000000000e+00,1.0000000000000000e+00,1.0000000000000011e+00,1.1102230246251565e-15,9.9999999999999944e-01,1.6457339059369438e+00,1.6457339059369436e+00,3.9469748165340862e-16,1.1761969034414466e-01,2.7755575615628914e-17,1.4161000810988450e-15,True,Q_left D(kappa) Q_right^T,RBLA prefix,6.6045115717651892e-01,5.4283146683237427e-01,True
synthetic,structured_low_rank_update,aggregate,N/A,42,14,128,96,16,8,4.0000000000000000e+00,1.0000000000000000e+00,1.0000000000000011e+00,1.1102230246251565e-15,9.9999999999999944e-01,1.6457339059369438e+00,1.6457339059369436e+00,3.9469748165340862e-16,1.1761969034414466e-01,2.7755575615628914e-17,1.4161000810988450e-15,True,Q_left D(kappa) Q_right^T,SP+ (compact QR),1.1761969034414463e-01,-2.7755575615628914e-17,True
synthetic,structured_low_rank_update,aggregate,N/A,42,14,128,96,16,8,4.0000000000000000e+00,1.5000000000000000e+00,1.4999999999999998e+00,1.4802973661668753e-16,8.1649658092772637e-01,1.6894490403566704e+00,1.6593374843458693e+00,3.7606581094185361e-16,1.1761969034414466e-01,2.7755575615628914e-17,1.1275110085861647e-15,True,Q_left D(kappa) Q_right^T,RBLA prefix,6.6854447854822396e-01,5.5092478820407931e-01,True
synthetic,structured_low_rank_update,aggregate,N/A,42,14,128,96,16,8,4.0000000000000000e+00,1.5000000000000000e+00,1.4999999999999998e+00,1.4802973661668753e-16,8.1649658092772637e-01,1.6894490403566704e+00,1.6593374843458693e+00,3.7606581094185361e-16,1.1761969034414466e-01,2.7755575615628914e-17,1.1275110085861647e-15,True,Q_left D(kappa) Q_right^T,SP+ (compact QR),1.1761969034414463e-01,-2.7755575615628914e-17,True
synthetic,structured_low_rank_update,aggregate,N/A,42,14,128,96,16,8,4.0000000000000000e+00,2.0000000000000000e+00,1.9999999999999991e+00,4.4408920985006262e-16,7.0710678118654791e-01,1.7561713710093034e+00,1.7031136589727220e+00,3.4374687161105275e-16,1.1761969034414466e-01,2.7755575615628914e-17,1.4220891936268319e-15,True,Q_left D(kappa) Q_right^T,RBLA prefix,6.8480416051285020e-01,5.6718447016870555e-01,True
synthetic,structured_low_rank_update,aggregate,N/A,42,14,128,96,16,8,4.0000000000000000e+00,2.0000000000000000e+00,1.9999999999999991e+00,4.4408920985006262e-16,7.0710678118654791e-01,1.7561713710093034e+00,1.7031136589727220e+00,3.4374687161105275e-16,1.1761969034414466e-01,2.7755575615628914e-17,1.4220891936268319e-15,True,Q_left D(kappa) Q_right^T,SP+ (compact QR),1.1761969034414463e-01,-2.7755575615628914e-17,True
synthetic,structured_low_rank_update,aggregate,N/A,42,14,128,96,16,8,4.0000000000000000e+00,3.0000000000000000e+00,3.0000000000000004e+00,1.4802973661668753e-16,5.7735026918962584e-01,1.9024684157249956e+00,1.8126373501442146e+00,3.4213802752584598e-16,1.1761969034414466e-01,4.1633363423443370e-17,1.7262301072237350e-15,True,Q_left D(kappa) Q_right^T,RBLA prefix,7.2578820087872620e-01,6.0816851053458154e-01,True
synthetic,structured_low_rank_update,aggregate,N/A,42,14,128,96,16,8,4.0000000000000000e+00,3.0000000000000000e+00,3.0000000000000004e+00,1.4802973661668753e-16,5.7735026918962584e-01,1.9024684157249956e+00,1.8126373501442146e+00,3.4213802752584598e-16,1.1761969034414466e-01,4.1633363423443370e-17,1.7262301072237350e-15,True,Q_left D(kappa) Q_right^T,SP+ (compact QR),1.1761969034414461e-01,-4.1633363423443370e-17,True
synthetic,structured_low_rank_update,aggregate,N/A,42,14,128,96,16,8,4.0000000000000000e+00,5.0000000000000000e+00,5.0000000000000009e+00,1.7763568394002506e-16,4.4721359549995798e-01,2.1793250004258491e+00,2.0317818501556535e+00,4.0096229432025270e-16,1.1761969034414466e-01,4.1633363423443370e-17,1.1228016336968788e-15,True,Q_left D(kappa) Q_right^T,RBLA prefix,8.1856810750070796e-01,7.0094841715656331e-01,True
synthetic,structured_low_rank_update,aggregate,N/A,42,14,128,96,16,8,4.0000000000000000e+00,5.0000000000000000e+00,5.0000000000000009e+00,1.7763568394002506e-16,4.4721359549995798e-01,2.1793250004258491e+00,2.0317818501556535e+00,4.0096229432025270e-16,1.1761969034414466e-01,4.1633363423443370e-17,1.1228016336968788e-15,True,Q_left D(kappa) Q_right^T,SP+ (compact QR),1.1761969034414461e-01,-4.1633363423443370e-17,True
synthetic,structured_low_rank_update,aggregate,N/A,42,14,128,96,16,8,4.0000000000000000e+00,7.5000000000000000e+00,7.4999999999999982e+00,2.3684757858670006e-16,3.6514837167011083e-01,2.4799426388332200e+00,2.2739572517090374e+00,4.9839719658156877e-16,1.1761969034414466e-01,4.1633363423443370e-17,1.4465638392123714e-15,True,Q_left D(kappa) Q_right^T,RBLA prefix,9.4000592559467910e-01,8.2238623525053445e-01,True
synthetic,structured_low_rank_update,aggregate,N/A,42,14,128,96,16,8,4.0000000000000000e+00,7.5000000000000000e+00,7.4999999999999982e+00,2.3684757858670006e-16,3.6514837167011083e-01,2.4799426388332200e+00,2.2739572517090374e+00,4.9839719658156877e-16,1.1761969034414466e-01,4.1633363423443370e-17,1.4465638392123714e-15,True,Q_left D(kappa) Q_right^T,SP+ (compact QR),1.1761969034414461e-01,-4.1633363423443370e-17,True
synthetic,structured_low_rank_update,aggregate,N/A,42,14,128,96,16,8,4.0000000000000000e+00,1.0000000000000000e+01,1.0000000000000000e+01,0.0000000000000000e+00,3.1622776601683811e-01,2.7419007350710682e+00,2.4857617064012199e+00,4.9681169757637275e-16,1.1761969034414466e-01,4.1633363423443370e-17,1.3243570148760950e-15,True,Q_left D(kappa) Q_right^T,RBLA prefix,1.0625791254225565e+00,9.4495943507841185e-01,True
synthetic,structured_low_rank_update,aggregate,N/A,42,14,128,96,16,8,4.0000000000000000e+00,1.0000000000000000e+01,1.0000000000000000e+01,0.0000000000000000e+00,3.1622776601683811e-01,2.7419007350710682e+00,2.4857617064012199e+00,4.9681169757637275e-16,1.1761969034414466e-01,4.1633363423443370e-17,1.3243570148760950e-15,True,Q_left D(kappa) Q_right^T,SP+ (compact QR),1.1761969034414461e-01,-4.1633363423443370e-17,True
synthetic,structured_low_rank_update,aggregate,N/A,42,15,128,96,16,8,4.0000000000000000e+00,1.0000000000000000e+00,1.0000000000000009e+00,8.8817841970012523e-16,9.9999999999999989e-01,1.6457339059369438e+00,1.6457339059369436e+00,3.4003951295991388e-16,1.1761969034414466e-01,4.1633363423443370e-17,1.2241455421806135e-15,True,Q_left D(kappa) Q_right^T,RBLA prefix,5.8049022120137850e-01,4.6287053085723384e-01,True
synthetic,structured_low_rank_update,aggregate,N/A,42,15,128,96,16,8,4.0000000000000000e+00,1.0000000000000000e+00,1.0000000000000009e+00,8.8817841970012523e-16,9.9999999999999989e-01,1.6457339059369438e+00,1.6457339059369436e+00,3.4003951295991388e-16,1.1761969034414466e-01,4.1633363423443370e-17,1.2241455421806135e-15,True,Q_left D(kappa) Q_right^T,SP+ (compact QR),1.1761969034414461e-01,-4.1633363423443370e-17,True
synthetic,structured_low_rank_update,aggregate,N/A,42,15,128,96,16,8,4.0000000000000000e+00,1.5000000000000000e+00,1.5000000000000000e+00,0.0000000000000000e+00,8.1649658092772592e-01,1.6834069735274093e+00,1.6600416762367192e+00,3.4014164731422108e-16,1.1761969034414466e-01,4.1633363423443370e-17,1.1266349051641600e-15,True,Q_left D(kappa) Q_right^T,RBLA prefix,5.8400358939477104e-01,4.6638389905062638e-01,True
synthetic,structured_low_rank_update,aggregate,N/A,42,15,128,96,16,8,4.0000000000000000e+00,1.5000000000000000e+00,1.5000000000000000e+00,0.0000000000000000e+00,8.1649658092772592e-01,1.6834069735274093e+00,1.6600416762367192e+00,3.4014164731422108e-16,1.1761969034414466e-01,4.1633363423443370e-17,1.1266349051641600e-15,True,Q_left D(kappa) Q_right^T,SP+ (compact QR),1.1761969034414461e-01,-4.1633363423443370e-17,True
synthetic,structured_low_rank_update,aggregate,N/A,42,15,128,96,16,8,4.0000000000000000e+00,2.0000000000000000e+00,1.9999999999999991e+00,4.4408920985006262e-16,7.0710678118654779e-01,1.7421922051443608e+00,1.7016556119180177e+00,3.3652398728002492e-16,1.1761969034414466e-01,4.1633363423443370e-17,1.1878386932698348e-15,True,Q_left D(kappa) Q_right^T,RBLA prefix,5.9118964028272725e-01,4.7356994993858259e-01,True
synthetic,structured_low_rank_update,aggregate,N/A,42,15,128,96,16,8,4.0000000000000000e+00,2.0000000000000000e+00,1.9999999999999991e+00,4.4408920985006262e-16,7.0710678118654779e-01,1.7421922051443608e+00,1.7016556119180177e+00,3.3652398728002492e-16,1.1761969034414466e-01,4.1633363423443370e-17,1.1878386932698348e-15,True,Q_left D(kappa) Q_right^T,SP+ (compact QR),1.1761969034414461e-01,-4.1633363423443370e-17,True
synthetic,structured_low_rank_update,aggregate,N/A,42,15,128,96,16,8,4.0000000000000000e+00,3.0000000000000000e+00,3.0000000000000013e+00,4.4408920985006262e-16,5.7735026918962562e-01,1.8717892856885008e+00,1.8053601696015191e+00,3.5909444539579407e-16,1.1761969034414466e-01,4.1633363423443370e-17,9.5724919824649165e-16,True,Q_left D(kappa) Q_right^T,RBLA prefix,6.0996336700529041e-01,4.9234367666114576e-01,True
synthetic,structured_low_rank_update,aggregate,N/A,42,15,128,96,16,8,4.0000000000000000e+00,3.0000000000000000e+00,3.0000000000000013e+00,4.4408920985006262e-16,5.7735026918962562e-01,1.8717892856885008e+00,1.8053601696015191e+00,3.5909444539579407e-16,1.1761969034414466e-01,4.1633363423443370e-17,9.5724919824649165e-16,True,Q_left D(kappa) Q_right^T,SP+ (compact QR),1.1761969034414461e-01,-4.1633363423443370e-17,True
synthetic,structured_low_rank_update,aggregate,N/A,42,15,128,96,16,8,4.0000000000000000e+00,5.0000000000000000e+00,4.9999999999999991e+00,1.7763568394002506e-16,4.4721359549995793e-01,2.1178739507835744e+00,2.0143871796796122e+00,4.0976604632137014e-16,1.1761969034414466e-01,2.7755575615628914e-17,1.2777699811307361e-15,True,Q_left D(kappa) Q_right^T,RBLA prefix,6.5514108968098783e-01,5.3752139933684318e-01,True
synthetic,structured_low_rank_update,aggregate,N/A,42,15,128,96,16,8,4.0000000000000000e+00,5.0000000000000000e+00,4.9999999999999991e+00,1.7763568394002506e-16,4.4721359549995793e-01,2.1178739507835744e+00,2.0143871796796122e+00,4.0976604632137014e-16,1.1761969034414466e-01,2.7755575615628914e-17,1.2777699811307361e-15,True,Q_left D(kappa) Q_right^T,SP+ (compact QR),1.1761969034414463e-01,-2.7755575615628914e-17,True
synthetic,structured_low_rank_update,aggregate,N/A,42,15,128,96,16,8,4.0000000000000000e+00,7.5000000000000000e+00,7.4999999999999964e+00,4.7369515717340012e-16,3.6514837167011094e-01,2.3856615145312796e+00,2.2477634053835418e+00,4.2916300206565576e-16,1.1761969034414466e-01,4.1633363423443370e-17,1.3726806622941763e-15,True,Q_left D(kappa) Q_right^T,RBLA prefix,7.1807799576587450e-01,6.0045830542172984e-01,True
synthetic,structured_low_rank_update,aggregate,N/A,42,15,128,96,16,8,4.0000000000000000e+00,7.5000000000000000e+00,7.4999999999999964e+00,4.7369515717340012e-16,3.6514837167011094e-01,2.3856615145312796e+00,2.2477634053835418e+00,4.2916300206565576e-16,1.1761969034414466e-01,4.1633363423443370e-17,1.3726806622941763e-15,True,Q_left D(kappa) Q_right^T,SP+ (compact QR),1.1761969034414461e-01,-4.1633363423443370e-17,True
synthetic,structured_low_rank_update,aggregate,N/A,42,15,128,96,16,8,4.0000000000000000e+00,1.0000000000000000e+01,1.0000000000000007e+01,7.1054273576010023e-16,3.1622776601683789e-01,2.6192727450497939e+00,2.4535204814190035e+00,5.0811246532974104e-16,1.1761969034414466e-01,4.1633363423443370e-17,1.5887920479058109e-15,True,Q_left D(kappa) Q_right^T,RBLA prefix,7.8436938283341584e-01,6.6674969248927118e-01,True
synthetic,structured_low_rank_update,aggregate,N/A,42,15,128,96,16,8,4.0000000000000000e+00,1.0000000000000000e+01,1.0000000000000007e+01,7.1054273576010023e-16,3.1622776601683789e-01,2.6192727450497939e+00,2.4535204814190035e+00,5.0811246532974104e-16,1.1761969034414466e-01,4.1633363423443370e-17,1.5887920479058109e-15,True,Q_left D(kappa) Q_right^T,SP+ (compact QR),1.1761969034414461e-01,-4.1633363423443370e-17,True
synthetic,structured_low_rank_update,aggregate,N/A,42,16,128,96,16,8,4.0000000000000000e+00,1.0000000000000000e+00,1.0000000000000011e+00,1.1102230246251565e-15,9.9999999999999933e-01,1.6457339059369438e+00,1.6457339059369436e+00,3.4365174368396027e-16,1.1761969034414466e-01,4.1633363423443370e-17,1.2155587555025391e-15,True,Q_left D(kappa) Q_right^T,RBLA prefix,6.4574235162444971e-01,5.2812266128030505e-01,True
synthetic,structured_low_rank_update,aggregate,N/A,42,16,128,96,16,8,4.0000000000000000e+00,1.0000000000000000e+00,1.0000000000000011e+00,1.1102230246251565e-15,9.9999999999999933e-01,1.6457339059369438e+00,1.6457339059369436e+00,3.4365174368396027e-16,1.1761969034414466e-01,4.1633363423443370e-17,1.2155587555025391e-15,True,Q_left D(kappa) Q_right^T,SP+ (compact QR),1.1761969034414461e-01,-4.1633363423443370e-17,True
synthetic,structured_low_rank_update,aggregate,N/A,42,16,128,96,16,8,4.0000000000000000e+00,1.5000000000000000e+00,1.5000000000000000e+00,0.0000000000000000e+00,8.1649658092772615e-01,1.6866716955275805e+00,1.6537383577844103e+00,3.7671781221961116e-16,1.1761969034414466e-01,4.1633363423443370e-17,1.5189242749209534e-15,True,Q_left D(kappa) Q_right^T,RBLA prefix,6.5123028099254543e-01,5.3361059064840077e-01,True
synthetic,structured_low_rank_update,aggregate,N/A,42,16,128,96,16,8,4.0000000000000000e+00,1.5000000000000000e+00,1.5000000000000000e+00,0.0000000000000000e+00,8.1649658092772615e-01,1.6866716955275805e+00,1.6537383577844103e+00,3.7671781221961116e-16,1.1761969034414466e-01,4.1633363423443370e-17,1.5189242749209534e-15,True,Q_left D(kappa) Q_right^T,SP+ (compact QR),1.1761969034414461e-01,-4.1633363423443370e-17,True
synthetic,structured_low_rank_update,aggregate,N/A,42,16,128,96,16,8,4.0000000000000000e+00,2.0000000000000000e+00,2.0000000000000000e+00,0.0000000000000000e+00,7.0710678118654768e-01,1.7459353122444741e+00,1.6891878259650328e+00,3.7240067502042127e-16,1.1761969034414466e-01,2.7755575615628914e-17,1.5115720567759062e-15,True,Q_left D(kappa) Q_right^T,RBLA prefix,6.6249580283215448e-01,5.4487611248800982e-01,True
synthetic,structured_low_rank_update,aggregate,N/A,42,16,128,96,16,8,4.0000000000000000e+00,2.0000000000000000e+00,2.0000000000000000e+00,0.0000000000000000e+00,7.0710678118654768e-01,1.7459353122444741e+00,1.6891878259650328e+00,3.7240067502042127e-16,1.1761969034414466e-01,2.7755575615628914e-17,1.5115720567759062e-15,True,Q_left D(kappa) Q_right^T,SP+ (compact QR),1.1761969034414463e-01,-2.7755575615628914e-17,True
synthetic,structured_low_rank_update,aggregate,N/A,42,16,128,96,16,8,4.0000000000000000e+00,3.0000000000000000e+00,2.9999999999999982e+00,5.9211894646675012e-16,5.7735026918962584e-01,1.8738830847668371e+00,1.7821663540445110e+00,3.7454542299352482e-16,1.1761969034414466e-01,4.1633363423443370e-17,1.4258467230470313e-15,True,Q_left D(kappa) Q_right^T,RBLA prefix,6.9212553246045572e-01,5.7450584211631106e-01,True
synthetic,structured_low_rank_update,aggregate,N/A,42,16,128,96,16,8,4.0000000000000000e+00,3.0000000000000000e+00,2.9999999999999982e+00,5.9211894646675012e-16,5.7735026918962584e-01,1.8738830847668371e+00,1.7821663540445110e+00,3.7454542299352482e-16,1.1761969034414466e-01,4.1633363423443370e-17,1.4258467230470313e-15,True,Q_left D(kappa) Q_right^T,SP+ (compact QR),1.1761969034414461e-01,-4.1633363423443370e-17,True
synthetic,structured_low_rank_update,aggregate,N/A,42,16,128,96,16,8,4.0000000000000000e+00,5.0000000000000000e+00,5.0000000000000000e+00,0.0000000000000000e+00,4.4721359549995787e-01,2.1149006668256427e+00,1.9748677168463462e+00,3.7863736384355827e-16,1.1761969034414466e-01,4.1633363423443370e-17,1.3282546472924390e-15,True,Q_left D(kappa) Q_right^T,RBLA prefix,7.6406982766222820e-01,6.4645013731808354e-01,True
synthetic,structured_low_rank_update,aggregate,N/A,42,16,128,96,16,8,4.0000000000000000e+00,5.0000000000000000e+00,5.0000000000000000e+00,0.0000000000000000e+00,4.4721359549995787e-01,2.1149006668256427e+00,1.9748677168463462e+00,3.7863736384355827e-16,1.1761969034414466e-01,4.1633363423443370e-17,1.3282546472924390e-15,True,Q_left D(kappa) Q_right^T,SP+ (compact QR),1.1761969034414461e-01,-4.1633363423443370e-17,True
synthetic,structured_low_rank_update,aggregate,N/A,42,16,128,96,16,8,4.0000000000000000e+00,7.5000000000000000e+00,7.5000000000000044e+00,5.9211894646675012e-16,3.6514837167011066e-01,2.3772443484704686e+00,2.1932687517370391e+00,4.4766864291342009e-16,1.1761969034414466e-01,4.1633363423443370e-17,1.4370519247632516e-15,True,Q_left D(kappa) Q_right^T,RBLA prefix,8.6474198812828540e-01,7.4712229778414074e-01,True
synthetic,structured_low_rank_update,aggregate,N/A,42,16,128,96,16,8,4.0000000000000000e+00,7.5000000000000000e+00,7.5000000000000044e+00,5.9211894646675012e-16,3.6514837167011066e-01,2.3772443484704686e+00,2.1932687517370391e+00,4.4766864291342009e-16,1.1761969034414466e-01,4.1633363423443370e-17,1.4370519247632516e-15,True,Q_left D(kappa) Q_right^T,SP+ (compact QR),1.1761969034414461e-01,-4.1633363423443370e-17,True
synthetic,structured_low_rank_update,aggregate,N/A,42,16,128,96,16,8,4.0000000000000000e+00,1.0000000000000000e+01,1.0000000000000002e+01,1.7763568394002506e-16,3.1622776601683789e-01,2.6067229924460400e+00,2.3872098621119444e+00,4.7507044390761901e-16,1.1761969034414466e-01,4.1633363423443370e-17,1.4603603212881206e-15,True,Q_left D(kappa) Q_right^T,RBLA prefix,9.7065265614675789e-01,8.5303296580261323e-01,True
synthetic,structured_low_rank_update,aggregate,N/A,42,16,128,96,16,8,4.0000000000000000e+00,1.0000000000000000e+01,1.0000000000000002e+01,1.7763568394002506e-16,3.1622776601683789e-01,2.6067229924460400e+00,2.3872098621119444e+00,4.7507044390761901e-16,1.1761969034414466e-01,4.1633363423443370e-17,1.4603603212881206e-15,True,Q_left D(kappa) Q_right^T,SP+ (compact QR),1.1761969034414461e-01,-4.1633363423443370e-17,True
synthetic,structured_low_rank_update,aggregate,N/A,42,17,128,96,16,8,4.0000000000000000e+00,1.0000000000000000e+00,1.0000000000000011e+00,1.1102230246251565e-15,9.9999999999999967e-01,1.6457339059369438e+00,1.6457339059369436e+00,3.4925351362897578e-16,1.1761969034414466e-01,2.7755575615628914e-17,1.1164187299406845e-15,True,Q_left D(kappa) Q_right^T,RBLA prefix,5.9188211973261173e-01,4.7426242938846708e-01,True
synthetic,structured_low_rank_update,aggregate,N/A,42,17,128,96,16,8,4.0000000000000000e+00,1.0000000000000000e+00,1.0000000000000011e+00,1.1102230246251565e-15,9.9999999999999967e-01,1.6457339059369438e+00,1.6457339059369436e+00,3.4925351362897578e-16,1.1761969034414466e-01,2.7755575615628914e-17,1.1164187299406845e-15,True,Q_left D(kappa) Q_right^T,SP+ (compact QR),1.1761969034414463e-01,-2.7755575615628914e-17,True
synthetic,structured_low_rank_update,aggregate,N/A,42,17,128,96,16,8,4.0000000000000000e+00,1.5000000000000000e+00,1.4999999999999987e+00,8.8817841970012523e-16,8.1649658092772615e-01,1.6651075672253084e+00,1.6810607536994222e+00,3.6194419098636678e-16,1.1761969034414466e-01,4.1633363423443370e-17,1.3982983521820736e-15,True,Q_left D(kappa) Q_right^T,RBLA prefix,5.9902192440054158e-01,4.8140223405639693e-01,True
synthetic,structured_low_rank_update,aggregate,N/A,42,17,128,96,16,8,4.0000000000000000e+00,1.5000000000000000e+00,1.4999999999999987e+00,8.8817841970012523e-16,8.1649658092772615e-01,1.6651075672253084e+00,1.6810607536994222e+00,3.6194419098636678e-16,1.1761969034414466e-01,4.1633363423443370e-17,1.3982983521820736e-15,True,Q_left D(kappa) Q_right^T,SP+ (compact QR),1.1761969034414461e-01,-4.1633363423443370e-17,True
synthetic,structured_low_rank_update,aggregate,N/A,42,17,128,96,16,8,4.0000000000000000e+00,2.0000000000000000e+00,1.9999999999999987e+00,6.6613381477509392e-16,7.0710678118654757e-01,1.7118852863471876e+00,1.7397585544495080e+00,3.3200896868017204e-16,1.1761969034414466e-01,4.1633363423443370e-17,1.5536580151205396e-15,True,Q_left D(kappa) Q_right^T,RBLA prefix,6.1372365630172521e-01,4.9610396595758055e-01,True
synthetic,structured_low_rank_update,aggregate,N/A,42,17,128,96,16,8,4.0000000000000000e+00,2.0000000000000000e+00,1.9999999999999987e+00,6.6613381477509392e-16,7.0710678118654757e-01,1.7118852863471876e+00,1.7397585544495080e+00,3.3200896868017204e-16,1.1761969034414466e-01,4.1633363423443370e-17,1.5536580151205396e-15,True,Q_left D(kappa) Q_right^T,SP+ (compact QR),1.1761969034414461e-01,-4.1633363423443370e-17,True
synthetic,structured_low_rank_update,aggregate,N/A,42,17,128,96,16,8,4.0000000000000000e+00,3.0000000000000000e+00,2.9999999999999987e+00,4.4408920985006262e-16,5.7735026918962573e-01,1.8248153327619032e+00,1.8711081947952710e+00,3.6284289443818156e-16,1.1761969034414466e-01,2.7755575615628914e-17,1.2241450815514641e-15,True,Q_left D(kappa) Q_right^T,RBLA prefix,6.5250566600881388e-01,5.3488597566466922e-01,True
synthetic,structured_low_rank_update,aggregate,N/A,42,17,128,96,16,8,4.0000000000000000e+00,3.0000000000000000e+00,2.9999999999999987e+00,4.4408920985006262e-16,5.7735026918962573e-01,1.8248153327619032e+00,1.8711081947952710e+00,3.6284289443818156e-16,1.1761969034414466e-01,2.7755575615628914e-17,1.2241450815514641e-15,True,Q_left D(kappa) Q_right^T,SP+ (compact QR),1.1761969034414463e-01,-2.7755575615628914e-17,True
synthetic,structured_low_rank_update,aggregate,N/A,42,17,128,96,16,8,4.0000000000000000e+00,5.0000000000000000e+00,4.9999999999999956e+00,8.8817841970012523e-16,4.4721359549995804e-01,2.0481655027106496e+00,2.1215195108598150e+00,3.8342892042471216e-16,1.1761969034414466e-01,2.7755575615628914e-17,1.2617950202982502e-15,True,Q_left D(kappa) Q_right^T,RBLA prefix,7.4623425388174869e-01,6.2861456353760403e-01,True
synthetic,structured_low_rank_update,aggregate,N/A,42,17,128,96,16,8,4.0000000000000000e+00,5.0000000000000000e+00,4.9999999999999956e+00,8.8817841970012523e-16,4.4721359549995804e-01,2.0481655027106496e+00,2.1215195108598150e+00,3.8342892042471216e-16,1.1761969034414466e-01,2.7755575615628914e-17,1.2617950202982502e-15,True,Q_left D(kappa) Q_right^T,SP+ (compact QR),1.1761969034414463e-01,-2.7755575615628914e-17,True
synthetic,structured_low_rank_update,aggregate,N/A,42,17,128,96,16,8,4.0000000000000000e+00,7.5000000000000000e+00,7.4999999999999893e+00,1.4210854715202005e-15,3.6514837167011110e-01,2.2946826793378898e+00,2.3933514176456185e+00,4.6678007059258960e-16,1.1761969034414466e-01,4.1633363423443370e-17,1.6797105319459598e-15,True,Q_left D(kappa) Q_right^T,RBLA prefix,8.7518926366508853e-01,7.5756957332094388e-01,True
synthetic,structured_low_rank_update,aggregate,N/A,42,17,128,96,16,8,4.0000000000000000e+00,7.5000000000000000e+00,7.4999999999999893e+00,1.4210854715202005e-15,3.6514837167011110e-01,2.2946826793378898e+00,2.3933514176456185e+00,4.6678007059258960e-16,1.1761969034414466e-01,4.1633363423443370e-17,1.6797105319459598e-15,True,Q_left D(kappa) Q_right^T,SP+ (compact QR),1.1761969034414461e-01,-4.1633363423443370e-17,True
synthetic,structured_low_rank_update,aggregate,N/A,42,17,128,96,16,8,4.0000000000000000e+00,1.0000000000000000e+01,1.0000000000000002e+01,1.7763568394002506e-16,3.1622776601683777e-01,2.5106108577377371e+00,2.6295793498425279e+00,5.0918821252172022e-16,1.1761969034414466e-01,4.1633363423443370e-17,1.5921316893125276e-15,True,Q_left D(kappa) Q_right^T,RBLA prefix,1.0082502125303798e+00,8.9063052218623517e-01,True
synthetic,structured_low_rank_update,aggregate,N/A,42,17,128,96,16,8,4.0000000000000000e+00,1.0000000000000000e+01,1.0000000000000002e+01,1.7763568394002506e-16,3.1622776601683777e-01,2.5106108577377371e+00,2.6295793498425279e+00,5.0918821252172022e-16,1.1761969034414466e-01,4.1633363423443370e-17,1.5921316893125276e-15,True,Q_left D(kappa) Q_right^T,SP+ (compact QR),1.1761969034414461e-01,-4.1633363423443370e-17,True
synthetic,structured_low_rank_update,aggregate,N/A,42,18,128,96,16,8,4.0000000000000000e+00,1.0000000000000000e+00,1.0000000000000009e+00,8.8817841970012523e-16,9.9999999999999956e-01,1.6457339059369436e+00,1.6457339059369438e+00,3.3745432719949715e-16,1.1761969034414466e-01,4.1633363423443370e-17,1.3567542170463232e-15,True,Q_left D(kappa) Q_right^T,RBLA prefix,6.0885643541748558e-01,4.9123674507334092e-01,True
synthetic,structured_low_rank_update,aggregate,N/A,42,18,128,96,16,8,4.0000000000000000e+00,1.0000000000000000e+00,1.0000000000000009e+00,8.8817841970012523e-16,9.9999999999999956e-01,1.6457339059369436e+00,1.6457339059369438e+00,3.3745432719949715e-16,1.1761969034414466e-01,4.1633363423443370e-17,1.3567542170463232e-15,True,Q_left D(kappa) Q_right^T,SP+ (compact QR),1.1761969034414461e-01,-4.1633363423443370e-17,True
synthetic,structured_low_rank_update,aggregate,N/A,42,18,128,96,16,8,4.0000000000000000e+00,1.5000000000000000e+00,1.5000000000000000e+00,0.0000000000000000e+00,8.1649658092772626e-01,1.6889604550129378e+00,1.6517217931634154e+00,3.4306267364487083e-16,1.1761969034414466e-01,4.1633363423443370e-17,1.6709505542451291e-15,True,Q_left D(kappa) Q_right^T,RBLA prefix,6.1534467991675645e-01,4.9772498957261180e-01,True
synthetic,structured_low_rank_update,aggregate,N/A,42,18,128,96,16,8,4.0000000000000000e+00,1.5000000000000000e+00,1.5000000000000000e+00,0.0000000000000000e+00,8.1649658092772626e-01,1.6889604550129378e+00,1.6517217931634154e+00,3.4306267364487083e-16,1.1761969034414466e-01,4.1633363423443370e-17,1.6709505542451291e-15,True,Q_left D(kappa) Q_right^T,SP+ (compact QR),1.1761969034414461e-01,-4.1633363423443370e-17,True
synthetic,structured_low_rank_update,aggregate,N/A,42,18,128,96,16,8,4.0000000000000000e+00,2.0000000000000000e+00,2.0000000000000000e+00,0.0000000000000000e+00,7.0710678118654735e-01,1.7500310285949299e+00,1.6857290131992251e+00,3.8350972857812569e-16,1.1761969034414466e-01,2.7755575615628914e-17,1.1811060614742871e-15,True,Q_left D(kappa) Q_right^T,RBLA prefix,6.2844595594365960e-01,5.1082626559951494e-01,True
synthetic,structured_low_rank_update,aggregate,N/A,42,18,128,96,16,8,4.0000000000000000e+00,2.0000000000000000e+00,2.0000000000000000e+00,0.0000000000000000e+00,7.0710678118654735e-01,1.7500310285949299e+00,1.6857290131992251e+00,3.8350972857812569e-16,1.1761969034414466e-01,2.7755575615628914e-17,1.1811060614742871e-15,True,Q_left D(kappa) Q_right^T,SP+ (compact QR),1.1761969034414463e-01,-2.7755575615628914e-17,True
synthetic,structured_low_rank_update,aggregate,N/A,42,18,128,96,16,8,4.0000000000000000e+00,3.0000000000000000e+00,3.0000000000000009e+00,2.9605947323337506e-16,5.7735026918962573e-01,1.8805713051830444e+00,1.7761995564019339e+00,3.4502178128029828e-16,1.1761969034414466e-01,4.1633363423443370e-17,1.4897865972973924e-15,True,Q_left D(kappa) Q_right^T,RBLA prefix,6.6181885581291477e-01,5.4419916546877012e-01,True
synthetic,structured_low_rank_update,aggregate,N/A,42,18,128,96,16,8,4.0000000000000000e+00,3.0000000000000000e+00,3.0000000000000009e+00,2.9605947323337506e-16,5.7735026918962573e-01,1.8805713051830444e+00,1.7761995564019339e+00,3.4502178128029828e-16,1.1761969034414466e-01,4.1633363423443370e-17,1.4897865972973924e-15,True,Q_left D(kappa) Q_right^T,SP+ (compact QR),1.1761969034414461e-01,-4.1633363423443370e-17,True
synthetic,structured_low_rank_update,aggregate,N/A,42,18,128,96,16,8,4.0000000000000000e+00,5.0000000000000000e+00,4.9999999999999982e+00,3.5527136788005011e-16,4.4721359549995809e-01,2.1241545762389116e+00,1.9638241718583096e+00,3.7400403161717583e-16,1.1761969034414466e-01,4.1633363423443370e-17,1.5114062287756095e-15,True,Q_left D(kappa) Q_right^T,RBLA prefix,7.3881426152131979e-01,6.2119457117717514e-01,True
synthetic,structured_low_rank_update,aggregate,N/A,42,18,128,96,16,8,4.0000000000000000e+00,5.0000000000000000e+00,4.9999999999999982e+00,3.5527136788005011e-16,4.4721359549995809e-01,2.1241545762389116e+00,1.9638241718583096e+00,3.7400403161717583e-16,1.1761969034414466e-01,4.1633363423443370e-17,1.5114062287756095e-15,True,Q_left D(kappa) Q_right^T,SP+ (compact QR),1.1761969034414461e-01,-4.1633363423443370e-17,True
synthetic,structured_low_rank_update,aggregate,N/A,42,18,128,96,16,8,4.0000000000000000e+00,7.5000000000000000e+00,7.5000000000000009e+00,1.1842378929335003e-16,3.6514837167011088e-01,2.3870405173800151e+00,2.1755415354286280e+00,4.4498715535831677e-16,1.1761969034414466e-01,2.7755575615628914e-17,1.2129783445815408e-15,True,Q_left D(kappa) Q_right^T,RBLA prefix,8.4163283203997741e-01,7.2401314169583275e-01,True
synthetic,structured_low_rank_update,aggregate,N/A,42,18,128,96,16,8,4.0000000000000000e+00,7.5000000000000000e+00,7.5000000000000009e+00,1.1842378929335003e-16,3.6514837167011088e-01,2.3870405173800151e+00,2.1755415354286280e+00,4.4498715535831677e-16,1.1761969034414466e-01,2.7755575615628914e-17,1.2129783445815408e-15,True,Q_left D(kappa) Q_right^T,SP+ (compact QR),1.1761969034414463e-01,-2.7755575615628914e-17,True
synthetic,structured_low_rank_update,aggregate,N/A,42,18,128,96,16,8,4.0000000000000000e+00,1.0000000000000000e+01,1.0000000000000004e+01,3.5527136788005011e-16,3.1622776601683789e-01,2.6155396937448918e+00,2.3627120896340164e+00,4.7500048419943747e-16,1.1761969034414466e-01,4.1633363423443370e-17,1.3143308620306588e-15,True,Q_left D(kappa) Q_right^T,RBLA prefix,9.4683292412845033e-01,8.2921323378430567e-01,True
synthetic,structured_low_rank_update,aggregate,N/A,42,18,128,96,16,8,4.0000000000000000e+00,1.0000000000000000e+01,1.0000000000000004e+01,3.5527136788005011e-16,3.1622776601683789e-01,2.6155396937448918e+00,2.3627120896340164e+00,4.7500048419943747e-16,1.1761969034414466e-01,4.1633363423443370e-17,1.3143308620306588e-15,True,Q_left D(kappa) Q_right^T,SP+ (compact QR),1.1761969034414461e-01,-4.1633363423443370e-17,True
synthetic,structured_low_rank_update,aggregate,N/A,42,19,128,96,16,8,4.0000000000000000e+00,1.0000000000000000e+00,1.0000000000000009e+00,8.8817841970012523e-16,9.9999999999999956e-01,1.6457339059369436e+00,1.6457339059369436e+00,3.3736276335400718e-16,1.1761969034414466e-01,4.1633363423443370e-17,9.3220029080376583e-16,True,Q_left D(kappa) Q_right^T,RBLA prefix,7.1985447175193085e-01,6.0223478140778619e-01,True
synthetic,structured_low_rank_update,aggregate,N/A,42,19,128,96,16,8,4.0000000000000000e+00,1.0000000000000000e+00,1.0000000000000009e+00,8.8817841970012523e-16,9.9999999999999956e-01,1.6457339059369436e+00,1.6457339059369436e+00,3.3736276335400718e-16,1.1761969034414466e-01,4.1633363423443370e-17,9.3220029080376583e-16,True,Q_left D(kappa) Q_right^T,SP+ (compact QR),1.1761969034414461e-01,-4.1633363423443370e-17,True
synthetic,structured_low_rank_update,aggregate,N/A,42,19,128,96,16,8,4.0000000000000000e+00,1.5000000000000000e+00,1.4999999999999996e+00,2.9605947323337506e-16,8.1649658092772615e-01,1.6403100207704044e+00,1.6913699056303251e+00,3.3389624016356488e-16,1.1761969034414466e-01,4.1633363423443370e-17,1.4197965535848158e-15,True,Q_left D(kappa) Q_right^T,RBLA prefix,7.2467685076872346e-01,6.0705716042457880e-01,True
synthetic,structured_low_rank_update,aggregate,N/A,42,19,128,96,16,8,4.0000000000000000e+00,1.5000000000000000e+00,1.4999999999999996e+00,2.9605947323337506e-16,8.1649658092772615e-01,1.6403100207704044e+00,1.6913699056303251e+00,3.3389624016356488e-16,1.1761969034414466e-01,4.1633363423443370e-17,1.4197965535848158e-15,True,Q_left D(kappa) Q_right^T,SP+ (compact QR),1.1761969034414461e-01,-4.1633363423443370e-17,True
synthetic,structured_low_rank_update,aggregate,N/A,42,19,128,96,16,8,4.0000000000000000e+00,2.0000000000000000e+00,1.9999999999999991e+00,4.4408920985006262e-16,7.0710678118654779e-01,1.6609476641424501e+00,1.7485282452413105e+00,3.3869988090947644e-16,1.1761969034414466e-01,4.1633363423443370e-17,1.2254524185860974e-15,True,Q_left D(kappa) Q_right^T,RBLA prefix,7.3437345341732796e-01,6.1675376307318330e-01,True
synthetic,structured_low_rank_update,aggregate,N/A,42,19,128,96,16,8,4.0000000000000000e+00,2.0000000000000000e+00,1.9999999999999991e+00,4.4408920985006262e-16,7.0710678118654779e-01,1.6609476641424501e+00,1.7485282452413105e+00,3.3869988090947644e-16,1.1761969034414466e-01,4.1633363423443370e-17,1.2254524185860974e-15,True,Q_left D(kappa) Q_right^T,SP+ (compact QR),1.1761969034414461e-01,-4.1633363423443370e-17,True
synthetic,structured_low_rank_update,aggregate,N/A,42,19,128,96,16,8,4.0000000000000000e+00,3.0000000000000000e+00,2.9999999999999991e+00,2.9605947323337506e-16,5.7735026918962573e-01,1.7253867500470825e+00,1.8654237090574481e+00,3.6469165519515567e-16,1.1761969034414466e-01,4.1633363423443370e-17,1.2925382784295892e-15,True,Q_left D(kappa) Q_right^T,RBLA prefix,7.5888865297066932e-01,6.4126896262652466e-01,True
synthetic,structured_low_rank_update,aggregate,N/A,42,19,128,96,16,8,4.0000000000000000e+00,3.0000000000000000e+00,2.9999999999999991e+00,2.9605947323337506e-16,5.7735026918962573e-01,1.7253867500470825e+00,1.8654237090574481e+00,3.6469165519515567e-16,1.1761969034414466e-01,4.1633363423443370e-17,1.2925382784295892e-15,True,Q_left D(kappa) Q_right^T,SP+ (compact QR),1.1761969034414461e-01,-4.1633363423443370e-17,True
synthetic,structured_low_rank_update,aggregate,N/A,42,19,128,96,16,8,4.0000000000000000e+00,5.0000000000000000e+00,5.0000000000000000e+00,0.0000000000000000e+00,4.4721359549995787e-01,1.8684079931055739e+00,2.0777779691674678e+00,3.5414447676452063e-16,1.1761969034414466e-01,2.7755575615628914e-17,1.3319607478839182e-15,True,Q_left D(kappa) Q_right^T,RBLA prefix,8.1492663527272746e-01,6.9730694492858281e-01,True
synthetic,structured_low_rank_update,aggregate,N/A,42,19,128,96,16,8,4.0000000000000000e+00,5.0000000000000000e+00,5.0000000000000000e+00,0.0000000000000000e+00,4.4721359549995787e-01,1.8684079931055739e+00,2.0777779691674678e+00,3.5414447676452063e-16,1.1761969034414466e-01,2.7755575615628914e-17,1.3319607478839182e-15,True,Q_left D(kappa) Q_right^T,SP+ (compact QR),1.1761969034414463e-01,-2.7755575615628914e-17,True
synthetic,structured_low_rank_update,aggregate,N/A,42,19,128,96,16,8,4.0000000000000000e+00,7.5000000000000000e+00,7.4999999999999991e+00,1.1842378929335003e-16,3.6514837167011077e-01,2.0350280473367368e+00,2.3040234089466241e+00,3.8820647061974909e-16,1.1761969034414466e-01,4.1633363423443370e-17,1.5881642673742822e-15,True,Q_left D(kappa) Q_right^T,RBLA prefix,8.8951606726648846e-01,7.7189637692234381e-01,True
synthetic,structured_low_rank_update,aggregate,N/A,42,19,128,96,16,8,4.0000000000000000e+00,7.5000000000000000e+00,7.4999999999999991e+00,1.1842378929335003e-16,3.6514837167011077e-01,2.0350280473367368e+00,2.3040234089466241e+00,3.8820647061974909e-16,1.1761969034414466e-01,4.1633363423443370e-17,1.5881642673742822e-15,True,Q_left D(kappa) Q_right^T,SP+ (compact QR),1.1761969034414461e-01,-4.1633363423443370e-17,True
synthetic,structured_low_rank_update,aggregate,N/A,42,19,128,96,16,8,4.0000000000000000e+00,1.0000000000000000e+01,9.9999999999999893e+00,1.0658141036401502e-15,3.1622776601683827e-01,2.1845432984007824e+00,2.4996143048608723e+00,4.3838369837482851e-16,1.1761969034414466e-01,4.1633363423443370e-17,1.2908484188028899e-15,True,Q_left D(kappa) Q_right^T,RBLA prefix,9.6608764718217510e-01,8.4846795683803045e-01,True
synthetic,structured_low_rank_update,aggregate,N/A,42,19,128,96,16,8,4.0000000000000000e+00,1.0000000000000000e+01,9.9999999999999893e+00,1.0658141036401502e-15,3.1622776601683827e-01,2.1845432984007824e+00,2.4996143048608723e+00,4.3838369837482851e-16,1.1761969034414466e-01,4.1633363423443370e-17,1.2908484188028899e-15,True,Q_left D(kappa) Q_right^T,SP+ (compact QR),1.1761969034414461e-01,-4.1633363423443370e-17,True
synthetic,structured_low_rank_update,aggregate,N/A,42,20,128,96,16,8,4.0000000000000000e+00,1.0000000000000000e+00,1.0000000000000009e+00,8.8817841970012523e-16,9.9999999999999967e-01,1.6457339059369436e+00,1.6457339059369438e+00,3.3827357394782292e-16,1.1761969034414466e-01,4.1633363423443370e-17,1.7248424784321946e-15,True,Q_left D(kappa) Q_right^T,RBLA prefix,5.6420305529703141e-01,4.4658336495288675e-01,True
synthetic,structured_low_rank_update,aggregate,N/A,42,20,128,96,16,8,4.0000000000000000e+00,1.0000000000000000e+00,1.0000000000000009e+00,8.8817841970012523e-16,9.9999999999999967e-01,1.6457339059369436e+00,1.6457339059369438e+00,3.3827357394782292e-16,1.1761969034414466e-01,4.1633363423443370e-17,1.7248424784321946e-15,True,Q_left D(kappa) Q_right^T,SP+ (compact QR),1.1761969034414461e-01,-4.1633363423443370e-17,True
synthetic,structured_low_rank_update,aggregate,N/A,42,20,128,96,16,8,4.0000000000000000e+00,1.5000000000000000e+00,1.4999999999999998e+00,1.4802973661668753e-16,8.1649658092772592e-01,1.6402183594549169e+00,1.7028049946792359e+00,3.4693160030570047e-16,1.1761969034414466e-01,4.1633363423443370e-17,1.5111322962174003e-15,True,Q_left D(kappa) Q_right^T,RBLA prefix,5.6805876910505804e-01,4.5043907876091338e-01,True
synthetic,structured_low_rank_update,aggregate,N/A,42,20,128,96,16,8,4.0000000000000000e+00,1.5000000000000000e+00,1.4999999999999998e+00,1.4802973661668753e-16,8.1649658092772592e-01,1.6402183594549169e+00,1.7028049946792359e+00,3.4693160030570047e-16,1.1761969034414466e-01,4.1633363423443370e-17,1.5111322962174003e-15,True,Q_left D(kappa) Q_right^T,SP+ (compact QR),1.1761969034414461e-01,-4.1633363423443370e-17,True
synthetic,structured_low_rank_update,aggregate,N/A,42,20,128,96,16,8,4.0000000000000000e+00,2.0000000000000000e+00,2.0000000000000000e+00,0.0000000000000000e+00,7.0710678118654757e-01,1.6667785257284695e+00,1.7758386395301169e+00,3.2772801770875021e-16,1.1761969034414466e-01,2.7755575615628914e-17,1.7037577977560916e-15,True,Q_left D(kappa) Q_right^T,RBLA prefix,5.7599940002456307e-01,4.5837970968041841e-01,True
synthetic,structured_low_rank_update,aggregate,N/A,42,20,128,96,16,8,4.0000000000000000e+00,2.0000000000000000e+00,2.0000000000000000e+00,0.0000000000000000e+00,7.0710678118654757e-01,1.6667785257284695e+00,1.7758386395301169e+00,3.2772801770875021e-16,1.1761969034414466e-01,2.7755575615628914e-17,1.7037577977560916e-15,True,Q_left D(kappa) Q_right^T,SP+ (compact QR),1.1761969034414463e-01,-2.7755575615628914e-17,True
synthetic,structured_low_rank_update,aggregate,N/A,42,20,128,96,16,8,4.0000000000000000e+00,3.0000000000000000e+00,3.0000000000000018e+00,5.9211894646675012e-16,5.7735026918962562e-01,1.7468504632284163e+00,1.9272667214349595e+00,3.6447988651751193e-16,1.1761969034414466e-01,4.1633363423443370e-17,1.2651888773388069e-15,True,Q_left D(kappa) Q_right^T,RBLA prefix,5.9708562471758386e-01,4.7946593437343921e-01,True
synthetic,structured_low_rank_update,aggregate,N/A,42,20,128,96,16,8,4.0000000000000000e+00,3.0000000000000000e+00,3.0000000000000018e+00,5.9211894646675012e-16,5.7735026918962562e-01,1.7468504632284163e+00,1.9272667214349595e+00,3.6447988651751193e-16,1.1761969034414466e-01,4.1633363423443370e-17,1.2651888773388069e-15,True,Q_left D(kappa) Q_right^T,SP+ (compact QR),1.1761969034414461e-01,-4.1633363423443370e-17,True
synthetic,structured_low_rank_update,aggregate,N/A,42,20,128,96,16,8,4.0000000000000000e+00,5.0000000000000000e+00,5.0000000000000000e+00,0.0000000000000000e+00,4.4721359549995804e-01,1.9201701266103754e+00,2.2057464992281837e+00,4.0364169922758549e-16,1.1761969034414466e-01,4.1633363423443370e-17,1.0309580178273213e-15,True,Q_left D(kappa) Q_right^T,RBLA prefix,6.4966112143307220e-01,5.3204143108892754e-01,True
synthetic,structured_low_rank_update,aggregate,N/A,42,20,128,96,16,8,4.0000000000000000e+00,5.0000000000000000e+00,5.0000000000000000e+00,0.0000000000000000e+00,4.4721359549995804e-01,1.9201701266103754e+00,2.2057464992281837e+00,4.0364169922758549e-16,1.1761969034414466e-01,4.1633363423443370e-17,1.0309580178273213e-15,True,Q_left D(kappa) Q_right^T,SP+ (compact QR),1.1761969034414461e-01,-4.1633363423443370e-17,True
synthetic,structured_low_rank_update,aggregate,N/A,42,20,128,96,16,8,4.0000000000000000e+00,7.5000000000000000e+00,7.5000000000000036e+00,4.7369515717340012e-16,3.6514837167011077e-01,2.1187009333935740e+00,2.5049118207513574e+00,4.4173435335842575e-16,1.1761969034414466e-01,4.1633363423443370e-17,1.2708222192036185e-15,True,Q_left D(kappa) Q_right^T,RBLA prefix,7.2635343437035982e-01,6.0873374402621516e-01,True
synthetic,structured_low_rank_update,aggregate,N/A,42,20,128,96,16,8,4.0000000000000000e+00,7.5000000000000000e+00,7.5000000000000036e+00,4.7369515717340012e-16,3.6514837167011077e-01,2.1187009333935740e+00,2.5049118207513574e+00,4.4173435335842575e-16,1.1761969034414466e-01,4.1633363423443370e-17,1.2708222192036185e-15,True,Q_left D(kappa) Q_right^T,SP+ (compact QR),1.1761969034414461e-01,-4.1633363423443370e-17,True
synthetic,structured_low_rank_update,aggregate,N/A,42,20,128,96,16,8,4.0000000000000000e+00,1.0000000000000000e+01,1.0000000000000002e+01,1.7763568394002506e-16,3.1622776601683783e-01,2.2952548706012426e+00,2.7647541447660893e+00,4.4885847218112215e-16,1.1761969034414466e-01,4.1633363423443370e-17,1.6736202549517431e-15,True,Q_left D(kappa) Q_right^T,RBLA prefix,8.1035577949914062e-01,6.9273608915499596e-01,True
synthetic,structured_low_rank_update,aggregate,N/A,42,20,128,96,16,8,4.0000000000000000e+00,1.0000000000000000e+01,1.0000000000000002e+01,1.7763568394002506e-16,3.1622776601683783e-01,2.2952548706012426e+00,2.7647541447660893e+00,4.4885847218112215e-16,1.1761969034414466e-01,4.1633363423443370e-17,1.6736202549517431e-15,True,Q_left D(kappa) Q_right^T,SP+ (compact QR),1.1761969034414461e-01,-4.1633363423443370e-17,True
synthetic,structured_low_rank_update,aggregate,N/A,42,21,128,96,16,8,4.0000000000000000e+00,1.0000000000000000e+00,1.0000000000000013e+00,1.3322676295501878e-15,9.9999999999999933e-01,1.6457339059369436e+00,1.6457339059369438e+00,3.4787082800560873e-16,1.1761969034414466e-01,4.1633363423443370e-17,1.4118293252516342e-15,True,Q_left D(kappa) Q_right^T,RBLA prefix,7.1192104881648977e-01,5.9430135847234511e-01,True
synthetic,structured_low_rank_update,aggregate,N/A,42,21,128,96,16,8,4.0000000000000000e+00,1.0000000000000000e+00,1.0000000000000013e+00,1.3322676295501878e-15,9.9999999999999933e-01,1.6457339059369436e+00,1.6457339059369438e+00,3.4787082800560873e-16,1.1761969034414466e-01,4.1633363423443370e-17,1.4118293252516342e-15,True,Q_left D(kappa) Q_right^T,SP+ (compact QR),1.1761969034414461e-01,-4.1633363423443370e-17,True
synthetic,structured_low_rank_update,aggregate,N/A,42,21,128,96,16,8,4.0000000000000000e+00,1.5000000000000000e+00,1.4999999999999996e+00,2.9605947323337506e-16,8.1649658092772637e-01,1.6841304975867613e+00,1.6607071185746944e+00,3.4129890336551313e-16,1.1761969034414466e-01,4.1633363423443370e-17,1.2716189773419019e-15,True,Q_left D(kappa) Q_right^T,RBLA prefix,7.1828392767400107e-01,6.0066423732985641e-01,True
synthetic,structured_low_rank_update,aggregate,N/A,42,21,128,96,16,8,4.0000000000000000e+00,1.5000000000000000e+00,1.4999999999999996e+00,2.9605947323337506e-16,8.1649658092772637e-01,1.6841304975867613e+00,1.6607071185746944e+00,3.4129890336551313e-16,1.1761969034414466e-01,4.1633363423443370e-17,1.2716189773419019e-15,True,Q_left D(kappa) Q_right^T,SP+ (compact QR),1.1761969034414461e-01,-4.1633363423443370e-17,True
synthetic,structured_low_rank_update,aggregate,N/A,42,21,128,96,16,8,4.0000000000000000e+00,2.0000000000000000e+00,1.9999999999999998e+00,1.1102230246251565e-16,7.0710678118654779e-01,1.7441030827226434e+00,1.7036754340127063e+00,3.2321433278402891e-16,1.1761969034414466e-01,4.1633363423443370e-17,1.1637691575858420e-15,True,Q_left D(kappa) Q_right^T,RBLA prefix,7.3110897637216665e-01,6.1348928602802200e-01,True
synthetic,structured_low_rank_update,aggregate,N/A,42,21,128,96,16,8,4.0000000000000000e+00,2.0000000000000000e+00,1.9999999999999998e+00,1.1102230246251565e-16,7.0710678118654779e-01,1.7441030827226434e+00,1.7036754340127063e+00,3.2321433278402891e-16,1.1761969034414466e-01,4.1633363423443370e-17,1.1637691575858420e-15,True,Q_left D(kappa) Q_right^T,SP+ (compact QR),1.1761969034414461e-01,-4.1633363423443370e-17,True
synthetic,structured_low_rank_update,aggregate,N/A,42,21,128,96,16,8,4.0000000000000000e+00,3.0000000000000000e+00,3.0000000000000000e+00,0.0000000000000000e+00,5.7735026918962584e-01,1.8759406242082139e+00,1.8103819815966784e+00,3.3173648304468522e-16,1.1761969034414466e-01,4.1633363423443370e-17,1.6801075297619279e-15,True,Q_left D(kappa) Q_right^T,RBLA prefix,7.6370910677821369e-01,6.4608941643406903e-01,True
synthetic,structured_low_rank_update,aggregate,N/A,42,21,128,96,16,8,4.0000000000000000e+00,3.0000000000000000e+00,3.0000000000000000e+00,0.0000000000000000e+00,5.7735026918962584e-01,1.8759406242082139e+00,1.8103819815966784e+00,3.3173648304468522e-16,1.1761969034414466e-01,4.1633363423443370e-17,1.6801075297619279e-15,True,Q_left D(kappa) Q_right^T,SP+ (compact QR),1.1761969034414461e-01,-4.1633363423443370e-17,True
synthetic,structured_low_rank_update,aggregate,N/A,42,21,128,96,16,8,4.0000000000000000e+00,5.0000000000000000e+00,5.0000000000000009e+00,1.7763568394002506e-16,4.4721359549995804e-01,2.1249512673528823e+00,2.0243977117377785e+00,3.6807899598689787e-16,1.1761969034414466e-01,2.7755575615628914e-17,1.3559839798661517e-15,True,Q_left D(kappa) Q_right^T,RBLA prefix,8.3902676367622342e-01,7.2140707333207876e-01,True
synthetic,structured_low_rank_update,aggregate,N/A,42,21,128,96,16,8,4.0000000000000000e+00,5.0000000000000000e+00,5.0000000000000009e+00,1.7763568394002506e-16,4.4721359549995804e-01,2.1249512673528823e+00,2.0243977117377785e+00,3.6807899598689787e-16,1.1761969034414466e-01,2.7755575615628914e-17,1.3559839798661517e-15,True,Q_left D(kappa) Q_right^T,SP+ (compact QR),1.1761969034414463e-01,-2.7755575615628914e-17,True
synthetic,structured_low_rank_update,aggregate,N/A,42,21,128,96,16,8,4.0000000000000000e+00,7.5000000000000000e+00,7.4999999999999982e+00,2.3684757858670006e-16,3.6514837167011083e-01,2.3943757671618306e+00,2.2619382953124925e+00,4.2191360084437391e-16,1.1761969034414466e-01,4.1633363423443370e-17,1.0945024552385838e-15,True,Q_left D(kappa) Q_right^T,RBLA prefix,9.4049759310530379e-01,8.2287790276115913e-01,True
synthetic,structured_low_rank_update,aggregate,N/A,42,21,128,96,16,8,4.0000000000000000e+00,7.5000000000000000e+00,7.4999999999999982e+00,2.3684757858670006e-16,3.6514837167011083e-01,2.3943757671618306e+00,2.2619382953124925e+00,4.2191360084437391e-16,1.1761969034414466e-01,4.1633363423443370e-17,1.0945024552385838e-15,True,Q_left D(kappa) Q_right^T,SP+ (compact QR),1.1761969034414461e-01,-4.1633363423443370e-17,True
synthetic,structured_low_rank_update,aggregate,N/A,42,21,128,96,16,8,4.0000000000000000e+00,1.0000000000000000e+01,1.0000000000000004e+01,3.5527136788005011e-16,3.1622776601683766e-01,2.6284020268153920e+00,2.4703061237126378e+00,5.0345936172863693e-16,1.1761969034414466e-01,4.1633363423443370e-17,1.2876743676918942e-15,True,Q_left D(kappa) Q_right^T,RBLA prefix,1.0455542279492824e+00,9.2793453760513778e-01,True
synthetic,structured_low_rank_update,aggregate,N/A,42,21,128,96,16,8,4.0000000000000000e+00,1.0000000000000000e+01,1.0000000000000004e+01,3.5527136788005011e-16,3.1622776601683766e-01,2.6284020268153920e+00,2.4703061237126378e+00,5.0345936172863693e-16,1.1761969034414466e-01,4.1633363423443370e-17,1.2876743676918942e-15,True,Q_left D(kappa) Q_right^T,SP+ (compact QR),1.1761969034414461e-01,-4.1633363423443370e-17,True
synthetic,structured_low_rank_update,aggregate,N/A,42,22,128,96,16,8,4.0000000000000000e+00,1.0000000000000000e+00,1.0000000000000013e+00,1.3322676295501878e-15,9.9999999999999944e-01,1.6457339059369438e+00,1.6457339059369436e+00,3.4696417466952606e-16,1.1761969034414466e-01,4.1633363423443370e-17,1.6963484816954738e-15,True,Q_left D(kappa) Q_right^T,RBLA prefix,5.6904785085064336e-01,4.5142816050649870e-01,True
synthetic,structured_low_rank_update,aggregate,N/A,42,22,128,96,16,8,4.0000000000000000e+00,1.0000000000000000e+00,1.0000000000000013e+00,1.3322676295501878e-15,9.9999999999999944e-01,1.6457339059369438e+00,1.6457339059369436e+00,3.4696417466952606e-16,1.1761969034414466e-01,4.1633363423443370e-17,1.6963484816954738e-15,True,Q_left D(kappa) Q_right^T,SP+ (compact QR),1.1761969034414461e-01,-4.1633363423443370e-17,True
synthetic,structured_low_rank_update,aggregate,N/A,42,22,128,96,16,8,4.0000000000000000e+00,1.5000000000000000e+00,1.5000000000000002e+00,1.4802973661668753e-16,8.1649658092772603e-01,1.6851781329332427e+00,1.6557520344087768e+00,3.5779059470581152e-16,1.1761969034414466e-01,2.7755575615628914e-17,1.1883767296091612e-15,True,Q_left D(kappa) Q_right^T,RBLA prefix,5.7484959794337531e-01,4.5722990759923066e-01,True
synthetic,structured_low_rank_update,aggregate,N/A,42,22,128,96,16,8,4.0000000000000000e+00,1.5000000000000000e+00,1.5000000000000002e+00,1.4802973661668753e-16,8.1649658092772603e-01,1.6851781329332427e+00,1.6557520344087768e+00,3.5779059470581152e-16,1.1761969034414466e-01,2.7755575615628914e-17,1.1883767296091612e-15,True,Q_left D(kappa) Q_right^T,SP+ (compact QR),1.1761969034414463e-01,-2.7755575615628914e-17,True
synthetic,structured_low_rank_update,aggregate,N/A,42,22,128,96,16,8,4.0000000000000000e+00,2.0000000000000000e+00,2.0000000000000004e+00,2.2204460492503131e-16,7.0710678118654724e-01,1.7431640321874176e+00,1.6932869305315550e+00,3.2960800040165115e-16,1.1761969034414466e-01,2.7755575615628914e-17,1.4750410563461750e-15,True,Q_left D(kappa) Q_right^T,RBLA prefix,5.8672719397237971e-01,4.6910750362823506e-01,True
synthetic,structured_low_rank_update,aggregate,N/A,42,22,128,96,16,8,4.0000000000000000e+00,2.0000000000000000e+00,2.0000000000000004e+00,2.2204460492503131e-16,7.0710678118654724e-01,1.7431640321874176e+00,1.6932869305315550e+00,3.2960800040165115e-16,1.1761969034414466e-01,2.7755575615628914e-17,1.4750410563461750e-15,True,Q_left D(kappa) Q_right^T,SP+ (compact QR),1.1761969034414463e-01,-2.7755575615628914e-17,True
synthetic,structured_low_rank_update,aggregate,N/A,42,22,128,96,16,8,4.0000000000000000e+00,3.0000000000000000e+00,3.0000000000000018e+00,5.9211894646675012e-16,5.7735026918962551e-01,1.8679769595346931e+00,1.7903462655486855e+00,3.6695964565890013e-16,1.1761969034414466e-01,4.1633363423443370e-17,1.5527116127538882e-15,True,Q_left D(kappa) Q_right^T,RBLA prefix,6.1778875497928420e-01,5.0016906463513955e-01,True
synthetic,structured_low_rank_update,aggregate,N/A,42,22,128,96,16,8,4.0000000000000000e+00,3.0000000000000000e+00,3.0000000000000018e+00,5.9211894646675012e-16,5.7735026918962551e-01,1.8679769595346931e+00,1.7903462655486855e+00,3.6695964565890013e-16,1.1761969034414466e-01,4.1633363423443370e-17,1.5527116127538882e-15,True,Q_left D(kappa) Q_right^T,SP+ (compact QR),1.1761969034414461e-01,-4.1633363423443370e-17,True
synthetic,structured_low_rank_update,aggregate,N/A,42,22,128,96,16,8,4.0000000000000000e+00,5.0000000000000000e+00,5.0000000000000018e+00,3.5527136788005011e-16,4.4721359549995793e-01,2.1004977570433940e+00,1.9901412402437544e+00,3.5991198554877218e-16,1.1761969034414466e-01,4.1633363423443370e-17,1.4589898999427294e-15,True,Q_left D(kappa) Q_right^T,RBLA prefix,6.9240712735074550e-01,5.7478743700660084e-01,True
synthetic,structured_low_rank_update,aggregate,N/A,42,22,128,96,16,8,4.0000000000000000e+00,5.0000000000000000e+00,5.0000000000000018e+00,3.5527136788005011e-16,4.4721359549995793e-01,2.1004977570433940e+00,1.9901412402437544e+00,3.5991198554877218e-16,1.1761969034414466e-01,4.1633363423443370e-17,1.4589898999427294e-15,True,Q_left D(kappa) Q_right^T,SP+ (compact QR),1.1761969034414461e-01,-4.1633363423443370e-17,True
synthetic,structured_low_rank_update,aggregate,N/A,42,22,128,96,16,8,4.0000000000000000e+00,7.5000000000000000e+00,7.4999999999999982e+00,2.3684757858670006e-16,3.6514837167011088e-01,2.3501137888729304e+00,2.2156643286193933e+00,4.4662940065483771e-16,1.1761969034414466e-01,2.7755575615628914e-17,1.9402213692938507e-15,True,Q_left D(kappa) Q_right^T,RBLA prefix,7.9557743774755030e-01,6.7795774740340564e-01,True
synthetic,structured_low_rank_update,aggregate,N/A,42,22,128,96,16,8,4.0000000000000000e+00,7.5000000000000000e+00,7.4999999999999982e+00,2.3684757858670006e-16,3.6514837167011088e-01,2.3501137888729304e+00,2.2156643286193933e+00,4.4662940065483771e-16,1.1761969034414466e-01,2.7755575615628914e-17,1.9402213692938507e-15,True,Q_left D(kappa) Q_right^T,SP+ (compact QR),1.1761969034414463e-01,-2.7755575615628914e-17,True
synthetic,structured_low_rank_update,aggregate,N/A,42,22,128,96,16,8,4.0000000000000000e+00,1.0000000000000000e+01,1.0000000000000000e+01,0.0000000000000000e+00,3.1622776601683794e-01,2.5660132330969931e+00,2.4154606006171604e+00,4.8633623902516121e-16,1.1761969034414466e-01,4.1633363423443370e-17,1.1811472784230445e-15,True,Q_left D(kappa) Q_right^T,RBLA prefix,9.0318322721975697e-01,7.8556353687561231e-01,True
synthetic,structured_low_rank_update,aggregate,N/A,42,22,128,96,16,8,4.0000000000000000e+00,1.0000000000000000e+01,1.0000000000000000e+01,0.0000000000000000e+00,3.1622776601683794e-01,2.5660132330969931e+00,2.4154606006171604e+00,4.8633623902516121e-16,1.1761969034414466e-01,4.1633363423443370e-17,1.1811472784230445e-15,True,Q_left D(kappa) Q_right^T,SP+ (compact QR),1.1761969034414461e-01,-4.1633363423443370e-17,True
synthetic,structured_low_rank_update,aggregate,N/A,42,23,128,96,16,8,4.0000000000000000e+00,1.0000000000000000e+00,1.0000000000000009e+00,8.8817841970012523e-16,9.9999999999999967e-01,1.6457339059369436e+00,1.6457339059369438e+00,3.9526984700193580e-16,1.1761969034414466e-01,2.7755575615628914e-17,1.8162672923201515e-15,True,Q_left D(kappa) Q_right^T,RBLA prefix,5.9303153838784972e-01,4.7541184804370507e-01,True
synthetic,structured_low_rank_update,aggregate,N/A,42,23,128,96,16,8,4.0000000000000000e+00,1.0000000000000000e+00,1.0000000000000009e+00,8.8817841970012523e-16,9.9999999999999967e-01,1.6457339059369436e+00,1.6457339059369438e+00,3.9526984700193580e-16,1.1761969034414466e-01,2.7755575615628914e-17,1.8162672923201515e-15,True,Q_left D(kappa) Q_right^T,SP+ (compact QR),1.1761969034414463e-01,-2.7755575615628914e-17,True
synthetic,structured_low_rank_update,aggregate,N/A,42,23,128,96,16,8,4.0000000000000000e+00,1.5000000000000000e+00,1.5000000000000004e+00,2.9605947323337506e-16,8.1649658092772570e-01,1.6708390442667387e+00,1.6719295031679771e+00,4.1171719212709596e-16,1.1761969034414466e-01,4.1633363423443370e-17,1.2696157910091528e-15,True,Q_left D(kappa) Q_right^T,RBLA prefix,5.9746376812621294e-01,4.7984407778206828e-01,True
synthetic,structured_low_rank_update,aggregate,N/A,42,23,128,96,16,8,4.0000000000000000e+00,1.5000000000000000e+00,1.5000000000000004e+00,2.9605947323337506e-16,8.1649658092772570e-01,1.6708390442667387e+00,1.6719295031679771e+00,4.1171719212709596e-16,1.1761969034414466e-01,4.1633363423443370e-17,1.2696157910091528e-15,True,Q_left D(kappa) Q_right^T,SP+ (compact QR),1.1761969034414461e-01,-4.1633363423443370e-17,True
synthetic,structured_low_rank_update,aggregate,N/A,42,23,128,96,16,8,4.0000000000000000e+00,2.0000000000000000e+00,2.0000000000000004e+00,2.2204460492503131e-16,7.0710678118654735e-01,1.7204044237930838e+00,1.7215164278715913e+00,3.6433897162039140e-16,1.1761969034414466e-01,4.1633363423443370e-17,1.1735262646947574e-15,True,Q_left D(kappa) Q_right^T,RBLA prefix,6.0665044114392952e-01,4.8903075079978486e-01,True
synthetic,structured_low_rank_update,aggregate,N/A,42,23,128,96,16,8,4.0000000000000000e+00,2.0000000000000000e+00,2.0000000000000004e+00,2.2204460492503131e-16,7.0710678118654735e-01,1.7204044237930838e+00,1.7215164278715913e+00,3.6433897162039140e-16,1.1761969034414466e-01,4.1633363423443370e-17,1.1735262646947574e-15,True,Q_left D(kappa) Q_right^T,SP+ (compact QR),1.1761969034414461e-01,-4.1633363423443370e-17,True
synthetic,structured_low_rank_update,aggregate,N/A,42,23,128,96,16,8,4.0000000000000000e+00,3.0000000000000000e+00,2.9999999999999996e+00,1.4802973661668753e-16,5.7735026918962595e-01,1.8367373813273438e+00,1.8358901805278347e+00,3.7026625590519071e-16,1.1761969034414466e-01,2.7755575615628914e-17,1.1662353199181536e-15,True,Q_left D(kappa) Q_right^T,RBLA prefix,6.3129689294478486e-01,5.1367720260064020e-01,True
synthetic,structured_low_rank_update,aggregate,N/A,42,23,128,96,16,8,4.0000000000000000e+00,3.0000000000000000e+00,2.9999999999999996e+00,1.4802973661668753e-16,5.7735026918962595e-01,1.8367373813273438e+00,1.8358901805278347e+00,3.7026625590519071e-16,1.1761969034414466e-01,2.7755575615628914e-17,1.1662353199181536e-15,True,Q_left D(kappa) Q_right^T,SP+ (compact QR),1.1761969034414463e-01,-2.7755575615628914e-17,True
synthetic,structured_low_rank_update,aggregate,N/A,42,23,128,96,16,8,4.0000000000000000e+00,5.0000000000000000e+00,5.0000000000000036e+00,7.1054273576010023e-16,4.4721359549995776e-01,2.0657795152843690e+00,2.0578686062803033e+00,4.3357121200579500e-16,1.1761969034414466e-01,4.1633363423443370e-17,1.4252247863335457e-15,True,Q_left D(kappa) Q_right^T,RBLA prefix,6.9332314590470212e-01,5.7570345556055746e-01,True
synthetic,structured_low_rank_update,aggregate,N/A,42,23,128,96,16,8,4.0000000000000000e+00,5.0000000000000000e+00,5.0000000000000036e+00,7.1054273576010023e-16,4.4721359549995776e-01,2.0657795152843690e+00,2.0578686062803033e+00,4.3357121200579500e-16,1.1761969034414466e-01,4.1633363423443370e-17,1.4252247863335457e-15,True,Q_left D(kappa) Q_right^T,SP+ (compact QR),1.1761969034414461e-01,-4.1633363423443370e-17,True
synthetic,structured_low_rank_update,aggregate,N/A,42,23,128,96,16,8,4.0000000000000000e+00,7.5000000000000000e+00,7.4999999999999973e+00,3.5527136788005011e-16,3.6514837167011077e-01,2.3196518417292209e+00,2.3017239090145520e+00,4.4140515996081905e-16,1.1761969034414466e-01,4.1633363423443370e-17,1.1643164277853807e-15,True,Q_left D(kappa) Q_right^T,RBLA prefix,7.8365305454010792e-01,6.6603336419596326e-01,True
synthetic,structured_low_rank_update,aggregate,N/A,42,23,128,96,16,8,4.0000000000000000e+00,7.5000000000000000e+00,7.4999999999999973e+00,3.5527136788005011e-16,3.6514837167011077e-01,2.3196518417292209e+00,2.3017239090145520e+00,4.4140515996081905e-16,1.1761969034414466e-01,4.1633363423443370e-17,1.1643164277853807e-15,True,Q_left D(kappa) Q_right^T,SP+ (compact QR),1.1761969034414461e-01,-4.1633363423443370e-17,True
synthetic,structured_low_rank_update,aggregate,N/A,42,23,128,96,16,8,4.0000000000000000e+00,1.0000000000000000e+01,9.9999999999999929e+00,7.1054273576010023e-16,3.1622776601683816e-01,2.5430049736314810e+00,2.5153580872740857e+00,5.2682494981394621e-16,1.1761969034414466e-01,4.1633363423443370e-17,1.6755657420184019e-15,True,Q_left D(kappa) Q_right^T,RBLA prefix,8.8169849160618707e-01,7.6407880126204242e-01,True
synthetic,structured_low_rank_update,aggregate,N/A,42,23,128,96,16,8,4.0000000000000000e+00,1.0000000000000000e+01,9.9999999999999929e+00,7.1054273576010023e-16,3.1622776601683816e-01,2.5430049736314810e+00,2.5153580872740857e+00,5.2682494981394621e-16,1.1761969034414466e-01,4.1633363423443370e-17,1.6755657420184019e-15,True,Q_left D(kappa) Q_right^T,SP+ (compact QR),1.1761969034414461e-01,-4.1633363423443370e-17,True
synthetic,structured_low_rank_update,aggregate,N/A,42,24,128,96,16,8,4.0000000000000000e+00,1.0000000000000000e+00,1.0000000000000009e+00,8.8817841970012523e-16,9.9999999999999956e-01,1.6457339059369436e+00,1.6457339059369438e+00,3.5231562673951474e-16,1.1761969034414466e-01,4.1633363423443370e-17,1.3238913935289192e-15,True,Q_left D(kappa) Q_right^T,RBLA prefix,6.4060696772711123e-01,5.2298727738296658e-01,True
synthetic,structured_low_rank_update,aggregate,N/A,42,24,128,96,16,8,4.0000000000000000e+00,1.0000000000000000e+00,1.0000000000000009e+00,8.8817841970012523e-16,9.9999999999999956e-01,1.6457339059369436e+00,1.6457339059369438e+00,3.5231562673951474e-16,1.1761969034414466e-01,4.1633363423443370e-17,1.3238913935289192e-15,True,Q_left D(kappa) Q_right^T,SP+ (compact QR),1.1761969034414461e-01,-4.1633363423443370e-17,True
synthetic,structured_low_rank_update,aggregate,N/A,42,24,128,96,16,8,4.0000000000000000e+00,1.5000000000000000e+00,1.4999999999999996e+00,2.9605947323337506e-16,8.1649658092772592e-01,1.6543475235887279e+00,1.6863385051818529e+00,3.7965115554976023e-16,1.1761969034414466e-01,4.1633363423443370e-17,1.3357576268823902e-15,True,Q_left D(kappa) Q_right^T,RBLA prefix,6.4537554657953033e-01,5.2775585623538568e-01,True
synthetic,structured_low_rank_update,aggregate,N/A,42,24,128,96,16,8,4.0000000000000000e+00,1.5000000000000000e+00,1.4999999999999996e+00,2.9605947323337506e-16,8.1649658092772592e-01,1.6543475235887279e+00,1.6863385051818529e+00,3.7965115554976023e-16,1.1761969034414466e-01,4.1633363423443370e-17,1.3357576268823902e-15,True,Q_left D(kappa) Q_right^T,SP+ (compact QR),1.1761969034414461e-01,-4.1633363423443370e-17,True
synthetic,structured_low_rank_update,aggregate,N/A,42,24,128,96,16,8,4.0000000000000000e+00,2.0000000000000000e+00,1.9999999999999998e+00,1.1102230246251565e-16,7.0710678118654757e-01,1.6902601251151321e+00,1.7455728814926106e+00,3.3799334286543423e-16,1.1761969034414466e-01,4.1633363423443370e-17,1.3284441313361347e-15,True,Q_left D(kappa) Q_right^T,RBLA prefix,6.5494846282246444e-01,5.3732877247831978e-01,True
synthetic,structured_low_rank_update,aggregate,N/A,42,24,128,96,16,8,4.0000000000000000e+00,2.0000000000000000e+00,1.9999999999999998e+00,1.1102230246251565e-16,7.0710678118654757e-01,1.6902601251151321e+00,1.7455728814926106e+00,3.3799334286543423e-16,1.1761969034414466e-01,4.1633363423443370e-17,1.3284441313361347e-15,True,Q_left D(kappa) Q_right^T,SP+ (compact QR),1.1761969034414461e-01,-4.1633363423443370e-17,True
synthetic,structured_low_rank_update,aggregate,N/A,42,24,128,96,16,8,4.0000000000000000e+00,3.0000000000000000e+00,3.0000000000000004e+00,1.4802973661668753e-16,5.7735026918962551e-01,1.7836683979535144e+00,1.8736380690535182e+00,4.0515204295935643e-16,1.1761969034414466e-01,4.1633363423443370e-17,1.3742084198263340e-15,True,Q_left D(kappa) Q_right^T,RBLA prefix,6.7905289477315378e-01,5.6143320442900913e-01,True
synthetic,structured_low_rank_update,aggregate,N/A,42,24,128,96,16,8,4.0000000000000000e+00,3.0000000000000000e+00,3.0000000000000004e+00,1.4802973661668753e-16,5.7735026918962551e-01,1.7836683979535144e+00,1.8736380690535182e+00,4.0515204295935643e-16,1.1761969034414466e-01,4.1633363423443370e-17,1.3742084198263340e-15,True,Q_left D(kappa) Q_right^T,SP+ (compact QR),1.1761969034414461e-01,-4.1633363423443370e-17,True
synthetic,structured_low_rank_update,aggregate,N/A,42,24,128,96,16,8,4.0000000000000000e+00,5.0000000000000000e+00,5.0000000000000009e+00,1.7763568394002506e-16,4.4721359549995776e-01,1.9760836179648356e+00,2.1144511027736481e+00,4.1006135986843156e-16,1.1761969034414466e-01,2.7755575615628914e-17,1.3670361751508731e-15,True,Q_left D(kappa) Q_right^T,RBLA prefix,7.3360523632490127e-01,6.1598554598075661e-01,True
synthetic,structured_low_rank_update,aggregate,N/A,42,24,128,96,16,8,4.0000000000000000e+00,5.0000000000000000e+00,5.0000000000000009e+00,1.7763568394002506e-16,4.4721359549995776e-01,1.9760836179648356e+00,2.1144511027736481e+00,4.1006135986843156e-16,1.1761969034414466e-01,2.7755575615628914e-17,1.3670361751508731e-15,True,Q_left D(kappa) Q_right^T,SP+ (compact QR),1.1761969034414463e-01,-2.7755575615628914e-17,True
synthetic,structured_low_rank_update,aggregate,N/A,42,24,128,96,16,8,4.0000000000000000e+00,7.5000000000000000e+00,7.4999999999999991e+00,1.1842378929335003e-16,3.6514837167011072e-01,2.1933415018926667e+00,2.3755393205581901e+00,5.0497192579121511e-16,1.1761969034414466e-01,4.1633363423443370e-17,1.1979701106173369e-15,True,Q_left D(kappa) Q_right^T,RBLA prefix,8.0510227924412558e-01,6.8748258889998093e-01,True
synthetic,structured_low_rank_update,aggregate,N/A,42,24,128,96,16,8,4.0000000000000000e+00,7.5000000000000000e+00,7.4999999999999991e+00,1.1842378929335003e-16,3.6514837167011072e-01,2.1933415018926667e+00,2.3755393205581901e+00,5.0497192579121511e-16,1.1761969034414466e-01,4.1633363423443370e-17,1.1979701106173369e-15,True,Q_left D(kappa) Q_right^T,SP+ (compact QR),1.1761969034414461e-01,-4.1633363423443370e-17,True
synthetic,structured_low_rank_update,aggregate,N/A,42,24,128,96,16,8,4.0000000000000000e+00,1.0000000000000000e+01,9.9999999999999929e+00,7.1054273576010023e-16,3.1622776601683811e-01,2.3859447023964773e+00,2.6030351624794208e+00,5.2953204781324708e-16,1.1761969034414466e-01,4.1633363423443370e-17,1.3768033401667252e-15,True,Q_left D(kappa) Q_right^T,RBLA prefix,8.7735289214492573e-01,7.5973320180078108e-01,True
synthetic,structured_low_rank_update,aggregate,N/A,42,24,128,96,16,8,4.0000000000000000e+00,1.0000000000000000e+01,9.9999999999999929e+00,7.1054273576010023e-16,3.1622776601683811e-01,2.3859447023964773e+00,2.6030351624794208e+00,5.2953204781324708e-16,1.1761969034414466e-01,4.1633363423443370e-17,1.3768033401667252e-15,True,Q_left D(kappa) Q_right^T,SP+ (compact QR),1.1761969034414461e-01,-4.1633363423443370e-17,True
synthetic,structured_low_rank_update,aggregate,N/A,42,25,128,96,16,8,4.0000000000000000e+00,1.0000000000000000e+00,1.0000000000000011e+00,1.1102230246251565e-15,9.9999999999999967e-01,1.6457339059369436e+00,1.6457339059369438e+00,3.4640263669802856e-16,1.1761969034414466e-01,4.1633363423443370e-17,1.1325400972701891e-15,True,Q_left D(kappa) Q_right^T,RBLA prefix,5.0232028076379798e-01,3.8470059041965332e-01,True
synthetic,structured_low_rank_update,aggregate,N/A,42,25,128,96,16,8,4.0000000000000000e+00,1.0000000000000000e+00,1.0000000000000011e+00,1.1102230246251565e-15,9.9999999999999967e-01,1.6457339059369436e+00,1.6457339059369438e+00,3.4640263669802856e-16,1.1761969034414466e-01,4.1633363423443370e-17,1.1325400972701891e-15,True,Q_left D(kappa) Q_right^T,SP+ (compact QR),1.1761969034414461e-01,-4.1633363423443370e-17,True
synthetic,structured_low_rank_update,aggregate,N/A,42,25,128,96,16,8,4.0000000000000000e+00,1.5000000000000000e+00,1.5000000000000002e+00,1.4802973661668753e-16,8.1649658092772581e-01,1.6492185086436513e+00,1.6954063036951994e+00,3.8902239848913925e-16,1.1761969034414466e-01,4.1633363423443370e-17,9.3962199451315026e-16,True,Q_left D(kappa) Q_right^T,RBLA prefix,5.0919684787336927e-01,3.9157715752922462e-01,True
synthetic,structured_low_rank_update,aggregate,N/A,42,25,128,96,16,8,4.0000000000000000e+00,1.5000000000000000e+00,1.5000000000000002e+00,1.4802973661668753e-16,8.1649658092772581e-01,1.6492185086436513e+00,1.6954063036951994e+00,3.8902239848913925e-16,1.1761969034414466e-01,4.1633363423443370e-17,9.3962199451315026e-16,True,Q_left D(kappa) Q_right^T,SP+ (compact QR),1.1761969034414461e-01,-4.1633363423443370e-17,True
synthetic,structured_low_rank_update,aggregate,N/A,42,25,128,96,16,8,4.0000000000000000e+00,2.0000000000000000e+00,2.0000000000000004e+00,2.2204460492503131e-16,7.0710678118654746e-01,1.6841336252323234e+00,1.7631074791818961e+00,3.8491648179916719e-16,1.1761969034414466e-01,2.7755575615628914e-17,1.2059923751193070e-15,True,Q_left D(kappa) Q_right^T,RBLA prefix,5.2318346084525869e-01,4.0556377050111403e-01,True
synthetic,structured_low_rank_update,aggregate,N/A,42,25,128,96,16,8,4.0000000000000000e+00,2.0000000000000000e+00,2.0000000000000004e+00,2.2204460492503131e-16,7.0710678118654746e-01,1.6841336252323234e+00,1.7631074791818961e+00,3.8491648179916719e-16,1.1761969034414466e-01,2.7755575615628914e-17,1.2059923751193070e-15,True,Q_left D(kappa) Q_right^T,SP+ (compact QR),1.1761969034414463e-01,-2.7755575615628914e-17,True
synthetic,structured_low_rank_update,aggregate,N/A,42,25,128,96,16,8,4.0000000000000000e+00,3.0000000000000000e+00,3.0000000000000018e+00,5.9211894646675012e-16,5.7735026918962551e-01,1.7799474310650034e+00,1.9054857423426514e+00,4.0328207358053319e-16,1.1761969034414466e-01,4.1633363423443370e-17,1.1482143232579243e-15,True,Q_left D(kappa) Q_right^T,RBLA prefix,5.5924973310898263e-01,4.4163004276483797e-01,True
synthetic,structured_low_rank_update,aggregate,N/A,42,25,128,96,16,8,4.0000000000000000e+00,3.0000000000000000e+00,3.0000000000000018e+00,5.9211894646675012e-16,5.7735026918962551e-01,1.7799474310650034e+00,1.9054857423426514e+00,4.0328207358053319e-16,1.1761969034414466e-01,4.1633363423443370e-17,1.1482143232579243e-15,True,Q_left D(kappa) Q_right^T,SP+ (compact QR),1.1761969034414461e-01,-4.1633363423443370e-17,True
synthetic,structured_low_rank_update,aggregate,N/A,42,25,128,96,16,8,4.0000000000000000e+00,5.0000000000000000e+00,5.0000000000000000e+00,0.0000000000000000e+00,4.4721359549995804e-01,1.9813718315209539e+00,2.1677848315137682e+00,4.4164177589832008e-16,1.1761969034414466e-01,4.1633363423443370e-17,1.2754935297119109e-15,True,Q_left D(kappa) Q_right^T,RBLA prefix,6.4358211777167362e-01,5.2596242742752897e-01,True
synthetic,structured_low_rank_update,aggregate,N/A,42,25,128,96,16,8,4.0000000000000000e+00,5.0000000000000000e+00,5.0000000000000000e+00,0.0000000000000000e+00,4.4721359549995804e-01,1.9813718315209539e+00,2.1677848315137682e+00,4.4164177589832008e-16,1.1761969034414466e-01,4.1633363423443370e-17,1.2754935297119109e-15,True,Q_left D(kappa) Q_right^T,SP+ (compact QR),1.1761969034414461e-01,-4.1633363423443370e-17,True
synthetic,structured_low_rank_update,aggregate,N/A,42,25,128,96,16,8,4.0000000000000000e+00,7.5000000000000000e+00,7.5000000000000018e+00,2.3684757858670006e-16,3.6514837167011061e-01,2.2099033446966438e+00,2.4487274966998522e+00,4.8513468623591469e-16,1.1761969034414466e-01,4.1633363423443370e-17,1.3934085451016881e-15,True,Q_left D(kappa) Q_right^T,RBLA prefix,7.5659553964283544e-01,6.3897584929869078e-01,True
synthetic,structured_low_rank_update,aggregate,N/A,42,25,128,96,16,8,4.0000000000000000e+00,7.5000000000000000e+00,7.5000000000000018e+00,2.3684757858670006e-16,3.6514837167011061e-01,2.2099033446966438e+00,2.4487274966998522e+00,4.8513468623591469e-16,1.1761969034414466e-01,4.1633363423443370e-17,1.3934085451016881e-15,True,Q_left D(kappa) Q_right^T,SP+ (compact QR),1.1761969034414461e-01,-4.1633363423443370e-17,True
synthetic,structured_low_rank_update,aggregate,N/A,42,25,128,96,16,8,4.0000000000000000e+00,1.0000000000000000e+01,1.0000000000000005e+01,5.3290705182007512e-16,3.1622776601683794e-01,2.4123602179208810e+00,2.6921125971201878e+00,5.2597121146931341e-16,1.1761969034414466e-01,2.7755575615628914e-17,1.4413179606015876e-15,True,Q_left D(kappa) Q_right^T,RBLA prefix,8.7168025242235758e-01,7.5406056207821293e-01,True
synthetic,structured_low_rank_update,aggregate,N/A,42,25,128,96,16,8,4.0000000000000000e+00,1.0000000000000000e+01,1.0000000000000005e+01,5.3290705182007512e-16,3.1622776601683794e-01,2.4123602179208810e+00,2.6921125971201878e+00,5.2597121146931341e-16,1.1761969034414466e-01,2.7755575615628914e-17,1.4413179606015876e-15,True,Q_left D(kappa) Q_right^T,SP+ (compact QR),1.1761969034414463e-01,-2.7755575615628914e-17,True
synthetic,structured_low_rank_update,aggregate,N/A,42,26,128,96,16,8,4.0000000000000000e+00,1.0000000000000000e+00,1.0000000000000009e+00,8.8817841970012523e-16,9.9999999999999967e-01,1.6457339059369438e+00,1.6457339059369436e+00,3.3466314102237219e-16,1.1761969034414466e-01,4.1633363423443370e-17,1.1135875421934980e-15,True,Q_left D(kappa) Q_right^T,RBLA prefix,7.3074866351076317e-01,6.1312897316661852e-01,True
synthetic,structured_low_rank_update,aggregate,N/A,42,26,128,96,16,8,4.0000000000000000e+00,1.0000000000000000e+00,1.0000000000000009e+00,8.8817841970012523e-16,9.9999999999999967e-01,1.6457339059369438e+00,1.6457339059369436e+00,3.3466314102237219e-16,1.1761969034414466e-01,4.1633363423443370e-17,1.1135875421934980e-15,True,Q_left D(kappa) Q_right^T,SP+ (compact QR),1.1761969034414461e-01,-4.1633363423443370e-17,True
synthetic,structured_low_rank_update,aggregate,N/A,42,26,128,96,16,8,4.0000000000000000e+00,1.5000000000000000e+00,1.4999999999999991e+00,5.9211894646675012e-16,8.1649658092772603e-01,1.6899818331448879e+00,1.6540770081962997e+00,3.5566512574739316e-16,1.1761969034414466e-01,4.1633363423443370e-17,1.2869544476400066e-15,True,Q_left D(kappa) Q_right^T,RBLA prefix,7.3762436197349701e-01,6.2000467162935236e-01,True
synthetic,structured_low_rank_update,aggregate,N/A,42,26,128,96,16,8,4.0000000000000000e+00,1.5000000000000000e+00,1.4999999999999991e+00,5.9211894646675012e-16,8.1649658092772603e-01,1.6899818331448879e+00,1.6540770081962997e+00,3.5566512574739316e-16,1.1761969034414466e-01,4.1633363423443370e-17,1.2869544476400066e-15,True,Q_left D(kappa) Q_right^T,SP+ (compact QR),1.1761969034414461e-01,-4.1633363423443370e-17,True
synthetic,structured_low_rank_update,aggregate,N/A,42,26,128,96,16,8,4.0000000000000000e+00,2.0000000000000000e+00,1.9999999999999991e+00,4.4408920985006262e-16,7.0710678118654768e-01,1.7535934168560523e+00,1.6919014612165286e+00,3.6751483293117357e-16,1.1761969034414466e-01,4.1633363423443370e-17,1.0415958983075158e-15,True,Q_left D(kappa) Q_right^T,RBLA prefix,7.5126995843183908e-01,6.3365026808769442e-01,True
synthetic,structured_low_rank_update,aggregate,N/A,42,26,128,96,16,8,4.0000000000000000e+00,2.0000000000000000e+00,1.9999999999999991e+00,4.4408920985006262e-16,7.0710678118654768e-01,1.7535934168560523e+00,1.6919014612165286e+00,3.6751483293117357e-16,1.1761969034414466e-01,4.1633363423443370e-17,1.0415958983075158e-15,True,Q_left D(kappa) Q_right^T,SP+ (compact QR),1.1761969034414461e-01,-4.1633363423443370e-17,True
synthetic,structured_low_rank_update,aggregate,N/A,42,26,128,96,16,8,4.0000000000000000e+00,3.0000000000000000e+00,3.0000000000000009e+00,2.9605947323337506e-16,5.7735026918962562e-01,1.8898056690792675e+00,1.7907221800093667e+00,3.8404676393041987e-16,1.1761969034414466e-01,2.7755575615628914e-17,1.5326202606951701e-15,True,Q_left D(kappa) Q_right^T,RBLA prefix,7.8484713388181115e-01,6.6722744353766650e-01,True
synthetic,structured_low_rank_update,aggregate,N/A,42,26,128,96,16,8,4.0000000000000000e+00,3.0000000000000000e+00,3.0000000000000009e+00,2.9605947323337506e-16,5.7735026918962562e-01,1.8898056690792675e+00,1.7907221800093667e+00,3.8404676393041987e-16,1.1761969034414466e-01,2.7755575615628914e-17,1.5326202606951701e-15,True,Q_left D(kappa) Q_right^T,SP+ (compact QR),1.1761969034414463e-01,-2.7755575615628914e-17,True
synthetic,structured_low_rank_update,aggregate,N/A,42,26,128,96,16,8,4.0000000000000000e+00,5.0000000000000000e+00,5.0000000000000018e+00,3.5527136788005011e-16,4.4721359549995793e-01,2.1430814375041551e+00,1.9935057597317181e+00,4.3021451339371819e-16,1.1761969034414466e-01,4.1633363423443370e-17,1.6064579041328548e-15,True,Q_left D(kappa) Q_right^T,RBLA prefix,8.5790248249420120e-01,7.4028279215005655e-01,True
synthetic,structured_low_rank_update,aggregate,N/A,42,26,128,96,16,8,4.0000000000000000e+00,5.0000000000000000e+00,5.0000000000000018e+00,3.5527136788005011e-16,4.4721359549995793e-01,2.1430814375041551e+00,1.9935057597317181e+00,4.3021451339371819e-16,1.1761969034414466e-01,4.1633363423443370e-17,1.6064579041328548e-15,True,Q_left D(kappa) Q_right^T,SP+ (compact QR),1.1761969034414461e-01,-4.1633363423443370e-17,True
synthetic,structured_low_rank_update,aggregate,N/A,42,26,128,96,16,8,4.0000000000000000e+00,7.5000000000000000e+00,7.5000000000000044e+00,5.9211894646675012e-16,3.6514837167011066e-01,2.4149394190433302e+00,2.2206820837009462e+00,4.8866097600630308e-16,1.1761969034414466e-01,4.1633363423443370e-17,1.5114187857926289e-15,True,Q_left D(kappa) Q_right^T,RBLA prefix,9.4988289992197283e-01,8.3226320957782818e-01,True
synthetic,structured_low_rank_update,aggregate,N/A,42,26,128,96,16,8,4.0000000000000000e+00,7.5000000000000000e+00,7.5000000000000044e+00,5.9211894646675012e-16,3.6514837167011066e-01,2.4149394190433302e+00,2.2206820837009462e+00,4.8866097600630308e-16,1.1761969034414466e-01,4.1633363423443370e-17,1.5114187857926289e-15,True,Q_left D(kappa) Q_right^T,SP+ (compact QR),1.1761969034414461e-01,-4.1633363423443370e-17,True
synthetic,structured_low_rank_update,aggregate,N/A,42,26,128,96,16,8,4.0000000000000000e+00,1.0000000000000000e+01,9.9999999999999982e+00,1.7763568394002506e-16,3.1622776601683816e-01,2.6501923503717353e+00,2.4206112274079841e+00,4.9687415808080640e-16,1.1761969034414466e-01,4.1633363423443370e-17,1.2424115167278013e-15,True,Q_left D(kappa) Q_right^T,RBLA prefix,1.0403406661575321e+00,9.2272097581338741e-01,True
synthetic,structured_low_rank_update,aggregate,N/A,42,26,128,96,16,8,4.0000000000000000e+00,1.0000000000000000e+01,9.9999999999999982e+00,1.7763568394002506e-16,3.1622776601683816e-01,2.6501923503717353e+00,2.4206112274079841e+00,4.9687415808080640e-16,1.1761969034414466e-01,4.1633363423443370e-17,1.2424115167278013e-15,True,Q_left D(kappa) Q_right^T,SP+ (compact QR),1.1761969034414461e-01,-4.1633363423443370e-17,True
synthetic,structured_low_rank_update,aggregate,N/A,42,27,128,96,16,8,4.0000000000000000e+00,1.0000000000000000e+00,1.0000000000000011e+00,1.1102230246251565e-15,9.9999999999999956e-01,1.6457339059369436e+00,1.6457339059369440e+00,3.5133262781924821e-16,1.1761969034414466e-01,4.1633363423443370e-17,1.4267237801175633e-15,True,Q_left D(kappa) Q_right^T,RBLA prefix,5.9442332058644776e-01,4.7680363024230310e-01,True
synthetic,structured_low_rank_update,aggregate,N/A,42,27,128,96,16,8,4.0000000000000000e+00,1.0000000000000000e+00,1.0000000000000011e+00,1.1102230246251565e-15,9.9999999999999956e-01,1.6457339059369436e+00,1.6457339059369440e+00,3.5133262781924821e-16,1.1761969034414466e-01,4.1633363423443370e-17,1.4267237801175633e-15,True,Q_left D(kappa) Q_right^T,SP+ (compact QR),1.1761969034414461e-01,-4.1633363423443370e-17,True
synthetic,structured_low_rank_update,aggregate,N/A,42,27,128,96,16,8,4.0000000000000000e+00,1.5000000000000000e+00,1.4999999999999993e+00,4.4408920985006262e-16,8.1649658092772603e-01,1.6604219965214309e+00,1.6787535797320845e+00,3.8675053389207580e-16,1.1761969034414466e-01,2.7755575615628914e-17,1.0829325264427848e-15,True,Q_left D(kappa) Q_right^T,RBLA prefix,5.9847177626618620e-01,4.8085208592204154e-01,True
synthetic,structured_low_rank_update,aggregate,N/A,42,27,128,96,16,8,4.0000000000000000e+00,1.5000000000000000e+00,1.4999999999999993e+00,4.4408920985006262e-16,8.1649658092772603e-01,1.6604219965214309e+00,1.6787535797320845e+00,3.8675053389207580e-16,1.1761969034414466e-01,2.7755575615628914e-17,1.0829325264427848e-15,True,Q_left D(kappa) Q_right^T,SP+ (compact QR),1.1761969034414463e-01,-2.7755575615628914e-17,True
synthetic,structured_low_rank_update,aggregate,N/A,42,27,128,96,16,8,4.0000000000000000e+00,2.0000000000000000e+00,2.0000000000000004e+00,2.2204460492503131e-16,7.0710678118654735e-01,1.6993525292159959e+00,1.7319190544523531e+00,4.1263479738835758e-16,1.1761969034414466e-01,4.1633363423443370e-17,1.7803829222838795e-15,True,Q_left D(kappa) Q_right^T,RBLA prefix,6.0676991449995987e-01,4.8915022415581522e-01,True
synthetic,structured_low_rank_update,aggregate,N/A,42,27,128,96,16,8,4.0000000000000000e+00,2.0000000000000000e+00,2.0000000000000004e+00,2.2204460492503131e-16,7.0710678118654735e-01,1.6993525292159959e+00,1.7319190544523531e+00,4.1263479738835758e-16,1.1761969034414466e-01,4.1633363423443370e-17,1.7803829222838795e-15,True,Q_left D(kappa) Q_right^T,SP+ (compact QR),1.1761969034414461e-01,-4.1633363423443370e-17,True
synthetic,structured_low_rank_update,aggregate,N/A,42,27,128,96,16,8,4.0000000000000000e+00,3.0000000000000000e+00,3.0000000000000013e+00,4.4408920985006262e-16,5.7735026918962573e-01,1.7945044620245563e+00,1.8505055927578218e+00,3.6419197538096055e-16,1.1761969034414466e-01,4.1633363423443370e-17,1.3929156454453843e-15,True,Q_left D(kappa) Q_right^T,RBLA prefix,6.2855772777535635e-01,5.1093803743121169e-01,True
synthetic,structured_low_rank_update,aggregate,N/A,42,27,128,96,16,8,4.0000000000000000e+00,3.0000000000000000e+00,3.0000000000000013e+00,4.4408920985006262e-16,5.7735026918962573e-01,1.7945044620245563e+00,1.8505055927578218e+00,3.6419197538096055e-16,1.1761969034414466e-01,4.1633363423443370e-17,1.3929156454453843e-15,True,Q_left D(kappa) Q_right^T,SP+ (compact QR),1.1761969034414461e-01,-4.1633363423443370e-17,True
synthetic,structured_low_rank_update,aggregate,N/A,42,27,128,96,16,8,4.0000000000000000e+00,5.0000000000000000e+00,4.9999999999999947e+00,1.0658141036401502e-15,4.4721359549995854e-01,1.9834705103308405e+00,2.0773320100796502e+00,3.6150145341230944e-16,1.1761969034414466e-01,4.1633363423443370e-17,1.6539525987359239e-15,True,Q_left D(kappa) Q_right^T,RBLA prefix,6.8156565638788935e-01,5.6394596604374470e-01,True
synthetic,structured_low_rank_update,aggregate,N/A,42,27,128,96,16,8,4.0000000000000000e+00,5.0000000000000000e+00,4.9999999999999947e+00,1.0658141036401502e-15,4.4721359549995854e-01,1.9834705103308405e+00,2.0773320100796502e+00,3.6150145341230944e-16,1.1761969034414466e-01,4.1633363423443370e-17,1.6539525987359239e-15,True,Q_left D(kappa) Q_right^T,SP+ (compact QR),1.1761969034414461e-01,-4.1633363423443370e-17,True
synthetic,structured_low_rank_update,aggregate,N/A,42,27,128,96,16,8,4.0000000000000000e+00,7.5000000000000000e+00,7.5000000000000053e+00,7.1054273576010023e-16,3.6514837167011061e-01,2.1920641395375511e+00,2.3247740229793208e+00,4.9870225164086903e-16,1.1761969034414466e-01,4.1633363423443370e-17,1.8679093102468548e-15,True,Q_left D(kappa) Q_right^T,RBLA prefix,7.5651191510575477e-01,6.3889222476161012e-01,True
synthetic,structured_low_rank_update,aggregate,N/A,42,27,128,96,16,8,4.0000000000000000e+00,7.5000000000000000e+00,7.5000000000000053e+00,7.1054273576010023e-16,3.6514837167011061e-01,2.1920641395375511e+00,2.3247740229793208e+00,4.9870225164086903e-16,1.1761969034414466e-01,4.1633363423443370e-17,1.8679093102468548e-15,True,Q_left D(kappa) Q_right^T,SP+ (compact QR),1.1761969034414461e-01,-4.1633363423443370e-17,True
synthetic,structured_low_rank_update,aggregate,N/A,42,27,128,96,16,8,4.0000000000000000e+00,1.0000000000000000e+01,9.9999999999999929e+00,7.1054273576010023e-16,3.1622776601683811e-01,2.3745263727840200e+00,2.5405567333733572e+00,4.3664737742535205e-16,1.1761969034414466e-01,4.1633363423443370e-17,1.5294686183969142e-15,True,Q_left D(kappa) Q_right^T,RBLA prefix,8.3653130964680089e-01,7.1891161930265624e-01,True
synthetic,structured_low_rank_update,aggregate,N/A,42,27,128,96,16,8,4.0000000000000000e+00,1.0000000000000000e+01,9.9999999999999929e+00,7.1054273576010023e-16,3.1622776601683811e-01,2.3745263727840200e+00,2.5405567333733572e+00,4.3664737742535205e-16,1.1761969034414466e-01,4.1633363423443370e-17,1.5294686183969142e-15,True,Q_left D(kappa) Q_right^T,SP+ (compact QR),1.1761969034414461e-01,-4.1633363423443370e-17,True
synthetic,structured_low_rank_update,aggregate,N/A,42,28,128,96,16,8,4.0000000000000000e+00,1.0000000000000000e+00,1.0000000000000009e+00,8.8817841970012523e-16,9.9999999999999944e-01,1.6457339059369434e+00,1.6457339059369438e+00,3.4219023082721178e-16,1.1761969034414466e-01,2.7755575615628914e-17,1.2050784882384177e-15,True,Q_left D(kappa) Q_right^T,RBLA prefix,6.7102873661503282e-01,5.5340904627088816e-01,True
synthetic,structured_low_rank_update,aggregate,N/A,42,28,128,96,16,8,4.0000000000000000e+00,1.0000000000000000e+00,1.0000000000000009e+00,8.8817841970012523e-16,9.9999999999999944e-01,1.6457339059369434e+00,1.6457339059369438e+00,3.4219023082721178e-16,1.1761969034414466e-01,2.7755575615628914e-17,1.2050784882384177e-15,True,Q_left D(kappa) Q_right^T,SP+ (compact QR),1.1761969034414463e-01,-2.7755575615628914e-17,True
synthetic,structured_low_rank_update,aggregate,N/A,42,28,128,96,16,8,4.0000000000000000e+00,1.5000000000000000e+00,1.4999999999999996e+00,2.9605947323337506e-16,8.1649658092772603e-01,1.6724739525995145e+00,1.6759941242537688e+00,3.3810099942820199e-16,1.1761969034414466e-01,4.1633363423443370e-17,1.2075716802813191e-15,True,Q_left D(kappa) Q_right^T,RBLA prefix,6.7934702800894287e-01,5.6172733766479821e-01,True
synthetic,structured_low_rank_update,aggregate,N/A,42,28,128,96,16,8,4.0000000000000000e+00,1.5000000000000000e+00,1.4999999999999996e+00,2.9605947323337506e-16,8.1649658092772603e-01,1.6724739525995145e+00,1.6759941242537688e+00,3.3810099942820199e-16,1.1761969034414466e-01,4.1633363423443370e-17,1.2075716802813191e-15,True,Q_left D(kappa) Q_right^T,SP+ (compact QR),1.1761969034414461e-01,-4.1633363423443370e-17,True
synthetic,structured_low_rank_update,aggregate,N/A,42,28,128,96,16,8,4.0000000000000000e+00,2.0000000000000000e+00,2.0000000000000004e+00,2.2204460492503131e-16,7.0710678118654724e-01,1.7259498544070557e+00,1.7324734601040517e+00,3.3700169808541466e-16,1.1761969034414466e-01,2.7755575615628914e-17,1.3878710944272182e-15,True,Q_left D(kappa) Q_right^T,RBLA prefix,6.9617095251325867e-01,5.7855126216911401e-01,True
synthetic,structured_low_rank_update,aggregate,N/A,42,28,128,96,16,8,4.0000000000000000e+00,2.0000000000000000e+00,2.0000000000000004e+00,2.2204460492503131e-16,7.0710678118654724e-01,1.7259498544070557e+00,1.7324734601040517e+00,3.3700169808541466e-16,1.1761969034414466e-01,2.7755575615628914e-17,1.3878710944272182e-15,True,Q_left D(kappa) Q_right^T,SP+ (compact QR),1.1761969034414463e-01,-2.7755575615628914e-17,True
synthetic,structured_low_rank_update,aggregate,N/A,42,28,128,96,16,8,4.0000000000000000e+00,3.0000000000000000e+00,3.0000000000000009e+00,2.9605947323337506e-16,5.7735026918962551e-01,1.8505831861926330e+00,1.8627193217382785e+00,3.7933170437298952e-16,1.1761969034414466e-01,2.7755575615628914e-17,1.1181527576255688e-15,True,Q_left D(kappa) Q_right^T,RBLA prefix,7.3910107485027798e-01,6.2148138450613333e-01,True
synthetic,structured_low_rank_update,aggregate,N/A,42,28,128,96,16,8,4.0000000000000000e+00,3.0000000000000000e+00,3.0000000000000009e+00,2.9605947323337506e-16,5.7735026918962551e-01,1.8505831861926330e+00,1.8627193217382785e+00,3.7933170437298952e-16,1.1761969034414466e-01,2.7755575615628914e-17,1.1181527576255688e-15,True,Q_left D(kappa) Q_right^T,SP+ (compact QR),1.1761969034414463e-01,-2.7755575615628914e-17,True
synthetic,structured_low_rank_update,aggregate,N/A,42,28,128,96,16,8,4.0000000000000000e+00,5.0000000000000000e+00,4.9999999999999991e+00,1.7763568394002506e-16,4.4721359549995787e-01,2.0929372669066209e+00,2.1155303847257727e+00,4.0376555579547276e-16,1.1761969034414466e-01,2.7755575615628914e-17,1.5133773774960867e-15,True,Q_left D(kappa) Q_right^T,RBLA prefix,8.3794305021277571e-01,7.2032335986863105e-01,True
synthetic,structured_low_rank_update,aggregate,N/A,42,28,128,96,16,8,4.0000000000000000e+00,5.0000000000000000e+00,4.9999999999999991e+00,1.7763568394002506e-16,4.4721359549995787e-01,2.0929372669066209e+00,2.1155303847257727e+00,4.0376555579547276e-16,1.1761969034414466e-01,2.7755575615628914e-17,1.5133773774960867e-15,True,Q_left D(kappa) Q_right^T,SP+ (compact QR),1.1761969034414463e-01,-2.7755575615628914e-17,True
synthetic,structured_low_rank_update,aggregate,N/A,42,28,128,96,16,8,4.0000000000000000e+00,7.5000000000000000e+00,7.5000000000000018e+00,2.3684757858670006e-16,3.6514837167011066e-01,2.3584673451070626e+00,2.3929217877165883e+00,4.4382607193232876e-16,1.1761969034414466e-01,4.1633363423443370e-17,2.0981118474244987e-15,True,Q_left D(kappa) Q_right^T,RBLA prefix,9.6870082978482452e-01,8.5108113944067987e-01,True
synthetic,structured_low_rank_update,aggregate,N/A,42,28,128,96,16,8,4.0000000000000000e+00,7.5000000000000000e+00,7.5000000000000018e+00,2.3684757858670006e-16,3.6514837167011066e-01,2.3584673451070626e+00,2.3929217877165883e+00,4.4382607193232876e-16,1.1761969034414466e-01,4.1633363423443370e-17,2.0981118474244987e-15,True,Q_left D(kappa) Q_right^T,SP+ (compact QR),1.1761969034414461e-01,-4.1633363423443370e-17,True
synthetic,structured_low_rank_update,aggregate,N/A,42,28,128,96,16,8,4.0000000000000000e+00,1.0000000000000000e+01,9.9999999999999929e+00,7.1054273576010023e-16,3.1622776601683789e-01,2.5903167946400036e+00,2.6355219508605789e+00,4.9042047648734981e-16,1.1761969034414466e-01,4.1633363423443370e-17,1.3242172690273260e-15,True,Q_left D(kappa) Q_right^T,RBLA prefix,1.1008593651661622e+00,9.8323967482201757e-01,True
synthetic,structured_low_rank_update,aggregate,N/A,42,28,128,96,16,8,4.0000000000000000e+00,1.0000000000000000e+01,9.9999999999999929e+00,7.1054273576010023e-16,3.1622776601683789e-01,2.5903167946400036e+00,2.6355219508605789e+00,4.9042047648734981e-16,1.1761969034414466e-01,4.1633363423443370e-17,1.3242172690273260e-15,True,Q_left D(kappa) Q_right^T,SP+ (compact QR),1.1761969034414461e-01,-4.1633363423443370e-17,True
synthetic,structured_low_rank_update,aggregate,N/A,42,29,128,96,16,8,4.0000000000000000e+00,1.0000000000000000e+00,1.0000000000000009e+00,8.8817841970012523e-16,9.9999999999999944e-01,1.6457339059369434e+00,1.6457339059369440e+00,3.2085171386051681e-16,1.1761969034414466e-01,4.1633363423443370e-17,1.0519447604504508e-15,True,Q_left D(kappa) Q_right^T,RBLA prefix,3.8699181465280269e-01,2.6937212430865803e-01,True
synthetic,structured_low_rank_update,aggregate,N/A,42,29,128,96,16,8,4.0000000000000000e+00,1.0000000000000000e+00,1.0000000000000009e+00,8.8817841970012523e-16,9.9999999999999944e-01,1.6457339059369434e+00,1.6457339059369440e+00,3.2085171386051681e-16,1.1761969034414466e-01,4.1633363423443370e-17,1.0519447604504508e-15,True,Q_left D(kappa) Q_right^T,SP+ (compact QR),1.1761969034414461e-01,-4.1633363423443370e-17,True
synthetic,structured_low_rank_update,aggregate,N/A,42,29,128,96,16,8,4.0000000000000000e+00,1.5000000000000000e+00,1.4999999999999996e+00,2.9605947323337506e-16,8.1649658092772603e-01,1.6444705580344621e+00,1.6914849688599605e+00,3.6888212117538165e-16,1.1761969034414466e-01,2.7755575615628914e-17,1.2855496811608832e-15,True,Q_left D(kappa) Q_right^T,RBLA prefix,3.9235154207268197e-01,2.7473185172853731e-01,True
synthetic,structured_low_rank_update,aggregate,N/A,42,29,128,96,16,8,4.0000000000000000e+00,1.5000000000000000e+00,1.4999999999999996e+00,2.9605947323337506e-16,8.1649658092772603e-01,1.6444705580344621e+00,1.6914849688599605e+00,3.6888212117538165e-16,1.1761969034414466e-01,2.7755575615628914e-17,1.2855496811608832e-15,True,Q_left D(kappa) Q_right^T,SP+ (compact QR),1.1761969034414463e-01,-2.7755575615628914e-17,True
synthetic,structured_low_rank_update,aggregate,N/A,42,29,128,96,16,8,4.0000000000000000e+00,2.0000000000000000e+00,1.9999999999999987e+00,6.6613381477509392e-16,7.0710678118654768e-01,1.6705983850877066e+00,1.7513678855202783e+00,3.2458755311431543e-16,1.1761969034414466e-01,2.7755575615628914e-17,1.8031607065227348e-15,True,Q_left D(kappa) Q_right^T,RBLA prefix,4.0350946014410022e-01,2.8588976979995556e-01,True
synthetic,structured_low_rank_update,aggregate,N/A,42,29,128,96,16,8,4.0000000000000000e+00,2.0000000000000000e+00,1.9999999999999987e+00,6.6613381477509392e-16,7.0710678118654768e-01,1.6705983850877066e+00,1.7513678855202783e+00,3.2458755311431543e-16,1.1761969034414466e-01,2.7755575615628914e-17,1.8031607065227348e-15,True,Q_left D(kappa) Q_right^T,SP+ (compact QR),1.1761969034414463e-01,-2.7755575615628914e-17,True
synthetic,structured_low_rank_update,aggregate,N/A,42,29,128,96,16,8,4.0000000000000000e+00,3.0000000000000000e+00,2.9999999999999996e+00,1.4802973661668753e-16,5.7735026918962584e-01,1.7462510905139346e+00,1.8759330933302496e+00,3.4700679998687476e-16,1.1761969034414466e-01,4.1633363423443370e-17,1.6393134164472363e-15,True,Q_left D(kappa) Q_right^T,RBLA prefix,4.3341260321753616e-01,3.1579291287339151e-01,True
synthetic,structured_low_rank_update,aggregate,N/A,42,29,128,96,16,8,4.0000000000000000e+00,3.0000000000000000e+00,2.9999999999999996e+00,1.4802973661668753e-16,5.7735026918962584e-01,1.7462510905139346e+00,1.8759330933302496e+00,3.4700679998687476e-16,1.1761969034414466e-01,4.1633363423443370e-17,1.6393134164472363e-15,True,Q_left D(kappa) Q_right^T,SP+ (compact QR),1.1761969034414461e-01,-4.1633363423443370e-17,True
synthetic,structured_low_rank_update,aggregate,N/A,42,29,128,96,16,8,4.0000000000000000e+00,5.0000000000000000e+00,4.9999999999999982e+00,3.5527136788005011e-16,4.4721359549995809e-01,1.9089775713880757e+00,2.1046989916151011e+00,4.0889788121637523e-16,1.1761969034414466e-01,2.7755575615628914e-17,1.2127751524789560e-15,True,Q_left D(kappa) Q_right^T,RBLA prefix,5.0645419160579841e-01,3.8883450126165375e-01,True
synthetic,structured_low_rank_update,aggregate,N/A,42,29,128,96,16,8,4.0000000000000000e+00,5.0000000000000000e+00,4.9999999999999982e+00,3.5527136788005011e-16,4.4721359549995809e-01,1.9089775713880757e+00,2.1046989916151011e+00,4.0889788121637523e-16,1.1761969034414466e-01,2.7755575615628914e-17,1.2127751524789560e-15,True,Q_left D(kappa) Q_right^T,SP+ (compact QR),1.1761969034414463e-01,-2.7755575615628914e-17,True
synthetic,structured_low_rank_update,aggregate,N/A,42,29,128,96,16,8,4.0000000000000000e+00,7.5000000000000000e+00,7.4999999999999938e+00,8.2896652505345023e-16,3.6514837167011088e-01,2.0955113729034114e+00,2.3498960294681162e+00,4.3295879351310611e-16,1.1761969034414466e-01,2.7755575615628914e-17,1.7218669042358506e-15,True,Q_left D(kappa) Q_right^T,RBLA prefix,6.0623872582089489e-01,4.8861903547675023e-01,True
synthetic,structured_low_rank_update,aggregate,N/A,42,29,128,96,16,8,4.0000000000000000e+00,7.5000000000000000e+00,7.4999999999999938e+00,8.2896652505345023e-16,3.6514837167011088e-01,2.0955113729034114e+00,2.3498960294681162e+00,4.3295879351310611e-16,1.1761969034414466e-01,2.7755575615628914e-17,1.7218669042358506e-15,True,Q_left D(kappa) Q_right^T,SP+ (compact QR),1.1761969034414463e-01,-2.7755575615628914e-17,True
synthetic,structured_low_rank_update,aggregate,N/A,42,29,128,96,16,8,4.0000000000000000e+00,1.0000000000000000e+01,1.0000000000000002e+01,1.7763568394002506e-16,3.1622776601683777e-01,2.2614087812855472e+00,2.5625413908615284e+00,4.8527209248775738e-16,1.1761969034414466e-01,4.1633363423443370e-17,1.2644480476148627e-15,True,Q_left D(kappa) Q_right^T,RBLA prefix,7.0763661604880645e-01,5.9001692570466180e-01,True
synthetic,structured_low_rank_update,aggregate,N/A,42,29,128,96,16,8,4.0000000000000000e+00,1.0000000000000000e+01,1.0000000000000002e+01,1.7763568394002506e-16,3.1622776601683777e-01,2.2614087812855472e+00,2.5625413908615284e+00,4.8527209248775738e-16,1.1761969034414466e-01,4.1633363423443370e-17,1.2644480476148627e-15,True,Q_left D(kappa) Q_right^T,SP+ (compact QR),1.1761969034414461e-01,-4.1633363423443370e-17,True
synthetic,structured_low_rank_update,aggregate,N/A,42,30,128,96,16,8,4.0000000000000000e+00,1.0000000000000000e+00,1.0000000000000007e+00,6.6613381477509392e-16,9.9999999999999956e-01,1.6457339059369436e+00,1.6457339059369438e+00,3.3167988071716747e-16,1.1761969034414466e-01,4.1633363423443370e-17,1.4714278617810968e-15,True,Q_left D(kappa) Q_right^T,RBLA prefix,5.6970310463481033e-01,4.5208341429066567e-01,True
synthetic,structured_low_rank_update,aggregate,N/A,42,30,128,96,16,8,4.0000000000000000e+00,1.0000000000000000e+00,1.0000000000000007e+00,6.6613381477509392e-16,9.9999999999999956e-01,1.6457339059369436e+00,1.6457339059369438e+00,3.3167988071716747e-16,1.1761969034414466e-01,4.1633363423443370e-17,1.4714278617810968e-15,True,Q_left D(kappa) Q_right^T,SP+ (compact QR),1.1761969034414461e-01,-4.1633363423443370e-17,True
synthetic,structured_low_rank_update,aggregate,N/A,42,30,128,96,16,8,4.0000000000000000e+00,1.5000000000000000e+00,1.5000000000000009e+00,5.9211894646675012e-16,8.1649658092772581e-01,1.6655154083778880e+00,1.6697477255073305e+00,3.3665418397717995e-16,1.1761969034414466e-01,4.1633363423443370e-17,1.5168325839820870e-15,True,Q_left D(kappa) Q_right^T,RBLA prefix,5.7627857858850795e-01,4.5865888824436329e-01,True
synthetic,structured_low_rank_update,aggregate,N/A,42,30,128,96,16,8,4.0000000000000000e+00,1.5000000000000000e+00,1.5000000000000009e+00,5.9211894646675012e-16,8.1649658092772581e-01,1.6655154083778880e+00,1.6697477255073305e+00,3.3665418397717995e-16,1.1761969034414466e-01,4.1633363423443370e-17,1.5168325839820870e-15,True,Q_left D(kappa) Q_right^T,SP+ (compact QR),1.1761969034414461e-01,-4.1633363423443370e-17,True
synthetic,structured_low_rank_update,aggregate,N/A,42,30,128,96,16,8,4.0000000000000000e+00,2.0000000000000000e+00,2.0000000000000004e+00,2.2204460492503131e-16,7.0710678118654735e-01,1.7062826874383974e+00,1.7137709037010276e+00,3.4669190734315155e-16,1.1761969034414466e-01,4.1633363423443370e-17,1.2550800867235109e-15,True,Q_left D(kappa) Q_right^T,RBLA prefix,5.8954122476377402e-01,4.7192153441962936e-01,True
synthetic,structured_low_rank_update,aggregate,N/A,42,30,128,96,16,8,4.0000000000000000e+00,2.0000000000000000e+00,2.0000000000000004e+00,2.2204460492503131e-16,7.0710678118654735e-01,1.7062826874383974e+00,1.7137709037010276e+00,3.4669190734315155e-16,1.1761969034414466e-01,4.1633363423443370e-17,1.2550800867235109e-15,True,Q_left D(kappa) Q_right^T,SP+ (compact QR),1.1761969034414461e-01,-4.1633363423443370e-17,True
synthetic,structured_low_rank_update,aggregate,N/A,42,30,128,96,16,8,4.0000000000000000e+00,3.0000000000000000e+00,3.0000000000000013e+00,4.4408920985006262e-16,5.7735026918962562e-01,1.8026208502396666e+00,1.8153775654112267e+00,3.5367879289013040e-16,1.1761969034414466e-01,4.1633363423443370e-17,1.1567360265086784e-15,True,Q_left D(kappa) Q_right^T,RBLA prefix,6.2324168804046787e-01,5.0562199769632321e-01,True
synthetic,structured_low_rank_update,aggregate,N/A,42,30,128,96,16,8,4.0000000000000000e+00,3.0000000000000000e+00,3.0000000000000013e+00,4.4408920985006262e-16,5.7735026918962562e-01,1.8026208502396666e+00,1.8153775654112267e+00,3.5367879289013040e-16,1.1761969034414466e-01,4.1633363423443370e-17,1.1567360265086784e-15,True,Q_left D(kappa) Q_right^T,SP+ (compact QR),1.1761969034414461e-01,-4.1633363423443370e-17,True
synthetic,structured_low_rank_update,aggregate,N/A,42,30,128,96,16,8,4.0000000000000000e+00,5.0000000000000000e+00,5.0000000000000000e+00,0.0000000000000000e+00,4.4721359549995815e-01,1.9930355246230997e+00,2.0140378707887274e+00,4.3893793869701849e-16,1.1761969034414466e-01,4.1633363423443370e-17,1.4845262918794315e-15,True,Q_left D(kappa) Q_right^T,RBLA prefix,7.0060983289409262e-01,5.8299014254994797e-01,True
synthetic,structured_low_rank_update,aggregate,N/A,42,30,128,96,16,8,4.0000000000000000e+00,5.0000000000000000e+00,5.0000000000000000e+00,0.0000000000000000e+00,4.4721359549995815e-01,1.9930355246230997e+00,2.0140378707887274e+00,4.3893793869701849e-16,1.1761969034414466e-01,4.1633363423443370e-17,1.4845262918794315e-15,True,Q_left D(kappa) Q_right^T,SP+ (compact QR),1.1761969034414461e-01,-4.1633363423443370e-17,True
synthetic,structured_low_rank_update,aggregate,N/A,42,30,128,96,16,8,4.0000000000000000e+00,7.5000000000000000e+00,7.5000000000000009e+00,1.1842378929335003e-16,3.6514837167011072e-01,2.2048047188392084e+00,2.2339383035567266e+00,4.7195576008395517e-16,1.1761969034414466e-01,2.7755575615628914e-17,1.3068047587270301e-15,True,Q_left D(kappa) Q_right^T,RBLA prefix,8.0332423969188282e-01,6.8570454934773817e-01,True
synthetic,structured_low_rank_update,aggregate,N/A,42,30,128,96,16,8,4.0000000000000000e+00,7.5000000000000000e+00,7.5000000000000009e+00,1.1842378929335003e-16,3.6514837167011072e-01,2.2048047188392084e+00,2.2339383035567266e+00,4.7195576008395517e-16,1.1761969034414466e-01,2.7755575615628914e-17,1.3068047587270301e-15,True,Q_left D(kappa) Q_right^T,SP+ (compact QR),1.1761969034414463e-01,-2.7755575615628914e-17,True
synthetic,structured_low_rank_update,aggregate,N/A,42,30,128,96,16,8,4.0000000000000000e+00,1.0000000000000000e+01,1.0000000000000005e+01,5.3290705182007512e-16,3.1622776601683794e-01,2.3916082267263636e+00,2.4274723109883958e+00,4.8976206870137650e-16,1.1761969034414466e-01,4.1633363423443370e-17,1.4800051321310802e-15,True,Q_left D(kappa) Q_right^T,RBLA prefix,9.0795868546258418e-01,7.9033899511843952e-01,True
synthetic,structured_low_rank_update,aggregate,N/A,42,30,128,96,16,8,4.0000000000000000e+00,1.0000000000000000e+01,1.0000000000000005e+01,5.3290705182007512e-16,3.1622776601683794e-01,2.3916082267263636e+00,2.4274723109883958e+00,4.8976206870137650e-16,1.1761969034414466e-01,4.1633363423443370e-17,1.4800051321310802e-15,True,Q_left D(kappa) Q_right^T,SP+ (compact QR),1.1761969034414461e-01,-4.1633363423443370e-17,True
synthetic,structured_low_rank_update,aggregate,N/A,42,31,128,96,16,8,4.0000000000000000e+00,1.0000000000000000e+00,1.0000000000000007e+00,6.6613381477509392e-16,9.9999999999999956e-01,1.6457339059369434e+00,1.6457339059369438e+00,3.4598915474227651e-16,1.1761969034414466e-01,2.7755575615628914e-17,1.7646967491065096e-15,True,Q_left D(kappa) Q_right^T,RBLA prefix,6.3850728696434333e-01,5.2088759662019868e-01,True
synthetic,structured_low_rank_update,aggregate,N/A,42,31,128,96,16,8,4.0000000000000000e+00,1.0000000000000000e+00,1.0000000000000007e+00,6.6613381477509392e-16,9.9999999999999956e-01,1.6457339059369434e+00,1.6457339059369438e+00,3.4598915474227651e-16,1.1761969034414466e-01,2.7755575615628914e-17,1.7646967491065096e-15,True,Q_left D(kappa) Q_right^T,SP+ (compact QR),1.1761969034414463e-01,-2.7755575615628914e-17,True
synthetic,structured_low_rank_update,aggregate,N/A,42,31,128,96,16,8,4.0000000000000000e+00,1.5000000000000000e+00,1.5000000000000007e+00,4.4408920985006262e-16,8.1649658092772570e-01,1.6728645313544241e+00,1.6653471606046362e+00,3.4538670218525873e-16,1.1761969034414466e-01,2.7755575615628914e-17,2.1167080325359926e-15,True,Q_left D(kappa) Q_right^T,RBLA prefix,6.4436403373642615e-01,5.2674434339228149e-01,True
synthetic,structured_low_rank_update,aggregate,N/A,42,31,128,96,16,8,4.0000000000000000e+00,1.5000000000000000e+00,1.5000000000000007e+00,4.4408920985006262e-16,8.1649658092772570e-01,1.6728645313544241e+00,1.6653471606046362e+00,3.4538670218525873e-16,1.1761969034414466e-01,2.7755575615628914e-17,2.1167080325359926e-15,True,Q_left D(kappa) Q_right^T,SP+ (compact QR),1.1761969034414463e-01,-2.7755575615628914e-17,True
synthetic,structured_low_rank_update,aggregate,N/A,42,31,128,96,16,8,4.0000000000000000e+00,2.0000000000000000e+00,2.0000000000000004e+00,2.2204460492503131e-16,7.0710678118654746e-01,1.7205171461463546e+00,1.7080282179945718e+00,3.4298945681134536e-16,1.1761969034414466e-01,4.1633363423443370e-17,1.1301295072808927e-15,True,Q_left D(kappa) Q_right^T,RBLA prefix,6.5605897688027759e-01,5.3843928653613293e-01,True
synthetic,structured_low_rank_update,aggregate,N/A,42,31,128,96,16,8,4.0000000000000000e+00,2.0000000000000000e+00,2.0000000000000004e+00,2.2204460492503131e-16,7.0710678118654746e-01,1.7205171461463546e+00,1.7080282179945718e+00,3.4298945681134536e-16,1.1761969034414466e-01,4.1633363423443370e-17,1.1301295072808927e-15,True,Q_left D(kappa) Q_right^T,SP+ (compact QR),1.1761969034414461e-01,-4.1633363423443370e-17,True
synthetic,structured_low_rank_update,aggregate,N/A,42,31,128,96,16,8,4.0000000000000000e+00,3.0000000000000000e+00,3.0000000000000027e+00,8.8817841970012523e-16,5.7735026918962540e-01,1.8285568554756717e+00,1.8100960159892692e+00,3.4334347130961446e-16,1.1761969034414466e-01,2.7755575615628914e-17,1.1530036922144812e-15,True,Q_left D(kappa) Q_right^T,RBLA prefix,6.8519622033117611e-01,5.6757652998703145e-01,True
synthetic,structured_low_rank_update,aggregate,N/A,42,31,128,96,16,8,4.0000000000000000e+00,3.0000000000000000e+00,3.0000000000000027e+00,8.8817841970012523e-16,5.7735026918962540e-01,1.8285568554756717e+00,1.8100960159892692e+00,3.4334347130961446e-16,1.1761969034414466e-01,2.7755575615628914e-17,1.1530036922144812e-15,True,Q_left D(kappa) Q_right^T,SP+ (compact QR),1.1761969034414463e-01,-2.7755575615628914e-17,True
synthetic,structured_low_rank_update,aggregate,N/A,42,31,128,96,16,8,4.0000000000000000e+00,5.0000000000000000e+00,5.0000000000000027e+00,5.3290705182007512e-16,4.4721359549995776e-01,2.0360826219215724e+00,2.0128620756532452e+00,3.9262653905408292e-16,1.1761969034414466e-01,4.1633363423443370e-17,1.2308879579584396e-15,True,Q_left D(kappa) Q_right^T,RBLA prefix,7.4997263130193781e-01,6.3235294095779315e-01,True
synthetic,structured_low_rank_update,aggregate,N/A,42,31,128,96,16,8,4.0000000000000000e+00,5.0000000000000000e+00,5.0000000000000027e+00,5.3290705182007512e-16,4.4721359549995776e-01,2.0360826219215724e+00,2.0128620756532452e+00,3.9262653905408292e-16,1.1761969034414466e-01,4.1633363423443370e-17,1.2308879579584396e-15,True,Q_left D(kappa) Q_right^T,SP+ (compact QR),1.1761969034414461e-01,-4.1633363423443370e-17,True
synthetic,structured_low_rank_update,aggregate,N/A,42,31,128,96,16,8,4.0000000000000000e+00,7.5000000000000000e+00,7.5000000000000053e+00,7.1054273576010023e-16,3.6514837167011055e-01,2.2622943531170017e+00,2.2385404480942963e+00,4.6483601662064719e-16,1.1761969034414466e-01,4.1633363423443370e-17,1.4576592771516659e-15,True,Q_left D(kappa) Q_right^T,RBLA prefix,8.3336607578750277e-01,7.1574638544335811e-01,True
synthetic,structured_low_rank_update,aggregate,N/A,42,31,128,96,16,8,4.0000000000000000e+00,7.5000000000000000e+00,7.5000000000000053e+00,7.1054273576010023e-16,3.6514837167011055e-01,2.2622943531170017e+00,2.2385404480942963e+00,4.6483601662064719e-16,1.1761969034414466e-01,4.1633363423443370e-17,1.4576592771516659e-15,True,Q_left D(kappa) Q_right^T,SP+ (compact QR),1.1761969034414461e-01,-4.1633363423443370e-17,True
synthetic,structured_low_rank_update,aggregate,N/A,42,31,128,96,16,8,4.0000000000000000e+00,1.0000000000000000e+01,1.0000000000000007e+01,7.1054273576010023e-16,3.1622776601683783e-01,2.4592416879751062e+00,2.4374756639793524e+00,4.9774780872304822e-16,1.1761969034414466e-01,2.7755575615628914e-17,1.5046847273874731e-15,True,Q_left D(kappa) Q_right^T,RBLA prefix,9.1663329655331327e-01,7.9901360620916861e-01,True
synthetic,structured_low_rank_update,aggregate,N/A,42,31,128,96,16,8,4.0000000000000000e+00,1.0000000000000000e+01,1.0000000000000007e+01,7.1054273576010023e-16,3.1622776601683783e-01,2.4592416879751062e+00,2.4374756639793524e+00,4.9774780872304822e-16,1.1761969034414466e-01,2.7755575615628914e-17,1.5046847273874731e-15,True,Q_left D(kappa) Q_right^T,SP+ (compact QR),1.1761969034414463e-01,-2.7755575615628914e-17,True
synthetic,structured_low_rank_update,aggregate,N/A,42,32,128,96,16,8,4.0000000000000000e+00,1.0000000000000000e+00,1.0000000000000009e+00,8.8817841970012523e-16,9.9999999999999956e-01,1.6457339059369436e+00,1.6457339059369438e+00,3.5589354093086780e-16,1.1761969034414466e-01,4.1633363423443370e-17,1.0684853486380792e-15,True,Q_left D(kappa) Q_right^T,RBLA prefix,5.9428055250855838e-01,4.7666086216441372e-01,True
synthetic,structured_low_rank_update,aggregate,N/A,42,32,128,96,16,8,4.0000000000000000e+00,1.0000000000000000e+00,1.0000000000000009e+00,8.8817841970012523e-16,9.9999999999999956e-01,1.6457339059369436e+00,1.6457339059369438e+00,3.5589354093086780e-16,1.1761969034414466e-01,4.1633363423443370e-17,1.0684853486380792e-15,True,Q_left D(kappa) Q_right^T,SP+ (compact QR),1.1761969034414461e-01,-4.1633363423443370e-17,True
synthetic,structured_low_rank_update,aggregate,N/A,42,32,128,96,16,8,4.0000000000000000e+00,1.5000000000000000e+00,1.5000000000000004e+00,2.9605947323337506e-16,8.1649658092772581e-01,1.6771365465488925e+00,1.6647798546568291e+00,3.5604308649135081e-16,1.1761969034414466e-01,4.1633363423443370e-17,1.1437773694289407e-15,True,Q_left D(kappa) Q_right^T,RBLA prefix,5.9772790476436222e-01,4.8010821442021756e-01,True
synthetic,structured_low_rank_update,aggregate,N/A,42,32,128,96,16,8,4.0000000000000000e+00,1.5000000000000000e+00,1.5000000000000004e+00,2.9605947323337506e-16,8.1649658092772581e-01,1.6771365465488925e+00,1.6647798546568291e+00,3.5604308649135081e-16,1.1761969034414466e-01,4.1633363423443370e-17,1.1437773694289407e-15,True,Q_left D(kappa) Q_right^T,SP+ (compact QR),1.1761969034414461e-01,-4.1633363423443370e-17,True
synthetic,structured_low_rank_update,aggregate,N/A,42,32,128,96,16,8,4.0000000000000000e+00,2.0000000000000000e+00,2.0000000000000000e+00,0.0000000000000000e+00,7.0710678118654724e-01,1.7300928411406764e+00,1.7092431276950975e+00,3.5608336320881228e-16,1.1761969034414466e-01,4.1633363423443370e-17,1.4501065584174360e-15,True,Q_left D(kappa) Q_right^T,RBLA prefix,6.0488718179443413e-01,4.8726749145028947e-01,True
synthetic,structured_low_rank_update,aggregate,N/A,42,32,128,96,16,8,4.0000000000000000e+00,2.0000000000000000e+00,2.0000000000000000e+00,0.0000000000000000e+00,7.0710678118654724e-01,1.7300928411406764e+00,1.7092431276950975e+00,3.5608336320881228e-16,1.1761969034414466e-01,4.1633363423443370e-17,1.4501065584174360e-15,True,Q_left D(kappa) Q_right^T,SP+ (compact QR),1.1761969034414461e-01,-4.1633363423443370e-17,True
synthetic,structured_low_rank_update,aggregate,N/A,42,32,128,96,16,8,4.0000000000000000e+00,3.0000000000000000e+00,3.0000000000000013e+00,4.4408920985006262e-16,5.7735026918962562e-01,1.8488870512751163e+00,1.8167198411679142e+00,3.6734915484493741e-16,1.1761969034414466e-01,4.1633363423443370e-17,1.0449971355053663e-15,True,Q_left D(kappa) Q_right^T,RBLA prefix,6.2419124944050630e-01,5.0657155909636165e-01,True
synthetic,structured_low_rank_update,aggregate,N/A,42,32,128,96,16,8,4.0000000000000000e+00,3.0000000000000000e+00,3.0000000000000013e+00,4.4408920985006262e-16,5.7735026918962562e-01,1.8488870512751163e+00,1.8167198411679142e+00,3.6734915484493741e-16,1.1761969034414466e-01,4.1633363423443370e-17,1.0449971355053663e-15,True,Q_left D(kappa) Q_right^T,SP+ (compact QR),1.1761969034414461e-01,-4.1633363423443370e-17,True
synthetic,structured_low_rank_update,aggregate,N/A,42,32,128,96,16,8,4.0000000000000000e+00,5.0000000000000000e+00,4.9999999999999982e+00,3.5527136788005011e-16,4.4721359549995782e-01,2.0758972478022901e+00,2.0306579297978820e+00,4.0855292865251126e-16,1.1761969034414466e-01,4.1633363423443370e-17,1.6024365181874869e-15,True,Q_left D(kappa) Q_right^T,RBLA prefix,6.7338239056995097e-01,5.5576270022580632e-01,True
synthetic,structured_low_rank_update,aggregate,N/A,42,32,128,96,16,8,4.0000000000000000e+00,5.0000000000000000e+00,4.9999999999999982e+00,3.5527136788005011e-16,4.4721359549995782e-01,2.0758972478022901e+00,2.0306579297978820e+00,4.0855292865251126e-16,1.1761969034414466e-01,4.1633363423443370e-17,1.6024365181874869e-15,True,Q_left D(kappa) Q_right^T,SP+ (compact QR),1.1761969034414461e-01,-4.1633363423443370e-17,True
synthetic,structured_low_rank_update,aggregate,N/A,42,32,128,96,16,8,4.0000000000000000e+00,7.5000000000000000e+00,7.4999999999999973e+00,3.5527136788005011e-16,3.6514837167011083e-01,2.3231842251749986e+00,2.2682518645064631e+00,4.7619750320280948e-16,1.1761969034414466e-01,4.1633363423443370e-17,1.1416551513188632e-15,True,Q_left D(kappa) Q_right^T,RBLA prefix,7.4636655735356938e-01,6.2874686700942473e-01,True
synthetic,structured_low_rank_update,aggregate,N/A,42,32,128,96,16,8,4.0000000000000000e+00,7.5000000000000000e+00,7.4999999999999973e+00,3.5527136788005011e-16,3.6514837167011083e-01,2.3231842251749986e+00,2.2682518645064631e+00,4.7619750320280948e-16,1.1761969034414466e-01,4.1633363423443370e-17,1.1416551513188632e-15,True,Q_left D(kappa) Q_right^T,SP+ (compact QR),1.1761969034414461e-01,-4.1633363423443370e-17,True
synthetic,structured_low_rank_update,aggregate,N/A,42,32,128,96,16,8,4.0000000000000000e+00,1.0000000000000000e+01,1.0000000000000016e+01,1.5987211554602255e-15,3.1622776601683755e-01,2.5388358631007293e+00,2.4771275836011593e+00,5.0212701448322095e-16,1.1761969034414466e-01,4.1633363423443370e-17,1.6281981649321545e-15,True,Q_left D(kappa) Q_right^T,RBLA prefix,8.2699283556566794e-01,7.0937314522152328e-01,True
synthetic,structured_low_rank_update,aggregate,N/A,42,32,128,96,16,8,4.0000000000000000e+00,1.0000000000000000e+01,1.0000000000000016e+01,1.5987211554602255e-15,3.1622776601683755e-01,2.5388358631007293e+00,2.4771275836011593e+00,5.0212701448322095e-16,1.1761969034414466e-01,4.1633363423443370e-17,1.6281981649321545e-15,True,Q_left D(kappa) Q_right^T,SP+ (compact QR),1.1761969034414461e-01,-4.1633363423443370e-17,True
synthetic,structured_low_rank_update,aggregate,N/A,42,33,128,96,16,8,4.0000000000000000e+00,1.0000000000000000e+00,1.0000000000000009e+00,8.8817841970012523e-16,9.9999999999999956e-01,1.6457339059369436e+00,1.6457339059369438e+00,3.6500529353200987e-16,1.1761969034414466e-01,2.7755575615628914e-17,1.2091646317905743e-15,True,Q_left D(kappa) Q_right^T,RBLA prefix,5.9370013724646942e-01,4.7608044690232476e-01,True
synthetic,structured_low_rank_update,aggregate,N/A,42,33,128,96,16,8,4.0000000000000000e+00,1.0000000000000000e+00,1.0000000000000009e+00,8.8817841970012523e-16,9.9999999999999956e-01,1.6457339059369436e+00,1.6457339059369438e+00,3.6500529353200987e-16,1.1761969034414466e-01,2.7755575615628914e-17,1.2091646317905743e-15,True,Q_left D(kappa) Q_right^T,SP+ (compact QR),1.1761969034414463e-01,-2.7755575615628914e-17,True
synthetic,structured_low_rank_update,aggregate,N/A,42,33,128,96,16,8,4.0000000000000000e+00,1.5000000000000000e+00,1.4999999999999998e+00,1.4802973661668753e-16,8.1649658092772603e-01,1.6183866760880146e+00,1.7261290047087838e+00,3.9694701583273268e-16,1.1761969034414466e-01,4.1633363423443370e-17,1.5179168262729809e-15,True,Q_left D(kappa) Q_right^T,RBLA prefix,5.9672509369653937e-01,4.7910540335239471e-01,True
synthetic,structured_low_rank_update,aggregate,N/A,42,33,128,96,16,8,4.0000000000000000e+00,1.5000000000000000e+00,1.4999999999999998e+00,1.4802973661668753e-16,8.1649658092772603e-01,1.6183866760880146e+00,1.7261290047087838e+00,3.9694701583273268e-16,1.1761969034414466e-01,4.1633363423443370e-17,1.5179168262729809e-15,True,Q_left D(kappa) Q_right^T,SP+ (compact QR),1.1761969034414461e-01,-4.1633363423443370e-17,True
synthetic,structured_low_rank_update,aggregate,N/A,42,33,128,96,16,8,4.0000000000000000e+00,2.0000000000000000e+00,1.9999999999999993e+00,3.3306690738754696e-16,7.0710678118654779e-01,1.6312314555681031e+00,1.8158636075840568e+00,3.8628842052252929e-16,1.1761969034414466e-01,2.7755575615628914e-17,1.4020632635313737e-15,True,Q_left D(kappa) Q_right^T,RBLA prefix,6.0307825259826742e-01,4.8545856225412276e-01,True
synthetic,structured_low_rank_update,aggregate,N/A,42,33,128,96,16,8,4.0000000000000000e+00,2.0000000000000000e+00,1.9999999999999993e+00,3.3306690738754696e-16,7.0710678118654779e-01,1.6312314555681031e+00,1.8158636075840568e+00,3.8628842052252929e-16,1.1761969034414466e-01,2.7755575615628914e-17,1.4020632635313737e-15,True,Q_left D(kappa) Q_right^T,SP+ (compact QR),1.1761969034414463e-01,-2.7755575615628914e-17,True
synthetic,structured_low_rank_update,aggregate,N/A,42,33,128,96,16,8,4.0000000000000000e+00,3.0000000000000000e+00,2.9999999999999987e+00,4.4408920985006262e-16,5.7735026918962573e-01,1.6956569852363919e+00,1.9903268007687787e+00,3.8260551545159539e-16,1.1761969034414466e-01,4.1633363423443370e-17,8.9856455418721582e-16,True,Q_left D(kappa) Q_right^T,RBLA prefix,6.2056329116953179e-01,5.0294360082538714e-01,True
synthetic,structured_low_rank_update,aggregate,N/A,42,33,128,96,16,8,4.0000000000000000e+00,3.0000000000000000e+00,2.9999999999999987e+00,4.4408920985006262e-16,5.7735026918962573e-01,1.6956569852363919e+00,1.9903268007687787e+00,3.8260551545159539e-16,1.1761969034414466e-01,4.1633363423443370e-17,8.9856455418721582e-16,True,Q_left D(kappa) Q_right^T,SP+ (compact QR),1.1761969034414461e-01,-4.1633363423443370e-17,True
synthetic,structured_low_rank_update,aggregate,N/A,42,33,128,96,16,8,4.0000000000000000e+00,5.0000000000000000e+00,5.0000000000000009e+00,1.7763568394002506e-16,4.4721359549995782e-01,1.8571218965769498e+00,2.2964400607460460e+00,4.2911063221394116e-16,1.1761969034414466e-01,2.7755575615628914e-17,1.5506294701696197e-15,True,Q_left D(kappa) Q_right^T,RBLA prefix,6.6642693083082882e-01,5.4880724048668417e-01,True
synthetic,structured_low_rank_update,aggregate,N/A,42,33,128,96,16,8,4.0000000000000000e+00,5.0000000000000000e+00,5.0000000000000009e+00,1.7763568394002506e-16,4.4721359549995782e-01,1.8571218965769498e+00,2.2964400607460460e+00,4.2911063221394116e-16,1.1761969034414466e-01,2.7755575615628914e-17,1.5506294701696197e-15,True,Q_left D(kappa) Q_right^T,SP+ (compact QR),1.1761969034414463e-01,-2.7755575615628914e-17,True
synthetic,structured_low_rank_update,aggregate,N/A,42,33,128,96,16,8,4.0000000000000000e+00,7.5000000000000000e+00,7.5000000000000009e+00,1.1842378929335003e-16,3.6514837167011077e-01,2.0535467620888563e+00,2.6165042216965655e+00,4.3229071246064850e-16,1.1761969034414466e-01,2.7755575615628914e-17,1.4955427623520357e-15,True,Q_left D(kappa) Q_right^T,RBLA prefix,7.3596795581194807e-01,6.1834826546780342e-01,True
synthetic,structured_low_rank_update,aggregate,N/A,42,33,128,96,16,8,4.0000000000000000e+00,7.5000000000000000e+00,7.5000000000000009e+00,1.1842378929335003e-16,3.6514837167011077e-01,2.0535467620888563e+00,2.6165042216965655e+00,4.3229071246064850e-16,1.1761969034414466e-01,2.7755575615628914e-17,1.4955427623520357e-15,True,Q_left D(kappa) Q_right^T,SP+ (compact QR),1.1761969034414463e-01,-2.7755575615628914e-17,True
synthetic,structured_low_rank_update,aggregate,N/A,42,33,128,96,16,8,4.0000000000000000e+00,1.0000000000000000e+01,9.9999999999999929e+00,7.1054273576010023e-16,3.1622776601683811e-01,2.2329127542865637e+00,2.8908273147361494e+00,5.2324258489727969e-16,1.1761969034414466e-01,4.1633363423443370e-17,1.1437972824678871e-15,True,Q_left D(kappa) Q_right^T,RBLA prefix,8.1352215695250174e-01,6.9590246660835708e-01,True
synthetic,structured_low_rank_update,aggregate,N/A,42,33,128,96,16,8,4.0000000000000000e+00,1.0000000000000000e+01,9.9999999999999929e+00,7.1054273576010023e-16,3.1622776601683811e-01,2.2329127542865637e+00,2.8908273147361494e+00,5.2324258489727969e-16,1.1761969034414466e-01,4.1633363423443370e-17,1.1437972824678871e-15,True,Q_left D(kappa) Q_right^T,SP+ (compact QR),1.1761969034414461e-01,-4.1633363423443370e-17,True
synthetic,structured_low_rank_update,aggregate,N/A,42,34,128,96,16,8,4.0000000000000000e+00,1.0000000000000000e+00,1.0000000000000007e+00,6.6613381477509392e-16,9.9999999999999978e-01,1.6457339059369438e+00,1.6457339059369438e+00,3.7040403103053799e-16,1.1761969034414466e-01,4.1633363423443370e-17,9.5541532239370149e-16,True,Q_left D(kappa) Q_right^T,RBLA prefix,5.6353607068357670e-01,4.4591638033943204e-01,True
synthetic,structured_low_rank_update,aggregate,N/A,42,34,128,96,16,8,4.0000000000000000e+00,1.0000000000000000e+00,1.0000000000000007e+00,6.6613381477509392e-16,9.9999999999999978e-01,1.6457339059369438e+00,1.6457339059369438e+00,3.7040403103053799e-16,1.1761969034414466e-01,4.1633363423443370e-17,9.5541532239370149e-16,True,Q_left D(kappa) Q_right^T,SP+ (compact QR),1.1761969034414461e-01,-4.1633363423443370e-17,True
synthetic,structured_low_rank_update,aggregate,N/A,42,34,128,96,16,8,4.0000000000000000e+00,1.5000000000000000e+00,1.5000000000000004e+00,2.9605947323337506e-16,8.1649658092772581e-01,1.6888964105823077e+00,1.6500677774412074e+00,3.9190420777530886e-16,1.1761969034414466e-01,4.1633363423443370e-17,1.1903686638493696e-15,True,Q_left D(kappa) Q_right^T,RBLA prefix,5.7047216687558677e-01,4.5285247653144212e-01,True
synthetic,structured_low_rank_update,aggregate,N/A,42,34,128,96,16,8,4.0000000000000000e+00,1.5000000000000000e+00,1.5000000000000004e+00,2.9605947323337506e-16,8.1649658092772581e-01,1.6888964105823077e+00,1.6500677774412074e+00,3.9190420777530886e-16,1.1761969034414466e-01,4.1633363423443370e-17,1.1903686638493696e-15,True,Q_left D(kappa) Q_right^T,SP+ (compact QR),1.1761969034414461e-01,-4.1633363423443370e-17,True
synthetic,structured_low_rank_update,aggregate,N/A,42,34,128,96,16,8,4.0000000000000000e+00,2.0000000000000000e+00,2.0000000000000000e+00,0.0000000000000000e+00,7.0710678118654735e-01,1.7500763782137589e+00,1.6808706688667934e+00,3.8125100861960198e-16,1.1761969034414466e-01,4.1633363423443370e-17,1.7859187816931951e-15,True,Q_left D(kappa) Q_right^T,RBLA prefix,5.8440337705139522e-01,4.6678368670725057e-01,True
synthetic,structured_low_rank_update,aggregate,N/A,42,34,128,96,16,8,4.0000000000000000e+00,2.0000000000000000e+00,2.0000000000000000e+00,0.0000000000000000e+00,7.0710678118654735e-01,1.7500763782137589e+00,1.6808706688667934e+00,3.8125100861960198e-16,1.1761969034414466e-01,4.1633363423443370e-17,1.7859187816931951e-15,True,Q_left D(kappa) Q_right^T,SP+ (compact QR),1.1761969034414461e-01,-4.1633363423443370e-17,True
synthetic,structured_low_rank_update,aggregate,N/A,42,34,128,96,16,8,4.0000000000000000e+00,3.0000000000000000e+00,3.0000000000000018e+00,5.9211894646675012e-16,5.7735026918962562e-01,1.8828567816599380e+00,1.7629698475153195e+00,3.5019014467276073e-16,1.1761969034414466e-01,4.1633363423443370e-17,1.2790167320774309e-15,True,Q_left D(kappa) Q_right^T,RBLA prefix,6.1944109228914834e-01,5.0182140194500369e-01,True
synthetic,structured_low_rank_update,aggregate,N/A,42,34,128,96,16,8,4.0000000000000000e+00,3.0000000000000000e+00,3.0000000000000018e+00,5.9211894646675012e-16,5.7735026918962562e-01,1.8828567816599380e+00,1.7629698475153195e+00,3.5019014467276073e-16,1.1761969034414466e-01,4.1633363423443370e-17,1.2790167320774309e-15,True,Q_left D(kappa) Q_right^T,SP+ (compact QR),1.1761969034414461e-01,-4.1633363423443370e-17,True
synthetic,structured_low_rank_update,aggregate,N/A,42,34,128,96,16,8,4.0000000000000000e+00,5.0000000000000000e+00,5.0000000000000053e+00,1.0658141036401502e-15,4.4721359549995759e-01,2.1362380386065971e+00,1.9325726450109444e+00,3.8496998914632867e-16,1.1761969034414466e-01,2.7755575615628914e-17,1.2940484590257042e-15,True,Q_left D(kappa) Q_right^T,RBLA prefix,6.9800577582322487e-01,5.8038608547908022e-01,True
synthetic,structured_low_rank_update,aggregate,N/A,42,34,128,96,16,8,4.0000000000000000e+00,5.0000000000000000e+00,5.0000000000000053e+00,1.0658141036401502e-15,4.4721359549995759e-01,2.1362380386065971e+00,1.9325726450109444e+00,3.8496998914632867e-16,1.1761969034414466e-01,2.7755575615628914e-17,1.2940484590257042e-15,True,Q_left D(kappa) Q_right^T,SP+ (compact QR),1.1761969034414463e-01,-2.7755575615628914e-17,True
synthetic,structured_low_rank_update,aggregate,N/A,42,34,128,96,16,8,4.0000000000000000e+00,7.5000000000000000e+00,7.5000000000000053e+00,7.1054273576010023e-16,3.6514837167011061e-01,2.4154926248632846e+00,2.1236205515519333e+00,4.1043889946177620e-16,1.1761969034414466e-01,4.1633363423443370e-17,1.4722424516413559e-15,True,Q_left D(kappa) Q_right^T,RBLA prefix,7.9889271964881547e-01,6.8127302930467082e-01,True
synthetic,structured_low_rank_update,aggregate,N/A,42,34,128,96,16,8,4.0000000000000000e+00,7.5000000000000000e+00,7.5000000000000053e+00,7.1054273576010023e-16,3.6514837167011061e-01,2.4154926248632846e+00,2.1236205515519333e+00,4.1043889946177620e-16,1.1761969034414466e-01,4.1633363423443370e-17,1.4722424516413559e-15,True,Q_left D(kappa) Q_right^T,SP+ (compact QR),1.1761969034414461e-01,-4.1633363423443370e-17,True
synthetic,structured_low_rank_update,aggregate,N/A,42,34,128,96,16,8,4.0000000000000000e+00,1.0000000000000000e+01,9.9999999999999964e+00,3.5527136788005011e-16,3.1622776601683800e-01,2.6617502125986277e+00,2.2926348949731765e+00,4.6403029450385650e-16,1.1761969034414466e-01,2.7755575615628914e-17,1.2549528126364468e-15,True,Q_left D(kappa) Q_right^T,RBLA prefix,8.9852743823438530e-01,7.8090774789024064e-01,True
synthetic,structured_low_rank_update,aggregate,N/A,42,34,128,96,16,8,4.0000000000000000e+00,1.0000000000000000e+01,9.9999999999999964e+00,3.5527136788005011e-16,3.1622776601683800e-01,2.6617502125986277e+00,2.2926348949731765e+00,4.6403029450385650e-16,1.1761969034414466e-01,2.7755575615628914e-17,1.2549528126364468e-15,True,Q_left D(kappa) Q_right^T,SP+ (compact QR),1.1761969034414463e-01,-2.7755575615628914e-17,True
synthetic,structured_low_rank_update,aggregate,N/A,42,35,128,96,16,8,4.0000000000000000e+00,1.0000000000000000e+00,1.0000000000000009e+00,8.8817841970012523e-16,9.9999999999999978e-01,1.6457339059369436e+00,1.6457339059369438e+00,3.3537847715274285e-16,1.1761969034414466e-01,4.1633363423443370e-17,1.2089049388575920e-15,True,Q_left D(kappa) Q_right^T,RBLA prefix,6.6486153975887008e-01,5.4724184941472542e-01,True
synthetic,structured_low_rank_update,aggregate,N/A,42,35,128,96,16,8,4.0000000000000000e+00,1.0000000000000000e+00,1.0000000000000009e+00,8.8817841970012523e-16,9.9999999999999978e-01,1.6457339059369436e+00,1.6457339059369438e+00,3.3537847715274285e-16,1.1761969034414466e-01,4.1633363423443370e-17,1.2089049388575920e-15,True,Q_left D(kappa) Q_right^T,SP+ (compact QR),1.1761969034414461e-01,-4.1633363423443370e-17,True
synthetic,structured_low_rank_update,aggregate,N/A,42,35,128,96,16,8,4.0000000000000000e+00,1.5000000000000000e+00,1.5000000000000002e+00,1.4802973661668753e-16,8.1649658092772581e-01,1.6741769829393878e+00,1.6756346377116589e+00,4.0510997285910348e-16,1.1761969034414466e-01,4.1633363423443370e-17,1.0659933597737308e-15,True,Q_left D(kappa) Q_right^T,RBLA prefix,6.6856785964100740e-01,5.5094816929686274e-01,True
synthetic,structured_low_rank_update,aggregate,N/A,42,35,128,96,16,8,4.0000000000000000e+00,1.5000000000000000e+00,1.5000000000000002e+00,1.4802973661668753e-16,8.1649658092772581e-01,1.6741769829393878e+00,1.6756346377116589e+00,4.0510997285910348e-16,1.1761969034414466e-01,4.1633363423443370e-17,1.0659933597737308e-15,True,Q_left D(kappa) Q_right^T,SP+ (compact QR),1.1761969034414461e-01,-4.1633363423443370e-17,True
synthetic,structured_low_rank_update,aggregate,N/A,42,35,128,96,16,8,4.0000000000000000e+00,2.0000000000000000e+00,1.9999999999999998e+00,1.1102230246251565e-16,7.0710678118654735e-01,1.7300830711702779e+00,1.7322332669058431e+00,3.8523399997159141e-16,1.1761969034414466e-01,2.7755575615628914e-17,1.7537579342184642e-15,True,Q_left D(kappa) Q_right^T,RBLA prefix,6.7614716721660972e-01,5.5852747687246507e-01,True
synthetic,structured_low_rank_update,aggregate,N/A,42,35,128,96,16,8,4.0000000000000000e+00,2.0000000000000000e+00,1.9999999999999998e+00,1.1102230246251565e-16,7.0710678118654735e-01,1.7300830711702779e+00,1.7322332669058431e+00,3.8523399997159141e-16,1.1761969034414466e-01,2.7755575615628914e-17,1.7537579342184642e-15,True,Q_left D(kappa) Q_right^T,SP+ (compact QR),1.1761969034414463e-01,-2.7755575615628914e-17,True
synthetic,structured_low_rank_update,aggregate,N/A,42,35,128,96,16,8,4.0000000000000000e+00,3.0000000000000000e+00,3.0000000000000009e+00,2.9605947323337506e-16,5.7735026918962562e-01,1.8603342965744121e+00,1.8625922735824862e+00,3.9857337184339875e-16,1.1761969034414466e-01,4.1633363423443370e-17,1.4527148506542730e-15,True,Q_left D(kappa) Q_right^T,RBLA prefix,6.9597520854204231e-01,5.7835551819789766e-01,True
synthetic,structured_low_rank_update,aggregate,N/A,42,35,128,96,16,8,4.0000000000000000e+00,3.0000000000000000e+00,3.0000000000000009e+00,2.9605947323337506e-16,5.7735026918962562e-01,1.8603342965744121e+00,1.8625922735824862e+00,3.9857337184339875e-16,1.1761969034414466e-01,4.1633363423443370e-17,1.4527148506542730e-15,True,Q_left D(kappa) Q_right^T,SP+ (compact QR),1.1761969034414461e-01,-4.1633363423443370e-17,True
synthetic,structured_low_rank_update,aggregate,N/A,42,35,128,96,16,8,4.0000000000000000e+00,5.0000000000000000e+00,5.0000000000000027e+00,5.3290705182007512e-16,4.4721359549995776e-01,2.1141036769038832e+00,2.1146308627862167e+00,4.6840608379870631e-16,1.1761969034414466e-01,4.1633363423443370e-17,2.0811595005949382e-15,True,Q_left D(kappa) Q_right^T,RBLA prefix,7.4407673814289255e-01,6.2645704779874789e-01,True
synthetic,structured_low_rank_update,aggregate,N/A,42,35,128,96,16,8,4.0000000000000000e+00,5.0000000000000000e+00,5.0000000000000027e+00,5.3290705182007512e-16,4.4721359549995776e-01,2.1141036769038832e+00,2.1146308627862167e+00,4.6840608379870631e-16,1.1761969034414466e-01,4.1633363423443370e-17,2.0811595005949382e-15,True,Q_left D(kappa) Q_right^T,SP+ (compact QR),1.1761969034414461e-01,-4.1633363423443370e-17,True
synthetic,structured_low_rank_update,aggregate,N/A,42,35,128,96,16,8,4.0000000000000000e+00,7.5000000000000000e+00,7.5000000000000009e+00,1.1842378929335003e-16,3.6514837167011066e-01,2.3927013963344237e+00,2.3902296101661435e+00,4.5609288597613023e-16,1.1761969034414466e-01,4.1633363423443370e-17,1.1629304750240307e-15,True,Q_left D(kappa) Q_right^T,RBLA prefix,8.1222739034886737e-01,6.9460770000472272e-01,True
synthetic,structured_low_rank_update,aggregate,N/A,42,35,128,96,16,8,4.0000000000000000e+00,7.5000000000000000e+00,7.5000000000000009e+00,1.1842378929335003e-16,3.6514837167011066e-01,2.3927013963344237e+00,2.3902296101661435e+00,4.5609288597613023e-16,1.1761969034414466e-01,4.1633363423443370e-17,1.1629304750240307e-15,True,Q_left D(kappa) Q_right^T,SP+ (compact QR),1.1761969034414461e-01,-4.1633363423443370e-17,True
synthetic,structured_low_rank_update,aggregate,N/A,42,35,128,96,16,8,4.0000000000000000e+00,1.0000000000000000e+01,1.0000000000000007e+01,7.1054273576010023e-16,3.1622776601683772e-01,2.6362963523688445e+00,2.6308242631202003e+00,5.4230217961135393e-16,1.1761969034414466e-01,4.1633363423443370e-17,1.4226779759393437e-15,True,Q_left D(kappa) Q_right^T,RBLA prefix,8.8538333723618223e-01,7.6776364689203758e-01,True
synthetic,structured_low_rank_update,aggregate,N/A,42,35,128,96,16,8,4.0000000000000000e+00,1.0000000000000000e+01,1.0000000000000007e+01,7.1054273576010023e-16,3.1622776601683772e-01,2.6362963523688445e+00,2.6308242631202003e+00,5.4230217961135393e-16,1.1761969034414466e-01,4.1633363423443370e-17,1.4226779759393437e-15,True,Q_left D(kappa) Q_right^T,SP+ (compact QR),1.1761969034414461e-01,-4.1633363423443370e-17,True
synthetic,structured_low_rank_update,aggregate,N/A,42,36,128,96,16,8,4.0000000000000000e+00,1.0000000000000000e+00,1.0000000000000007e+00,6.6613381477509392e-16,9.9999999999999956e-01,1.6457339059369436e+00,1.6457339059369438e+00,3.2335143833587362e-16,1.1761969034414466e-01,4.1633363423443370e-17,1.3232147800535149e-15,True,Q_left D(kappa) Q_right^T,RBLA prefix,5.4593349432191618e-01,4.2831380397777152e-01,True
synthetic,structured_low_rank_update,aggregate,N/A,42,36,128,96,16,8,4.0000000000000000e+00,1.0000000000000000e+00,1.0000000000000007e+00,6.6613381477509392e-16,9.9999999999999956e-01,1.6457339059369436e+00,1.6457339059369438e+00,3.2335143833587362e-16,1.1761969034414466e-01,4.1633363423443370e-17,1.3232147800535149e-15,True,Q_left D(kappa) Q_right^T,SP+ (compact QR),1.1761969034414461e-01,-4.1633363423443370e-17,True
synthetic,structured_low_rank_update,aggregate,N/A,42,36,128,96,16,8,4.0000000000000000e+00,1.5000000000000000e+00,1.4999999999999996e+00,2.9605947323337506e-16,8.1649658092772592e-01,1.6679792272854947e+00,1.6744351545126805e+00,3.2617307109459896e-16,1.1761969034414466e-01,4.1633363423443370e-17,1.3110829770509193e-15,True,Q_left D(kappa) Q_right^T,RBLA prefix,5.5040398625228792e-01,4.3278429590814327e-01,True
synthetic,structured_low_rank_update,aggregate,N/A,42,36,128,96,16,8,4.0000000000000000e+00,1.5000000000000000e+00,1.4999999999999996e+00,2.9605947323337506e-16,8.1649658092772592e-01,1.6679792272854947e+00,1.6744351545126805e+00,3.2617307109459896e-16,1.1761969034414466e-01,4.1633363423443370e-17,1.3110829770509193e-15,True,Q_left D(kappa) Q_right^T,SP+ (compact QR),1.1761969034414461e-01,-4.1633363423443370e-17,True
synthetic,structured_low_rank_update,aggregate,N/A,42,36,128,96,16,8,4.0000000000000000e+00,2.0000000000000000e+00,2.0000000000000000e+00,0.0000000000000000e+00,7.0710678118654746e-01,1.7144238601121859e+00,1.7262950709284477e+00,3.2061416779286430e-16,1.1761969034414466e-01,4.1633363423443370e-17,1.3236836905777136e-15,True,Q_left D(kappa) Q_right^T,RBLA prefix,5.5968809911793027e-01,4.4206840877378561e-01,True
synthetic,structured_low_rank_update,aggregate,N/A,42,36,128,96,16,8,4.0000000000000000e+00,2.0000000000000000e+00,2.0000000000000000e+00,0.0000000000000000e+00,7.0710678118654746e-01,1.7144238601121859e+00,1.7262950709284477e+00,3.2061416779286430e-16,1.1761969034414466e-01,4.1633363423443370e-17,1.3236836905777136e-15,True,Q_left D(kappa) Q_right^T,SP+ (compact QR),1.1761969034414461e-01,-4.1633363423443370e-17,True
synthetic,structured_low_rank_update,aggregate,N/A,42,36,128,96,16,8,4.0000000000000000e+00,3.0000000000000000e+00,3.0000000000000013e+00,4.4408920985006262e-16,5.7735026918962573e-01,1.8234569244394594e+00,1.8452333769754148e+00,3.3293336858822504e-16,1.1761969034414466e-01,4.1633363423443370e-17,1.5939056924496343e-15,True,Q_left D(kappa) Q_right^T,RBLA prefix,5.8460716445409022e-01,4.6698747410994557e-01,True
synthetic,structured_low_rank_update,aggregate,N/A,42,36,128,96,16,8,4.0000000000000000e+00,3.0000000000000000e+00,3.0000000000000013e+00,4.4408920985006262e-16,5.7735026918962573e-01,1.8234569244394594e+00,1.8452333769754148e+00,3.3293336858822504e-16,1.1761969034414466e-01,4.1633363423443370e-17,1.5939056924496343e-15,True,Q_left D(kappa) Q_right^T,SP+ (compact QR),1.1761969034414461e-01,-4.1633363423443370e-17,True
synthetic,structured_low_rank_update,aggregate,N/A,42,36,128,96,16,8,4.0000000000000000e+00,5.0000000000000000e+00,4.9999999999999991e+00,1.7763568394002506e-16,4.4721359549995815e-01,2.0359729752797073e+00,2.0757846883049900e+00,3.6468602073970254e-16,1.1761969034414466e-01,4.1633363423443370e-17,1.0840553082354978e-15,True,Q_left D(kappa) Q_right^T,RBLA prefix,6.4670976702499816e-01,5.2909007668085350e-01,True
synthetic,structured_low_rank_update,aggregate,N/A,42,36,128,96,16,8,4.0000000000000000e+00,5.0000000000000000e+00,4.9999999999999991e+00,1.7763568394002506e-16,4.4721359549995815e-01,2.0359729752797073e+00,2.0757846883049900e+00,3.6468602073970254e-16,1.1761969034414466e-01,4.1633363423443370e-17,1.0840553082354978e-15,True,Q_left D(kappa) Q_right^T,SP+ (compact QR),1.1761969034414461e-01,-4.1633363423443370e-17,True
synthetic,structured_low_rank_update,aggregate,N/A,42,36,128,96,16,8,4.0000000000000000e+00,7.5000000000000000e+00,7.4999999999999991e+00,1.1842378929335003e-16,3.6514837167011077e-01,2.2688049502497329e+00,2.3287375492989750e+00,4.0918175436978756e-16,1.1761969034414466e-01,2.7755575615628914e-17,1.6702443608063631e-15,True,Q_left D(kappa) Q_right^T,RBLA prefix,7.3501029740951385e-01,6.1739060706536919e-01,True
synthetic,structured_low_rank_update,aggregate,N/A,42,36,128,96,16,8,4.0000000000000000e+00,7.5000000000000000e+00,7.4999999999999991e+00,1.1842378929335003e-16,3.6514837167011077e-01,2.2688049502497329e+00,2.3287375492989750e+00,4.0918175436978756e-16,1.1761969034414466e-01,2.7755575615628914e-17,1.6702443608063631e-15,True,Q_left D(kappa) Q_right^T,SP+ (compact QR),1.1761969034414463e-01,-2.7755575615628914e-17,True
synthetic,structured_low_rank_update,aggregate,N/A,42,36,128,96,16,8,4.0000000000000000e+00,1.0000000000000000e+01,1.0000000000000007e+01,7.1054273576010023e-16,3.1622776601683772e-01,2.4719622778413570e+00,2.5499552381609605e+00,4.8009918809960262e-16,1.1761969034414466e-01,4.1633363423443370e-17,1.6767924606843324e-15,True,Q_left D(kappa) Q_right^T,RBLA prefix,8.2829252406822385e-01,7.1067283372407919e-01,True
synthetic,structured_low_rank_update,aggregate,N/A,42,36,128,96,16,8,4.0000000000000000e+00,1.0000000000000000e+01,1.0000000000000007e+01,7.1054273576010023e-16,3.1622776601683772e-01,2.4719622778413570e+00,2.5499552381609605e+00,4.8009918809960262e-16,1.1761969034414466e-01,4.1633363423443370e-17,1.6767924606843324e-15,True,Q_left D(kappa) Q_right^T,SP+ (compact QR),1.1761969034414461e-01,-4.1633363423443370e-17,True
synthetic,structured_low_rank_update,aggregate,N/A,42,37,128,96,16,8,4.0000000000000000e+00,1.0000000000000000e+00,1.0000000000000009e+00,8.8817841970012523e-16,9.9999999999999967e-01,1.6457339059369436e+00,1.6457339059369438e+00,4.3723157298126182e-16,1.1761969034414466e-01,4.1633363423443370e-17,1.1195186835623238e-15,True,Q_left D(kappa) Q_right^T,RBLA prefix,6.0803133809575949e-01,4.9041164775161483e-01,True
synthetic,structured_low_rank_update,aggregate,N/A,42,37,128,96,16,8,4.0000000000000000e+00,1.0000000000000000e+00,1.0000000000000009e+00,8.8817841970012523e-16,9.9999999999999967e-01,1.6457339059369436e+00,1.6457339059369438e+00,4.3723157298126182e-16,1.1761969034414466e-01,4.1633363423443370e-17,1.1195186835623238e-15,True,Q_left D(kappa) Q_right^T,SP+ (compact QR),1.1761969034414461e-01,-4.1633363423443370e-17,True
synthetic,structured_low_rank_update,aggregate,N/A,42,37,128,96,16,8,4.0000000000000000e+00,1.5000000000000000e+00,1.4999999999999996e+00,2.9605947323337506e-16,8.1649658092772626e-01,1.6650956821784344e+00,1.6769778965736901e+00,3.5030070599431259e-16,1.1761969034414466e-01,2.7755575615628914e-17,1.4991059326195059e-15,True,Q_left D(kappa) Q_right^T,RBLA prefix,6.1253857943441459e-01,4.9491888909026993e-01,True
synthetic,structured_low_rank_update,aggregate,N/A,42,37,128,96,16,8,4.0000000000000000e+00,1.5000000000000000e+00,1.4999999999999996e+00,2.9605947323337506e-16,8.1649658092772626e-01,1.6650956821784344e+00,1.6769778965736901e+00,3.5030070599431259e-16,1.1761969034414466e-01,2.7755575615628914e-17,1.4991059326195059e-15,True,Q_left D(kappa) Q_right^T,SP+ (compact QR),1.1761969034414463e-01,-2.7755575615628914e-17,True
synthetic,structured_low_rank_update,aggregate,N/A,42,37,128,96,16,8,4.0000000000000000e+00,2.0000000000000000e+00,2.0000000000000000e+00,0.0000000000000000e+00,7.0710678118654746e-01,1.7090835960470097e+00,1.7306770611550288e+00,3.7462429474902497e-16,1.1761969034414466e-01,4.1633363423443370e-17,1.1318897196466901e-15,True,Q_left D(kappa) Q_right^T,RBLA prefix,6.2176801168490681e-01,5.0414832134076215e-01,True
synthetic,structured_low_rank_update,aggregate,N/A,42,37,128,96,16,8,4.0000000000000000e+00,2.0000000000000000e+00,2.0000000000000000e+00,0.0000000000000000e+00,7.0710678118654746e-01,1.7090835960470097e+00,1.7306770611550288e+00,3.7462429474902497e-16,1.1761969034414466e-01,4.1633363423443370e-17,1.1318897196466901e-15,True,Q_left D(kappa) Q_right^T,SP+ (compact QR),1.1761969034414461e-01,-4.1633363423443370e-17,True
synthetic,structured_low_rank_update,aggregate,N/A,42,37,128,96,16,8,4.0000000000000000e+00,3.0000000000000000e+00,3.0000000000000000e+00,0.0000000000000000e+00,5.7735026918962584e-01,1.8138665844569044e+00,1.8526129555314497e+00,3.7374345096108404e-16,1.1761969034414466e-01,4.1633363423443370e-17,1.0056862527968476e-15,True,Q_left D(kappa) Q_right^T,RBLA prefix,6.4592791258455862e-01,5.2830822224041396e-01,True
synthetic,structured_low_rank_update,aggregate,N/A,42,37,128,96,16,8,4.0000000000000000e+00,3.0000000000000000e+00,3.0000000000000000e+00,0.0000000000000000e+00,5.7735026918962584e-01,1.8138665844569044e+00,1.8526129555314497e+00,3.7374345096108404e-16,1.1761969034414466e-01,4.1633363423443370e-17,1.0056862527968476e-15,True,Q_left D(kappa) Q_right^T,SP+ (compact QR),1.1761969034414461e-01,-4.1633363423443370e-17,True
synthetic,structured_low_rank_update,aggregate,N/A,42,37,128,96,16,8,4.0000000000000000e+00,5.0000000000000000e+00,4.9999999999999991e+00,1.7763568394002506e-16,4.4721359549995809e-01,2.0194773411993743e+00,2.0881945440309577e+00,3.7869794973002108e-16,1.1761969034414466e-01,4.1633363423443370e-17,9.5900730394747148e-16,True,Q_left D(kappa) Q_right^T,RBLA prefix,7.0417022886675784e-01,5.8655053852261319e-01,True
synthetic,structured_low_rank_update,aggregate,N/A,42,37,128,96,16,8,4.0000000000000000e+00,5.0000000000000000e+00,4.9999999999999991e+00,1.7763568394002506e-16,4.4721359549995809e-01,2.0194773411993743e+00,2.0881945440309577e+00,3.7869794973002108e-16,1.1761969034414466e-01,4.1633363423443370e-17,9.5900730394747148e-16,True,Q_left D(kappa) Q_right^T,SP+ (compact QR),1.1761969034414461e-01,-4.1633363423443370e-17,True
synthetic,structured_low_rank_update,aggregate,N/A,42,37,128,96,16,8,4.0000000000000000e+00,7.5000000000000000e+00,7.5000000000000044e+00,5.9211894646675012e-16,3.6514837167011066e-01,2.2454653268256783e+00,2.3465197713699766e+00,4.6091491616499603e-16,1.1761969034414466e-01,4.1633363423443370e-17,1.1640184739331076e-15,True,Q_left D(kappa) Q_right^T,RBLA prefix,7.8517573575790933e-01,6.6755604541376468e-01,True
synthetic,structured_low_rank_update,aggregate,N/A,42,37,128,96,16,8,4.0000000000000000e+00,7.5000000000000000e+00,7.5000000000000044e+00,5.9211894646675012e-16,3.6514837167011066e-01,2.2454653268256783e+00,2.3465197713699766e+00,4.6091491616499603e-16,1.1761969034414466e-01,4.1633363423443370e-17,1.1640184739331076e-15,True,Q_left D(kappa) Q_right^T,SP+ (compact QR),1.1761969034414461e-01,-4.1633363423443370e-17,True
synthetic,structured_low_rank_update,aggregate,N/A,42,37,128,96,16,8,4.0000000000000000e+00,1.0000000000000000e+01,1.0000000000000002e+01,1.7763568394002506e-16,3.1622776601683783e-01,2.4429841843109306e+00,2.5724086038249627e+00,4.9054021209117850e-16,1.1761969034414466e-01,4.1633363423443370e-17,1.1105347518376214e-15,True,Q_left D(kappa) Q_right^T,RBLA prefix,8.7009643020210481e-01,7.5247673985796015e-01,True
synthetic,structured_low_rank_update,aggregate,N/A,42,37,128,96,16,8,4.0000000000000000e+00,1.0000000000000000e+01,1.0000000000000002e+01,1.7763568394002506e-16,3.1622776601683783e-01,2.4429841843109306e+00,2.5724086038249627e+00,4.9054021209117850e-16,1.1761969034414466e-01,4.1633363423443370e-17,1.1105347518376214e-15,True,Q_left D(kappa) Q_right^T,SP+ (compact QR),1.1761969034414461e-01,-4.1633363423443370e-17,True
synthetic,structured_low_rank_update,aggregate,N/A,42,38,128,96,16,8,4.0000000000000000e+00,1.0000000000000000e+00,1.0000000000000013e+00,1.3322676295501878e-15,9.9999999999999944e-01,1.6457339059369436e+00,1.6457339059369438e+00,3.5271360609370926e-16,1.1761969034414466e-01,4.1633363423443370e-17,1.5557817307666585e-15,True,Q_left D(kappa) Q_right^T,RBLA prefix,5.0186209183019970e-01,3.8424240148605504e-01,True
synthetic,structured_low_rank_update,aggregate,N/A,42,38,128,96,16,8,4.0000000000000000e+00,1.0000000000000000e+00,1.0000000000000013e+00,1.3322676295501878e-15,9.9999999999999944e-01,1.6457339059369436e+00,1.6457339059369438e+00,3.5271360609370926e-16,1.1761969034414466e-01,4.1633363423443370e-17,1.5557817307666585e-15,True,Q_left D(kappa) Q_right^T,SP+ (compact QR),1.1761969034414461e-01,-4.1633363423443370e-17,True
synthetic,structured_low_rank_update,aggregate,N/A,42,38,128,96,16,8,4.0000000000000000e+00,1.5000000000000000e+00,1.5000000000000007e+00,4.4408920985006262e-16,8.1649658092772559e-01,1.6778644817874853e+00,1.6653207747205763e+00,3.2173504773148550e-16,1.1761969034414466e-01,4.1633363423443370e-17,1.3595243605959237e-15,True,Q_left D(kappa) Q_right^T,RBLA prefix,5.0621699625042493e-01,3.8859730590628028e-01,True
synthetic,structured_low_rank_update,aggregate,N/A,42,38,128,96,16,8,4.0000000000000000e+00,1.5000000000000000e+00,1.5000000000000007e+00,4.4408920985006262e-16,8.1649658092772559e-01,1.6778644817874853e+00,1.6653207747205763e+00,3.2173504773148550e-16,1.1761969034414466e-01,4.1633363423443370e-17,1.3595243605959237e-15,True,Q_left D(kappa) Q_right^T,SP+ (compact QR),1.1761969034414461e-01,-4.1633363423443370e-17,True
synthetic,structured_low_rank_update,aggregate,N/A,42,38,128,96,16,8,4.0000000000000000e+00,2.0000000000000000e+00,2.0000000000000000e+00,0.0000000000000000e+00,7.0710678118654746e-01,1.7330942864623533e+00,1.7099241619531396e+00,3.4795823054809938e-16,1.1761969034414466e-01,2.7755575615628914e-17,1.4064472055992751e-15,True,Q_left D(kappa) Q_right^T,RBLA prefix,5.1521872351001008e-01,3.9759903316586542e-01,True
synthetic,structured_low_rank_update,aggregate,N/A,42,38,128,96,16,8,4.0000000000000000e+00,2.0000000000000000e+00,2.0000000000000000e+00,0.0000000000000000e+00,7.0710678118654746e-01,1.7330942864623533e+00,1.7099241619531396e+00,3.4795823054809938e-16,1.1761969034414466e-01,2.7755575615628914e-17,1.4064472055992751e-15,True,Q_left D(kappa) Q_right^T,SP+ (compact QR),1.1761969034414463e-01,-2.7755575615628914e-17,True
synthetic,structured_low_rank_update,aggregate,N/A,42,38,128,96,16,8,4.0000000000000000e+00,3.0000000000000000e+00,3.0000000000000000e+00,0.0000000000000000e+00,5.7735026918962584e-01,1.8588228028789251e+00,1.8159053782432819e+00,3.4589454127458801e-16,1.1761969034414466e-01,4.1633363423443370e-17,1.0461927801925326e-15,True,Q_left D(kappa) Q_right^T,RBLA prefix,5.3922404904711385e-01,4.2160435870296920e-01,True
synthetic,structured_low_rank_update,aggregate,N/A,42,38,128,96,16,8,4.0000000000000000e+00,3.0000000000000000e+00,3.0000000000000000e+00,0.0000000000000000e+00,5.7735026918962584e-01,1.8588228028789251e+00,1.8159053782432819e+00,3.4589454127458801e-16,1.1761969034414466e-01,4.1633363423443370e-17,1.0461927801925326e-15,True,Q_left D(kappa) Q_right^T,SP+ (compact QR),1.1761969034414461e-01,-4.1633363423443370e-17,True
synthetic,structured_low_rank_update,aggregate,N/A,42,38,128,96,16,8,4.0000000000000000e+00,5.0000000000000000e+00,4.9999999999999982e+00,3.5527136788005011e-16,4.4721359549995804e-01,2.1027542306828853e+00,2.0229735149752996e+00,3.9286640131972344e-16,1.1761969034414466e-01,4.1633363423443370e-17,1.1523975675884299e-15,True,Q_left D(kappa) Q_right^T,RBLA prefix,5.9890670181678884e-01,4.8128701147264419e-01,True
synthetic,structured_low_rank_update,aggregate,N/A,42,38,128,96,16,8,4.0000000000000000e+00,5.0000000000000000e+00,4.9999999999999982e+00,3.5527136788005011e-16,4.4721359549995804e-01,2.1027542306828853e+00,2.0229735149752996e+00,3.9286640131972344e-16,1.1761969034414466e-01,4.1633363423443370e-17,1.1523975675884299e-15,True,Q_left D(kappa) Q_right^T,SP+ (compact QR),1.1761969034414461e-01,-4.1633363423443370e-17,True
synthetic,structured_low_rank_update,aggregate,N/A,42,38,128,96,16,8,4.0000000000000000e+00,7.5000000000000000e+00,7.5000000000000053e+00,7.1054273576010023e-16,3.6514837167011061e-01,2.3715386165832570e+00,2.2494916369941582e+00,4.4785955963867294e-16,1.1761969034414466e-01,2.7755575615628914e-17,1.7385902350166350e-15,True,Q_left D(kappa) Q_right^T,RBLA prefix,6.8451128743415934e-01,5.6689159709001469e-01,True
synthetic,structured_low_rank_update,aggregate,N/A,42,38,128,96,16,8,4.0000000000000000e+00,7.5000000000000000e+00,7.5000000000000053e+00,7.1054273576010023e-16,3.6514837167011061e-01,2.3715386165832570e+00,2.2494916369941582e+00,4.4785955963867294e-16,1.1761969034414466e-01,2.7755575615628914e-17,1.7385902350166350e-15,True,Q_left D(kappa) Q_right^T,SP+ (compact QR),1.1761969034414463e-01,-2.7755575615628914e-17,True
synthetic,structured_low_rank_update,aggregate,N/A,42,38,128,96,16,8,4.0000000000000000e+00,1.0000000000000000e+01,1.0000000000000002e+01,1.7763568394002506e-16,3.1622776601683783e-01,2.6075631099483458e+00,2.4467154388216543e+00,4.6932151304508723e-16,1.1761969034414466e-01,4.1633363423443370e-17,1.6252948640294920e-15,True,Q_left D(kappa) Q_right^T,RBLA prefix,7.7625224540353499e-01,6.5863255505939033e-01,True
synthetic,structured_low_rank_update,aggregate,N/A,42,38,128,96,16,8,4.0000000000000000e+00,1.0000000000000000e+01,1.0000000000000002e+01,1.7763568394002506e-16,3.1622776601683783e-01,2.6075631099483458e+00,2.4467154388216543e+00,4.6932151304508723e-16,1.1761969034414466e-01,4.1633363423443370e-17,1.6252948640294920e-15,True,Q_left D(kappa) Q_right^T,SP+ (compact QR),1.1761969034414461e-01,-4.1633363423443370e-17,True
synthetic,structured_low_rank_update,aggregate,N/A,42,39,128,96,16,8,4.0000000000000000e+00,1.0000000000000000e+00,1.0000000000000007e+00,6.6613381477509392e-16,9.9999999999999989e-01,1.6457339059369440e+00,1.6457339059369434e+00,3.1464657765707677e-16,1.1761969034414466e-01,4.1633363423443370e-17,1.3175901872457728e-15,True,Q_left D(kappa) Q_right^T,RBLA prefix,4.2997807337047256e-01,3.1235838302632790e-01,True
synthetic,structured_low_rank_update,aggregate,N/A,42,39,128,96,16,8,4.0000000000000000e+00,1.0000000000000000e+00,1.0000000000000007e+00,6.6613381477509392e-16,9.9999999999999989e-01,1.6457339059369440e+00,1.6457339059369434e+00,3.1464657765707677e-16,1.1761969034414466e-01,4.1633363423443370e-17,1.3175901872457728e-15,True,Q_left D(kappa) Q_right^T,SP+ (compact QR),1.1761969034414461e-01,-4.1633363423443370e-17,True
synthetic,structured_low_rank_update,aggregate,N/A,42,39,128,96,16,8,4.0000000000000000e+00,1.5000000000000000e+00,1.4999999999999989e+00,7.4014868308343773e-16,8.1649658092772637e-01,1.6598533856098348e+00,1.6819007868042692e+00,3.1985237377857612e-16,1.1761969034414466e-01,4.1633363423443370e-17,1.4873417105967483e-15,True,Q_left D(kappa) Q_right^T,RBLA prefix,4.3418347300313703e-01,3.1656378265899238e-01,True
synthetic,structured_low_rank_update,aggregate,N/A,42,39,128,96,16,8,4.0000000000000000e+00,1.5000000000000000e+00,1.4999999999999989e+00,7.4014868308343773e-16,8.1649658092772637e-01,1.6598533856098348e+00,1.6819007868042692e+00,3.1985237377857612e-16,1.1761969034414466e-01,4.1633363423443370e-17,1.4873417105967483e-15,True,Q_left D(kappa) Q_right^T,SP+ (compact QR),1.1761969034414461e-01,-4.1633363423443370e-17,True
synthetic,structured_low_rank_update,aggregate,N/A,42,39,128,96,16,8,4.0000000000000000e+00,2.0000000000000000e+00,2.0000000000000000e+00,0.0000000000000000e+00,7.0710678118654746e-01,1.7010743096042056e+00,1.7378370213588212e+00,3.3926115829395054e-16,1.1761969034414466e-01,4.1633363423443370e-17,1.2511905583250495e-15,True,Q_left D(kappa) Q_right^T,RBLA prefix,4.4318287251728694e-01,3.2556318217314228e-01,True
synthetic,structured_low_rank_update,aggregate,N/A,42,39,128,96,16,8,4.0000000000000000e+00,2.0000000000000000e+00,2.0000000000000000e+00,0.0000000000000000e+00,7.0710678118654746e-01,1.7010743096042056e+00,1.7378370213588212e+00,3.3926115829395054e-16,1.1761969034414466e-01,4.1633363423443370e-17,1.2511905583250495e-15,True,Q_left D(kappa) Q_right^T,SP+ (compact QR),1.1761969034414461e-01,-4.1633363423443370e-17,True
synthetic,structured_low_rank_update,aggregate,N/A,42,39,128,96,16,8,4.0000000000000000e+00,3.0000000000000000e+00,2.9999999999999982e+00,5.9211894646675012e-16,5.7735026918962606e-01,1.8048721115619772e+00,1.8599310155876796e+00,3.5466919506751072e-16,1.1761969034414466e-01,4.1633363423443370e-17,1.2872131717361577e-15,True,Q_left D(kappa) Q_right^T,RBLA prefix,4.6853891342597076e-01,3.5091922308182610e-01,True
synthetic,structured_low_rank_update,aggregate,N/A,42,39,128,96,16,8,4.0000000000000000e+00,3.0000000000000000e+00,2.9999999999999982e+00,5.9211894646675012e-16,5.7735026918962606e-01,1.8048721115619772e+00,1.8599310155876796e+00,3.5466919506751072e-16,1.1761969034414466e-01,4.1633363423443370e-17,1.2872131717361577e-15,True,Q_left D(kappa) Q_right^T,SP+ (compact QR),1.1761969034414461e-01,-4.1633363423443370e-17,True
synthetic,structured_low_rank_update,aggregate,N/A,42,39,128,96,16,8,4.0000000000000000e+00,5.0000000000000000e+00,4.9999999999999964e+00,7.1054273576010023e-16,4.4721359549995821e-01,2.0166404223241270e+00,2.0891146353981824e+00,4.1733232841577910e-16,1.1761969034414466e-01,4.1633363423443370e-17,1.7871745114662122e-15,True,Q_left D(kappa) Q_right^T,RBLA prefix,5.3520627301511370e-01,4.1758658267096904e-01,True
synthetic,structured_low_rank_update,aggregate,N/A,42,39,128,96,16,8,4.0000000000000000e+00,5.0000000000000000e+00,4.9999999999999964e+00,7.1054273576010023e-16,4.4721359549995821e-01,2.0166404223241270e+00,2.0891146353981824e+00,4.1733232841577910e-16,1.1761969034414466e-01,4.1633363423443370e-17,1.7871745114662122e-15,True,Q_left D(kappa) Q_right^T,SP+ (compact QR),1.1761969034414461e-01,-4.1633363423443370e-17,True
synthetic,structured_low_rank_update,aggregate,N/A,42,39,128,96,16,8,4.0000000000000000e+00,7.5000000000000000e+00,7.5000000000000027e+00,3.5527136788005011e-16,3.6514837167011072e-01,2.2553203983313557e+00,2.3361527606374253e+00,4.3963182418261060e-16,1.1761969034414466e-01,4.1633363423443370e-17,1.2763966090741901e-15,True,Q_left D(kappa) Q_right^T,RBLA prefix,6.3234662658579210e-01,5.1472693624164745e-01,True
synthetic,structured_low_rank_update,aggregate,N/A,42,39,128,96,16,8,4.0000000000000000e+00,7.5000000000000000e+00,7.5000000000000027e+00,3.5527136788005011e-16,3.6514837167011072e-01,2.2553203983313557e+00,2.3361527606374253e+00,4.3963182418261060e-16,1.1761969034414466e-01,4.1633363423443370e-17,1.2763966090741901e-15,True,Q_left D(kappa) Q_right^T,SP+ (compact QR),1.1761969034414461e-01,-4.1633363423443370e-17,True
synthetic,structured_low_rank_update,aggregate,N/A,42,39,128,96,16,8,4.0000000000000000e+00,1.0000000000000000e+01,1.0000000000000002e+01,1.7763568394002506e-16,3.1622776601683794e-01,2.4669087623973796e+00,2.5503383305142946e+00,5.1197650011657060e-16,1.1761969034414466e-01,4.1633363423443370e-17,1.5397884723103851e-15,True,Q_left D(kappa) Q_right^T,RBLA prefix,7.3510161781956929e-01,6.1748192747542463e-01,True
synthetic,structured_low_rank_update,aggregate,N/A,42,39,128,96,16,8,4.0000000000000000e+00,1.0000000000000000e+01,1.0000000000000002e+01,1.7763568394002506e-16,3.1622776601683794e-01,2.4669087623973796e+00,2.5503383305142946e+00,5.1197650011657060e-16,1.1761969034414466e-01,4.1633363423443370e-17,1.5397884723103851e-15,True,Q_left D(kappa) Q_right^T,SP+ (compact QR),1.1761969034414461e-01,-4.1633363423443370e-17,True
synthetic,structured_low_rank_update,aggregate,N/A,42,40,128,96,16,8,4.0000000000000000e+00,1.0000000000000000e+00,1.0000000000000004e+00,4.4408920985006262e-16,9.9999999999999978e-01,1.6457339059369436e+00,1.6457339059369438e+00,3.5673916890187111e-16,1.1761969034414466e-01,2.7755575615628914e-17,1.5146414258267373e-15,True,Q_left D(kappa) Q_right^T,RBLA prefix,4.9529122302081513e-01,3.7767153267667047e-01,True
synthetic,structured_low_rank_update,aggregate,N/A,42,40,128,96,16,8,4.0000000000000000e+00,1.0000000000000000e+00,1.0000000000000004e+00,4.4408920985006262e-16,9.9999999999999978e-01,1.6457339059369436e+00,1.6457339059369438e+00,3.5673916890187111e-16,1.1761969034414466e-01,2.7755575615628914e-17,1.5146414258267373e-15,True,Q_left D(kappa) Q_right^T,SP+ (compact QR),1.1761969034414463e-01,-2.7755575615628914e-17,True
synthetic,structured_low_rank_update,aggregate,N/A,42,40,128,96,16,8,4.0000000000000000e+00,1.5000000000000000e+00,1.4999999999999993e+00,4.4408920985006262e-16,8.1649658092772637e-01,1.6580476720525896e+00,1.6951981435478221e+00,3.4643452517674326e-16,1.1761969034414466e-01,4.1633363423443370e-17,1.0999860157303997e-15,True,Q_left D(kappa) Q_right^T,RBLA prefix,4.9709267583506889e-01,3.7947298549092423e-01,True
synthetic,structured_low_rank_update,aggregate,N/A,42,40,128,96,16,8,4.0000000000000000e+00,1.5000000000000000e+00,1.4999999999999993e+00,4.4408920985006262e-16,8.1649658092772637e-01,1.6580476720525896e+00,1.6951981435478221e+00,3.4643452517674326e-16,1.1761969034414466e-01,4.1633363423443370e-17,1.0999860157303997e-15,True,Q_left D(kappa) Q_right^T,SP+ (compact QR),1.1761969034414461e-01,-4.1633363423443370e-17,True
synthetic,structured_low_rank_update,aggregate,N/A,42,40,128,96,16,8,4.0000000000000000e+00,2.0000000000000000e+00,1.9999999999999987e+00,6.6613381477509392e-16,7.0710678118654757e-01,1.7047300117620323e+00,1.7675785873915295e+00,3.4553188302339148e-16,1.1761969034414466e-01,4.1633363423443370e-17,1.1929049617706332e-15,True,Q_left D(kappa) Q_right^T,RBLA prefix,5.0133989295829184e-01,3.8372020261414719e-01,True
synthetic,structured_low_rank_update,aggregate,N/A,42,40,128,96,16,8,4.0000000000000000e+00,2.0000000000000000e+00,1.9999999999999987e+00,6.6613381477509392e-16,7.0710678118654757e-01,1.7047300117620323e+00,1.7675785873915295e+00,3.4553188302339148e-16,1.1761969034414466e-01,4.1633363423443370e-17,1.1929049617706332e-15,True,Q_left D(kappa) Q_right^T,SP+ (compact QR),1.1761969034414461e-01,-4.1633363423443370e-17,True
synthetic,structured_low_rank_update,aggregate,N/A,42,40,128,96,16,8,4.0000000000000000e+00,3.0000000000000000e+00,2.9999999999999987e+00,4.4408920985006262e-16,5.7735026918962584e-01,1.8250996713492047e+00,1.9227205515121331e+00,3.6755150443136855e-16,1.1761969034414466e-01,2.7755575615628914e-17,1.1659646483142069e-15,True,Q_left D(kappa) Q_right^T,RBLA prefix,5.1542088551180931e-01,3.9780119516766466e-01,True
synthetic,structured_low_rank_update,aggregate,N/A,42,40,128,96,16,8,4.0000000000000000e+00,3.0000000000000000e+00,2.9999999999999987e+00,4.4408920985006262e-16,5.7735026918962584e-01,1.8250996713492047e+00,1.9227205515121331e+00,3.6755150443136855e-16,1.1761969034414466e-01,2.7755575615628914e-17,1.1659646483142069e-15,True,Q_left D(kappa) Q_right^T,SP+ (compact QR),1.1761969034414463e-01,-2.7755575615628914e-17,True
synthetic,structured_low_rank_update,aggregate,N/A,42,40,128,96,16,8,4.0000000000000000e+00,5.0000000000000000e+00,4.9999999999999991e+00,1.7763568394002506e-16,4.4721359549995804e-01,2.0711605183767858e+00,2.2104565040055753e+00,4.1093023836409655e-16,1.1761969034414466e-01,4.1633363423443370e-17,1.1458999333160923e-15,True,Q_left D(kappa) Q_right^T,RBLA prefix,5.6175770354249754e-01,4.4413801319835289e-01,True
synthetic,structured_low_rank_update,aggregate,N/A,42,40,128,96,16,8,4.0000000000000000e+00,5.0000000000000000e+00,4.9999999999999991e+00,1.7763568394002506e-16,4.4721359549995804e-01,2.0711605183767858e+00,2.2104565040055753e+00,4.1093023836409655e-16,1.1761969034414466e-01,4.1633363423443370e-17,1.1458999333160923e-15,True,Q_left D(kappa) Q_right^T,SP+ (compact QR),1.1761969034414461e-01,-4.1633363423443370e-17,True
synthetic,structured_low_rank_update,aggregate,N/A,42,40,128,96,16,8,4.0000000000000000e+00,7.5000000000000000e+00,7.4999999999999973e+00,3.5527136788005011e-16,3.6514837167011077e-01,2.3467833998950014e+00,2.5186449165030171e+00,4.5866810789811025e-16,1.1761969034414466e-01,2.7755575615628914e-17,1.5764642529550219e-15,True,Q_left D(kappa) Q_right^T,RBLA prefix,6.4377005627883932e-01,5.2615036593469466e-01,True
synthetic,structured_low_rank_update,aggregate,N/A,42,40,128,96,16,8,4.0000000000000000e+00,7.5000000000000000e+00,7.4999999999999973e+00,3.5527136788005011e-16,3.6514837167011077e-01,2.3467833998950014e+00,2.5186449165030171e+00,4.5866810789811025e-16,1.1761969034414466e-01,2.7755575615628914e-17,1.5764642529550219e-15,True,Q_left D(kappa) Q_right^T,SP+ (compact QR),1.1761969034414463e-01,-2.7755575615628914e-17,True
synthetic,structured_low_rank_update,aggregate,N/A,42,40,128,96,16,8,4.0000000000000000e+00,1.0000000000000000e+01,9.9999999999999982e+00,1.7763568394002506e-16,3.1622776601683789e-01,2.5896238234471141e+00,2.7852047368416213e+00,5.4559315764248453e-16,1.1761969034414466e-01,2.7755575615628914e-17,1.6447056678960074e-15,True,Q_left D(kappa) Q_right^T,RBLA prefix,7.4206009754107283e-01,6.2444040719692817e-01,True
synthetic,structured_low_rank_update,aggregate,N/A,42,40,128,96,16,8,4.0000000000000000e+00,1.0000000000000000e+01,9.9999999999999982e+00,1.7763568394002506e-16,3.1622776601683789e-01,2.5896238234471141e+00,2.7852047368416213e+00,5.4559315764248453e-16,1.1761969034414466e-01,2.7755575615628914e-17,1.6447056678960074e-15,True,Q_left D(kappa) Q_right^T,SP+ (compact QR),1.1761969034414463e-01,-2.7755575615628914e-17,True
synthetic,structured_low_rank_update,aggregate,N/A,42,41,128,96,16,8,4.0000000000000000e+00,1.0000000000000000e+00,1.0000000000000009e+00,8.8817841970012523e-16,9.9999999999999956e-01,1.6457339059369438e+00,1.6457339059369436e+00,3.5480495194182117e-16,1.1761969034414466e-01,4.1633363423443370e-17,1.1340548177683319e-15,True,Q_left D(kappa) Q_right^T,RBLA prefix,6.0925799776848033e-01,4.9163830742433567e-01,True
synthetic,structured_low_rank_update,aggregate,N/A,42,41,128,96,16,8,4.0000000000000000e+00,1.0000000000000000e+00,1.0000000000000009e+00,8.8817841970012523e-16,9.9999999999999956e-01,1.6457339059369438e+00,1.6457339059369436e+00,3.5480495194182117e-16,1.1761969034414466e-01,4.1633363423443370e-17,1.1340548177683319e-15,True,Q_left D(kappa) Q_right^T,SP+ (compact QR),1.1761969034414461e-01,-4.1633363423443370e-17,True
synthetic,structured_low_rank_update,aggregate,N/A,42,41,128,96,16,8,4.0000000000000000e+00,1.5000000000000000e+00,1.4999999999999993e+00,4.4408920985006262e-16,8.1649658092772648e-01,1.6853386017383216e+00,1.6569883639245824e+00,3.5327251378408797e-16,1.1761969034414466e-01,4.1633363423443370e-17,1.2052489541710115e-15,True,Q_left D(kappa) Q_right^T,RBLA prefix,6.1527862384341325e-01,4.9765893349926860e-01,True
synthetic,structured_low_rank_update,aggregate,N/A,42,41,128,96,16,8,4.0000000000000000e+00,1.5000000000000000e+00,1.4999999999999993e+00,4.4408920985006262e-16,8.1649658092772648e-01,1.6853386017383216e+00,1.6569883639245824e+00,3.5327251378408797e-16,1.1761969034414466e-01,4.1633363423443370e-17,1.2052489541710115e-15,True,Q_left D(kappa) Q_right^T,SP+ (compact QR),1.1761969034414461e-01,-4.1633363423443370e-17,True
synthetic,structured_low_rank_update,aggregate,N/A,42,41,128,96,16,8,4.0000000000000000e+00,2.0000000000000000e+00,1.9999999999999998e+00,1.1102230246251565e-16,7.0710678118654768e-01,1.7446743419926818e+00,1.6958621029263665e+00,3.9406573949590357e-16,1.1761969034414466e-01,2.7755575615628914e-17,1.6733358397777442e-15,True,Q_left D(kappa) Q_right^T,RBLA prefix,6.2761311371125705e-01,5.0999342336711240e-01,True
synthetic,structured_low_rank_update,aggregate,N/A,42,41,128,96,16,8,4.0000000000000000e+00,2.0000000000000000e+00,1.9999999999999998e+00,1.1102230246251565e-16,7.0710678118654768e-01,1.7446743419926818e+00,1.6958621029263665e+00,3.9406573949590357e-16,1.1761969034414466e-01,2.7755575615628914e-17,1.6733358397777442e-15,True,Q_left D(kappa) Q_right^T,SP+ (compact QR),1.1761969034414463e-01,-2.7755575615628914e-17,True
synthetic,structured_low_rank_update,aggregate,N/A,42,41,128,96,16,8,4.0000000000000000e+00,3.0000000000000000e+00,3.0000000000000013e+00,4.4408920985006262e-16,5.7735026918962562e-01,1.8737194695421617e+00,1.7949048902237810e+00,3.8706991606254502e-16,1.1761969034414466e-01,4.1633363423443370e-17,1.5222105051282724e-15,True,Q_left D(kappa) Q_right^T,RBLA prefix,6.5996640447645794e-01,5.4234671413231328e-01,True
synthetic,structured_low_rank_update,aggregate,N/A,42,41,128,96,16,8,4.0000000000000000e+00,3.0000000000000000e+00,3.0000000000000013e+00,4.4408920985006262e-16,5.7735026918962562e-01,1.8737194695421617e+00,1.7949048902237810e+00,3.8706991606254502e-16,1.1761969034414466e-01,4.1633363423443370e-17,1.5222105051282724e-15,True,Q_left D(kappa) Q_right^T,SP+ (compact QR),1.1761969034414461e-01,-4.1633363423443370e-17,True
synthetic,structured_low_rank_update,aggregate,N/A,42,41,128,96,16,8,4.0000000000000000e+00,5.0000000000000000e+00,4.9999999999999991e+00,1.7763568394002506e-16,4.4721359549995815e-01,2.1167183015786644e+00,1.9963058194101673e+00,4.4346343169555740e-16,1.1761969034414466e-01,4.1633363423443370e-17,1.3004364115400619e-15,True,Q_left D(kappa) Q_right^T,RBLA prefix,7.3848475666532398e-01,6.2086506632117933e-01,True
synthetic,structured_low_rank_update,aggregate,N/A,42,41,128,96,16,8,4.0000000000000000e+00,5.0000000000000000e+00,4.9999999999999991e+00,1.7763568394002506e-16,4.4721359549995815e-01,2.1167183015786644e+00,1.9963058194101673e+00,4.4346343169555740e-16,1.1761969034414466e-01,4.1633363423443370e-17,1.3004364115400619e-15,True,Q_left D(kappa) Q_right^T,SP+ (compact QR),1.1761969034414461e-01,-4.1633363423443370e-17,True
synthetic,structured_low_rank_update,aggregate,N/A,42,41,128,96,16,8,4.0000000000000000e+00,7.5000000000000000e+00,7.4999999999999973e+00,3.5527136788005011e-16,3.6514837167011088e-01,2.3801274417751475e+00,2.2214080274004200e+00,4.6236403888760411e-16,1.1761969034414466e-01,4.1633363423443370e-17,1.7365110147780355e-15,True,Q_left D(kappa) Q_right^T,RBLA prefix,8.4899177578503593e-01,7.3137208544089127e-01,True
synthetic,structured_low_rank_update,aggregate,N/A,42,41,128,96,16,8,4.0000000000000000e+00,7.5000000000000000e+00,7.4999999999999973e+00,3.5527136788005011e-16,3.6514837167011088e-01,2.3801274417751475e+00,2.2214080274004200e+00,4.6236403888760411e-16,1.1761969034414466e-01,4.1633363423443370e-17,1.7365110147780355e-15,True,Q_left D(kappa) Q_right^T,SP+ (compact QR),1.1761969034414461e-01,-4.1633363423443370e-17,True
synthetic,structured_low_rank_update,aggregate,N/A,42,41,128,96,16,8,4.0000000000000000e+00,1.0000000000000000e+01,1.0000000000000000e+01,0.0000000000000000e+00,3.1622776601683805e-01,2.6096295794053574e+00,2.4194534067581368e+00,4.9735148549561815e-16,1.1761969034414466e-01,4.1633363423443370e-17,1.6772145787659035e-15,True,Q_left D(kappa) Q_right^T,RBLA prefix,9.6638342002642330e-01,8.4876372968227864e-01,True
synthetic,structured_low_rank_update,aggregate,N/A,42,41,128,96,16,8,4.0000000000000000e+00,1.0000000000000000e+01,1.0000000000000000e+01,0.0000000000000000e+00,3.1622776601683805e-01,2.6096295794053574e+00,2.4194534067581368e+00,4.9735148549561815e-16,1.1761969034414466e-01,4.1633363423443370e-17,1.6772145787659035e-15,True,Q_left D(kappa) Q_right^T,SP+ (compact QR),1.1761969034414461e-01,-4.1633363423443370e-17,True
synthetic,structured_low_rank_update,aggregate,N/A,42,42,128,96,16,8,4.0000000000000000e+00,1.0000000000000000e+00,1.0000000000000009e+00,8.8817841970012523e-16,9.9999999999999944e-01,1.6457339059369436e+00,1.6457339059369438e+00,3.3238457407634215e-16,1.1761969034414466e-01,4.1633363423443370e-17,1.1134271743244788e-15,True,Q_left D(kappa) Q_right^T,RBLA prefix,6.1695761585275466e-01,4.9933792550861000e-01,True
synthetic,structured_low_rank_update,aggregate,N/A,42,42,128,96,16,8,4.0000000000000000e+00,1.0000000000000000e+00,1.0000000000000009e+00,8.8817841970012523e-16,9.9999999999999944e-01,1.6457339059369436e+00,1.6457339059369438e+00,3.3238457407634215e-16,1.1761969034414466e-01,4.1633363423443370e-17,1.1134271743244788e-15,True,Q_left D(kappa) Q_right^T,SP+ (compact QR),1.1761969034414461e-01,-4.1633363423443370e-17,True
synthetic,structured_low_rank_update,aggregate,N/A,42,42,128,96,16,8,4.0000000000000000e+00,1.5000000000000000e+00,1.4999999999999998e+00,1.4802973661668753e-16,8.1649658092772637e-01,1.6808344273383580e+00,1.6666986852838874e+00,3.0762595196359442e-16,1.1761969034414466e-01,4.1633363423443370e-17,1.3504107119368492e-15,True,Q_left D(kappa) Q_right^T,RBLA prefix,6.2439125061036072e-01,5.0677156026621606e-01,True
synthetic,structured_low_rank_update,aggregate,N/A,42,42,128,96,16,8,4.0000000000000000e+00,1.5000000000000000e+00,1.4999999999999998e+00,1.4802973661668753e-16,8.1649658092772637e-01,1.6808344273383580e+00,1.6666986852838874e+00,3.0762595196359442e-16,1.1761969034414466e-01,4.1633363423443370e-17,1.3504107119368492e-15,True,Q_left D(kappa) Q_right^T,SP+ (compact QR),1.1761969034414461e-01,-4.1633363423443370e-17,True
synthetic,structured_low_rank_update,aggregate,N/A,42,42,128,96,16,8,4.0000000000000000e+00,2.0000000000000000e+00,1.9999999999999998e+00,1.1102230246251565e-16,7.0710678118654757e-01,1.7396470224208718e+00,1.7160301192251231e+00,3.3477602506005816e-16,1.1761969034414466e-01,4.1633363423443370e-17,1.3826300157900325e-15,True,Q_left D(kappa) Q_right^T,RBLA prefix,6.3951274861951035e-01,5.2189305827536570e-01,True
synthetic,structured_low_rank_update,aggregate,N/A,42,42,128,96,16,8,4.0000000000000000e+00,2.0000000000000000e+00,1.9999999999999998e+00,1.1102230246251565e-16,7.0710678118654757e-01,1.7396470224208718e+00,1.7160301192251231e+00,3.3477602506005816e-16,1.1761969034414466e-01,4.1633363423443370e-17,1.3826300157900325e-15,True,Q_left D(kappa) Q_right^T,SP+ (compact QR),1.1761969034414461e-01,-4.1633363423443370e-17,True
synthetic,structured_low_rank_update,aggregate,N/A,42,42,128,96,16,8,4.0000000000000000e+00,3.0000000000000000e+00,2.9999999999999987e+00,4.4408920985006262e-16,5.7735026918962595e-01,1.8709713890107664e+00,1.8353461069778170e+00,3.4330872613465664e-16,1.1761969034414466e-01,4.1633363423443370e-17,1.5778434258060796e-15,True,Q_left D(kappa) Q_right^T,RBLA prefix,6.7859321299198239e-01,5.6097352264783773e-01,True
synthetic,structured_low_rank_update,aggregate,N/A,42,42,128,96,16,8,4.0000000000000000e+00,3.0000000000000000e+00,2.9999999999999987e+00,4.4408920985006262e-16,5.7735026918962595e-01,1.8709713890107664e+00,1.8353461069778170e+00,3.4330872613465664e-16,1.1761969034414466e-01,4.1633363423443370e-17,1.5778434258060796e-15,True,Q_left D(kappa) Q_right^T,SP+ (compact QR),1.1761969034414461e-01,-4.1633363423443370e-17,True
synthetic,structured_low_rank_update,aggregate,N/A,42,42,128,96,16,8,4.0000000000000000e+00,5.0000000000000000e+00,4.9999999999999964e+00,7.1054273576010023e-16,4.4721359549995804e-01,2.1205546615903801e+00,2.0725337557881334e+00,3.9221148683302461e-16,1.1761969034414466e-01,4.1633363423443370e-17,1.5154379824461060e-15,True,Q_left D(kappa) Q_right^T,RBLA prefix,7.7091866830523281e-01,6.5329897796108816e-01,True
synthetic,structured_low_rank_update,aggregate,N/A,42,42,128,96,16,8,4.0000000000000000e+00,5.0000000000000000e+00,4.9999999999999964e+00,7.1054273576010023e-16,4.4721359549995804e-01,2.1205546615903801e+00,2.0725337557881334e+00,3.9221148683302461e-16,1.1761969034414466e-01,4.1633363423443370e-17,1.5154379824461060e-15,True,Q_left D(kappa) Q_right^T,SP+ (compact QR),1.1761969034414461e-01,-4.1633363423443370e-17,True
synthetic,structured_low_rank_update,aggregate,N/A,42,42,128,96,16,8,4.0000000000000000e+00,7.5000000000000000e+00,7.4999999999999982e+00,2.3684757858670006e-16,3.6514837167011083e-01,2.3911753531073292e+00,2.3354215841489738e+00,5.1362240877693350e-16,1.1761969034414466e-01,4.1633363423443370e-17,1.1119012785615894e-15,True,Q_left D(kappa) Q_right^T,RBLA prefix,8.9710487622583213e-01,7.7948518588168747e-01,True
synthetic,structured_low_rank_update,aggregate,N/A,42,42,128,96,16,8,4.0000000000000000e+00,7.5000000000000000e+00,7.4999999999999982e+00,2.3684757858670006e-16,3.6514837167011083e-01,2.3911753531073292e+00,2.3354215841489738e+00,5.1362240877693350e-16,1.1761969034414466e-01,4.1633363423443370e-17,1.1119012785615894e-15,True,Q_left D(kappa) Q_right^T,SP+ (compact QR),1.1761969034414461e-01,-4.1633363423443370e-17,True
synthetic,structured_low_rank_update,aggregate,N/A,42,42,128,96,16,8,4.0000000000000000e+00,1.0000000000000000e+01,9.9999999999999982e+00,1.7763568394002506e-16,3.1622776601683811e-01,2.6264989927759643e+00,2.5661858982640928e+00,4.7954498142980939e-16,1.1761969034414466e-01,4.1633363423443370e-17,1.3352916184492211e-15,True,Q_left D(kappa) Q_right^T,RBLA prefix,1.0283232924286410e+00,9.1070360208449630e-01,True
synthetic,structured_low_rank_update,aggregate,N/A,42,42,128,96,16,8,4.0000000000000000e+00,1.0000000000000000e+01,9.9999999999999982e+00,1.7763568394002506e-16,3.1622776601683811e-01,2.6264989927759643e+00,2.5661858982640928e+00,4.7954498142980939e-16,1.1761969034414466e-01,4.1633363423443370e-17,1.3352916184492211e-15,True,Q_left D(kappa) Q_right^T,SP+ (compact QR),1.1761969034414461e-01,-4.1633363423443370e-17,True
synthetic,structured_low_rank_update,aggregate,N/A,42,43,128,96,16,8,4.0000000000000000e+00,1.0000000000000000e+00,1.0000000000000009e+00,8.8817841970012523e-16,9.9999999999999944e-01,1.6457339059369434e+00,1.6457339059369440e+00,3.5628226280945951e-16,1.1761969034414466e-01,4.1633363423443370e-17,1.6663178326699047e-15,True,Q_left D(kappa) Q_right^T,RBLA prefix,5.8606696020620097e-01,4.6844726986205631e-01,True
synthetic,structured_low_rank_update,aggregate,N/A,42,43,128,96,16,8,4.0000000000000000e+00,1.0000000000000000e+00,1.0000000000000009e+00,8.8817841970012523e-16,9.9999999999999944e-01,1.6457339059369434e+00,1.6457339059369440e+00,3.5628226280945951e-16,1.1761969034414466e-01,4.1633363423443370e-17,1.6663178326699047e-15,True,Q_left D(kappa) Q_right^T,SP+ (compact QR),1.1761969034414461e-01,-4.1633363423443370e-17,True
synthetic,structured_low_rank_update,aggregate,N/A,42,43,128,96,16,8,4.0000000000000000e+00,1.5000000000000000e+00,1.5000000000000002e+00,1.4802973661668753e-16,8.1649658092772570e-01,1.6838615483131341e+00,1.6646709846482357e+00,3.4993347719324652e-16,1.1761969034414466e-01,4.1633363423443370e-17,1.3071048707466555e-15,True,Q_left D(kappa) Q_right^T,RBLA prefix,5.9351761396500990e-01,4.7589792362086525e-01,True
synthetic,structured_low_rank_update,aggregate,N/A,42,43,128,96,16,8,4.0000000000000000e+00,1.5000000000000000e+00,1.5000000000000002e+00,1.4802973661668753e-16,8.1649658092772570e-01,1.6838615483131341e+00,1.6646709846482357e+00,3.4993347719324652e-16,1.1761969034414466e-01,4.1633363423443370e-17,1.3071048707466555e-15,True,Q_left D(kappa) Q_right^T,SP+ (compact QR),1.1761969034414461e-01,-4.1633363423443370e-17,True
synthetic,structured_low_rank_update,aggregate,N/A,42,43,128,96,16,8,4.0000000000000000e+00,2.0000000000000000e+00,2.0000000000000004e+00,2.2204460492503131e-16,7.0710678118654735e-01,1.7450924905633545e+00,1.7134227692689050e+00,3.6530146408241191e-16,1.1761969034414466e-01,2.7755575615628914e-17,1.8187911847294017e-15,True,Q_left D(kappa) Q_right^T,RBLA prefix,6.0873432458144661e-01,4.9111463423730195e-01,True
synthetic,structured_low_rank_update,aggregate,N/A,42,43,128,96,16,8,4.0000000000000000e+00,2.0000000000000000e+00,2.0000000000000004e+00,2.2204460492503131e-16,7.0710678118654735e-01,1.7450924905633545e+00,1.7134227692689050e+00,3.6530146408241191e-16,1.1761969034414466e-01,2.7755575615628914e-17,1.8187911847294017e-15,True,Q_left D(kappa) Q_right^T,SP+ (compact QR),1.1761969034414463e-01,-2.7755575615628914e-17,True
synthetic,structured_low_rank_update,aggregate,N/A,42,43,128,96,16,8,4.0000000000000000e+00,3.0000000000000000e+00,3.0000000000000018e+00,5.9211894646675012e-16,5.7735026918962562e-01,1.8796826509011546e+00,1.8333167044813683e+00,3.5410560945638067e-16,1.1761969034414466e-01,4.1633363423443370e-17,1.3476092408601039e-15,True,Q_left D(kappa) Q_right^T,RBLA prefix,6.4844892044386704e-01,5.3082923009972238e-01,True
synthetic,structured_low_rank_update,aggregate,N/A,42,43,128,96,16,8,4.0000000000000000e+00,3.0000000000000000e+00,3.0000000000000018e+00,5.9211894646675012e-16,5.7735026918962562e-01,1.8796826509011546e+00,1.8333167044813683e+00,3.5410560945638067e-16,1.1761969034414466e-01,4.1633363423443370e-17,1.3476092408601039e-15,True,Q_left D(kappa) Q_right^T,SP+ (compact QR),1.1761969034414461e-01,-4.1633363423443370e-17,True
synthetic,structured_low_rank_update,aggregate,N/A,42,43,128,96,16,8,4.0000000000000000e+00,5.0000000000000000e+00,5.0000000000000000e+00,0.0000000000000000e+00,4.4721359549995787e-01,2.1322140655007376e+00,2.0735811843873320e+00,4.1057825541849340e-16,1.1761969034414466e-01,4.1633363423443370e-17,1.7856963011937131e-15,True,Q_left D(kappa) Q_right^T,RBLA prefix,7.4434874868720968e-01,6.2672905834306503e-01,True
synthetic,structured_low_rank_update,aggregate,N/A,42,43,128,96,16,8,4.0000000000000000e+00,5.0000000000000000e+00,5.0000000000000000e+00,0.0000000000000000e+00,4.4721359549995787e-01,2.1322140655007376e+00,2.0735811843873320e+00,4.1057825541849340e-16,1.1761969034414466e-01,4.1633363423443370e-17,1.7856963011937131e-15,True,Q_left D(kappa) Q_right^T,SP+ (compact QR),1.1761969034414461e-01,-4.1633363423443370e-17,True
synthetic,structured_low_rank_update,aggregate,N/A,42,43,128,96,16,8,4.0000000000000000e+00,7.5000000000000000e+00,7.5000000000000009e+00,1.1842378929335003e-16,3.6514837167011066e-01,2.4034928238515594e+00,2.3406303173699259e+00,4.9409981619036943e-16,1.1761969034414466e-01,4.1633363423443370e-17,1.3935461318791860e-15,True,Q_left D(kappa) Q_right^T,RBLA prefix,8.7916702187713469e-01,7.6154733153299004e-01,True
synthetic,structured_low_rank_update,aggregate,N/A,42,43,128,96,16,8,4.0000000000000000e+00,7.5000000000000000e+00,7.5000000000000009e+00,1.1842378929335003e-16,3.6514837167011066e-01,2.4034928238515594e+00,2.3406303173699259e+00,4.9409981619036943e-16,1.1761969034414466e-01,4.1633363423443370e-17,1.3935461318791860e-15,True,Q_left D(kappa) Q_right^T,SP+ (compact QR),1.1761969034414461e-01,-4.1633363423443370e-17,True
synthetic,structured_low_rank_update,aggregate,N/A,42,43,128,96,16,8,4.0000000000000000e+00,1.0000000000000000e+01,9.9999999999999964e+00,3.5527136788005011e-16,3.1622776601683800e-01,2.6380195944639730e+00,2.5751673794848333e+00,4.7897702953472233e-16,1.1761969034414466e-01,4.1633363423443370e-17,1.6162104437065626e-15,True,Q_left D(kappa) Q_right^T,RBLA prefix,1.0226405968507222e+00,9.0502090650657752e-01,True
synthetic,structured_low_rank_update,aggregate,N/A,42,43,128,96,16,8,4.0000000000000000e+00,1.0000000000000000e+01,9.9999999999999964e+00,3.5527136788005011e-16,3.1622776601683800e-01,2.6380195944639730e+00,2.5751673794848333e+00,4.7897702953472233e-16,1.1761969034414466e-01,4.1633363423443370e-17,1.6162104437065626e-15,True,Q_left D(kappa) Q_right^T,SP+ (compact QR),1.1761969034414461e-01,-4.1633363423443370e-17,True
synthetic,structured_low_rank_update,aggregate,N/A,42,44,128,96,16,8,4.0000000000000000e+00,1.0000000000000000e+00,1.0000000000000009e+00,8.8817841970012523e-16,9.9999999999999967e-01,1.6457339059369436e+00,1.6457339059369438e+00,3.7970913098146437e-16,1.1761969034414466e-01,2.7755575615628914e-17,1.6262462677540625e-15,True,Q_left D(kappa) Q_right^T,RBLA prefix,6.5283979135588588e-01,5.3522010101174122e-01,True
synthetic,structured_low_rank_update,aggregate,N/A,42,44,128,96,16,8,4.0000000000000000e+00,1.0000000000000000e+00,1.0000000000000009e+00,8.8817841970012523e-16,9.9999999999999967e-01,1.6457339059369436e+00,1.6457339059369438e+00,3.7970913098146437e-16,1.1761969034414466e-01,2.7755575615628914e-17,1.6262462677540625e-15,True,Q_left D(kappa) Q_right^T,SP+ (compact QR),1.1761969034414463e-01,-2.7755575615628914e-17,True
synthetic,structured_low_rank_update,aggregate,N/A,42,44,128,96,16,8,4.0000000000000000e+00,1.5000000000000000e+00,1.5000000000000007e+00,4.4408920985006262e-16,8.1649658092772559e-01,1.6833134306010742e+00,1.6627478044244626e+00,3.7303436631295585e-16,1.1761969034414466e-01,4.1633363423443370e-17,1.2771672721136265e-15,True,Q_left D(kappa) Q_right^T,RBLA prefix,6.6045555095698172e-01,5.4283586061283706e-01,True
synthetic,structured_low_rank_update,aggregate,N/A,42,44,128,96,16,8,4.0000000000000000e+00,1.5000000000000000e+00,1.5000000000000007e+00,4.4408920985006262e-16,8.1649658092772559e-01,1.6833134306010742e+00,1.6627478044244626e+00,3.7303436631295585e-16,1.1761969034414466e-01,4.1633363423443370e-17,1.2771672721136265e-15,True,Q_left D(kappa) Q_right^T,SP+ (compact QR),1.1761969034414461e-01,-4.1633363423443370e-17,True
synthetic,structured_low_rank_update,aggregate,N/A,42,44,128,96,16,8,4.0000000000000000e+00,2.0000000000000000e+00,2.0000000000000004e+00,2.2204460492503131e-16,7.0710678118654724e-01,1.7430964836288221e+00,1.7081857731767227e+00,3.6564665263461965e-16,1.1761969034414466e-01,4.1633363423443370e-17,1.5502826543543731e-15,True,Q_left D(kappa) Q_right^T,RBLA prefix,6.7578461617046071e-01,5.5816492582631605e-01,True
synthetic,structured_low_rank_update,aggregate,N/A,42,44,128,96,16,8,4.0000000000000000e+00,2.0000000000000000e+00,2.0000000000000004e+00,2.2204460492503131e-16,7.0710678118654724e-01,1.7430964836288221e+00,1.7081857731767227e+00,3.6564665263461965e-16,1.1761969034414466e-01,4.1633363423443370e-17,1.5502826543543731e-15,True,Q_left D(kappa) Q_right^T,SP+ (compact QR),1.1761969034414461e-01,-4.1633363423443370e-17,True
synthetic,structured_low_rank_update,aggregate,N/A,42,44,128,96,16,8,4.0000000000000000e+00,3.0000000000000000e+00,3.0000000000000009e+00,2.9605947323337506e-16,5.7735026918962606e-01,1.8746181391921173e+00,1.8201228337349213e+00,3.9076049932278596e-16,1.1761969034414466e-01,4.1633363423443370e-17,1.2341105966675906e-15,True,Q_left D(kappa) Q_right^T,RBLA prefix,7.1456066906029603e-01,5.9694097871615137e-01,True
synthetic,structured_low_rank_update,aggregate,N/A,42,44,128,96,16,8,4.0000000000000000e+00,3.0000000000000000e+00,3.0000000000000009e+00,2.9605947323337506e-16,5.7735026918962606e-01,1.8746181391921173e+00,1.8201228337349213e+00,3.9076049932278596e-16,1.1761969034414466e-01,4.1633363423443370e-17,1.2341105966675906e-15,True,Q_left D(kappa) Q_right^T,SP+ (compact QR),1.1761969034414461e-01,-4.1633363423443370e-17,True
synthetic,structured_low_rank_update,aggregate,N/A,42,44,128,96,16,8,4.0000000000000000e+00,5.0000000000000000e+00,5.0000000000000053e+00,1.0658141036401502e-15,4.4721359549995754e-01,2.1219000930780099e+00,2.0441699241312006e+00,4.1177868891321990e-16,1.1761969034414466e-01,4.1633363423443370e-17,1.4120468640575578e-15,True,Q_left D(kappa) Q_right^T,RBLA prefix,8.0277900084791332e-01,6.8515931050376866e-01,True
synthetic,structured_low_rank_update,aggregate,N/A,42,44,128,96,16,8,4.0000000000000000e+00,5.0000000000000000e+00,5.0000000000000053e+00,1.0658141036401502e-15,4.4721359549995754e-01,2.1219000930780099e+00,2.0441699241312006e+00,4.1177868891321990e-16,1.1761969034414466e-01,4.1633363423443370e-17,1.4120468640575578e-15,True,Q_left D(kappa) Q_right^T,SP+ (compact QR),1.1761969034414461e-01,-4.1633363423443370e-17,True
synthetic,structured_low_rank_update,aggregate,N/A,42,44,128,96,16,8,4.0000000000000000e+00,7.5000000000000000e+00,7.5000000000000027e+00,3.5527136788005011e-16,3.6514837167011055e-01,2.3876841825844100e+00,2.2929602183141320e+00,5.9758398346447210e-16,1.1761969034414466e-01,4.1633363423443370e-17,1.6899600840137000e-15,True,Q_left D(kappa) Q_right^T,RBLA prefix,9.1852707930222710e-01,8.0090738895808244e-01,True
synthetic,structured_low_rank_update,aggregate,N/A,42,44,128,96,16,8,4.0000000000000000e+00,7.5000000000000000e+00,7.5000000000000027e+00,3.5527136788005011e-16,3.6514837167011055e-01,2.3876841825844100e+00,2.2929602183141320e+00,5.9758398346447210e-16,1.1761969034414466e-01,4.1633363423443370e-17,1.6899600840137000e-15,True,Q_left D(kappa) Q_right^T,SP+ (compact QR),1.1761969034414461e-01,-4.1633363423443370e-17,True
synthetic,structured_low_rank_update,aggregate,N/A,42,44,128,96,16,8,4.0000000000000000e+00,1.0000000000000000e+01,1.0000000000000002e+01,1.7763568394002506e-16,3.1622776601683794e-01,2.6172442622760332e+00,2.5114405282134458e+00,5.6849573353138026e-16,1.1761969034414466e-01,4.1633363423443370e-17,1.3583464801144374e-15,True,Q_left D(kappa) Q_right^T,RBLA prefix,1.0351682941985112e+00,9.1754860385436654e-01,True
synthetic,structured_low_rank_update,aggregate,N/A,42,44,128,96,16,8,4.0000000000000000e+00,1.0000000000000000e+01,1.0000000000000002e+01,1.7763568394002506e-16,3.1622776601683794e-01,2.6172442622760332e+00,2.5114405282134458e+00,5.6849573353138026e-16,1.1761969034414466e-01,4.1633363423443370e-17,1.3583464801144374e-15,True,Q_left D(kappa) Q_right^T,SP+ (compact QR),1.1761969034414461e-01,-4.1633363423443370e-17,True
synthetic,structured_low_rank_update,aggregate,N/A,42,45,128,96,16,8,4.0000000000000000e+00,1.0000000000000000e+00,1.0000000000000009e+00,8.8817841970012523e-16,9.9999999999999956e-01,1.6457339059369436e+00,1.6457339059369438e+00,3.5580684655792380e-16,1.1761969034414466e-01,4.1633363423443370e-17,1.2681981025338971e-15,True,Q_left D(kappa) Q_right^T,RBLA prefix,6.7944834249210406e-01,5.6182865214795941e-01,True
synthetic,structured_low_rank_update,aggregate,N/A,42,45,128,96,16,8,4.0000000000000000e+00,1.0000000000000000e+00,1.0000000000000009e+00,8.8817841970012523e-16,9.9999999999999956e-01,1.6457339059369436e+00,1.6457339059369438e+00,3.5580684655792380e-16,1.1761969034414466e-01,4.1633363423443370e-17,1.2681981025338971e-15,True,Q_left D(kappa) Q_right^T,SP+ (compact QR),1.1761969034414461e-01,-4.1633363423443370e-17,True
synthetic,structured_low_rank_update,aggregate,N/A,42,45,128,96,16,8,4.0000000000000000e+00,1.5000000000000000e+00,1.4999999999999996e+00,2.9605947323337506e-16,8.1649658092772603e-01,1.6815321339960623e+00,1.6572468823879618e+00,3.3790606613229039e-16,1.1761969034414466e-01,4.1633363423443370e-17,1.4992718178500928e-15,True,Q_left D(kappa) Q_right^T,RBLA prefix,6.8450597505856736e-01,5.6688628471442271e-01,True
synthetic,structured_low_rank_update,aggregate,N/A,42,45,128,96,16,8,4.0000000000000000e+00,1.5000000000000000e+00,1.4999999999999996e+00,2.9605947323337506e-16,8.1649658092772603e-01,1.6815321339960623e+00,1.6572468823879618e+00,3.3790606613229039e-16,1.1761969034414466e-01,4.1633363423443370e-17,1.4992718178500928e-15,True,Q_left D(kappa) Q_right^T,SP+ (compact QR),1.1761969034414461e-01,-4.1633363423443370e-17,True
synthetic,structured_low_rank_update,aggregate,N/A,42,45,128,96,16,8,4.0000000000000000e+00,2.0000000000000000e+00,1.9999999999999993e+00,3.3306690738754696e-16,7.0710678118654757e-01,1.7360853269863632e+00,1.6941065294172606e+00,3.4196736295631185e-16,1.1761969034414466e-01,4.1633363423443370e-17,1.3479676619772845e-15,True,Q_left D(kappa) Q_right^T,RBLA prefix,6.9478573406758193e-01,5.7716604372343727e-01,True
synthetic,structured_low_rank_update,aggregate,N/A,42,45,128,96,16,8,4.0000000000000000e+00,2.0000000000000000e+00,1.9999999999999993e+00,3.3306690738754696e-16,7.0710678118654757e-01,1.7360853269863632e+00,1.6941065294172606e+00,3.4196736295631185e-16,1.1761969034414466e-01,4.1633363423443370e-17,1.3479676619772845e-15,True,Q_left D(kappa) Q_right^T,SP+ (compact QR),1.1761969034414461e-01,-4.1633363423443370e-17,True
synthetic,structured_low_rank_update,aggregate,N/A,42,45,128,96,16,8,4.0000000000000000e+00,3.0000000000000000e+00,3.0000000000000013e+00,4.4408920985006262e-16,5.7735026918962551e-01,1.8554945498969473e+00,1.7872370879538559e+00,3.5718261526639999e-16,1.1761969034414466e-01,2.7755575615628914e-17,1.4002190415008496e-15,True,Q_left D(kappa) Q_right^T,RBLA prefix,7.2134262641271862e-01,6.0372293606857397e-01,True
synthetic,structured_low_rank_update,aggregate,N/A,42,45,128,96,16,8,4.0000000000000000e+00,3.0000000000000000e+00,3.0000000000000013e+00,4.4408920985006262e-16,5.7735026918962551e-01,1.8554945498969473e+00,1.7872370879538559e+00,3.5718261526639999e-16,1.1761969034414466e-01,2.7755575615628914e-17,1.4002190415008496e-15,True,Q_left D(kappa) Q_right^T,SP+ (compact QR),1.1761969034414463e-01,-2.7755575615628914e-17,True
synthetic,structured_low_rank_update,aggregate,N/A,42,45,128,96,16,8,4.0000000000000000e+00,5.0000000000000000e+00,5.0000000000000000e+00,0.0000000000000000e+00,4.4721359549995782e-01,2.0812534084280818e+00,1.9762723311852926e+00,3.8271615566902198e-16,1.1761969034414466e-01,4.1633363423443370e-17,1.3616620232614243e-15,True,Q_left D(kappa) Q_right^T,RBLA prefix,7.8429701012658903e-01,6.6667731978244438e-01,True
synthetic,structured_low_rank_update,aggregate,N/A,42,45,128,96,16,8,4.0000000000000000e+00,5.0000000000000000e+00,5.0000000000000000e+00,0.0000000000000000e+00,4.4721359549995782e-01,2.0812534084280818e+00,1.9762723311852926e+00,3.8271615566902198e-16,1.1761969034414466e-01,4.1633363423443370e-17,1.3616620232614243e-15,True,Q_left D(kappa) Q_right^T,SP+ (compact QR),1.1761969034414461e-01,-4.1633363423443370e-17,True
synthetic,structured_low_rank_update,aggregate,N/A,42,45,128,96,16,8,4.0000000000000000e+00,7.5000000000000000e+00,7.4999999999999911e+00,1.1842378929335002e-15,3.6514837167011099e-01,2.3262238539687141e+00,2.1878842516092347e+00,4.4188663648016376e-16,1.1761969034414466e-01,4.1633363423443370e-17,1.5521739722892377e-15,True,Q_left D(kappa) Q_right^T,RBLA prefix,8.7110655696537775e-01,7.5348686662123310e-01,True
synthetic,structured_low_rank_update,aggregate,N/A,42,45,128,96,16,8,4.0000000000000000e+00,7.5000000000000000e+00,7.4999999999999911e+00,1.1842378929335002e-15,3.6514837167011099e-01,2.3262238539687141e+00,2.1878842516092347e+00,4.4188663648016376e-16,1.1761969034414466e-01,4.1633363423443370e-17,1.5521739722892377e-15,True,Q_left D(kappa) Q_right^T,SP+ (compact QR),1.1761969034414461e-01,-4.1633363423443370e-17,True
synthetic,structured_low_rank_update,aggregate,N/A,42,45,128,96,16,8,4.0000000000000000e+00,1.0000000000000000e+01,9.9999999999999947e+00,5.3290705182007512e-16,3.1622776601683805e-01,2.5394714551765647e+00,2.3744783419584916e+00,4.7306795772935429e-16,1.1761969034414466e-01,4.1633363423443370e-17,1.3497232879457963e-15,True,Q_left D(kappa) Q_right^T,RBLA prefix,9.6221070235501993e-01,8.4459101201087527e-01,True
synthetic,structured_low_rank_update,aggregate,N/A,42,45,128,96,16,8,4.0000000000000000e+00,1.0000000000000000e+01,9.9999999999999947e+00,5.3290705182007512e-16,3.1622776601683805e-01,2.5394714551765647e+00,2.3744783419584916e+00,4.7306795772935429e-16,1.1761969034414466e-01,4.1633363423443370e-17,1.3497232879457963e-15,True,Q_left D(kappa) Q_right^T,SP+ (compact QR),1.1761969034414461e-01,-4.1633363423443370e-17,True
synthetic,structured_low_rank_update,aggregate,N/A,42,46,128,96,16,8,4.0000000000000000e+00,1.0000000000000000e+00,1.0000000000000013e+00,1.3322676295501878e-15,9.9999999999999944e-01,1.6457339059369436e+00,1.6457339059369438e+00,3.6181541191304658e-16,1.1761969034414466e-01,4.1633363423443370e-17,1.3859130803704443e-15,True,Q_left D(kappa) Q_right^T,RBLA prefix,5.2358852215353213e-01,4.0596883180938748e-01,True
synthetic,structured_low_rank_update,aggregate,N/A,42,46,128,96,16,8,4.0000000000000000e+00,1.0000000000000000e+00,1.0000000000000013e+00,1.3322676295501878e-15,9.9999999999999944e-01,1.6457339059369436e+00,1.6457339059369438e+00,3.6181541191304658e-16,1.1761969034414466e-01,4.1633363423443370e-17,1.3859130803704443e-15,True,Q_left D(kappa) Q_right^T,SP+ (compact QR),1.1761969034414461e-01,-4.1633363423443370e-17,True
synthetic,structured_low_rank_update,aggregate,N/A,42,46,128,96,16,8,4.0000000000000000e+00,1.5000000000000000e+00,1.4999999999999996e+00,2.9605947323337506e-16,8.1649658092772659e-01,1.6735868275192374e+00,1.6748562772101834e+00,4.3834280963509181e-16,1.1761969034414466e-01,4.1633363423443370e-17,1.6590630898714224e-15,True,Q_left D(kappa) Q_right^T,RBLA prefix,5.2950989444950902e-01,4.1189020410536437e-01,True
synthetic,structured_low_rank_update,aggregate,N/A,42,46,128,96,16,8,4.0000000000000000e+00,1.5000000000000000e+00,1.4999999999999996e+00,2.9605947323337506e-16,8.1649658092772659e-01,1.6735868275192374e+00,1.6748562772101834e+00,4.3834280963509181e-16,1.1761969034414466e-01,4.1633363423443370e-17,1.6590630898714224e-15,True,Q_left D(kappa) Q_right^T,SP+ (compact QR),1.1761969034414461e-01,-4.1633363423443370e-17,True
synthetic,structured_low_rank_update,aggregate,N/A,42,46,128,96,16,8,4.0000000000000000e+00,2.0000000000000000e+00,2.0000000000000000e+00,0.0000000000000000e+00,7.0710678118654746e-01,1.7275046119740460e+00,1.7308695152090208e+00,3.6915981054010136e-16,1.1761969034414466e-01,4.1633363423443370e-17,1.3139421798028479e-15,True,Q_left D(kappa) Q_right^T,RBLA prefix,5.4176239438490181e-01,4.2414270404075716e-01,True
synthetic,structured_low_rank_update,aggregate,N/A,42,46,128,96,16,8,4.0000000000000000e+00,2.0000000000000000e+00,2.0000000000000000e+00,0.0000000000000000e+00,7.0710678118654746e-01,1.7275046119740460e+00,1.7308695152090208e+00,3.6915981054010136e-16,1.1761969034414466e-01,4.1633363423443370e-17,1.3139421798028479e-15,True,Q_left D(kappa) Q_right^T,SP+ (compact QR),1.1761969034414461e-01,-4.1633363423443370e-17,True
synthetic,structured_low_rank_update,aggregate,N/A,42,46,128,96,16,8,4.0000000000000000e+00,3.0000000000000000e+00,3.0000000000000018e+00,5.9211894646675012e-16,5.7735026918962562e-01,1.8518962913349233e+00,1.8614115990714946e+00,4.1744650381402829e-16,1.1761969034414466e-01,4.1633363423443370e-17,1.2463698473888256e-15,True,Q_left D(kappa) Q_right^T,RBLA prefix,5.7441668993036665e-01,4.5679699958622200e-01,True
synthetic,structured_low_rank_update,aggregate,N/A,42,46,128,96,16,8,4.0000000000000000e+00,3.0000000000000000e+00,3.0000000000000018e+00,5.9211894646675012e-16,5.7735026918962562e-01,1.8518962913349233e+00,1.8614115990714946e+00,4.1744650381402829e-16,1.1761969034414466e-01,4.1633363423443370e-17,1.2463698473888256e-15,True,Q_left D(kappa) Q_right^T,SP+ (compact QR),1.1761969034414461e-01,-4.1633363423443370e-17,True
synthetic,structured_low_rank_update,aggregate,N/A,42,46,128,96,16,8,4.0000000000000000e+00,5.0000000000000000e+00,4.9999999999999991e+00,1.7763568394002506e-16,4.4721359549995821e-01,2.0920420879308184e+00,2.1169129701514438e+00,3.9129074629794668e-16,1.1761969034414466e-01,2.7755575615628914e-17,1.7098197891386655e-15,True,Q_left D(kappa) Q_right^T,RBLA prefix,6.5483713345550221e-01,5.3721744311135755e-01,True
synthetic,structured_low_rank_update,aggregate,N/A,42,46,128,96,16,8,4.0000000000000000e+00,5.0000000000000000e+00,4.9999999999999991e+00,1.7763568394002506e-16,4.4721359549995821e-01,2.0920420879308184e+00,2.1169129701514438e+00,3.9129074629794668e-16,1.1761969034414466e-01,2.7755575615628914e-17,1.7098197891386655e-15,True,Q_left D(kappa) Q_right^T,SP+ (compact QR),1.1761969034414463e-01,-2.7755575615628914e-17,True
synthetic,structured_low_rank_update,aggregate,N/A,42,46,128,96,16,8,4.0000000000000000e+00,7.5000000000000000e+00,7.4999999999999964e+00,4.7369515717340012e-16,3.6514837167011094e-01,2.3540417439670733e+00,2.3988292612655093e+00,4.2672994424364169e-16,1.1761969034414466e-01,2.7755575615628914e-17,1.3996254714881814e-15,True,Q_left D(kappa) Q_right^T,RBLA prefix,7.6782402191970067e-01,6.5020433157555602e-01,True
synthetic,structured_low_rank_update,aggregate,N/A,42,46,128,96,16,8,4.0000000000000000e+00,7.5000000000000000e+00,7.4999999999999964e+00,4.7369515717340012e-16,3.6514837167011094e-01,2.3540417439670733e+00,2.3988292612655093e+00,4.2672994424364169e-16,1.1761969034414466e-01,2.7755575615628914e-17,1.3996254714881814e-15,True,Q_left D(kappa) Q_right^T,SP+ (compact QR),1.1761969034414463e-01,-2.7755575615628914e-17,True
synthetic,structured_low_rank_update,aggregate,N/A,42,46,128,96,16,8,4.0000000000000000e+00,1.0000000000000000e+01,9.9999999999999964e+00,3.5527136788005011e-16,3.1622776601683800e-01,2.5823274108366090e+00,2.6461911408367218e+00,5.2677555037732200e-16,1.1761969034414466e-01,4.1633363423443370e-17,1.5881395810424908e-15,True,Q_left D(kappa) Q_right^T,RBLA prefix,8.8628407118946795e-01,7.6866438084532329e-01,True
synthetic,structured_low_rank_update,aggregate,N/A,42,46,128,96,16,8,4.0000000000000000e+00,1.0000000000000000e+01,9.9999999999999964e+00,3.5527136788005011e-16,3.1622776601683800e-01,2.5823274108366090e+00,2.6461911408367218e+00,5.2677555037732200e-16,1.1761969034414466e-01,4.1633363423443370e-17,1.5881395810424908e-15,True,Q_left D(kappa) Q_right^T,SP+ (compact QR),1.1761969034414461e-01,-4.1633363423443370e-17,True
synthetic,structured_low_rank_update,aggregate,N/A,42,47,128,96,16,8,4.0000000000000000e+00,1.0000000000000000e+00,1.0000000000000007e+00,6.6613381477509392e-16,9.9999999999999956e-01,1.6457339059369436e+00,1.6457339059369436e+00,3.8505364395993906e-16,1.1761969034414466e-01,2.7755575615628914e-17,1.4279507459356002e-15,True,Q_left D(kappa) Q_right^T,RBLA prefix,5.8060906765928577e-01,4.6298937731514112e-01,True
synthetic,structured_low_rank_update,aggregate,N/A,42,47,128,96,16,8,4.0000000000000000e+00,1.0000000000000000e+00,1.0000000000000007e+00,6.6613381477509392e-16,9.9999999999999956e-01,1.6457339059369436e+00,1.6457339059369436e+00,3.8505364395993906e-16,1.1761969034414466e-01,2.7755575615628914e-17,1.4279507459356002e-15,True,Q_left D(kappa) Q_right^T,SP+ (compact QR),1.1761969034414463e-01,-2.7755575615628914e-17,True
synthetic,structured_low_rank_update,aggregate,N/A,42,47,128,96,16,8,4.0000000000000000e+00,1.5000000000000000e+00,1.4999999999999993e+00,4.4408920985006262e-16,8.1649658092772603e-01,1.6572826952650974e+00,1.6827206645465405e+00,3.2611557689651738e-16,1.1761969034414466e-01,2.7755575615628914e-17,1.8145946304469372e-15,True,Q_left D(kappa) Q_right^T,RBLA prefix,5.8663363192378992e-01,4.6901394157964527e-01,True
synthetic,structured_low_rank_update,aggregate,N/A,42,47,128,96,16,8,4.0000000000000000e+00,1.5000000000000000e+00,1.4999999999999993e+00,4.4408920985006262e-16,8.1649658092772603e-01,1.6572826952650974e+00,1.6827206645465405e+00,3.2611557689651738e-16,1.1761969034414466e-01,2.7755575615628914e-17,1.8145946304469372e-15,True,Q_left D(kappa) Q_right^T,SP+ (compact QR),1.1761969034414463e-01,-2.7755575615628914e-17,True
synthetic,structured_low_rank_update,aggregate,N/A,42,47,128,96,16,8,4.0000000000000000e+00,2.0000000000000000e+00,1.9999999999999991e+00,4.4408920985006262e-16,7.0710678118654768e-01,1.6950359957134891e+00,1.7386774898528623e+00,3.4981301744636974e-16,1.1761969034414466e-01,4.1633363423443370e-17,1.1903426251649528e-15,True,Q_left D(kappa) Q_right^T,RBLA prefix,5.9881169530252198e-01,4.8119200495837733e-01,True
synthetic,structured_low_rank_update,aggregate,N/A,42,47,128,96,16,8,4.0000000000000000e+00,2.0000000000000000e+00,1.9999999999999991e+00,4.4408920985006262e-16,7.0710678118654768e-01,1.6950359957134891e+00,1.7386774898528623e+00,3.4981301744636974e-16,1.1761969034414466e-01,4.1633363423443370e-17,1.1903426251649528e-15,True,Q_left D(kappa) Q_right^T,SP+ (compact QR),1.1761969034414461e-01,-4.1633363423443370e-17,True
synthetic,structured_low_rank_update,aggregate,N/A,42,47,128,96,16,8,4.0000000000000000e+00,3.0000000000000000e+00,3.0000000000000000e+00,0.0000000000000000e+00,5.7735026918962573e-01,1.7907513898027347e+00,1.8605341173449326e+00,3.8652463393175747e-16,1.1761969034414466e-01,4.1633363423443370e-17,1.4641904265311441e-15,True,Q_left D(kappa) Q_right^T,RBLA prefix,6.2987645740596598e-01,5.1225676706182133e-01,True
synthetic,structured_low_rank_update,aggregate,N/A,42,47,128,96,16,8,4.0000000000000000e+00,3.0000000000000000e+00,3.0000000000000000e+00,0.0000000000000000e+00,5.7735026918962573e-01,1.7907513898027347e+00,1.8605341173449326e+00,3.8652463393175747e-16,1.1761969034414466e-01,4.1633363423443370e-17,1.4641904265311441e-15,True,Q_left D(kappa) Q_right^T,SP+ (compact QR),1.1761969034414461e-01,-4.1633363423443370e-17,True
synthetic,structured_low_rank_update,aggregate,N/A,42,47,128,96,16,8,4.0000000000000000e+00,5.0000000000000000e+00,5.0000000000000000e+00,0.0000000000000000e+00,4.4721359549995793e-01,1.9853862576579993e+00,2.0895323217441604e+00,3.7680709274301223e-16,1.1761969034414466e-01,4.1633363423443370e-17,1.2066506122629279e-15,True,Q_left D(kappa) Q_right^T,RBLA prefix,7.0155881190275793e-01,5.8393912155861327e-01,True
synthetic,structured_low_rank_update,aggregate,N/A,42,47,128,96,16,8,4.0000000000000000e+00,5.0000000000000000e+00,5.0000000000000000e+00,0.0000000000000000e+00,4.4721359549995793e-01,1.9853862576579993e+00,2.0895323217441604e+00,3.7680709274301223e-16,1.1761969034414466e-01,4.1633363423443370e-17,1.2066506122629279e-15,True,Q_left D(kappa) Q_right^T,SP+ (compact QR),1.1761969034414461e-01,-4.1633363423443370e-17,True
synthetic,structured_low_rank_update,aggregate,N/A,42,47,128,96,16,8,4.0000000000000000e+00,7.5000000000000000e+00,7.4999999999999991e+00,1.1842378929335003e-16,3.6514837167011066e-01,2.2034975648536452e+00,2.3366826867865145e+00,4.0711651777218618e-16,1.1761969034414466e-01,4.1633363423443370e-17,1.3392882421359648e-15,True,Q_left D(kappa) Q_right^T,RBLA prefix,7.9703313971877288e-01,6.7941344937462822e-01,True
synthetic,structured_low_rank_update,aggregate,N/A,42,47,128,96,16,8,4.0000000000000000e+00,7.5000000000000000e+00,7.4999999999999991e+00,1.1842378929335003e-16,3.6514837167011066e-01,2.2034975648536452e+00,2.3366826867865145e+00,4.0711651777218618e-16,1.1761969034414466e-01,4.1633363423443370e-17,1.3392882421359648e-15,True,Q_left D(kappa) Q_right^T,SP+ (compact QR),1.1761969034414461e-01,-4.1633363423443370e-17,True
synthetic,structured_low_rank_update,aggregate,N/A,42,47,128,96,16,8,4.0000000000000000e+00,1.0000000000000000e+01,9.9999999999999947e+00,5.3290705182007512e-16,3.1622776601683805e-01,2.3959919413033606e+00,2.5510456753401827e+00,4.5329957623705713e-16,1.1761969034414466e-01,2.7755575615628914e-17,1.8102701906194350e-15,True,Q_left D(kappa) Q_right^T,RBLA prefix,8.9436991061157933e-01,7.7675022026743468e-01,True
synthetic,structured_low_rank_update,aggregate,N/A,42,47,128,96,16,8,4.0000000000000000e+00,1.0000000000000000e+01,9.9999999999999947e+00,5.3290705182007512e-16,3.1622776601683805e-01,2.3959919413033606e+00,2.5510456753401827e+00,4.5329957623705713e-16,1.1761969034414466e-01,2.7755575615628914e-17,1.8102701906194350e-15,True,Q_left D(kappa) Q_right^T,SP+ (compact QR),1.1761969034414463e-01,-2.7755575615628914e-17,True
synthetic,structured_low_rank_update,aggregate,N/A,42,48,128,96,16,8,4.0000000000000000e+00,1.0000000000000000e+00,1.0000000000000009e+00,8.8817841970012523e-16,9.9999999999999956e-01,1.6457339059369436e+00,1.6457339059369438e+00,4.0847762395307115e-16,1.1761969034414466e-01,4.1633363423443370e-17,1.3357461148072856e-15,True,Q_left D(kappa) Q_right^T,RBLA prefix,6.5376775777596374e-01,5.3614806743181909e-01,True
synthetic,structured_low_rank_update,aggregate,N/A,42,48,128,96,16,8,4.0000000000000000e+00,1.0000000000000000e+00,1.0000000000000009e+00,8.8817841970012523e-16,9.9999999999999956e-01,1.6457339059369436e+00,1.6457339059369438e+00,4.0847762395307115e-16,1.1761969034414466e-01,4.1633363423443370e-17,1.3357461148072856e-15,True,Q_left D(kappa) Q_right^T,SP+ (compact QR),1.1761969034414461e-01,-4.1633363423443370e-17,True
synthetic,structured_low_rank_update,aggregate,N/A,42,48,128,96,16,8,4.0000000000000000e+00,1.5000000000000000e+00,1.5000000000000004e+00,2.9605947323337506e-16,8.1649658092772592e-01,1.6748787304275143e+00,1.6759960998952812e+00,3.3993337208318682e-16,1.1761969034414466e-01,4.1633363423443370e-17,1.5979673149983285e-15,True,Q_left D(kappa) Q_right^T,RBLA prefix,6.5980254517984016e-01,5.4218285483569550e-01,True
synthetic,structured_low_rank_update,aggregate,N/A,42,48,128,96,16,8,4.0000000000000000e+00,1.5000000000000000e+00,1.5000000000000004e+00,2.9605947323337506e-16,8.1649658092772592e-01,1.6748787304275143e+00,1.6759960998952812e+00,3.3993337208318682e-16,1.1761969034414466e-01,4.1633363423443370e-17,1.5979673149983285e-15,True,Q_left D(kappa) Q_right^T,SP+ (compact QR),1.1761969034414461e-01,-4.1633363423443370e-17,True
synthetic,structured_low_rank_update,aggregate,N/A,42,48,128,96,16,8,4.0000000000000000e+00,2.0000000000000000e+00,2.0000000000000000e+00,0.0000000000000000e+00,7.0710678118654757e-01,1.7320733000537756e+00,1.7334427206460037e+00,3.6818879690116878e-16,1.1761969034414466e-01,4.1633363423443370e-17,1.2851538478003900e-15,True,Q_left D(kappa) Q_right^T,RBLA prefix,6.7216741459496021e-01,5.5454772425081555e-01,True
synthetic,structured_low_rank_update,aggregate,N/A,42,48,128,96,16,8,4.0000000000000000e+00,2.0000000000000000e+00,2.0000000000000000e+00,0.0000000000000000e+00,7.0710678118654757e-01,1.7320733000537756e+00,1.7334427206460037e+00,3.6818879690116878e-16,1.1761969034414466e-01,4.1633363423443370e-17,1.2851538478003900e-15,True,Q_left D(kappa) Q_right^T,SP+ (compact QR),1.1761969034414461e-01,-4.1633363423443370e-17,True
synthetic,structured_low_rank_update,aggregate,N/A,42,48,128,96,16,8,4.0000000000000000e+00,3.0000000000000000e+00,3.0000000000000000e+00,0.0000000000000000e+00,5.7735026918962573e-01,1.8655806759501024e+00,1.8659025911514002e+00,4.1926905976069754e-16,1.1761969034414466e-01,4.1633363423443370e-17,1.1532220331167096e-15,True,Q_left D(kappa) Q_right^T,RBLA prefix,7.0459978073286567e-01,5.8698009038872101e-01,True
synthetic,structured_low_rank_update,aggregate,N/A,42,48,128,96,16,8,4.0000000000000000e+00,3.0000000000000000e+00,3.0000000000000000e+00,0.0000000000000000e+00,5.7735026918962573e-01,1.8655806759501024e+00,1.8659025911514002e+00,4.1926905976069754e-16,1.1761969034414466e-01,4.1633363423443370e-17,1.1532220331167096e-15,True,Q_left D(kappa) Q_right^T,SP+ (compact QR),1.1761969034414461e-01,-4.1633363423443370e-17,True
synthetic,structured_low_rank_update,aggregate,N/A,42,48,128,96,16,8,4.0000000000000000e+00,5.0000000000000000e+00,4.9999999999999991e+00,1.7763568394002506e-16,4.4721359549995793e-01,2.1266251063286337e+00,2.1224908230779636e+00,4.1228997247146704e-16,1.1761969034414466e-01,4.1633363423443370e-17,1.5538637623086025e-15,True,Q_left D(kappa) Q_right^T,RBLA prefix,7.8325679318912456e-01,6.6563710284497990e-01,True
synthetic,structured_low_rank_update,aggregate,N/A,42,48,128,96,16,8,4.0000000000000000e+00,5.0000000000000000e+00,4.9999999999999991e+00,1.7763568394002506e-16,4.4721359549995793e-01,2.1266251063286337e+00,2.1224908230779636e+00,4.1228997247146704e-16,1.1761969034414466e-01,4.1633363423443370e-17,1.5538637623086025e-15,True,Q_left D(kappa) Q_right^T,SP+ (compact QR),1.1761969034414461e-01,-4.1633363423443370e-17,True
synthetic,structured_low_rank_update,aggregate,N/A,42,48,128,96,16,8,4.0000000000000000e+00,7.5000000000000000e+00,7.4999999999999973e+00,3.5527136788005011e-16,3.6514837167011083e-01,2.4143139863195717e+00,2.4037529320665860e+00,4.2936306451787817e-16,1.1761969034414466e-01,4.1633363423443370e-17,1.0387850188079278e-15,True,Q_left D(kappa) Q_right^T,RBLA prefix,8.9379576560273766e-01,7.7617607525859300e-01,True
synthetic,structured_low_rank_update,aggregate,N/A,42,48,128,96,16,8,4.0000000000000000e+00,7.5000000000000000e+00,7.4999999999999973e+00,3.5527136788005011e-16,3.6514837167011083e-01,2.4143139863195717e+00,2.4037529320665860e+00,4.2936306451787817e-16,1.1761969034414466e-01,4.1633363423443370e-17,1.0387850188079278e-15,True,Q_left D(kappa) Q_right^T,SP+ (compact QR),1.1761969034414461e-01,-4.1633363423443370e-17,True
synthetic,structured_low_rank_update,aggregate,N/A,42,48,128,96,16,8,4.0000000000000000e+00,1.0000000000000000e+01,9.9999999999999964e+00,3.5527136788005011e-16,3.1622776601683805e-01,2.6665854271597467e+00,2.6498208444624534e+00,5.0315553441322405e-16,1.1761969034414466e-01,2.7755575615628914e-17,1.7196968622389777e-15,True,Q_left D(kappa) Q_right^T,RBLA prefix,1.0110207052349200e+00,8.9340101489077539e-01,True
synthetic,structured_low_rank_update,aggregate,N/A,42,48,128,96,16,8,4.0000000000000000e+00,1.0000000000000000e+01,9.9999999999999964e+00,3.5527136788005011e-16,3.1622776601683805e-01,2.6665854271597467e+00,2.6498208444624534e+00,5.0315553441322405e-16,1.1761969034414466e-01,2.7755575615628914e-17,1.7196968622389777e-15,True,Q_left D(kappa) Q_right^T,SP+ (compact QR),1.1761969034414463e-01,-2.7755575615628914e-17,True
synthetic,structured_low_rank_update,aggregate,N/A,42,49,128,96,16,8,4.0000000000000000e+00,1.0000000000000000e+00,1.0000000000000011e+00,1.1102230246251565e-15,9.9999999999999944e-01,1.6457339059369436e+00,1.6457339059369438e+00,3.3708700313694534e-16,1.1761969034414466e-01,4.1633363423443370e-17,1.8600379332871677e-15,True,Q_left D(kappa) Q_right^T,RBLA prefix,5.9900157354100902e-01,4.8138188319686437e-01,True
synthetic,structured_low_rank_update,aggregate,N/A,42,49,128,96,16,8,4.0000000000000000e+00,1.0000000000000000e+00,1.0000000000000011e+00,1.1102230246251565e-15,9.9999999999999944e-01,1.6457339059369436e+00,1.6457339059369438e+00,3.3708700313694534e-16,1.1761969034414466e-01,4.1633363423443370e-17,1.8600379332871677e-15,True,Q_left D(kappa) Q_right^T,SP+ (compact QR),1.1761969034414461e-01,-4.1633363423443370e-17,True
synthetic,structured_low_rank_update,aggregate,N/A,42,49,128,96,16,8,4.0000000000000000e+00,1.5000000000000000e+00,1.4999999999999993e+00,4.4408920985006262e-16,8.1649658092772603e-01,1.6712874128577340e+00,1.6687372704755190e+00,3.8670669845870067e-16,1.1761969034414466e-01,4.1633363423443370e-17,1.7372715130195884e-15,True,Q_left D(kappa) Q_right^T,RBLA prefix,6.0242901148488870e-01,4.8480932114074404e-01,True
synthetic,structured_low_rank_update,aggregate,N/A,42,49,128,96,16,8,4.0000000000000000e+00,1.5000000000000000e+00,1.4999999999999993e+00,4.4408920985006262e-16,8.1649658092772603e-01,1.6712874128577340e+00,1.6687372704755190e+00,3.8670669845870067e-16,1.1761969034414466e-01,4.1633363423443370e-17,1.7372715130195884e-15,True,Q_left D(kappa) Q_right^T,SP+ (compact QR),1.1761969034414461e-01,-4.1633363423443370e-17,True
synthetic,structured_low_rank_update,aggregate,N/A,42,49,128,96,16,8,4.0000000000000000e+00,2.0000000000000000e+00,1.9999999999999987e+00,6.6613381477509392e-16,7.0710678118654779e-01,1.7190098931122562e+00,1.7149000726999117e+00,3.8364228192786314e-16,1.1761969034414466e-01,4.1633363423443370e-17,1.3974952294375124e-15,True,Q_left D(kappa) Q_right^T,RBLA prefix,6.0937263230855709e-01,4.9175294196441244e-01,True
synthetic,structured_low_rank_update,aggregate,N/A,42,49,128,96,16,8,4.0000000000000000e+00,2.0000000000000000e+00,1.9999999999999987e+00,6.6613381477509392e-16,7.0710678118654779e-01,1.7190098931122562e+00,1.7149000726999117e+00,3.8364228192786314e-16,1.1761969034414466e-01,4.1633363423443370e-17,1.3974952294375124e-15,True,Q_left D(kappa) Q_right^T,SP+ (compact QR),1.1761969034414461e-01,-4.1633363423443370e-17,True
synthetic,structured_low_rank_update,aggregate,N/A,42,49,128,96,16,8,4.0000000000000000e+00,3.0000000000000000e+00,3.0000000000000004e+00,1.4802973661668753e-16,5.7735026918962573e-01,1.8290799244846998e+00,1.8234401870191657e+00,3.6318148907788485e-16,1.1761969034414466e-01,4.1633363423443370e-17,1.4745908014503101e-15,True,Q_left D(kappa) Q_right^T,RBLA prefix,6.2717371705217739e-01,5.0955402670803274e-01,True
synthetic,structured_low_rank_update,aggregate,N/A,42,49,128,96,16,8,4.0000000000000000e+00,3.0000000000000000e+00,3.0000000000000004e+00,1.4802973661668753e-16,5.7735026918962573e-01,1.8290799244846998e+00,1.8234401870191657e+00,3.6318148907788485e-16,1.1761969034414466e-01,4.1633363423443370e-17,1.4745908014503101e-15,True,Q_left D(kappa) Q_right^T,SP+ (compact QR),1.1761969034414461e-01,-4.1633363423443370e-17,True
synthetic,structured_low_rank_update,aggregate,N/A,42,49,128,96,16,8,4.0000000000000000e+00,5.0000000000000000e+00,4.9999999999999982e+00,3.5527136788005011e-16,4.4721359549995821e-01,2.0431717517575239e+00,2.0371918204229216e+00,3.7393147102053069e-16,1.1761969034414466e-01,4.1633363423443370e-17,1.0941464148977474e-15,True,Q_left D(kappa) Q_right^T,RBLA prefix,6.6867774243210043e-01,5.5105805208795577e-01,True
synthetic,structured_low_rank_update,aggregate,N/A,42,49,128,96,16,8,4.0000000000000000e+00,5.0000000000000000e+00,4.9999999999999982e+00,3.5527136788005011e-16,4.4721359549995821e-01,2.0431717517575239e+00,2.0371918204229216e+00,3.7393147102053069e-16,1.1761969034414466e-01,4.1633363423443370e-17,1.0941464148977474e-15,True,Q_left D(kappa) Q_right^T,SP+ (compact QR),1.1761969034414461e-01,-4.1633363423443370e-17,True
synthetic,structured_low_rank_update,aggregate,N/A,42,49,128,96,16,8,4.0000000000000000e+00,7.5000000000000000e+00,7.4999999999999982e+00,2.3684757858670006e-16,3.6514837167011077e-01,2.2788017071373039e+00,2.2741580740687737e+00,4.4265324437095444e-16,1.1761969034414466e-01,2.7755575615628914e-17,1.3018249368593225e-15,True,Q_left D(kappa) Q_right^T,RBLA prefix,7.2467692327093258e-01,6.0705723292678793e-01,True
synthetic,structured_low_rank_update,aggregate,N/A,42,49,128,96,16,8,4.0000000000000000e+00,7.5000000000000000e+00,7.4999999999999982e+00,2.3684757858670006e-16,3.6514837167011077e-01,2.2788017071373039e+00,2.2741580740687737e+00,4.4265324437095444e-16,1.1761969034414466e-01,2.7755575615628914e-17,1.3018249368593225e-15,True,Q_left D(kappa) Q_right^T,SP+ (compact QR),1.1761969034414463e-01,-2.7755575615628914e-17,True
synthetic,structured_low_rank_update,aggregate,N/A,42,49,128,96,16,8,4.0000000000000000e+00,1.0000000000000000e+01,1.0000000000000002e+01,1.7763568394002506e-16,3.1622776601683794e-01,2.4853767259166824e+00,2.4827080268480795e+00,4.5149222527176629e-16,1.1761969034414466e-01,4.1633363423443370e-17,1.4350255841461724e-15,True,Q_left D(kappa) Q_right^T,RBLA prefix,7.8233998358006007e-01,6.6472029323591542e-01,True
synthetic,structured_low_rank_update,aggregate,N/A,42,49,128,96,16,8,4.0000000000000000e+00,1.0000000000000000e+01,1.0000000000000002e+01,1.7763568394002506e-16,3.1622776601683794e-01,2.4853767259166824e+00,2.4827080268480795e+00,4.5149222527176629e-16,1.1761969034414466e-01,4.1633363423443370e-17,1.4350255841461724e-15,True,Q_left D(kappa) Q_right^T,SP+ (compact QR),1.1761969034414461e-01,-4.1633363423443370e-17,True
synthetic,structured_low_rank_update,aggregate,N/A,42,50,128,96,16,8,4.0000000000000000e+00,1.0000000000000000e+00,1.0000000000000007e+00,6.6613381477509392e-16,9.9999999999999967e-01,1.6457339059369436e+00,1.6457339059369438e+00,3.3611098718422487e-16,1.1761969034414466e-01,2.7755575615628914e-17,1.0463093785817410e-15,True,Q_left D(kappa) Q_right^T,RBLA prefix,6.2018622528961731e-01,5.0256653494547265e-01,True
synthetic,structured_low_rank_update,aggregate,N/A,42,50,128,96,16,8,4.0000000000000000e+00,1.0000000000000000e+00,1.0000000000000007e+00,6.6613381477509392e-16,9.9999999999999967e-01,1.6457339059369436e+00,1.6457339059369438e+00,3.3611098718422487e-16,1.1761969034414466e-01,2.7755575615628914e-17,1.0463093785817410e-15,True,Q_left D(kappa) Q_right^T,SP+ (compact QR),1.1761969034414463e-01,-2.7755575615628914e-17,True
synthetic,structured_low_rank_update,aggregate,N/A,42,50,128,96,16,8,4.0000000000000000e+00,1.5000000000000000e+00,1.4999999999999996e+00,2.9605947323337506e-16,8.1649658092772592e-01,1.6704598359968179e+00,1.6689491021998020e+00,3.6911666591745266e-16,1.1761969034414466e-01,4.1633363423443370e-17,1.8809562090961042e-15,True,Q_left D(kappa) Q_right^T,RBLA prefix,6.2662986661794340e-01,5.0901017627379874e-01,True
synthetic,structured_low_rank_update,aggregate,N/A,42,50,128,96,16,8,4.0000000000000000e+00,1.5000000000000000e+00,1.4999999999999996e+00,2.9605947323337506e-16,8.1649658092772592e-01,1.6704598359968179e+00,1.6689491021998020e+00,3.6911666591745266e-16,1.1761969034414466e-01,4.1633363423443370e-17,1.8809562090961042e-15,True,Q_left D(kappa) Q_right^T,SP+ (compact QR),1.1761969034414461e-01,-4.1633363423443370e-17,True
synthetic,structured_low_rank_update,aggregate,N/A,42,50,128,96,16,8,4.0000000000000000e+00,2.0000000000000000e+00,1.9999999999999991e+00,4.4408920985006262e-16,7.0710678118654768e-01,1.7170349963216054e+00,1.7149872749760362e+00,3.9230990888923895e-16,1.1761969034414466e-01,4.1633363423443370e-17,1.3228193548919371e-15,True,Q_left D(kappa) Q_right^T,RBLA prefix,6.3950263491517012e-01,5.2188294457102546e-01,True
synthetic,structured_low_rank_update,aggregate,N/A,42,50,128,96,16,8,4.0000000000000000e+00,2.0000000000000000e+00,1.9999999999999991e+00,4.4408920985006262e-16,7.0710678118654768e-01,1.7170349963216054e+00,1.7149872749760362e+00,3.9230990888923895e-16,1.1761969034414466e-01,4.1633363423443370e-17,1.3228193548919371e-15,True,Q_left D(kappa) Q_right^T,SP+ (compact QR),1.1761969034414461e-01,-4.1633363423443370e-17,True
synthetic,structured_low_rank_update,aggregate,N/A,42,50,128,96,16,8,4.0000000000000000e+00,3.0000000000000000e+00,3.0000000000000000e+00,0.0000000000000000e+00,5.7735026918962551e-01,1.8242921177086955e+00,1.8229779885818176e+00,3.9879304335995656e-16,1.1761969034414466e-01,4.1633363423443370e-17,1.6010665912627092e-15,True,Q_left D(kappa) Q_right^T,RBLA prefix,6.7160870289113650e-01,5.5398901254699184e-01,True
synthetic,structured_low_rank_update,aggregate,N/A,42,50,128,96,16,8,4.0000000000000000e+00,3.0000000000000000e+00,3.0000000000000000e+00,0.0000000000000000e+00,5.7735026918962551e-01,1.8242921177086955e+00,1.8229779885818176e+00,3.9879304335995656e-16,1.1761969034414466e-01,4.1633363423443370e-17,1.6010665912627092e-15,True,Q_left D(kappa) Q_right^T,SP+ (compact QR),1.1761969034414461e-01,-4.1633363423443370e-17,True
synthetic,structured_low_rank_update,aggregate,N/A,42,50,128,96,16,8,4.0000000000000000e+00,5.0000000000000000e+00,4.9999999999999973e+00,5.3290705182007512e-16,4.4721359549995804e-01,2.0318077065213882e+00,2.0352162734160029e+00,3.9253551209671442e-16,1.1761969034414466e-01,4.1633363423443370e-17,1.3345632821427576e-15,True,Q_left D(kappa) Q_right^T,RBLA prefix,7.4315065651707668e-01,6.2553096617293202e-01,True
synthetic,structured_low_rank_update,aggregate,N/A,42,50,128,96,16,8,4.0000000000000000e+00,5.0000000000000000e+00,4.9999999999999973e+00,5.3290705182007512e-16,4.4721359549995804e-01,2.0318077065213882e+00,2.0352162734160029e+00,3.9253551209671442e-16,1.1761969034414466e-01,4.1633363423443370e-17,1.3345632821427576e-15,True,Q_left D(kappa) Q_right^T,SP+ (compact QR),1.1761969034414461e-01,-4.1633363423443370e-17,True
synthetic,structured_low_rank_update,aggregate,N/A,42,50,128,96,16,8,4.0000000000000000e+00,7.5000000000000000e+00,7.4999999999999938e+00,8.2896652505345023e-16,3.6514837167011088e-01,2.2586174676589073e+00,2.2699682476023386e+00,4.8278297882723696e-16,1.1761969034414466e-01,4.1633363423443370e-17,1.1023336687430097e-15,True,Q_left D(kappa) Q_right^T,RBLA prefix,8.3554108372895397e-01,7.1792139338480931e-01,True
synthetic,structured_low_rank_update,aggregate,N/A,42,50,128,96,16,8,4.0000000000000000e+00,7.5000000000000000e+00,7.4999999999999938e+00,8.2896652505345023e-16,3.6514837167011088e-01,2.2586174676589073e+00,2.2699682476023386e+00,4.8278297882723696e-16,1.1761969034414466e-01,4.1633363423443370e-17,1.1023336687430097e-15,True,Q_left D(kappa) Q_right^T,SP+ (compact QR),1.1761969034414461e-01,-4.1633363423443370e-17,True
synthetic,structured_low_rank_update,aggregate,N/A,42,50,128,96,16,8,4.0000000000000000e+00,1.0000000000000000e+01,9.9999999999999947e+00,5.3290705182007512e-16,3.1622776601683800e-01,2.4562600809857491e+00,2.4761294822701645e+00,4.7546094196671511e-16,1.1761969034414466e-01,4.1633363423443370e-17,1.2254021452070870e-15,True,Q_left D(kappa) Q_right^T,RBLA prefix,9.2805559339847354e-01,8.1043590305432889e-01,True
synthetic,structured_low_rank_update,aggregate,N/A,42,50,128,96,16,8,4.0000000000000000e+00,1.0000000000000000e+01,9.9999999999999947e+00,5.3290705182007512e-16,3.1622776601683800e-01,2.4562600809857491e+00,2.4761294822701645e+00,4.7546094196671511e-16,1.1761969034414466e-01,4.1633363423443370e-17,1.2254021452070870e-15,True,Q_left D(kappa) Q_right^T,SP+ (compact QR),1.1761969034414461e-01,-4.1633363423443370e-17,True
synthetic,structured_low_rank_update,aggregate,N/A,42,51,128,96,16,8,4.0000000000000000e+00,1.0000000000000000e+00,1.0000000000000007e+00,6.6613381477509392e-16,9.9999999999999956e-01,1.6457339059369436e+00,1.6457339059369438e+00,3.3646777845190946e-16,1.1761969034414466e-01,4.1633363423443370e-17,1.4386020281869537e-15,True,Q_left D(kappa) Q_right^T,RBLA prefix,7.1354030560563242e-01,5.9592061526148776e-01,True
synthetic,structured_low_rank_update,aggregate,N/A,42,51,128,96,16,8,4.0000000000000000e+00,1.0000000000000000e+00,1.0000000000000007e+00,6.6613381477509392e-16,9.9999999999999956e-01,1.6457339059369436e+00,1.6457339059369438e+00,3.3646777845190946e-16,1.1761969034414466e-01,4.1633363423443370e-17,1.4386020281869537e-15,True,Q_left D(kappa) Q_right^T,SP+ (compact QR),1.1761969034414461e-01,-4.1633363423443370e-17,True
synthetic,structured_low_rank_update,aggregate,N/A,42,51,128,96,16,8,4.0000000000000000e+00,1.5000000000000000e+00,1.5000000000000004e+00,2.9605947323337506e-16,8.1649658092772581e-01,1.7133405296089230e+00,1.6233997713772754e+00,3.4245169846302149e-16,1.1761969034414466e-01,4.1633363423443370e-17,1.3840102274645083e-15,True,Q_left D(kappa) Q_right^T,RBLA prefix,7.1893962277383061e-01,6.0131993242968595e-01,True
synthetic,structured_low_rank_update,aggregate,N/A,42,51,128,96,16,8,4.0000000000000000e+00,1.5000000000000000e+00,1.5000000000000004e+00,2.9605947323337506e-16,8.1649658092772581e-01,1.7133405296089230e+00,1.6233997713772754e+00,3.4245169846302149e-16,1.1761969034414466e-01,4.1633363423443370e-17,1.3840102274645083e-15,True,Q_left D(kappa) Q_right^T,SP+ (compact QR),1.1761969034414461e-01,-4.1633363423443370e-17,True
synthetic,structured_low_rank_update,aggregate,N/A,42,51,128,96,16,8,4.0000000000000000e+00,2.0000000000000000e+00,2.0000000000000000e+00,0.0000000000000000e+00,7.0710678118654735e-01,1.7887099902023473e+00,1.6355584870300901e+00,3.4052760120395682e-16,1.1761969034414466e-01,4.1633363423443370e-17,1.5202057597948623e-15,True,Q_left D(kappa) Q_right^T,RBLA prefix,7.2980269576310031e-01,6.1218300541895565e-01,True
synthetic,structured_low_rank_update,aggregate,N/A,42,51,128,96,16,8,4.0000000000000000e+00,2.0000000000000000e+00,2.0000000000000000e+00,0.0000000000000000e+00,7.0710678118654735e-01,1.7887099902023473e+00,1.6355584870300901e+00,3.4052760120395682e-16,1.1761969034414466e-01,4.1633363423443370e-17,1.5202057597948623e-15,True,Q_left D(kappa) Q_right^T,SP+ (compact QR),1.1761969034414461e-01,-4.1633363423443370e-17,True
synthetic,structured_low_rank_update,aggregate,N/A,42,51,128,96,16,8,4.0000000000000000e+00,3.0000000000000000e+00,3.0000000000000009e+00,2.9605947323337506e-16,5.7735026918962573e-01,1.9344159823514151e+00,1.6935810734362957e+00,3.4644177000190475e-16,1.1761969034414466e-01,4.1633363423443370e-17,1.3713100785630713e-15,True,Q_left D(kappa) Q_right^T,RBLA prefix,7.5734628853440633e-01,6.3972659819026167e-01,True
synthetic,structured_low_rank_update,aggregate,N/A,42,51,128,96,16,8,4.0000000000000000e+00,3.0000000000000000e+00,3.0000000000000009e+00,2.9605947323337506e-16,5.7735026918962573e-01,1.9344159823514151e+00,1.6935810734362957e+00,3.4644177000190475e-16,1.1761969034414466e-01,4.1633363423443370e-17,1.3713100785630713e-15,True,Q_left D(kappa) Q_right^T,SP+ (compact QR),1.1761969034414461e-01,-4.1633363423443370e-17,True
synthetic,structured_low_rank_update,aggregate,N/A,42,51,128,96,16,8,4.0000000000000000e+00,5.0000000000000000e+00,5.0000000000000027e+00,5.3290705182007512e-16,4.4721359549995776e-01,2.1875226291811503e+00,1.8386248881743474e+00,3.6112075039000199e-16,1.1761969034414466e-01,4.1633363423443370e-17,1.0795009591058933e-15,True,Q_left D(kappa) Q_right^T,RBLA prefix,8.2099825250885194e-01,7.0337856216470729e-01,True
synthetic,structured_low_rank_update,aggregate,N/A,42,51,128,96,16,8,4.0000000000000000e+00,5.0000000000000000e+00,5.0000000000000027e+00,5.3290705182007512e-16,4.4721359549995776e-01,2.1875226291811503e+00,1.8386248881743474e+00,3.6112075039000199e-16,1.1761969034414466e-01,4.1633363423443370e-17,1.0795009591058933e-15,True,Q_left D(kappa) Q_right^T,SP+ (compact QR),1.1761969034414461e-01,-4.1633363423443370e-17,True
synthetic,structured_low_rank_update,aggregate,N/A,42,51,128,96,16,8,4.0000000000000000e+00,7.5000000000000000e+00,7.4999999999999964e+00,4.7369515717340012e-16,3.6514837167011094e-01,2.4491631159448271e+00,2.0156140737901524e+00,4.0494786921117986e-16,1.1761969034414466e-01,4.1633363423443370e-17,1.4580114521536579e-15,True,Q_left D(kappa) Q_right^T,RBLA prefix,9.0749654190235396e-01,7.8987685155820930e-01,True
synthetic,structured_low_rank_update,aggregate,N/A,42,51,128,96,16,8,4.0000000000000000e+00,7.5000000000000000e+00,7.4999999999999964e+00,4.7369515717340012e-16,3.6514837167011094e-01,2.4491631159448271e+00,2.0156140737901524e+00,4.0494786921117986e-16,1.1761969034414466e-01,4.1633363423443370e-17,1.4580114521536579e-15,True,Q_left D(kappa) Q_right^T,SP+ (compact QR),1.1761969034414461e-01,-4.1633363423443370e-17,True
synthetic,structured_low_rank_update,aggregate,N/A,42,51,128,96,16,8,4.0000000000000000e+00,1.0000000000000000e+01,1.0000000000000002e+01,1.7763568394002506e-16,3.1622776601683794e-01,2.6713286816698911e+00,2.1776289755745606e+00,4.4941893889939833e-16,1.1761969034414466e-01,4.1633363423443370e-17,1.5149776568163525e-15,True,Q_left D(kappa) Q_right^T,RBLA prefix,9.9832414153166060e-01,8.8070445118751595e-01,True
synthetic,structured_low_rank_update,aggregate,N/A,42,51,128,96,16,8,4.0000000000000000e+00,1.0000000000000000e+01,1.0000000000000002e+01,1.7763568394002506e-16,3.1622776601683794e-01,2.6713286816698911e+00,2.1776289755745606e+00,4.4941893889939833e-16,1.1761969034414466e-01,4.1633363423443370e-17,1.5149776568163525e-15,True,Q_left D(kappa) Q_right^T,SP+ (compact QR),1.1761969034414461e-01,-4.1633363423443370e-17,True
synthetic,structured_low_rank_update,aggregate,N/A,42,52,128,96,16,8,4.0000000000000000e+00,1.0000000000000000e+00,1.0000000000000009e+00,8.8817841970012523e-16,9.9999999999999956e-01,1.6457339059369436e+00,1.6457339059369436e+00,3.7732747929540711e-16,1.1761969034414466e-01,4.1633363423443370e-17,1.2363575619067394e-15,True,Q_left D(kappa) Q_right^T,RBLA prefix,6.9966338718841337e-01,5.8204369684426871e-01,True
synthetic,structured_low_rank_update,aggregate,N/A,42,52,128,96,16,8,4.0000000000000000e+00,1.0000000000000000e+00,1.0000000000000009e+00,8.8817841970012523e-16,9.9999999999999956e-01,1.6457339059369436e+00,1.6457339059369436e+00,3.7732747929540711e-16,1.1761969034414466e-01,4.1633363423443370e-17,1.2363575619067394e-15,True,Q_left D(kappa) Q_right^T,SP+ (compact QR),1.1761969034414461e-01,-4.1633363423443370e-17,True
synthetic,structured_low_rank_update,aggregate,N/A,42,52,128,96,16,8,4.0000000000000000e+00,1.5000000000000000e+00,1.4999999999999996e+00,2.9605947323337506e-16,8.1649658092772626e-01,1.6530800640410639e+00,1.6917597336071002e+00,3.7172480285027838e-16,1.1761969034414466e-01,4.1633363423443370e-17,1.3454970083255323e-15,True,Q_left D(kappa) Q_right^T,RBLA prefix,7.0587500096427980e-01,5.8825531062013514e-01,True
synthetic,structured_low_rank_update,aggregate,N/A,42,52,128,96,16,8,4.0000000000000000e+00,1.5000000000000000e+00,1.4999999999999996e+00,2.9605947323337506e-16,8.1649658092772626e-01,1.6530800640410639e+00,1.6917597336071002e+00,3.7172480285027838e-16,1.1761969034414466e-01,4.1633363423443370e-17,1.3454970083255323e-15,True,Q_left D(kappa) Q_right^T,SP+ (compact QR),1.1761969034414461e-01,-4.1633363423443370e-17,True
synthetic,structured_low_rank_update,aggregate,N/A,42,52,128,96,16,8,4.0000000000000000e+00,2.0000000000000000e+00,1.9999999999999984e+00,7.7715611723760958e-16,7.0710678118654779e-01,1.6899655735828534e+00,1.7577497738473242e+00,3.7569357844039087e-16,1.1761969034414466e-01,4.1633363423443370e-17,1.2070912934248803e-15,True,Q_left D(kappa) Q_right^T,RBLA prefix,7.1845537028957984e-01,6.0083567994543519e-01,True
synthetic,structured_low_rank_update,aggregate,N/A,42,52,128,96,16,8,4.0000000000000000e+00,2.0000000000000000e+00,1.9999999999999984e+00,7.7715611723760958e-16,7.0710678118654779e-01,1.6899655735828534e+00,1.7577497738473242e+00,3.7569357844039087e-16,1.1761969034414466e-01,4.1633363423443370e-17,1.2070912934248803e-15,True,Q_left D(kappa) Q_right^T,SP+ (compact QR),1.1761969034414461e-01,-4.1633363423443370e-17,True
synthetic,structured_low_rank_update,aggregate,N/A,42,52,128,96,16,8,4.0000000000000000e+00,3.0000000000000000e+00,2.9999999999999996e+00,1.4802973661668753e-16,5.7735026918962584e-01,1.7861662514145755e+00,1.8996133866298839e+00,4.2214404636307666e-16,1.1761969034414466e-01,4.1633363423443370e-17,1.1772228282183199e-15,True,Q_left D(kappa) Q_right^T,RBLA prefix,7.5076549327695374e-01,6.3314580293280909e-01,True
synthetic,structured_low_rank_update,aggregate,N/A,42,52,128,96,16,8,4.0000000000000000e+00,3.0000000000000000e+00,2.9999999999999996e+00,1.4802973661668753e-16,5.7735026918962584e-01,1.7861662514145755e+00,1.8996133866298839e+00,4.2214404636307666e-16,1.1761969034414466e-01,4.1633363423443370e-17,1.1772228282183199e-15,True,Q_left D(kappa) Q_right^T,SP+ (compact QR),1.1761969034414461e-01,-4.1633363423443370e-17,True
synthetic,structured_low_rank_update,aggregate,N/A,42,52,128,96,16,8,4.0000000000000000e+00,5.0000000000000000e+00,4.9999999999999973e+00,5.3290705182007512e-16,4.4721359549995821e-01,1.9819508860095705e+00,2.1647734439951645e+00,4.2391828489078833e-16,1.1761969034414466e-01,4.1633363423443370e-17,1.5213735392051247e-15,True,Q_left D(kappa) Q_right^T,RBLA prefix,8.2692209609255773e-01,7.0930240574841308e-01,True
synthetic,structured_low_rank_update,aggregate,N/A,42,52,128,96,16,8,4.0000000000000000e+00,5.0000000000000000e+00,4.9999999999999973e+00,5.3290705182007512e-16,4.4721359549995821e-01,1.9819508860095705e+00,2.1647734439951645e+00,4.2391828489078833e-16,1.1761969034414466e-01,4.1633363423443370e-17,1.5213735392051247e-15,True,Q_left D(kappa) Q_right^T,SP+ (compact QR),1.1761969034414461e-01,-4.1633363423443370e-17,True
synthetic,structured_low_rank_update,aggregate,N/A,42,52,128,96,16,8,4.0000000000000000e+00,7.5000000000000000e+00,7.5000000000000036e+00,4.7369515717340012e-16,3.6514837167011077e-01,2.1995253791099385e+00,2.4504196519950958e+00,4.3106532511046111e-16,1.1761969034414466e-01,4.1633363423443370e-17,1.2126955537422908e-15,True,Q_left D(kappa) Q_right^T,RBLA prefix,9.3201778217304065e-01,8.1439809182889600e-01,True
synthetic,structured_low_rank_update,aggregate,N/A,42,52,128,96,16,8,4.0000000000000000e+00,7.5000000000000000e+00,7.5000000000000036e+00,4.7369515717340012e-16,3.6514837167011077e-01,2.1995253791099385e+00,2.4504196519950958e+00,4.3106532511046111e-16,1.1761969034414466e-01,4.1633363423443370e-17,1.2126955537422908e-15,True,Q_left D(kappa) Q_right^T,SP+ (compact QR),1.1761969034414461e-01,-4.1633363423443370e-17,True
synthetic,structured_low_rank_update,aggregate,N/A,42,52,128,96,16,8,4.0000000000000000e+00,1.0000000000000000e+01,9.9999999999999911e+00,8.8817841970012523e-16,3.1622776601683816e-01,2.3900027886325934e+00,2.6980203159897846e+00,5.0197237385883896e-16,1.1761969034414466e-01,4.1633363423443370e-17,1.4182649318333226e-15,True,Q_left D(kappa) Q_right^T,RBLA prefix,1.0429950778045463e+00,9.2537538746040160e-01,True
synthetic,structured_low_rank_update,aggregate,N/A,42,52,128,96,16,8,4.0000000000000000e+00,1.0000000000000000e+01,9.9999999999999911e+00,8.8817841970012523e-16,3.1622776601683816e-01,2.3900027886325934e+00,2.6980203159897846e+00,5.0197237385883896e-16,1.1761969034414466e-01,4.1633363423443370e-17,1.4182649318333226e-15,True,Q_left D(kappa) Q_right^T,SP+ (compact QR),1.1761969034414461e-01,-4.1633363423443370e-17,True
synthetic,structured_low_rank_update,aggregate,N/A,42,53,128,96,16,8,4.0000000000000000e+00,1.0000000000000000e+00,1.0000000000000009e+00,8.8817841970012523e-16,9.9999999999999967e-01,1.6457339059369438e+00,1.6457339059369436e+00,3.3666967248125614e-16,1.1761969034414466e-01,4.1633363423443370e-17,1.7297744548647286e-15,True,Q_left D(kappa) Q_right^T,RBLA prefix,5.8335106291205352e-01,4.6573137256790886e-01,True
synthetic,structured_low_rank_update,aggregate,N/A,42,53,128,96,16,8,4.0000000000000000e+00,1.0000000000000000e+00,1.0000000000000009e+00,8.8817841970012523e-16,9.9999999999999967e-01,1.6457339059369438e+00,1.6457339059369436e+00,3.3666967248125614e-16,1.1761969034414466e-01,4.1633363423443370e-17,1.7297744548647286e-15,True,Q_left D(kappa) Q_right^T,SP+ (compact QR),1.1761969034414461e-01,-4.1633363423443370e-17,True
synthetic,structured_low_rank_update,aggregate,N/A,42,53,128,96,16,8,4.0000000000000000e+00,1.5000000000000000e+00,1.4999999999999993e+00,4.4408920985006262e-16,8.1649658092772615e-01,1.6703718722818568e+00,1.6742172002853319e+00,3.4722214216937958e-16,1.1761969034414466e-01,4.1633363423443370e-17,1.1029490142920217e-15,True,Q_left D(kappa) Q_right^T,RBLA prefix,5.8921247677878541e-01,4.7159278643464075e-01,True
synthetic,structured_low_rank_update,aggregate,N/A,42,53,128,96,16,8,4.0000000000000000e+00,1.5000000000000000e+00,1.4999999999999993e+00,4.4408920985006262e-16,8.1649658092772615e-01,1.6703718722818568e+00,1.6742172002853319e+00,3.4722214216937958e-16,1.1761969034414466e-01,4.1633363423443370e-17,1.1029490142920217e-15,True,Q_left D(kappa) Q_right^T,SP+ (compact QR),1.1761969034414461e-01,-4.1633363423443370e-17,True
synthetic,structured_low_rank_update,aggregate,N/A,42,53,128,96,16,8,4.0000000000000000e+00,2.0000000000000000e+00,1.9999999999999993e+00,3.3306690738754696e-16,7.0710678118654746e-01,1.7197555003192933e+00,1.7272834944552971e+00,3.5825590028990863e-16,1.1761969034414466e-01,4.1633363423443370e-17,1.4255478408998142e-15,True,Q_left D(kappa) Q_right^T,RBLA prefix,6.0108088782777835e-01,4.8346119748363370e-01,True
synthetic,structured_low_rank_update,aggregate,N/A,42,53,128,96,16,8,4.0000000000000000e+00,2.0000000000000000e+00,1.9999999999999993e+00,3.3306690738754696e-16,7.0710678118654746e-01,1.7197555003192933e+00,1.7272834944552971e+00,3.5825590028990863e-16,1.1761969034414466e-01,4.1633363423443370e-17,1.4255478408998142e-15,True,Q_left D(kappa) Q_right^T,SP+ (compact QR),1.1761969034414461e-01,-4.1633363423443370e-17,True
synthetic,structured_low_rank_update,aggregate,N/A,42,53,128,96,16,8,4.0000000000000000e+00,3.0000000000000000e+00,3.0000000000000004e+00,1.4802973661668753e-16,5.7735026918962584e-01,1.8345645707523270e+00,1.8498204785634591e+00,3.7970834406147380e-16,1.1761969034414466e-01,2.7755575615628914e-17,1.6763722912834698e-15,True,Q_left D(kappa) Q_right^T,RBLA prefix,6.3149038493004572e-01,5.1387069458590107e-01,True
synthetic,structured_low_rank_update,aggregate,N/A,42,53,128,96,16,8,4.0000000000000000e+00,3.0000000000000000e+00,3.0000000000000004e+00,1.4802973661668753e-16,5.7735026918962584e-01,1.8345645707523270e+00,1.8498204785634591e+00,3.7970834406147380e-16,1.1761969034414466e-01,2.7755575615628914e-17,1.6763722912834698e-15,True,Q_left D(kappa) Q_right^T,SP+ (compact QR),1.1761969034414463e-01,-2.7755575615628914e-17,True
synthetic,structured_low_rank_update,aggregate,N/A,42,53,128,96,16,8,4.0000000000000000e+00,5.0000000000000000e+00,4.9999999999999991e+00,1.7763568394002506e-16,4.4721359549995804e-01,2.0569559175338301e+00,2.0878825479241701e+00,3.9195095797260121e-16,1.1761969034414466e-01,2.7755575615628914e-17,1.5911914874663378e-15,True,Q_left D(kappa) Q_right^T,RBLA prefix,7.0241371841367661e-01,5.8479402806953196e-01,True
synthetic,structured_low_rank_update,aggregate,N/A,42,53,128,96,16,8,4.0000000000000000e+00,5.0000000000000000e+00,4.9999999999999991e+00,1.7763568394002506e-16,4.4721359549995804e-01,2.0569559175338301e+00,2.0878825479241701e+00,3.9195095797260121e-16,1.1761969034414466e-01,2.7755575615628914e-17,1.5911914874663378e-15,True,Q_left D(kappa) Q_right^T,SP+ (compact QR),1.1761969034414463e-01,-2.7755575615628914e-17,True
synthetic,structured_low_rank_update,aggregate,N/A,42,53,128,96,16,8,4.0000000000000000e+00,7.5000000000000000e+00,7.4999999999999964e+00,4.7369515717340012e-16,3.6514837167011094e-01,2.2997089063964151e+00,2.3489009161382564e+00,4.4336168107846566e-16,1.1761969034414466e-01,2.7755575615628914e-17,1.5280615195777773e-15,True,Q_left D(kappa) Q_right^T,RBLA prefix,7.9828730330164532e-01,6.8066761295750067e-01,True
synthetic,structured_low_rank_update,aggregate,N/A,42,53,128,96,16,8,4.0000000000000000e+00,7.5000000000000000e+00,7.4999999999999964e+00,4.7369515717340012e-16,3.6514837167011094e-01,2.2997089063964151e+00,2.3489009161382564e+00,4.4336168107846566e-16,1.1761969034414466e-01,2.7755575615628914e-17,1.5280615195777773e-15,True,Q_left D(kappa) Q_right^T,SP+ (compact QR),1.1761969034414463e-01,-2.7755575615628914e-17,True
synthetic,structured_low_rank_update,aggregate,N/A,42,53,128,96,16,8,4.0000000000000000e+00,1.0000000000000000e+01,9.9999999999999911e+00,8.8817841970012523e-16,3.1622776601683816e-01,2.5110981975475504e+00,2.5768050281077191e+00,4.8279601337278802e-16,1.1761969034414466e-01,2.7755575615628914e-17,1.1533410962599062e-15,True,Q_left D(kappa) Q_right^T,RBLA prefix,8.9729162889995318e-01,7.7967193855580852e-01,True
synthetic,structured_low_rank_update,aggregate,N/A,42,53,128,96,16,8,4.0000000000000000e+00,1.0000000000000000e+01,9.9999999999999911e+00,8.8817841970012523e-16,3.1622776601683816e-01,2.5110981975475504e+00,2.5768050281077191e+00,4.8279601337278802e-16,1.1761969034414466e-01,2.7755575615628914e-17,1.1533410962599062e-15,True,Q_left D(kappa) Q_right^T,SP+ (compact QR),1.1761969034414463e-01,-2.7755575615628914e-17,True
synthetic,structured_low_rank_update,aggregate,N/A,42,54,128,96,16,8,4.0000000000000000e+00,1.0000000000000000e+00,1.0000000000000007e+00,6.6613381477509392e-16,9.9999999999999956e-01,1.6457339059369436e+00,1.6457339059369438e+00,3.3277468776074552e-16,1.1761969034414466e-01,2.7755575615628914e-17,1.1658631787873956e-15,True,Q_left D(kappa) Q_right^T,RBLA prefix,5.3459735081260973e-01,4.1697766046846507e-01,True
synthetic,structured_low_rank_update,aggregate,N/A,42,54,128,96,16,8,4.0000000000000000e+00,1.0000000000000000e+00,1.0000000000000007e+00,6.6613381477509392e-16,9.9999999999999956e-01,1.6457339059369436e+00,1.6457339059369438e+00,3.3277468776074552e-16,1.1761969034414466e-01,2.7755575615628914e-17,1.1658631787873956e-15,True,Q_left D(kappa) Q_right^T,SP+ (compact QR),1.1761969034414463e-01,-2.7755575615628914e-17,True
synthetic,structured_low_rank_update,aggregate,N/A,42,54,128,96,16,8,4.0000000000000000e+00,1.5000000000000000e+00,1.4999999999999991e+00,5.9211894646675012e-16,8.1649658092772615e-01,1.6646835877387189e+00,1.6761466151273094e+00,3.4806399934053920e-16,1.1761969034414466e-01,4.1633363423443370e-17,1.4813434342188832e-15,True,Q_left D(kappa) Q_right^T,RBLA prefix,5.4043846047109145e-01,4.2281877012694680e-01,True
synthetic,structured_low_rank_update,aggregate,N/A,42,54,128,96,16,8,4.0000000000000000e+00,1.5000000000000000e+00,1.4999999999999991e+00,5.9211894646675012e-16,8.1649658092772615e-01,1.6646835877387189e+00,1.6761466151273094e+00,3.4806399934053920e-16,1.1761969034414466e-01,4.1633363423443370e-17,1.4813434342188832e-15,True,Q_left D(kappa) Q_right^T,SP+ (compact QR),1.1761969034414461e-01,-4.1633363423443370e-17,True
synthetic,structured_low_rank_update,aggregate,N/A,42,54,128,96,16,8,4.0000000000000000e+00,2.0000000000000000e+00,1.9999999999999993e+00,3.3306690738754696e-16,7.0710678118654746e-01,1.7083750778609150e+00,1.7278054463453252e+00,3.4550051907908082e-16,1.1761969034414466e-01,4.1633363423443370e-17,1.5039181358575404e-15,True,Q_left D(kappa) Q_right^T,RBLA prefix,5.5278170138604288e-01,4.3516201104189822e-01,True
synthetic,structured_low_rank_update,aggregate,N/A,42,54,128,96,16,8,4.0000000000000000e+00,2.0000000000000000e+00,1.9999999999999993e+00,3.3306690738754696e-16,7.0710678118654746e-01,1.7083750778609150e+00,1.7278054463453252e+00,3.4550051907908082e-16,1.1761969034414466e-01,4.1633363423443370e-17,1.5039181358575404e-15,True,Q_left D(kappa) Q_right^T,SP+ (compact QR),1.1761969034414461e-01,-4.1633363423443370e-17,True
synthetic,structured_low_rank_update,aggregate,N/A,42,54,128,96,16,8,4.0000000000000000e+00,3.0000000000000000e+00,3.0000000000000000e+00,0.0000000000000000e+00,5.7735026918962584e-01,1.8137890677058877e+00,1.8439823170369702e+00,3.9999942712629174e-16,1.1761969034414466e-01,4.1633363423443370e-17,1.6914704625723247e-15,True,Q_left D(kappa) Q_right^T,RBLA prefix,5.8696548761442879e-01,4.6934579727028414e-01,True
synthetic,structured_low_rank_update,aggregate,N/A,42,54,128,96,16,8,4.0000000000000000e+00,3.0000000000000000e+00,3.0000000000000000e+00,0.0000000000000000e+00,5.7735026918962584e-01,1.8137890677058877e+00,1.8439823170369702e+00,3.9999942712629174e-16,1.1761969034414466e-01,4.1633363423443370e-17,1.6914704625723247e-15,True,Q_left D(kappa) Q_right^T,SP+ (compact QR),1.1761969034414461e-01,-4.1633363423443370e-17,True
synthetic,structured_low_rank_update,aggregate,N/A,42,54,128,96,16,8,4.0000000000000000e+00,5.0000000000000000e+00,4.9999999999999991e+00,1.7763568394002506e-16,4.4721359549995793e-01,2.0237323332242796e+00,2.0662555362093546e+00,4.2613188878584277e-16,1.1761969034414466e-01,2.7755575615628914e-17,9.9941807050313522e-16,True,Q_left D(kappa) Q_right^T,RBLA prefix,6.7590596632459810e-01,5.5828627598045344e-01,True
synthetic,structured_low_rank_update,aggregate,N/A,42,54,128,96,16,8,4.0000000000000000e+00,5.0000000000000000e+00,4.9999999999999991e+00,1.7763568394002506e-16,4.4721359549995793e-01,2.0237323332242796e+00,2.0662555362093546e+00,4.2613188878584277e-16,1.1761969034414466e-01,2.7755575615628914e-17,9.9941807050313522e-16,True,Q_left D(kappa) Q_right^T,SP+ (compact QR),1.1761969034414463e-01,-2.7755575615628914e-17,True
synthetic,structured_low_rank_update,aggregate,N/A,42,54,128,96,16,8,4.0000000000000000e+00,7.5000000000000000e+00,7.4999999999999982e+00,2.3684757858670006e-16,3.6514837167011083e-01,2.2574027705034267e+00,2.3082579738110347e+00,4.7945269666226171e-16,1.1761969034414466e-01,2.7755575615628914e-17,1.4216156430502684e-15,True,Q_left D(kappa) Q_right^T,RBLA prefix,8.0644778909137982e-01,6.8882809874723516e-01,True
synthetic,structured_low_rank_update,aggregate,N/A,42,54,128,96,16,8,4.0000000000000000e+00,7.5000000000000000e+00,7.4999999999999982e+00,2.3684757858670006e-16,3.6514837167011083e-01,2.2574027705034267e+00,2.3082579738110347e+00,4.7945269666226171e-16,1.1761969034414466e-01,2.7755575615628914e-17,1.4216156430502684e-15,True,Q_left D(kappa) Q_right^T,SP+ (compact QR),1.1761969034414463e-01,-2.7755575615628914e-17,True
synthetic,structured_low_rank_update,aggregate,N/A,42,54,128,96,16,8,4.0000000000000000e+00,1.0000000000000000e+01,9.9999999999999982e+00,1.7763568394002506e-16,3.1622776601683794e-01,2.4633260346465811e+00,2.5190010371999301e+00,4.6936834278471141e-16,1.1761969034414466e-01,4.1633363423443370e-17,1.3814158643197925e-15,True,Q_left D(kappa) Q_right^T,RBLA prefix,9.4657377488782257e-01,8.2895408454367792e-01,True
synthetic,structured_low_rank_update,aggregate,N/A,42,54,128,96,16,8,4.0000000000000000e+00,1.0000000000000000e+01,9.9999999999999982e+00,1.7763568394002506e-16,3.1622776601683794e-01,2.4633260346465811e+00,2.5190010371999301e+00,4.6936834278471141e-16,1.1761969034414466e-01,4.1633363423443370e-17,1.3814158643197925e-15,True,Q_left D(kappa) Q_right^T,SP+ (compact QR),1.1761969034414461e-01,-4.1633363423443370e-17,True
synthetic,structured_low_rank_update,aggregate,N/A,42,55,128,96,16,8,4.0000000000000000e+00,1.0000000000000000e+00,1.0000000000000009e+00,8.8817841970012523e-16,9.9999999999999956e-01,1.6457339059369436e+00,1.6457339059369438e+00,3.2814559324724122e-16,1.1761969034414466e-01,4.1633363423443370e-17,1.5270640543638070e-15,True,Q_left D(kappa) Q_right^T,RBLA prefix,5.1693808688118836e-01,3.9931839653704371e-01,True
synthetic,structured_low_rank_update,aggregate,N/A,42,55,128,96,16,8,4.0000000000000000e+00,1.0000000000000000e+00,1.0000000000000009e+00,8.8817841970012523e-16,9.9999999999999956e-01,1.6457339059369436e+00,1.6457339059369438e+00,3.2814559324724122e-16,1.1761969034414466e-01,4.1633363423443370e-17,1.5270640543638070e-15,True,Q_left D(kappa) Q_right^T,SP+ (compact QR),1.1761969034414461e-01,-4.1633363423443370e-17,True
synthetic,structured_low_rank_update,aggregate,N/A,42,55,128,96,16,8,4.0000000000000000e+00,1.5000000000000000e+00,1.4999999999999996e+00,2.9605947323337506e-16,8.1649658092772615e-01,1.6752316587965805e+00,1.6659552970097247e+00,3.4093999330431570e-16,1.1761969034414466e-01,4.1633363423443370e-17,1.4703723120059518e-15,True,Q_left D(kappa) Q_right^T,RBLA prefix,5.2073219562700357e-01,4.0311250528285891e-01,True
synthetic,structured_low_rank_update,aggregate,N/A,42,55,128,96,16,8,4.0000000000000000e+00,1.5000000000000000e+00,1.4999999999999996e+00,2.9605947323337506e-16,8.1649658092772615e-01,1.6752316587965805e+00,1.6659552970097247e+00,3.4093999330431570e-16,1.1761969034414466e-01,4.1633363423443370e-17,1.4703723120059518e-15,True,Q_left D(kappa) Q_right^T,SP+ (compact QR),1.1761969034414461e-01,-4.1633363423443370e-17,True
synthetic,structured_low_rank_update,aggregate,N/A,42,55,128,96,16,8,4.0000000000000000e+00,2.0000000000000000e+00,2.0000000000000004e+00,2.2204460492503131e-16,7.0710678118654713e-01,1.7264864293329507e+00,1.7108415143402780e+00,3.6465088766581315e-16,1.1761969034414466e-01,4.1633363423443370e-17,1.6181390030774009e-15,True,Q_left D(kappa) Q_right^T,RBLA prefix,5.2861195841916886e-01,4.1099226807502420e-01,True
synthetic,structured_low_rank_update,aggregate,N/A,42,55,128,96,16,8,4.0000000000000000e+00,2.0000000000000000e+00,2.0000000000000004e+00,2.2204460492503131e-16,7.0710678118654713e-01,1.7264864293329507e+00,1.7108415143402780e+00,3.6465088766581315e-16,1.1761969034414466e-01,4.1633363423443370e-17,1.6181390030774009e-15,True,Q_left D(kappa) Q_right^T,SP+ (compact QR),1.1761969034414461e-01,-4.1633363423443370e-17,True
synthetic,structured_low_rank_update,aggregate,N/A,42,55,128,96,16,8,4.0000000000000000e+00,3.0000000000000000e+00,3.0000000000000004e+00,1.4802973661668753e-16,5.7735026918962573e-01,1.8426081338151146e+00,1.8186249906494556e+00,3.8314324911957897e-16,1.1761969034414466e-01,4.1633363423443370e-17,1.2639792209084057e-15,True,Q_left D(kappa) Q_right^T,RBLA prefix,5.4977842065287874e-01,4.3215873030873408e-01,True
synthetic,structured_low_rank_update,aggregate,N/A,42,55,128,96,16,8,4.0000000000000000e+00,3.0000000000000000e+00,3.0000000000000004e+00,1.4802973661668753e-16,5.7735026918962573e-01,1.8426081338151146e+00,1.8186249906494556e+00,3.8314324911957897e-16,1.1761969034414466e-01,4.1633363423443370e-17,1.2639792209084057e-15,True,Q_left D(kappa) Q_right^T,SP+ (compact QR),1.1761969034414461e-01,-4.1633363423443370e-17,True
synthetic,structured_low_rank_update,aggregate,N/A,42,55,128,96,16,8,4.0000000000000000e+00,5.0000000000000000e+00,5.0000000000000018e+00,3.5527136788005011e-16,4.4721359549995787e-01,2.0661273136797491e+00,2.0334772596458621e+00,3.8809543093243543e-16,1.1761969034414466e-01,4.1633363423443370e-17,1.3513447937682912e-15,True,Q_left D(kappa) Q_right^T,RBLA prefix,6.0272726443434599e-01,4.8510757409020133e-01,True
synthetic,structured_low_rank_update,aggregate,N/A,42,55,128,96,16,8,4.0000000000000000e+00,5.0000000000000000e+00,5.0000000000000018e+00,3.5527136788005011e-16,4.4721359549995787e-01,2.0661273136797491e+00,2.0334772596458621e+00,3.8809543093243543e-16,1.1761969034414466e-01,4.1633363423443370e-17,1.3513447937682912e-15,True,Q_left D(kappa) Q_right^T,SP+ (compact QR),1.1761969034414461e-01,-4.1633363423443370e-17,True
synthetic,structured_low_rank_update,aggregate,N/A,42,55,128,96,16,8,4.0000000000000000e+00,7.5000000000000000e+00,7.5000000000000053e+00,7.1054273576010023e-16,3.6514837167011066e-01,2.3106156176583257e+00,2.2734435748216288e+00,4.5055526719932816e-16,1.1761969034414466e-01,2.7755575615628914e-17,1.2483779920514627e-15,True,Q_left D(kappa) Q_right^T,RBLA prefix,6.7856824938528315e-01,5.6094855904113849e-01,True
synthetic,structured_low_rank_update,aggregate,N/A,42,55,128,96,16,8,4.0000000000000000e+00,7.5000000000000000e+00,7.5000000000000053e+00,7.1054273576010023e-16,3.6514837167011066e-01,2.3106156176583257e+00,2.2734435748216288e+00,4.5055526719932816e-16,1.1761969034414466e-01,2.7755575615628914e-17,1.2483779920514627e-15,True,Q_left D(kappa) Q_right^T,SP+ (compact QR),1.1761969034414463e-01,-2.7755575615628914e-17,True
synthetic,structured_low_rank_update,aggregate,N/A,42,55,128,96,16,8,4.0000000000000000e+00,1.0000000000000000e+01,1.0000000000000000e+01,0.0000000000000000e+00,3.1622776601683789e-01,2.5241500145158668e+00,2.4856218796428742e+00,5.1396915811118074e-16,1.1761969034414466e-01,2.7755575615628914e-17,1.6324258993484553e-15,True,Q_left D(kappa) Q_right^T,RBLA prefix,7.5931653472946969e-01,6.4169684438532504e-01,True
synthetic,structured_low_rank_update,aggregate,N/A,42,55,128,96,16,8,4.0000000000000000e+00,1.0000000000000000e+01,1.0000000000000000e+01,0.0000000000000000e+00,3.1622776601683789e-01,2.5241500145158668e+00,2.4856218796428742e+00,5.1396915811118074e-16,1.1761969034414466e-01,2.7755575615628914e-17,1.6324258993484553e-15,True,Q_left D(kappa) Q_right^T,SP+ (compact QR),1.1761969034414463e-01,-2.7755575615628914e-17,True
synthetic,structured_low_rank_update,aggregate,N/A,42,56,128,96,16,8,4.0000000000000000e+00,1.0000000000000000e+00,1.0000000000000013e+00,1.3322676295501878e-15,9.9999999999999944e-01,1.6457339059369436e+00,1.6457339059369436e+00,3.8924405098166773e-16,1.1761969034414466e-01,4.1633363423443370e-17,1.2021558208647747e-15,True,Q_left D(kappa) Q_right^T,RBLA prefix,6.1439215612499254e-01,4.9677246578084788e-01,True
synthetic,structured_low_rank_update,aggregate,N/A,42,56,128,96,16,8,4.0000000000000000e+00,1.0000000000000000e+00,1.0000000000000013e+00,1.3322676295501878e-15,9.9999999999999944e-01,1.6457339059369436e+00,1.6457339059369436e+00,3.8924405098166773e-16,1.1761969034414466e-01,4.1633363423443370e-17,1.2021558208647747e-15,True,Q_left D(kappa) Q_right^T,SP+ (compact QR),1.1761969034414461e-01,-4.1633363423443370e-17,True
synthetic,structured_low_rank_update,aggregate,N/A,42,56,128,96,16,8,4.0000000000000000e+00,1.5000000000000000e+00,1.5000000000000004e+00,2.9605947323337506e-16,8.1649658092772570e-01,1.6709664104633573e+00,1.6692260693014165e+00,3.8195140723524104e-16,1.1761969034414466e-01,4.1633363423443370e-17,1.2052794854534686e-15,True,Q_left D(kappa) Q_right^T,RBLA prefix,6.1978065220038248e-01,5.0216096185623782e-01,True
synthetic,structured_low_rank_update,aggregate,N/A,42,56,128,96,16,8,4.0000000000000000e+00,1.5000000000000000e+00,1.5000000000000004e+00,2.9605947323337506e-16,8.1649658092772570e-01,1.6709664104633573e+00,1.6692260693014165e+00,3.8195140723524104e-16,1.1761969034414466e-01,4.1633363423443370e-17,1.2052794854534686e-15,True,Q_left D(kappa) Q_right^T,SP+ (compact QR),1.1761969034414461e-01,-4.1633363423443370e-17,True
synthetic,structured_low_rank_update,aggregate,N/A,42,56,128,96,16,8,4.0000000000000000e+00,2.0000000000000000e+00,2.0000000000000000e+00,0.0000000000000000e+00,7.0710678118654735e-01,1.7183414584760281e+00,1.7160052757319881e+00,3.5819928446234871e-16,1.1761969034414466e-01,4.1633363423443370e-17,1.0883964188531376e-15,True,Q_left D(kappa) Q_right^T,RBLA prefix,6.3073617353255707e-01,5.1311648318841241e-01,True
synthetic,structured_low_rank_update,aggregate,N/A,42,56,128,96,16,8,4.0000000000000000e+00,2.0000000000000000e+00,2.0000000000000000e+00,0.0000000000000000e+00,7.0710678118654735e-01,1.7183414584760281e+00,1.7160052757319881e+00,3.5819928446234871e-16,1.1761969034414466e-01,4.1633363423443370e-17,1.0883964188531376e-15,True,Q_left D(kappa) Q_right^T,SP+ (compact QR),1.1761969034414461e-01,-4.1633363423443370e-17,True
synthetic,structured_low_rank_update,aggregate,N/A,42,56,128,96,16,8,4.0000000000000000e+00,3.0000000000000000e+00,3.0000000000000022e+00,7.4014868308343773e-16,5.7735026918962562e-01,1.8273690809204985e+00,1.8259539255003783e+00,3.9883885974484875e-16,1.1761969034414466e-01,4.1633363423443370e-17,1.1540157519141159e-15,True,Q_left D(kappa) Q_right^T,RBLA prefix,6.5902048087678411e-01,5.4140079053263945e-01,True
synthetic,structured_low_rank_update,aggregate,N/A,42,56,128,96,16,8,4.0000000000000000e+00,3.0000000000000000e+00,3.0000000000000022e+00,7.4014868308343773e-16,5.7735026918962562e-01,1.8273690809204985e+00,1.8259539255003783e+00,3.9883885974484875e-16,1.1761969034414466e-01,4.1633363423443370e-17,1.1540157519141159e-15,True,Q_left D(kappa) Q_right^T,SP+ (compact QR),1.1761969034414461e-01,-4.1633363423443370e-17,True
synthetic,structured_low_rank_update,aggregate,N/A,42,56,128,96,16,8,4.0000000000000000e+00,5.0000000000000000e+00,5.0000000000000044e+00,8.8817841970012523e-16,4.4721359549995754e-01,2.0384207624489568e+00,2.0425692992660784e+00,4.3580927234235503e-16,1.1761969034414466e-01,4.1633363423443370e-17,2.1664680044557197e-15,True,Q_left D(kappa) Q_right^T,RBLA prefix,7.2571053024515197e-01,6.0809083990100732e-01,True
synthetic,structured_low_rank_update,aggregate,N/A,42,56,128,96,16,8,4.0000000000000000e+00,5.0000000000000000e+00,5.0000000000000044e+00,8.8817841970012523e-16,4.4721359549995754e-01,2.0384207624489568e+00,2.0425692992660784e+00,4.3580927234235503e-16,1.1761969034414466e-01,4.1633363423443370e-17,2.1664680044557197e-15,True,Q_left D(kappa) Q_right^T,SP+ (compact QR),1.1761969034414461e-01,-4.1633363423443370e-17,True
synthetic,structured_low_rank_update,aggregate,N/A,42,56,128,96,16,8,4.0000000000000000e+00,7.5000000000000000e+00,7.5000000000000098e+00,1.3026616822268502e-15,3.6514837167011027e-01,2.2694944213388846e+00,2.2828101889756427e+00,4.5006994428405513e-16,1.1761969034414466e-01,4.1633363423443370e-17,1.2847881108961502e-15,True,Q_left D(kappa) Q_right^T,RBLA prefix,8.1657688586271815e-01,6.9895719551857349e-01,True
synthetic,structured_low_rank_update,aggregate,N/A,42,56,128,96,16,8,4.0000000000000000e+00,7.5000000000000000e+00,7.5000000000000098e+00,1.3026616822268502e-15,3.6514837167011027e-01,2.2694944213388846e+00,2.2828101889756427e+00,4.5006994428405513e-16,1.1761969034414466e-01,4.1633363423443370e-17,1.2847881108961502e-15,True,Q_left D(kappa) Q_right^T,SP+ (compact QR),1.1761969034414461e-01,-4.1633363423443370e-17,True
synthetic,structured_low_rank_update,aggregate,N/A,42,56,128,96,16,8,4.0000000000000000e+00,1.0000000000000000e+01,1.0000000000000005e+01,5.3290705182007512e-16,3.1622776601683789e-01,2.4712766924563425e+00,2.4942999770836911e+00,5.2573525477466721e-16,1.1761969034414466e-01,4.1633363423443370e-17,1.6761866649092705e-15,True,Q_left D(kappa) Q_right^T,RBLA prefix,9.1064998967390509e-01,7.9303029932976044e-01,True
synthetic,structured_low_rank_update,aggregate,N/A,42,56,128,96,16,8,4.0000000000000000e+00,1.0000000000000000e+01,1.0000000000000005e+01,5.3290705182007512e-16,3.1622776601683789e-01,2.4712766924563425e+00,2.4942999770836911e+00,5.2573525477466721e-16,1.1761969034414466e-01,4.1633363423443370e-17,1.6761866649092705e-15,True,Q_left D(kappa) Q_right^T,SP+ (compact QR),1.1761969034414461e-01,-4.1633363423443370e-17,True
synthetic,structured_low_rank_update,aggregate,N/A,42,57,128,96,16,8,4.0000000000000000e+00,1.0000000000000000e+00,1.0000000000000009e+00,8.8817841970012523e-16,9.9999999999999933e-01,1.6457339059369436e+00,1.6457339059369438e+00,3.4969787643139495e-16,1.1761969034414466e-01,4.1633363423443370e-17,1.3214505692513638e-15,True,Q_left D(kappa) Q_right^T,RBLA prefix,5.7923642085521465e-01,4.6161673051106999e-01,True
synthetic,structured_low_rank_update,aggregate,N/A,42,57,128,96,16,8,4.0000000000000000e+00,1.0000000000000000e+00,1.0000000000000009e+00,8.8817841970012523e-16,9.9999999999999933e-01,1.6457339059369436e+00,1.6457339059369438e+00,3.4969787643139495e-16,1.1761969034414466e-01,4.1633363423443370e-17,1.3214505692513638e-15,True,Q_left D(kappa) Q_right^T,SP+ (compact QR),1.1761969034414461e-01,-4.1633363423443370e-17,True
synthetic,structured_low_rank_update,aggregate,N/A,42,57,128,96,16,8,4.0000000000000000e+00,1.5000000000000000e+00,1.4999999999999993e+00,4.4408920985006262e-16,8.1649658092772592e-01,1.6959095385293830e+00,1.6355137547780310e+00,4.0955000527120981e-16,1.1761969034414466e-01,4.1633363423443370e-17,1.4128370807181159e-15,True,Q_left D(kappa) Q_right^T,RBLA prefix,5.8268909545996583e-01,4.6506940511582118e-01,True
synthetic,structured_low_rank_update,aggregate,N/A,42,57,128,96,16,8,4.0000000000000000e+00,1.5000000000000000e+00,1.4999999999999993e+00,4.4408920985006262e-16,8.1649658092772592e-01,1.6959095385293830e+00,1.6355137547780310e+00,4.0955000527120981e-16,1.1761969034414466e-01,4.1633363423443370e-17,1.4128370807181159e-15,True,Q_left D(kappa) Q_right^T,SP+ (compact QR),1.1761969034414461e-01,-4.1633363423443370e-17,True
synthetic,structured_low_rank_update,aggregate,N/A,42,57,128,96,16,8,4.0000000000000000e+00,2.0000000000000000e+00,1.9999999999999984e+00,7.7715611723760958e-16,7.0710678118654757e-01,1.7564147432855939e+00,1.6522293794009926e+00,3.9277076294002152e-16,1.1761969034414466e-01,4.1633363423443370e-17,2.0799607013215568e-15,True,Q_left D(kappa) Q_right^T,RBLA prefix,5.8959471009911990e-01,4.7197501975497524e-01,True
synthetic,structured_low_rank_update,aggregate,N/A,42,57,128,96,16,8,4.0000000000000000e+00,2.0000000000000000e+00,1.9999999999999984e+00,7.7715611723760958e-16,7.0710678118654757e-01,1.7564147432855939e+00,1.6522293794009926e+00,3.9277076294002152e-16,1.1761969034414466e-01,4.1633363423443370e-17,2.0799607013215568e-15,True,Q_left D(kappa) Q_right^T,SP+ (compact QR),1.1761969034414461e-01,-4.1633363423443370e-17,True
synthetic,structured_low_rank_update,aggregate,N/A,42,57,128,96,16,8,4.0000000000000000e+00,3.0000000000000000e+00,2.9999999999999969e+00,1.0362081563168128e-15,5.7735026918962618e-01,1.8784835122761923e+00,1.7097722174353713e+00,3.7775289537719413e-16,1.1761969034414466e-01,4.1633363423443370e-17,1.1479498433152782e-15,True,Q_left D(kappa) Q_right^T,RBLA prefix,6.0687525413301036e-01,4.8925556378886570e-01,True
synthetic,structured_low_rank_update,aggregate,N/A,42,57,128,96,16,8,4.0000000000000000e+00,3.0000000000000000e+00,2.9999999999999969e+00,1.0362081563168128e-15,5.7735026918962618e-01,1.8784835122761923e+00,1.7097722174353713e+00,3.7775289537719413e-16,1.1761969034414466e-01,4.1633363423443370e-17,1.1479498433152782e-15,True,Q_left D(kappa) Q_right^T,SP+ (compact QR),1.1761969034414461e-01,-4.1633363423443370e-17,True
synthetic,structured_low_rank_update,aggregate,N/A,42,57,128,96,16,8,4.0000000000000000e+00,5.0000000000000000e+00,4.9999999999999991e+00,1.7763568394002506e-16,4.4721359549995798e-01,2.0984258570287841e+00,1.8404221906853551e+00,3.9882234631618278e-16,1.1761969034414466e-01,4.1633363423443370e-17,1.3644936643885759e-15,True,Q_left D(kappa) Q_right^T,RBLA prefix,6.4575581422478912e-01,5.2813612388064446e-01,True
synthetic,structured_low_rank_update,aggregate,N/A,42,57,128,96,16,8,4.0000000000000000e+00,5.0000000000000000e+00,4.9999999999999991e+00,1.7763568394002506e-16,4.4721359549995798e-01,2.0984258570287841e+00,1.8404221906853551e+00,3.9882234631618278e-16,1.1761969034414466e-01,4.1633363423443370e-17,1.3644936643885759e-15,True,Q_left D(kappa) Q_right^T,SP+ (compact QR),1.1761969034414461e-01,-4.1633363423443370e-17,True
synthetic,structured_low_rank_update,aggregate,N/A,42,57,128,96,16,8,4.0000000000000000e+00,7.5000000000000000e+00,7.5000000000000009e+00,1.1842378929335003e-16,3.6514837167011072e-01,2.3316798984540674e+00,1.9928515599971537e+00,3.8251269861908615e-16,1.1761969034414466e-01,4.1633363423443370e-17,1.0064744429903908e-15,True,Q_left D(kappa) Q_right^T,RBLA prefix,6.9685743638091857e-01,5.7923774603677392e-01,True
synthetic,structured_low_rank_update,aggregate,N/A,42,57,128,96,16,8,4.0000000000000000e+00,7.5000000000000000e+00,7.5000000000000009e+00,1.1842378929335003e-16,3.6514837167011072e-01,2.3316798984540674e+00,1.9928515599971537e+00,3.8251269861908615e-16,1.1761969034414466e-01,4.1633363423443370e-17,1.0064744429903908e-15,True,Q_left D(kappa) Q_right^T,SP+ (compact QR),1.1761969034414461e-01,-4.1633363423443370e-17,True
synthetic,structured_low_rank_update,aggregate,N/A,42,57,128,96,16,8,4.0000000000000000e+00,1.0000000000000000e+01,1.0000000000000002e+01,1.7763568394002506e-16,3.1622776601683783e-01,2.5327896882376599e+00,2.1291159533679616e+00,3.9280331692024579e-16,1.1761969034414466e-01,4.1633363423443370e-17,1.5622367441932305e-15,True,Q_left D(kappa) Q_right^T,RBLA prefix,7.4906125824501690e-01,6.3144156790087225e-01,True
synthetic,structured_low_rank_update,aggregate,N/A,42,57,128,96,16,8,4.0000000000000000e+00,1.0000000000000000e+01,1.0000000000000002e+01,1.7763568394002506e-16,3.1622776601683783e-01,2.5327896882376599e+00,2.1291159533679616e+00,3.9280331692024579e-16,1.1761969034414466e-01,4.1633363423443370e-17,1.5622367441932305e-15,True,Q_left D(kappa) Q_right^T,SP+ (compact QR),1.1761969034414461e-01,-4.1633363423443370e-17,True
synthetic,structured_low_rank_update,aggregate,N/A,42,58,128,96,16,8,4.0000000000000000e+00,1.0000000000000000e+00,1.0000000000000007e+00,6.6613381477509392e-16,9.9999999999999989e-01,1.6457339059369438e+00,1.6457339059369436e+00,3.4499382388555693e-16,1.1761969034414466e-01,4.1633363423443370e-17,1.4328686647334354e-15,True,Q_left D(kappa) Q_right^T,RBLA prefix,6.8860688771770540e-01,5.7098719737356074e-01,True
synthetic,structured_low_rank_update,aggregate,N/A,42,58,128,96,16,8,4.0000000000000000e+00,1.0000000000000000e+00,1.0000000000000007e+00,6.6613381477509392e-16,9.9999999999999989e-01,1.6457339059369438e+00,1.6457339059369436e+00,3.4499382388555693e-16,1.1761969034414466e-01,4.1633363423443370e-17,1.4328686647334354e-15,True,Q_left D(kappa) Q_right^T,SP+ (compact QR),1.1761969034414461e-01,-4.1633363423443370e-17,True
synthetic,structured_low_rank_update,aggregate,N/A,42,58,128,96,16,8,4.0000000000000000e+00,1.5000000000000000e+00,1.5000000000000000e+00,0.0000000000000000e+00,8.1649658092772592e-01,1.6449213789347517e+00,1.7004267191054385e+00,3.7237748798665101e-16,1.1761969034414466e-01,4.1633363423443370e-17,1.3978918191933035e-15,True,Q_left D(kappa) Q_right^T,RBLA prefix,6.9608134516356002e-01,5.7846165481941536e-01,True
synthetic,structured_low_rank_update,aggregate,N/A,42,58,128,96,16,8,4.0000000000000000e+00,1.5000000000000000e+00,1.5000000000000000e+00,0.0000000000000000e+00,8.1649658092772592e-01,1.6449213789347517e+00,1.7004267191054385e+00,3.7237748798665101e-16,1.1761969034414466e-01,4.1633363423443370e-17,1.3978918191933035e-15,True,Q_left D(kappa) Q_right^T,SP+ (compact QR),1.1761969034414461e-01,-4.1633363423443370e-17,True
synthetic,structured_low_rank_update,aggregate,N/A,42,58,128,96,16,8,4.0000000000000000e+00,2.0000000000000000e+00,2.0000000000000000e+00,0.0000000000000000e+00,7.0710678118654746e-01,1.6768256250265099e+00,1.7726116558740137e+00,4.1442655475099688e-16,1.1761969034414466e-01,2.7755575615628914e-17,1.3944176908956755e-15,True,Q_left D(kappa) Q_right^T,RBLA prefix,7.1117728456073515e-01,5.9355759421659049e-01,True
synthetic,structured_low_rank_update,aggregate,N/A,42,58,128,96,16,8,4.0000000000000000e+00,2.0000000000000000e+00,2.0000000000000000e+00,0.0000000000000000e+00,7.0710678118654746e-01,1.6768256250265099e+00,1.7726116558740137e+00,4.1442655475099688e-16,1.1761969034414466e-01,2.7755575615628914e-17,1.3944176908956755e-15,True,Q_left D(kappa) Q_right^T,SP+ (compact QR),1.1761969034414463e-01,-2.7755575615628914e-17,True
synthetic,structured_low_rank_update,aggregate,N/A,42,58,128,96,16,8,4.0000000000000000e+00,3.0000000000000000e+00,3.0000000000000009e+00,2.9605947323337506e-16,5.7735026918962573e-01,1.7680810219749907e+00,1.9233351716570941e+00,3.9465026789414850e-16,1.1761969034414466e-01,4.1633363423443370e-17,1.0033772232917500e-15,True,Q_left D(kappa) Q_right^T,RBLA prefix,7.4966707306987113e-01,6.3204738272572647e-01,True
synthetic,structured_low_rank_update,aggregate,N/A,42,58,128,96,16,8,4.0000000000000000e+00,3.0000000000000000e+00,3.0000000000000009e+00,2.9605947323337506e-16,5.7735026918962573e-01,1.7680810219749907e+00,1.9233351716570941e+00,3.9465026789414850e-16,1.1761969034414466e-01,4.1633363423443370e-17,1.0033772232917500e-15,True,Q_left D(kappa) Q_right^T,SP+ (compact QR),1.1761969034414461e-01,-4.1633363423443370e-17,True
synthetic,structured_low_rank_update,aggregate,N/A,42,58,128,96,16,8,4.0000000000000000e+00,5.0000000000000000e+00,4.9999999999999982e+00,3.5527136788005011e-16,4.4721359549995782e-01,1.9630090585401923e+00,2.2008175584023215e+00,4.8876752296579239e-16,1.1761969034414466e-01,4.1633363423443370e-17,1.6822064800685976e-15,True,Q_left D(kappa) Q_right^T,RBLA prefix,8.3875980838013364e-01,7.2114011803598899e-01,True
synthetic,structured_low_rank_update,aggregate,N/A,42,58,128,96,16,8,4.0000000000000000e+00,5.0000000000000000e+00,4.9999999999999982e+00,3.5527136788005011e-16,4.4721359549995782e-01,1.9630090585401923e+00,2.2008175584023215e+00,4.8876752296579239e-16,1.1761969034414466e-01,4.1633363423443370e-17,1.6822064800685976e-15,True,Q_left D(kappa) Q_right^T,SP+ (compact QR),1.1761969034414461e-01,-4.1633363423443370e-17,True
synthetic,structured_low_rank_update,aggregate,N/A,42,58,128,96,16,8,4.0000000000000000e+00,7.5000000000000000e+00,7.5000000000000053e+00,7.1054273576010023e-16,3.6514837167011055e-01,2.1859327148104795e+00,2.4985947899992018e+00,5.2526131075531365e-16,1.1761969034414466e-01,4.1633363423443370e-17,1.1737728737237203e-15,True,Q_left D(kappa) Q_right^T,RBLA prefix,9.5844473919856443e-01,8.4082504885441978e-01,True
synthetic,structured_low_rank_update,aggregate,N/A,42,58,128,96,16,8,4.0000000000000000e+00,7.5000000000000000e+00,7.5000000000000053e+00,7.1054273576010023e-16,3.6514837167011055e-01,2.1859327148104795e+00,2.4985947899992018e+00,5.2526131075531365e-16,1.1761969034414466e-01,4.1633363423443370e-17,1.1737728737237203e-15,True,Q_left D(kappa) Q_right^T,SP+ (compact QR),1.1761969034414461e-01,-4.1633363423443370e-17,True
synthetic,structured_low_rank_update,aggregate,N/A,42,58,128,96,16,8,4.0000000000000000e+00,1.0000000000000000e+01,1.0000000000000002e+01,1.7763568394002506e-16,3.1622776601683783e-01,2.3843702781725225e+00,2.7570072545913558e+00,5.9740233388023618e-16,1.1761969034414466e-01,4.1633363423443370e-17,1.7722045196675528e-15,True,Q_left D(kappa) Q_right^T,RBLA prefix,1.0816864147643745e+00,9.6406672442022989e-01,True
synthetic,structured_low_rank_update,aggregate,N/A,42,58,128,96,16,8,4.0000000000000000e+00,1.0000000000000000e+01,1.0000000000000002e+01,1.7763568394002506e-16,3.1622776601683783e-01,2.3843702781725225e+00,2.7570072545913558e+00,5.9740233388023618e-16,1.1761969034414466e-01,4.1633363423443370e-17,1.7722045196675528e-15,True,Q_left D(kappa) Q_right^T,SP+ (compact QR),1.1761969034414461e-01,-4.1633363423443370e-17,True
synthetic,structured_low_rank_update,aggregate,N/A,42,59,128,96,16,8,4.0000000000000000e+00,1.0000000000000000e+00,1.0000000000000007e+00,6.6613381477509392e-16,9.9999999999999956e-01,1.6457339059369436e+00,1.6457339059369438e+00,3.4625297850441105e-16,1.1761969034414466e-01,4.1633363423443370e-17,9.9584610037093059e-16,True,Q_left D(kappa) Q_right^T,RBLA prefix,6.6958980870414564e-01,5.5197011836000098e-01,True
synthetic,structured_low_rank_update,aggregate,N/A,42,59,128,96,16,8,4.0000000000000000e+00,1.0000000000000000e+00,1.0000000000000007e+00,6.6613381477509392e-16,9.9999999999999956e-01,1.6457339059369436e+00,1.6457339059369438e+00,3.4625297850441105e-16,1.1761969034414466e-01,4.1633363423443370e-17,9.9584610037093059e-16,True,Q_left D(kappa) Q_right^T,SP+ (compact QR),1.1761969034414461e-01,-4.1633363423443370e-17,True
synthetic,structured_low_rank_update,aggregate,N/A,42,59,128,96,16,8,4.0000000000000000e+00,1.5000000000000000e+00,1.4999999999999989e+00,7.4014868308343773e-16,8.1649658092772626e-01,1.6634342076236417e+00,1.6829361193801879e+00,3.4188773836560438e-16,1.1761969034414466e-01,4.1633363423443370e-17,1.1970348297009152e-15,True,Q_left D(kappa) Q_right^T,RBLA prefix,6.8150805143648563e-01,5.6388836109234097e-01,True
synthetic,structured_low_rank_update,aggregate,N/A,42,59,128,96,16,8,4.0000000000000000e+00,1.5000000000000000e+00,1.4999999999999989e+00,7.4014868308343773e-16,8.1649658092772626e-01,1.6634342076236417e+00,1.6829361193801879e+00,3.4188773836560438e-16,1.1761969034414466e-01,4.1633363423443370e-17,1.1970348297009152e-15,True,Q_left D(kappa) Q_right^T,SP+ (compact QR),1.1761969034414461e-01,-4.1633363423443370e-17,True
synthetic,structured_low_rank_update,aggregate,N/A,42,59,128,96,16,8,4.0000000000000000e+00,2.0000000000000000e+00,1.9999999999999987e+00,6.6613381477509392e-16,7.0710678118654757e-01,1.7096312924134949e+00,1.7426299101688341e+00,3.6623061419648445e-16,1.1761969034414466e-01,2.7755575615628914e-17,1.5595704628849039e-15,True,Q_left D(kappa) Q_right^T,RBLA prefix,7.0531614278650245e-01,5.8769645244235780e-01,True
synthetic,structured_low_rank_update,aggregate,N/A,42,59,128,96,16,8,4.0000000000000000e+00,2.0000000000000000e+00,1.9999999999999987e+00,6.6613381477509392e-16,7.0710678118654757e-01,1.7096312924134949e+00,1.7426299101688341e+00,3.6623061419648445e-16,1.1761969034414466e-01,2.7755575615628914e-17,1.5595704628849039e-15,True,Q_left D(kappa) Q_right^T,SP+ (compact QR),1.1761969034414463e-01,-2.7755575615628914e-17,True
synthetic,structured_low_rank_update,aggregate,N/A,42,59,128,96,16,8,4.0000000000000000e+00,3.0000000000000000e+00,2.9999999999999987e+00,4.4408920985006262e-16,5.7735026918962606e-01,1.8231624334975312e+00,1.8744524539356919e+00,3.9034444703399076e-16,1.1761969034414466e-01,4.1633363423443370e-17,1.1572286156808285e-15,True,Q_left D(kappa) Q_right^T,RBLA prefix,7.6460204426669487e-01,6.4698235392255021e-01,True
synthetic,structured_low_rank_update,aggregate,N/A,42,59,128,96,16,8,4.0000000000000000e+00,3.0000000000000000e+00,2.9999999999999987e+00,4.4408920985006262e-16,5.7735026918962606e-01,1.8231624334975312e+00,1.8744524539356919e+00,3.9034444703399076e-16,1.1761969034414466e-01,4.1633363423443370e-17,1.1572286156808285e-15,True,Q_left D(kappa) Q_right^T,SP+ (compact QR),1.1761969034414461e-01,-4.1633363423443370e-17,True
synthetic,structured_low_rank_update,aggregate,N/A,42,59,128,96,16,8,4.0000000000000000e+00,5.0000000000000000e+00,4.9999999999999991e+00,1.7763568394002506e-16,4.4721359549995798e-01,2.0502040990746955e+00,2.1235836428134154e+00,4.1800376268594965e-16,1.1761969034414466e-01,4.1633363423443370e-17,1.4216781459392728e-15,True,Q_left D(kappa) Q_right^T,RBLA prefix,8.9573646734656143e-01,7.7811677700241677e-01,True
synthetic,structured_low_rank_update,aggregate,N/A,42,59,128,96,16,8,4.0000000000000000e+00,5.0000000000000000e+00,4.9999999999999991e+00,1.7763568394002506e-16,4.4721359549995798e-01,2.0502040990746955e+00,2.1235836428134154e+00,4.1800376268594965e-16,1.1761969034414466e-01,4.1633363423443370e-17,1.4216781459392728e-15,True,Q_left D(kappa) Q_right^T,SP+ (compact QR),1.1761969034414461e-01,-4.1633363423443370e-17,True
synthetic,structured_low_rank_update,aggregate,N/A,42,59,128,96,16,8,4.0000000000000000e+00,7.5000000000000000e+00,7.4999999999999982e+00,2.3684757858670006e-16,3.6514837167011077e-01,2.3020300919160812e+00,2.3930534835269541e+00,4.3617523188178710e-16,1.1761969034414466e-01,4.1633363423443370e-17,1.9254833245467013e-15,True,Q_left D(kappa) Q_right^T,RBLA prefix,1.0627219202891951e+00,9.4510222994505044e-01,True
synthetic,structured_low_rank_update,aggregate,N/A,42,59,128,96,16,8,4.0000000000000000e+00,7.5000000000000000e+00,7.4999999999999982e+00,2.3684757858670006e-16,3.6514837167011077e-01,2.3020300919160812e+00,2.3930534835269541e+00,4.3617523188178710e-16,1.1761969034414466e-01,4.1633363423443370e-17,1.9254833245467013e-15,True,Q_left D(kappa) Q_right^T,SP+ (compact QR),1.1761969034414461e-01,-4.1633363423443370e-17,True
synthetic,structured_low_rank_update,aggregate,N/A,42,59,128,96,16,8,4.0000000000000000e+00,1.0000000000000000e+01,9.9999999999999982e+00,1.7763568394002506e-16,3.1622776601683794e-01,2.5228295993346399e+00,2.6271193597310569e+00,4.9697519259888166e-16,1.1761969034414466e-01,4.1633363423443370e-17,1.3856001173096546e-15,True,Q_left D(kappa) Q_right^T,RBLA prefix,1.2275557120301659e+00,1.1099360216860212e+00,True
synthetic,structured_low_rank_update,aggregate,N/A,42,59,128,96,16,8,4.0000000000000000e+00,1.0000000000000000e+01,9.9999999999999982e+00,1.7763568394002506e-16,3.1622776601683794e-01,2.5228295993346399e+00,2.6271193597310569e+00,4.9697519259888166e-16,1.1761969034414466e-01,4.1633363423443370e-17,1.3856001173096546e-15,True,Q_left D(kappa) Q_right^T,SP+ (compact QR),1.1761969034414461e-01,-4.1633363423443370e-17,True
synthetic,structured_low_rank_update,aggregate,N/A,42,60,128,96,16,8,4.0000000000000000e+00,1.0000000000000000e+00,1.0000000000000011e+00,1.1102230246251565e-15,9.9999999999999933e-01,1.6457339059369436e+00,1.6457339059369438e+00,3.4297928914502016e-16,1.1761969034414466e-01,4.1633363423443370e-17,2.1342634513125954e-15,True,Q_left D(kappa) Q_right^T,RBLA prefix,7.2391036904130546e-01,6.0629067869716080e-01,True
synthetic,structured_low_rank_update,aggregate,N/A,42,60,128,96,16,8,4.0000000000000000e+00,1.0000000000000000e+00,1.0000000000000011e+00,1.1102230246251565e-15,9.9999999999999933e-01,1.6457339059369436e+00,1.6457339059369438e+00,3.4297928914502016e-16,1.1761969034414466e-01,4.1633363423443370e-17,2.1342634513125954e-15,True,Q_left D(kappa) Q_right^T,SP+ (compact QR),1.1761969034414461e-01,-4.1633363423443370e-17,True
synthetic,structured_low_rank_update,aggregate,N/A,42,60,128,96,16,8,4.0000000000000000e+00,1.5000000000000000e+00,1.5000000000000000e+00,0.0000000000000000e+00,8.1649658092772581e-01,1.6679200009753146e+00,1.6753078794100793e+00,3.2705456438704435e-16,1.1761969034414466e-01,4.1633363423443370e-17,1.2878286846282328e-15,True,Q_left D(kappa) Q_right^T,RBLA prefix,7.3044800975154645e-01,6.1282831940740179e-01,True
synthetic,structured_low_rank_update,aggregate,N/A,42,60,128,96,16,8,4.0000000000000000e+00,1.5000000000000000e+00,1.5000000000000000e+00,0.0000000000000000e+00,8.1649658092772581e-01,1.6679200009753146e+00,1.6753078794100793e+00,3.2705456438704435e-16,1.1761969034414466e-01,4.1633363423443370e-17,1.2878286846282328e-15,True,Q_left D(kappa) Q_right^T,SP+ (compact QR),1.1761969034414461e-01,-4.1633363423443370e-17,True
synthetic,structured_low_rank_update,aggregate,N/A,42,60,128,96,16,8,4.0000000000000000e+00,2.0000000000000000e+00,2.0000000000000004e+00,2.2204460492503131e-16,7.0710678118654724e-01,1.7149465054248254e+00,1.7281826067535873e+00,3.5554810725423608e-16,1.1761969034414466e-01,4.1633363423443370e-17,1.2495434605980163e-15,True,Q_left D(kappa) Q_right^T,RBLA prefix,7.4359449376810560e-01,6.2597480342396095e-01,True
synthetic,structured_low_rank_update,aggregate,N/A,42,60,128,96,16,8,4.0000000000000000e+00,2.0000000000000000e+00,2.0000000000000004e+00,2.2204460492503131e-16,7.0710678118654724e-01,1.7149465054248254e+00,1.7281826067535873e+00,3.5554810725423608e-16,1.1761969034414466e-01,4.1633363423443370e-17,1.2495434605980163e-15,True,Q_left D(kappa) Q_right^T,SP+ (compact QR),1.1761969034414461e-01,-4.1633363423443370e-17,True
synthetic,structured_low_rank_update,aggregate,N/A,42,60,128,96,16,8,4.0000000000000000e+00,3.0000000000000000e+00,3.0000000000000000e+00,0.0000000000000000e+00,5.7735026918962562e-01,1.8258837411557192e+00,1.8490447374747949e+00,3.4875817209258934e-16,1.1761969034414466e-01,4.1633363423443370e-17,1.2642477078189820e-15,True,Q_left D(kappa) Q_right^T,RBLA prefix,7.7681334195108109e-01,6.5919365160693644e-01,True
synthetic,structured_low_rank_update,aggregate,N/A,42,60,128,96,16,8,4.0000000000000000e+00,3.0000000000000000e+00,3.0000000000000000e+00,0.0000000000000000e+00,5.7735026918962562e-01,1.8258837411557192e+00,1.8490447374747949e+00,3.4875817209258934e-16,1.1761969034414466e-01,4.1633363423443370e-17,1.2642477078189820e-15,True,Q_left D(kappa) Q_right^T,SP+ (compact QR),1.1761969034414461e-01,-4.1633363423443370e-17,True
synthetic,structured_low_rank_update,aggregate,N/A,42,60,128,96,16,8,4.0000000000000000e+00,5.0000000000000000e+00,5.0000000000000036e+00,7.1054273576010023e-16,4.4721359549995754e-01,2.0429684940623205e+00,2.0828847675271649e+00,3.6174216231892816e-16,1.1761969034414466e-01,4.1633363423443370e-17,9.3531988943968058e-16,True,Q_left D(kappa) Q_right^T,RBLA prefix,8.5245992153408034e-01,7.3484023118993569e-01,True
synthetic,structured_low_rank_update,aggregate,N/A,42,60,128,96,16,8,4.0000000000000000e+00,5.0000000000000000e+00,5.0000000000000036e+00,7.1054273576010023e-16,4.4721359549995754e-01,2.0429684940623205e+00,2.0828847675271649e+00,3.6174216231892816e-16,1.1761969034414466e-01,4.1633363423443370e-17,9.3531988943968058e-16,True,Q_left D(kappa) Q_right^T,SP+ (compact QR),1.1761969034414461e-01,-4.1633363423443370e-17,True
synthetic,structured_low_rank_update,aggregate,N/A,42,60,128,96,16,8,4.0000000000000000e+00,7.5000000000000000e+00,7.4999999999999956e+00,5.9211894646675012e-16,3.6514837167011083e-01,2.2814394471453991e+00,2.3392935443113996e+00,4.5212878255734076e-16,1.1761969034414466e-01,4.1633363423443370e-17,1.1610175213350492e-15,True,Q_left D(kappa) Q_right^T,RBLA prefix,9.5222530458434951e-01,8.3460561424020485e-01,True
synthetic,structured_low_rank_update,aggregate,N/A,42,60,128,96,16,8,4.0000000000000000e+00,7.5000000000000000e+00,7.4999999999999956e+00,5.9211894646675012e-16,3.6514837167011083e-01,2.2814394471453991e+00,2.3392935443113996e+00,4.5212878255734076e-16,1.1761969034414466e-01,4.1633363423443370e-17,1.1610175213350492e-15,True,Q_left D(kappa) Q_right^T,SP+ (compact QR),1.1761969034414461e-01,-4.1633363423443370e-17,True
synthetic,structured_low_rank_update,aggregate,N/A,42,60,128,96,16,8,4.0000000000000000e+00,1.0000000000000000e+01,1.0000000000000002e+01,1.7763568394002506e-16,3.1622776601683777e-01,2.4898072731534864e+00,2.5635395600262134e+00,5.0505859202642937e-16,1.1761969034414466e-01,4.1633363423443370e-17,1.1714827374068517e-15,True,Q_left D(kappa) Q_right^T,RBLA prefix,1.0534444168574997e+00,9.3582472651335502e-01,True
synthetic,structured_low_rank_update,aggregate,N/A,42,60,128,96,16,8,4.0000000000000000e+00,1.0000000000000000e+01,1.0000000000000002e+01,1.7763568394002506e-16,3.1622776601683777e-01,2.4898072731534864e+00,2.5635395600262134e+00,5.0505859202642937e-16,1.1761969034414466e-01,4.1633363423443370e-17,1.1714827374068517e-15,True,Q_left D(kappa) Q_right^T,SP+ (compact QR),1.1761969034414461e-01,-4.1633363423443370e-17,True
synthetic,structured_low_rank_update,aggregate,N/A,42,61,128,96,16,8,4.0000000000000000e+00,1.0000000000000000e+00,1.0000000000000009e+00,8.8817841970012523e-16,9.9999999999999967e-01,1.6457339059369436e+00,1.6457339059369438e+00,3.2037831191478009e-16,1.1761969034414466e-01,4.1633363423443370e-17,1.4145289594267026e-15,True,Q_left D(kappa) Q_right^T,RBLA prefix,4.9193200666897891e-01,3.7431231632483425e-01,True
synthetic,structured_low_rank_update,aggregate,N/A,42,61,128,96,16,8,4.0000000000000000e+00,1.0000000000000000e+00,1.0000000000000009e+00,8.8817841970012523e-16,9.9999999999999967e-01,1.6457339059369436e+00,1.6457339059369438e+00,3.2037831191478009e-16,1.1761969034414466e-01,4.1633363423443370e-17,1.4145289594267026e-15,True,Q_left D(kappa) Q_right^T,SP+ (compact QR),1.1761969034414461e-01,-4.1633363423443370e-17,True
synthetic,structured_low_rank_update,aggregate,N/A,42,61,128,96,16,8,4.0000000000000000e+00,1.5000000000000000e+00,1.4999999999999998e+00,1.4802973661668753e-16,8.1649658092772592e-01,1.6630976832458690e+00,1.6808075592739216e+00,3.2371997387474718e-16,1.1761969034414466e-01,4.1633363423443370e-17,2.3317708153716662e-15,True,Q_left D(kappa) Q_right^T,RBLA prefix,4.9723224719537928e-01,3.7961255685123463e-01,True
synthetic,structured_low_rank_update,aggregate,N/A,42,61,128,96,16,8,4.0000000000000000e+00,1.5000000000000000e+00,1.4999999999999998e+00,1.4802973661668753e-16,8.1649658092772592e-01,1.6630976832458690e+00,1.6808075592739216e+00,3.2371997387474718e-16,1.1761969034414466e-01,4.1633363423443370e-17,2.3317708153716662e-15,True,Q_left D(kappa) Q_right^T,SP+ (compact QR),1.1761969034414461e-01,-4.1633363423443370e-17,True
synthetic,structured_low_rank_update,aggregate,N/A,42,61,128,96,16,8,4.0000000000000000e+00,2.0000000000000000e+00,2.0000000000000000e+00,0.0000000000000000e+00,7.0710678118654746e-01,1.7068158481142128e+00,1.7382382730791792e+00,3.2592126181267304e-16,1.1761969034414466e-01,4.1633363423443370e-17,1.3684302102096546e-15,True,Q_left D(kappa) Q_right^T,RBLA prefix,5.0817396334286680e-01,3.9055427299872214e-01,True
synthetic,structured_low_rank_update,aggregate,N/A,42,61,128,96,16,8,4.0000000000000000e+00,2.0000000000000000e+00,2.0000000000000000e+00,0.0000000000000000e+00,7.0710678118654746e-01,1.7068158481142128e+00,1.7382382730791792e+00,3.2592126181267304e-16,1.1761969034414466e-01,4.1633363423443370e-17,1.3684302102096546e-15,True,Q_left D(kappa) Q_right^T,SP+ (compact QR),1.1761969034414461e-01,-4.1633363423443370e-17,True
synthetic,structured_low_rank_update,aggregate,N/A,42,61,128,96,16,8,4.0000000000000000e+00,3.0000000000000000e+00,2.9999999999999991e+00,2.9605947323337506e-16,5.7735026918962573e-01,1.8127526722141403e+00,1.8667106697913141e+00,3.5982266827793978e-16,1.1761969034414466e-01,2.7755575615628914e-17,1.0518532178510097e-15,True,Q_left D(kappa) Q_right^T,RBLA prefix,5.3722920222401438e-01,4.1960951187986972e-01,True
synthetic,structured_low_rank_update,aggregate,N/A,42,61,128,96,16,8,4.0000000000000000e+00,3.0000000000000000e+00,2.9999999999999991e+00,2.9605947323337506e-16,5.7735026918962573e-01,1.8127526722141403e+00,1.8667106697913141e+00,3.5982266827793978e-16,1.1761969034414466e-01,2.7755575615628914e-17,1.0518532178510097e-15,True,Q_left D(kappa) Q_right^T,SP+ (compact QR),1.1761969034414463e-01,-2.7755575615628914e-17,True
synthetic,structured_low_rank_update,aggregate,N/A,42,61,128,96,16,8,4.0000000000000000e+00,5.0000000000000000e+00,4.9999999999999991e+00,1.7763568394002506e-16,4.4721359549995793e-01,2.0219348326733155e+00,2.1125079227119046e+00,4.4270526982467198e-16,1.1761969034414466e-01,4.1633363423443370e-17,1.3856699612580914e-15,True,Q_left D(kappa) Q_right^T,RBLA prefix,6.0857360938619354e-01,4.9095391904204888e-01,True
synthetic,structured_low_rank_update,aggregate,N/A,42,61,128,96,16,8,4.0000000000000000e+00,5.0000000000000000e+00,4.9999999999999991e+00,1.7763568394002506e-16,4.4721359549995793e-01,2.0219348326733155e+00,2.1125079227119046e+00,4.4270526982467198e-16,1.1761969034414466e-01,4.1633363423443370e-17,1.3856699612580914e-15,True,Q_left D(kappa) Q_right^T,SP+ (compact QR),1.1761969034414461e-01,-4.1633363423443370e-17,True
synthetic,structured_low_rank_update,aggregate,N/A,42,61,128,96,16,8,4.0000000000000000e+00,7.5000000000000000e+00,7.4999999999999982e+00,2.3684757858670006e-16,3.6514837167011077e-01,2.2518296809728646e+00,2.3805910771158012e+00,4.5504877141651078e-16,1.1761969034414466e-01,2.7755575615628914e-17,1.3541753229635722e-15,True,Q_left D(kappa) Q_right^T,RBLA prefix,7.0893239951368969e-01,5.9131270916954504e-01,True
synthetic,structured_low_rank_update,aggregate,N/A,42,61,128,96,16,8,4.0000000000000000e+00,7.5000000000000000e+00,7.4999999999999982e+00,2.3684757858670006e-16,3.6514837167011077e-01,2.2518296809728646e+00,2.3805910771158012e+00,4.5504877141651078e-16,1.1761969034414466e-01,2.7755575615628914e-17,1.3541753229635722e-15,True,Q_left D(kappa) Q_right^T,SP+ (compact QR),1.1761969034414463e-01,-2.7755575615628914e-17,True
synthetic,structured_low_rank_update,aggregate,N/A,42,61,128,96,16,8,4.0000000000000000e+00,1.0000000000000000e+01,1.0000000000000005e+01,5.3290705182007512e-16,3.1622776601683766e-01,2.4522912803496961e+00,2.6144396973756332e+00,4.7966519144830172e-16,1.1761969034414466e-01,4.1633363423443370e-17,1.3545310322495126e-15,True,Q_left D(kappa) Q_right^T,RBLA prefix,8.1456109630622919e-01,6.9694140596208454e-01,True
synthetic,structured_low_rank_update,aggregate,N/A,42,61,128,96,16,8,4.0000000000000000e+00,1.0000000000000000e+01,1.0000000000000005e+01,5.3290705182007512e-16,3.1622776601683766e-01,2.4522912803496961e+00,2.6144396973756332e+00,4.7966519144830172e-16,1.1761969034414466e-01,4.1633363423443370e-17,1.3545310322495126e-15,True,Q_left D(kappa) Q_right^T,SP+ (compact QR),1.1761969034414461e-01,-4.1633363423443370e-17,True
synthetic,structured_low_rank_update,aggregate,N/A,42,62,128,96,16,8,4.0000000000000000e+00,1.0000000000000000e+00,1.0000000000000009e+00,8.8817841970012523e-16,9.9999999999999956e-01,1.6457339059369436e+00,1.6457339059369438e+00,3.2909852230954002e-16,1.1761969034414466e-01,4.1633363423443370e-17,1.3840218430622669e-15,True,Q_left D(kappa) Q_right^T,RBLA prefix,6.5788382403292767e-01,5.4026413368878301e-01,True
synthetic,structured_low_rank_update,aggregate,N/A,42,62,128,96,16,8,4.0000000000000000e+00,1.0000000000000000e+00,1.0000000000000009e+00,8.8817841970012523e-16,9.9999999999999956e-01,1.6457339059369436e+00,1.6457339059369438e+00,3.2909852230954002e-16,1.1761969034414466e-01,4.1633363423443370e-17,1.3840218430622669e-15,True,Q_left D(kappa) Q_right^T,SP+ (compact QR),1.1761969034414461e-01,-4.1633363423443370e-17,True
synthetic,structured_low_rank_update,aggregate,N/A,42,62,128,96,16,8,4.0000000000000000e+00,1.5000000000000000e+00,1.5000000000000002e+00,1.4802973661668753e-16,8.1649658092772581e-01,1.6395538459609291e+00,1.7000396695709930e+00,3.6506654432075321e-16,1.1761969034414466e-01,4.1633363423443370e-17,1.1150051241265450e-15,True,Q_left D(kappa) Q_right^T,RBLA prefix,6.6176965211473315e-01,5.4414996177058850e-01,True
synthetic,structured_low_rank_update,aggregate,N/A,42,62,128,96,16,8,4.0000000000000000e+00,1.5000000000000000e+00,1.5000000000000002e+00,1.4802973661668753e-16,8.1649658092772581e-01,1.6395538459609291e+00,1.7000396695709930e+00,3.6506654432075321e-16,1.1761969034414466e-01,4.1633363423443370e-17,1.1150051241265450e-15,True,Q_left D(kappa) Q_right^T,SP+ (compact QR),1.1761969034414461e-01,-4.1633363423443370e-17,True
synthetic,structured_low_rank_update,aggregate,N/A,42,62,128,96,16,8,4.0000000000000000e+00,2.0000000000000000e+00,2.0000000000000000e+00,0.0000000000000000e+00,7.0710678118654757e-01,1.6644983018393653e+00,1.7681935662508017e+00,3.6420935267079699e-16,1.1761969034414466e-01,4.1633363423443370e-17,1.6316591266421419e-15,True,Q_left D(kappa) Q_right^T,RBLA prefix,6.6974033740919436e-01,5.5212064706504971e-01,True
synthetic,structured_low_rank_update,aggregate,N/A,42,62,128,96,16,8,4.0000000000000000e+00,2.0000000000000000e+00,2.0000000000000000e+00,0.0000000000000000e+00,7.0710678118654757e-01,1.6644983018393653e+00,1.7681935662508017e+00,3.6420935267079699e-16,1.1761969034414466e-01,4.1633363423443370e-17,1.6316591266421419e-15,True,Q_left D(kappa) Q_right^T,SP+ (compact QR),1.1761969034414461e-01,-4.1633363423443370e-17,True
synthetic,structured_low_rank_update,aggregate,N/A,42,62,128,96,16,8,4.0000000000000000e+00,3.0000000000000000e+00,3.0000000000000009e+00,2.9605947323337506e-16,5.7735026918962562e-01,1.7420381495137480e+00,1.9076413043970915e+00,3.7186988018274632e-16,1.1761969034414466e-01,2.7755575615628914e-17,1.5893893682620770e-15,True,Q_left D(kappa) Q_right^T,RBLA prefix,6.9071707812854433e-01,5.7309738778439967e-01,True
synthetic,structured_low_rank_update,aggregate,N/A,42,62,128,96,16,8,4.0000000000000000e+00,3.0000000000000000e+00,3.0000000000000009e+00,2.9605947323337506e-16,5.7735026918962562e-01,1.7420381495137480e+00,1.9076413043970915e+00,3.7186988018274632e-16,1.1761969034414466e-01,2.7755575615628914e-17,1.5893893682620770e-15,True,Q_left D(kappa) Q_right^T,SP+ (compact QR),1.1761969034414463e-01,-2.7755575615628914e-17,True
synthetic,structured_low_rank_update,aggregate,N/A,42,62,128,96,16,8,4.0000000000000000e+00,5.0000000000000000e+00,5.0000000000000044e+00,8.8817841970012523e-16,4.4721359549995771e-01,1.9140267334137293e+00,2.1609857701619872e+00,4.5489383693153646e-16,1.1761969034414466e-01,4.1633363423443370e-17,1.7692912363691361e-15,True,Q_left D(kappa) Q_right^T,RBLA prefix,7.4209497629971843e-01,6.2447528595557378e-01,True
synthetic,structured_low_rank_update,aggregate,N/A,42,62,128,96,16,8,4.0000000000000000e+00,5.0000000000000000e+00,5.0000000000000044e+00,8.8817841970012523e-16,4.4721359549995771e-01,1.9140267334137293e+00,2.1609857701619872e+00,4.5489383693153646e-16,1.1761969034414466e-01,4.1633363423443370e-17,1.7692912363691361e-15,True,Q_left D(kappa) Q_right^T,SP+ (compact QR),1.1761969034414461e-01,-4.1633363423443370e-17,True
synthetic,structured_low_rank_update,aggregate,N/A,42,62,128,96,16,8,4.0000000000000000e+00,7.5000000000000000e+00,7.5000000000000009e+00,1.1842378929335003e-16,3.6514837167011066e-01,2.1146585743717612e+00,2.4309078400844339e+00,4.8149943888951393e-16,1.1761969034414466e-01,4.1633363423443370e-17,1.5332366368478884e-15,True,Q_left D(kappa) Q_right^T,RBLA prefix,8.1551697610175200e-01,6.9789728575760734e-01,True
synthetic,structured_low_rank_update,aggregate,N/A,42,62,128,96,16,8,4.0000000000000000e+00,7.5000000000000000e+00,7.5000000000000009e+00,1.1842378929335003e-16,3.6514837167011066e-01,2.1146585743717612e+00,2.4309078400844339e+00,4.8149943888951393e-16,1.1761969034414466e-01,4.1633363423443370e-17,1.5332366368478884e-15,True,Q_left D(kappa) Q_right^T,SP+ (compact QR),1.1761969034414461e-01,-4.1633363423443370e-17,True
synthetic,structured_low_rank_update,aggregate,N/A,42,62,128,96,16,8,4.0000000000000000e+00,1.0000000000000000e+01,9.9999999999999947e+00,5.3290705182007512e-16,3.1622776601683811e-01,2.2950672440270656e+00,2.6642735276933704e+00,5.0558962513504773e-16,1.1761969034414466e-01,4.1633363423443370e-17,1.9844070695420725e-15,True,Q_left D(kappa) Q_right^T,RBLA prefix,8.9471650010999282e-01,7.7709680976584816e-01,True
synthetic,structured_low_rank_update,aggregate,N/A,42,62,128,96,16,8,4.0000000000000000e+00,1.0000000000000000e+01,9.9999999999999947e+00,5.3290705182007512e-16,3.1622776601683811e-01,2.2950672440270656e+00,2.6642735276933704e+00,5.0558962513504773e-16,1.1761969034414466e-01,4.1633363423443370e-17,1.9844070695420725e-15,True,Q_left D(kappa) Q_right^T,SP+ (compact QR),1.1761969034414461e-01,-4.1633363423443370e-17,True
synthetic,structured_low_rank_update,aggregate,N/A,42,63,128,96,16,8,4.0000000000000000e+00,1.0000000000000000e+00,1.0000000000000007e+00,6.6613381477509392e-16,9.9999999999999967e-01,1.6457339059369436e+00,1.6457339059369436e+00,3.2999257603687320e-16,1.1761969034414466e-01,4.1633363423443370e-17,1.0086271891098993e-15,True,Q_left D(kappa) Q_right^T,RBLA prefix,6.9239859355819910e-01,5.7477890321405445e-01,True
synthetic,structured_low_rank_update,aggregate,N/A,42,63,128,96,16,8,4.0000000000000000e+00,1.0000000000000000e+00,1.0000000000000007e+00,6.6613381477509392e-16,9.9999999999999967e-01,1.6457339059369436e+00,1.6457339059369436e+00,3.2999257603687320e-16,1.1761969034414466e-01,4.1633363423443370e-17,1.0086271891098993e-15,True,Q_left D(kappa) Q_right^T,SP+ (compact QR),1.1761969034414461e-01,-4.1633363423443370e-17,True
synthetic,structured_low_rank_update,aggregate,N/A,42,63,128,96,16,8,4.0000000000000000e+00,1.5000000000000000e+00,1.5000000000000004e+00,2.9605947323337506e-16,8.1649658092772592e-01,1.6939785545993638e+00,1.6461167941589487e+00,3.4557994881843398e-16,1.1761969034414466e-01,4.1633363423443370e-17,1.1995716572792392e-15,True,Q_left D(kappa) Q_right^T,RBLA prefix,6.9849580673530209e-01,5.8087611639115744e-01,True
synthetic,structured_low_rank_update,aggregate,N/A,42,63,128,96,16,8,4.0000000000000000e+00,1.5000000000000000e+00,1.5000000000000004e+00,2.9605947323337506e-16,8.1649658092772592e-01,1.6939785545993638e+00,1.6461167941589487e+00,3.4557994881843398e-16,1.1761969034414466e-01,4.1633363423443370e-17,1.1995716572792392e-15,True,Q_left D(kappa) Q_right^T,SP+ (compact QR),1.1761969034414461e-01,-4.1633363423443370e-17,True
synthetic,structured_low_rank_update,aggregate,N/A,42,63,128,96,16,8,4.0000000000000000e+00,2.0000000000000000e+00,1.9999999999999984e+00,7.7715611723760958e-16,7.0710678118654791e-01,1.7588278289369221e+00,1.6753611737217751e+00,3.5191350087396696e-16,1.1761969034414466e-01,4.1633363423443370e-17,1.6171285822489422e-15,True,Q_left D(kappa) Q_right^T,RBLA prefix,7.1077931753458712e-01,5.9315962719044246e-01,True
synthetic,structured_low_rank_update,aggregate,N/A,42,63,128,96,16,8,4.0000000000000000e+00,2.0000000000000000e+00,1.9999999999999984e+00,7.7715611723760958e-16,7.0710678118654791e-01,1.7588278289369221e+00,1.6753611737217751e+00,3.5191350087396696e-16,1.1761969034414466e-01,4.1633363423443370e-17,1.6171285822489422e-15,True,Q_left D(kappa) Q_right^T,SP+ (compact QR),1.1761969034414461e-01,-4.1633363423443370e-17,True
synthetic,structured_low_rank_update,aggregate,N/A,42,63,128,96,16,8,4.0000000000000000e+00,3.0000000000000000e+00,2.9999999999999991e+00,2.9605947323337506e-16,5.7735026918962606e-01,1.8959862024198453e+00,1.7576340270832276e+00,3.4475796105169060e-16,1.1761969034414466e-01,2.7755575615628914e-17,1.2647531043791473e-15,True,Q_left D(kappa) Q_right^T,RBLA prefix,7.4195523991763801e-01,6.2433554957349335e-01,True
synthetic,structured_low_rank_update,aggregate,N/A,42,63,128,96,16,8,4.0000000000000000e+00,3.0000000000000000e+00,2.9999999999999991e+00,2.9605947323337506e-16,5.7735026918962606e-01,1.8959862024198453e+00,1.7576340270832276e+00,3.4475796105169060e-16,1.1761969034414466e-01,2.7755575615628914e-17,1.2647531043791473e-15,True,Q_left D(kappa) Q_right^T,SP+ (compact QR),1.1761969034414463e-01,-2.7755575615628914e-17,True
synthetic,structured_low_rank_update,aggregate,N/A,42,63,128,96,16,8,4.0000000000000000e+00,5.0000000000000000e+00,4.9999999999999973e+00,5.3290705182007512e-16,4.4721359549995821e-01,2.1520879290679011e+00,1.9321314931188591e+00,3.7316128837750377e-16,1.1761969034414466e-01,4.1633363423443370e-17,1.3777506791358465e-15,True,Q_left D(kappa) Q_right^T,RBLA prefix,8.1368016975672341e-01,6.9606047941257876e-01,True
synthetic,structured_low_rank_update,aggregate,N/A,42,63,128,96,16,8,4.0000000000000000e+00,5.0000000000000000e+00,4.9999999999999973e+00,5.3290705182007512e-16,4.4721359549995821e-01,2.1520879290679011e+00,1.9321314931188591e+00,3.7316128837750377e-16,1.1761969034414466e-01,4.1633363423443370e-17,1.3777506791358465e-15,True,Q_left D(kappa) Q_right^T,SP+ (compact QR),1.1761969034414461e-01,-4.1633363423443370e-17,True
synthetic,structured_low_rank_update,aggregate,N/A,42,63,128,96,16,8,4.0000000000000000e+00,7.5000000000000000e+00,7.4999999999999929e+00,9.4739031434680023e-16,3.6514837167011099e-01,2.4301498141416951e+00,2.1311017535863903e+00,3.9394709544731530e-16,1.1761969034414466e-01,2.7755575615628914e-17,1.1655172168264557e-15,True,Q_left D(kappa) Q_right^T,RBLA prefix,9.0971344711348201e-01,7.9209375676933735e-01,True
synthetic,structured_low_rank_update,aggregate,N/A,42,63,128,96,16,8,4.0000000000000000e+00,7.5000000000000000e+00,7.4999999999999929e+00,9.4739031434680023e-16,3.6514837167011099e-01,2.4301498141416951e+00,2.1311017535863903e+00,3.9394709544731530e-16,1.1761969034414466e-01,2.7755575615628914e-17,1.1655172168264557e-15,True,Q_left D(kappa) Q_right^T,SP+ (compact QR),1.1761969034414463e-01,-2.7755575615628914e-17,True
synthetic,structured_low_rank_update,aggregate,N/A,42,63,128,96,16,8,4.0000000000000000e+00,1.0000000000000000e+01,9.9999999999999947e+00,5.3290705182007512e-16,3.1622776601683811e-01,2.6732527868467160e+00,2.3079485860540561e+00,4.3569314226650823e-16,1.1761969034414466e-01,2.7755575615628914e-17,1.5339315597908201e-15,True,Q_left D(kappa) Q_right^T,RBLA prefix,1.0086104488830414e+00,8.9099075853889675e-01,True
synthetic,structured_low_rank_update,aggregate,N/A,42,63,128,96,16,8,4.0000000000000000e+00,1.0000000000000000e+01,9.9999999999999947e+00,5.3290705182007512e-16,3.1622776601683811e-01,2.6732527868467160e+00,2.3079485860540561e+00,4.3569314226650823e-16,1.1761969034414466e-01,2.7755575615628914e-17,1.5339315597908201e-15,True,Q_left D(kappa) Q_right^T,SP+ (compact QR),1.1761969034414463e-01,-2.7755575615628914e-17,True
synthetic,structured_low_rank_update,aggregate,N/A,42,64,128,96,16,8,4.0000000000000000e+00,1.0000000000000000e+00,1.0000000000000009e+00,8.8817841970012523e-16,9.9999999999999956e-01,1.6457339059369436e+00,1.6457339059369438e+00,3.3395905260052753e-16,1.1761969034414466e-01,4.1633363423443370e-17,1.0052945718497577e-15,True,Q_left D(kappa) Q_right^T,RBLA prefix,5.9300352621922203e-01,4.7538383587507738e-01,True
synthetic,structured_low_rank_update,aggregate,N/A,42,64,128,96,16,8,4.0000000000000000e+00,1.0000000000000000e+00,1.0000000000000009e+00,8.8817841970012523e-16,9.9999999999999956e-01,1.6457339059369436e+00,1.6457339059369438e+00,3.3395905260052753e-16,1.1761969034414466e-01,4.1633363423443370e-17,1.0052945718497577e-15,True,Q_left D(kappa) Q_right^T,SP+ (compact QR),1.1761969034414461e-01,-4.1633363423443370e-17,True
synthetic,structured_low_rank_update,aggregate,N/A,42,64,128,96,16,8,4.0000000000000000e+00,1.5000000000000000e+00,1.5000000000000004e+00,2.9605947323337506e-16,8.1649658092772592e-01,1.6720273582884808e+00,1.6740752079605472e+00,3.2399126808578788e-16,1.1761969034414466e-01,2.7755575615628914e-17,1.0901709362992657e-15,True,Q_left D(kappa) Q_right^T,RBLA prefix,5.9631682737578418e-01,4.7869713703163952e-01,True
synthetic,structured_low_rank_update,aggregate,N/A,42,64,128,96,16,8,4.0000000000000000e+00,1.5000000000000000e+00,1.5000000000000004e+00,2.9605947323337506e-16,8.1649658092772592e-01,1.6720273582884808e+00,1.6740752079605472e+00,3.2399126808578788e-16,1.1761969034414466e-01,2.7755575615628914e-17,1.0901709362992657e-15,True,Q_left D(kappa) Q_right^T,SP+ (compact QR),1.1761969034414463e-01,-2.7755575615628914e-17,True
synthetic,structured_low_rank_update,aggregate,N/A,42,64,128,96,16,8,4.0000000000000000e+00,2.0000000000000000e+00,2.0000000000000004e+00,2.2204460492503131e-16,7.0710678118654735e-01,1.7241060766207077e+00,1.7272833546710118e+00,3.2891392965784399e-16,1.1761969034414466e-01,4.1633363423443370e-17,1.1518549810414280e-15,True,Q_left D(kappa) Q_right^T,RBLA prefix,6.0352250042003175e-01,4.8590281007588709e-01,True
synthetic,structured_low_rank_update,aggregate,N/A,42,64,128,96,16,8,4.0000000000000000e+00,2.0000000000000000e+00,2.0000000000000004e+00,2.2204460492503131e-16,7.0710678118654735e-01,1.7241060766207077e+00,1.7272833546710118e+00,3.2891392965784399e-16,1.1761969034414466e-01,4.1633363423443370e-17,1.1518549810414280e-15,True,Q_left D(kappa) Q_right^T,SP+ (compact QR),1.1761969034414461e-01,-4.1633363423443370e-17,True
synthetic,structured_low_rank_update,aggregate,N/A,42,64,128,96,16,8,4.0000000000000000e+00,3.0000000000000000e+00,3.0000000000000009e+00,2.9605947323337506e-16,5.7735026918962562e-01,1.8455023989058761e+00,1.8494341646017713e+00,3.5020307976289019e-16,1.1761969034414466e-01,2.7755575615628914e-17,1.4790128229576569e-15,True,Q_left D(kappa) Q_right^T,RBLA prefix,6.2455545399923906e-01,5.0693576365509441e-01,True
synthetic,structured_low_rank_update,aggregate,N/A,42,64,128,96,16,8,4.0000000000000000e+00,3.0000000000000000e+00,3.0000000000000009e+00,2.9605947323337506e-16,5.7735026918962562e-01,1.8455023989058761e+00,1.8494341646017713e+00,3.5020307976289019e-16,1.1761969034414466e-01,2.7755575615628914e-17,1.4790128229576569e-15,True,Q_left D(kappa) Q_right^T,SP+ (compact QR),1.1761969034414463e-01,-2.7755575615628914e-17,True
synthetic,structured_low_rank_update,aggregate,N/A,42,64,128,96,16,8,4.0000000000000000e+00,5.0000000000000000e+00,5.0000000000000027e+00,5.3290705182007512e-16,4.4721359549995771e-01,2.0816016027226216e+00,2.0846177468278642e+00,3.6730383235643582e-16,1.1761969034414466e-01,4.1633363423443370e-17,1.6821068332311323e-15,True,Q_left D(kappa) Q_right^T,RBLA prefix,6.8384349230239883e-01,5.6622380195825417e-01,True
synthetic,structured_low_rank_update,aggregate,N/A,42,64,128,96,16,8,4.0000000000000000e+00,5.0000000000000000e+00,5.0000000000000027e+00,5.3290705182007512e-16,4.4721359549995771e-01,2.0816016027226216e+00,2.0846177468278642e+00,3.6730383235643582e-16,1.1761969034414466e-01,4.1633363423443370e-17,1.6821068332311323e-15,True,Q_left D(kappa) Q_right^T,SP+ (compact QR),1.1761969034414461e-01,-4.1633363423443370e-17,True
synthetic,structured_low_rank_update,aggregate,N/A,42,64,128,96,16,8,4.0000000000000000e+00,7.5000000000000000e+00,7.4999999999999982e+00,2.3684757858670006e-16,3.6514837167011083e-01,2.3399516170942873e+00,2.3405222210228045e+00,4.7423841937208465e-16,1.1761969034414466e-01,4.1633363423443370e-17,1.6968671294168230e-15,True,Q_left D(kappa) Q_right^T,RBLA prefix,7.7760515323453228e-01,6.5998546289038762e-01,True
synthetic,structured_low_rank_update,aggregate,N/A,42,64,128,96,16,8,4.0000000000000000e+00,7.5000000000000000e+00,7.4999999999999982e+00,2.3684757858670006e-16,3.6514837167011083e-01,2.3399516170942873e+00,2.3405222210228045e+00,4.7423841937208465e-16,1.1761969034414466e-01,4.1633363423443370e-17,1.6968671294168230e-15,True,Q_left D(kappa) Q_right^T,SP+ (compact QR),1.1761969034414461e-01,-4.1633363423443370e-17,True
synthetic,structured_low_rank_update,aggregate,N/A,42,64,128,96,16,8,4.0000000000000000e+00,1.0000000000000000e+01,1.0000000000000005e+01,5.3290705182007512e-16,3.1622776601683772e-01,2.5650985295296782e+00,2.5629476878044231e+00,5.2166136195032540e-16,1.1761969034414466e-01,4.1633363423443370e-17,1.2902683733582815e-15,True,Q_left D(kappa) Q_right^T,RBLA prefix,8.8327502950476267e-01,7.6565533916061801e-01,True
synthetic,structured_low_rank_update,aggregate,N/A,42,64,128,96,16,8,4.0000000000000000e+00,1.0000000000000000e+01,1.0000000000000005e+01,5.3290705182007512e-16,3.1622776601683772e-01,2.5650985295296782e+00,2.5629476878044231e+00,5.2166136195032540e-16,1.1761969034414466e-01,4.1633363423443370e-17,1.2902683733582815e-15,True,Q_left D(kappa) Q_right^T,SP+ (compact QR),1.1761969034414461e-01,-4.1633363423443370e-17,True
synthetic,structured_low_rank_update,aggregate,N/A,42,65,128,96,16,8,4.0000000000000000e+00,1.0000000000000000e+00,1.0000000000000007e+00,6.6613381477509392e-16,9.9999999999999956e-01,1.6457339059369436e+00,1.6457339059369438e+00,3.3848102749244039e-16,1.1761969034414466e-01,2.7755575615628914e-17,1.5981793527297636e-15,True,Q_left D(kappa) Q_right^T,RBLA prefix,5.9556836405151159e-01,4.7794867370736693e-01,True
synthetic,structured_low_rank_update,aggregate,N/A,42,65,128,96,16,8,4.0000000000000000e+00,1.0000000000000000e+00,1.0000000000000007e+00,6.6613381477509392e-16,9.9999999999999956e-01,1.6457339059369436e+00,1.6457339059369438e+00,3.3848102749244039e-16,1.1761969034414466e-01,2.7755575615628914e-17,1.5981793527297636e-15,True,Q_left D(kappa) Q_right^T,SP+ (compact QR),1.1761969034414463e-01,-2.7755575615628914e-17,True
synthetic,structured_low_rank_update,aggregate,N/A,42,65,128,96,16,8,4.0000000000000000e+00,1.5000000000000000e+00,1.5000000000000000e+00,0.0000000000000000e+00,8.1649658092772615e-01,1.6751685927486888e+00,1.6685375898704033e+00,3.5011519410698020e-16,1.1761969034414466e-01,4.1633363423443370e-17,1.0140084229731729e-15,True,Q_left D(kappa) Q_right^T,RBLA prefix,5.9900253502709067e-01,4.8138284468294601e-01,True
synthetic,structured_low_rank_update,aggregate,N/A,42,65,128,96,16,8,4.0000000000000000e+00,1.5000000000000000e+00,1.5000000000000000e+00,0.0000000000000000e+00,8.1649658092772615e-01,1.6751685927486888e+00,1.6685375898704033e+00,3.5011519410698020e-16,1.1761969034414466e-01,4.1633363423443370e-17,1.0140084229731729e-15,True,Q_left D(kappa) Q_right^T,SP+ (compact QR),1.1761969034414461e-01,-4.1633363423443370e-17,True
synthetic,structured_low_rank_update,aggregate,N/A,42,65,128,96,16,8,4.0000000000000000e+00,2.0000000000000000e+00,1.9999999999999993e+00,3.3306690738754696e-16,7.0710678118654757e-01,1.7283166784664876e+00,1.7161569599883488e+00,3.7697324799575115e-16,1.1761969034414466e-01,4.1633363423443370e-17,1.1922770533520769e-15,True,Q_left D(kappa) Q_right^T,RBLA prefix,6.0616078272653995e-01,4.8854109238239529e-01,True
synthetic,structured_low_rank_update,aggregate,N/A,42,65,128,96,16,8,4.0000000000000000e+00,2.0000000000000000e+00,1.9999999999999993e+00,3.3306690738754696e-16,7.0710678118654757e-01,1.7283166784664876e+00,1.7161569599883488e+00,3.7697324799575115e-16,1.1761969034414466e-01,4.1633363423443370e-17,1.1922770533520769e-15,True,Q_left D(kappa) Q_right^T,SP+ (compact QR),1.1761969034414461e-01,-4.1633363423443370e-17,True
synthetic,structured_low_rank_update,aggregate,N/A,42,65,128,96,16,8,4.0000000000000000e+00,3.0000000000000000e+00,3.0000000000000000e+00,0.0000000000000000e+00,5.7735026918962584e-01,1.8501199878156116e+00,1.8279023533072318e+00,3.7680428592143410e-16,1.1761969034414466e-01,4.1633363423443370e-17,1.3430587061047473e-15,True,Q_left D(kappa) Q_right^T,RBLA prefix,6.2556804357857110e-01,5.0794835323442644e-01,True
synthetic,structured_low_rank_update,aggregate,N/A,42,65,128,96,16,8,4.0000000000000000e+00,3.0000000000000000e+00,3.0000000000000000e+00,0.0000000000000000e+00,5.7735026918962584e-01,1.8501199878156116e+00,1.8279023533072318e+00,3.7680428592143410e-16,1.1761969034414466e-01,4.1633363423443370e-17,1.3430587061047473e-15,True,Q_left D(kappa) Q_right^T,SP+ (compact QR),1.1761969034414461e-01,-4.1633363423443370e-17,True
synthetic,structured_low_rank_update,aggregate,N/A,42,65,128,96,16,8,4.0000000000000000e+00,5.0000000000000000e+00,4.9999999999999947e+00,1.0658141036401502e-15,4.4721359549995832e-01,2.0860136101164177e+00,2.0454826152451835e+00,3.9224217070878639e-16,1.1761969034414466e-01,4.1633363423443370e-17,1.3996010985069175e-15,True,Q_left D(kappa) Q_right^T,RBLA prefix,6.7519659084694994e-01,5.5757690050280528e-01,True
synthetic,structured_low_rank_update,aggregate,N/A,42,65,128,96,16,8,4.0000000000000000e+00,5.0000000000000000e+00,4.9999999999999947e+00,1.0658141036401502e-15,4.4721359549995832e-01,2.0860136101164177e+00,2.0454826152451835e+00,3.9224217070878639e-16,1.1761969034414466e-01,4.1633363423443370e-17,1.3996010985069175e-15,True,Q_left D(kappa) Q_right^T,SP+ (compact QR),1.1761969034414461e-01,-4.1633363423443370e-17,True
synthetic,structured_low_rank_update,aggregate,N/A,42,65,128,96,16,8,4.0000000000000000e+00,7.5000000000000000e+00,7.5000000000000018e+00,2.3684757858670006e-16,3.6514837167011072e-01,2.3446562505713278e+00,2.2835418823776843e+00,4.4229192652844358e-16,1.1761969034414466e-01,4.1633363423443370e-17,2.0889564494718775e-15,True,Q_left D(kappa) Q_right^T,RBLA prefix,7.4852031003693342e-01,6.3090061969278877e-01,True
synthetic,structured_low_rank_update,aggregate,N/A,42,65,128,96,16,8,4.0000000000000000e+00,7.5000000000000000e+00,7.5000000000000018e+00,2.3684757858670006e-16,3.6514837167011072e-01,2.3446562505713278e+00,2.2835418823776843e+00,4.4229192652844358e-16,1.1761969034414466e-01,4.1633363423443370e-17,2.0889564494718775e-15,True,Q_left D(kappa) Q_right^T,SP+ (compact QR),1.1761969034414461e-01,-4.1633363423443370e-17,True
synthetic,structured_low_rank_update,aggregate,N/A,42,65,128,96,16,8,4.0000000000000000e+00,1.0000000000000000e+01,1.0000000000000005e+01,5.3290705182007512e-16,3.1622776601683783e-01,2.5707794995676614e+00,2.4910172760235105e+00,4.8828437922142280e-16,1.1761969034414466e-01,2.7755575615628914e-17,1.1420336949452312e-15,True,Q_left D(kappa) Q_right^T,RBLA prefix,8.2880912569973741e-01,7.1118943535559276e-01,True
synthetic,structured_low_rank_update,aggregate,N/A,42,65,128,96,16,8,4.0000000000000000e+00,1.0000000000000000e+01,1.0000000000000005e+01,5.3290705182007512e-16,3.1622776601683783e-01,2.5707794995676614e+00,2.4910172760235105e+00,4.8828437922142280e-16,1.1761969034414466e-01,2.7755575615628914e-17,1.1420336949452312e-15,True,Q_left D(kappa) Q_right^T,SP+ (compact QR),1.1761969034414463e-01,-2.7755575615628914e-17,True
synthetic,structured_low_rank_update,aggregate,N/A,42,66,128,96,16,8,4.0000000000000000e+00,1.0000000000000000e+00,1.0000000000000009e+00,8.8817841970012523e-16,9.9999999999999967e-01,1.6457339059369436e+00,1.6457339059369438e+00,3.2821396920710820e-16,1.1761969034414466e-01,4.1633363423443370e-17,1.2418948461210749e-15,True,Q_left D(kappa) Q_right^T,RBLA prefix,5.6896781876892089e-01,4.5134812842477623e-01,True
synthetic,structured_low_rank_update,aggregate,N/A,42,66,128,96,16,8,4.0000000000000000e+00,1.0000000000000000e+00,1.0000000000000009e+00,8.8817841970012523e-16,9.9999999999999967e-01,1.6457339059369436e+00,1.6457339059369438e+00,3.2821396920710820e-16,1.1761969034414466e-01,4.1633363423443370e-17,1.2418948461210749e-15,True,Q_left D(kappa) Q_right^T,SP+ (compact QR),1.1761969034414461e-01,-4.1633363423443370e-17,True
synthetic,structured_low_rank_update,aggregate,N/A,42,66,128,96,16,8,4.0000000000000000e+00,1.5000000000000000e+00,1.4999999999999998e+00,1.4802973661668753e-16,8.1649658092772592e-01,1.7019835768847593e+00,1.6489309072759788e+00,3.3954920085837859e-16,1.1761969034414466e-01,4.1633363423443370e-17,1.3443056311196943e-15,True,Q_left D(kappa) Q_right^T,RBLA prefix,5.7491970613749666e-01,4.5730001579335200e-01,True
synthetic,structured_low_rank_update,aggregate,N/A,42,66,128,96,16,8,4.0000000000000000e+00,1.5000000000000000e+00,1.4999999999999998e+00,1.4802973661668753e-16,8.1649658092772592e-01,1.7019835768847593e+00,1.6489309072759788e+00,3.3954920085837859e-16,1.1761969034414466e-01,4.1633363423443370e-17,1.3443056311196943e-15,True,Q_left D(kappa) Q_right^T,SP+ (compact QR),1.1761969034414461e-01,-4.1633363423443370e-17,True
synthetic,structured_low_rank_update,aggregate,N/A,42,66,128,96,16,8,4.0000000000000000e+00,2.0000000000000000e+00,2.0000000000000004e+00,2.2204460492503131e-16,7.0710678118654724e-01,1.7792788769288828e+00,1.6861347332011858e+00,3.5151567006852502e-16,1.1761969034414466e-01,4.1633363423443370e-17,1.2475595296460667e-15,True,Q_left D(kappa) Q_right^T,RBLA prefix,5.8736349167424495e-01,4.6974380133010030e-01,True
synthetic,structured_low_rank_update,aggregate,N/A,42,66,128,96,16,8,4.0000000000000000e+00,2.0000000000000000e+00,2.0000000000000004e+00,2.2204460492503131e-16,7.0710678118654724e-01,1.7792788769288828e+00,1.6861347332011858e+00,3.5151567006852502e-16,1.1761969034414466e-01,4.1633363423443370e-17,1.2475595296460667e-15,True,Q_left D(kappa) Q_right^T,SP+ (compact QR),1.1761969034414461e-01,-4.1633363423443370e-17,True
synthetic,structured_low_rank_update,aggregate,N/A,42,66,128,96,16,8,4.0000000000000000e+00,3.0000000000000000e+00,3.0000000000000000e+00,0.0000000000000000e+00,5.7735026918962573e-01,1.9432899799156855e+00,1.7867461691473203e+00,3.4891114880020367e-16,1.1761969034414466e-01,4.1633363423443370e-17,1.2596267590263769e-15,True,Q_left D(kappa) Q_right^T,RBLA prefix,6.2121506910703173e-01,5.0359537876288707e-01,True
synthetic,structured_low_rank_update,aggregate,N/A,42,66,128,96,16,8,4.0000000000000000e+00,3.0000000000000000e+00,3.0000000000000000e+00,0.0000000000000000e+00,5.7735026918962573e-01,1.9432899799156855e+00,1.7867461691473203e+00,3.4891114880020367e-16,1.1761969034414466e-01,4.1633363423443370e-17,1.2596267590263769e-15,True,Q_left D(kappa) Q_right^T,SP+ (compact QR),1.1761969034414461e-01,-4.1633363423443370e-17,True
synthetic,structured_low_rank_update,aggregate,N/A,42,66,128,96,16,8,4.0000000000000000e+00,5.0000000000000000e+00,4.9999999999999991e+00,1.7763568394002506e-16,4.4721359549995804e-01,2.2479163868009175e+00,1.9936881596307290e+00,4.0274551592940550e-16,1.1761969034414466e-01,4.1633363423443370e-17,2.0045500407605449e-15,True,Q_left D(kappa) Q_right^T,RBLA prefix,7.0747704604409622e-01,5.8985735569995157e-01,True
synthetic,structured_low_rank_update,aggregate,N/A,42,66,128,96,16,8,4.0000000000000000e+00,5.0000000000000000e+00,4.9999999999999991e+00,1.7763568394002506e-16,4.4721359549995804e-01,2.2479163868009175e+00,1.9936881596307290e+00,4.0274551592940550e-16,1.1761969034414466e-01,4.1633363423443370e-17,2.0045500407605449e-15,True,Q_left D(kappa) Q_right^T,SP+ (compact QR),1.1761969034414461e-01,-4.1633363423443370e-17,True
synthetic,structured_low_rank_update,aggregate,N/A,42,66,128,96,16,8,4.0000000000000000e+00,7.5000000000000000e+00,7.5000000000000009e+00,1.1842378929335003e-16,3.6514837167011066e-01,2.5756724730934124e+00,2.2240197641008859e+00,4.4434580492578533e-16,1.1761969034414466e-01,4.1633363423443370e-17,1.3866615975355457e-15,True,Q_left D(kappa) Q_right^T,RBLA prefix,8.3278520371939169e-01,7.1516551337524703e-01,True
synthetic,structured_low_rank_update,aggregate,N/A,42,66,128,96,16,8,4.0000000000000000e+00,7.5000000000000000e+00,7.5000000000000009e+00,1.1842378929335003e-16,3.6514837167011066e-01,2.5756724730934124e+00,2.2240197641008859e+00,4.4434580492578533e-16,1.1761969034414466e-01,4.1633363423443370e-17,1.3866615975355457e-15,True,Q_left D(kappa) Q_right^T,SP+ (compact QR),1.1761969034414461e-01,-4.1633363423443370e-17,True
synthetic,structured_low_rank_update,aggregate,N/A,42,66,128,96,16,8,4.0000000000000000e+00,1.0000000000000000e+01,9.9999999999999982e+00,1.7763568394002506e-16,3.1622776601683783e-01,2.8600879828072290e+00,2.4255708185601002e+00,4.8933545769853086e-16,1.1761969034414466e-01,4.1633363423443370e-17,1.2984994001096410e-15,True,Q_left D(kappa) Q_right^T,RBLA prefix,9.6714886420162915e-01,8.4952917385748450e-01,True
synthetic,structured_low_rank_update,aggregate,N/A,42,66,128,96,16,8,4.0000000000000000e+00,1.0000000000000000e+01,9.9999999999999982e+00,1.7763568394002506e-16,3.1622776601683783e-01,2.8600879828072290e+00,2.4255708185601002e+00,4.8933545769853086e-16,1.1761969034414466e-01,4.1633363423443370e-17,1.2984994001096410e-15,True,Q_left D(kappa) Q_right^T,SP+ (compact QR),1.1761969034414461e-01,-4.1633363423443370e-17,True
synthetic,structured_low_rank_update,aggregate,N/A,42,67,128,96,16,8,4.0000000000000000e+00,1.0000000000000000e+00,1.0000000000000007e+00,6.6613381477509392e-16,9.9999999999999967e-01,1.6457339059369436e+00,1.6457339059369438e+00,3.7324032425052920e-16,1.1761969034414466e-01,2.7755575615628914e-17,1.2970547656567342e-15,True,Q_left D(kappa) Q_right^T,RBLA prefix,6.7072213404157466e-01,5.5310244369743000e-01,True
synthetic,structured_low_rank_update,aggregate,N/A,42,67,128,96,16,8,4.0000000000000000e+00,1.0000000000000000e+00,1.0000000000000007e+00,6.6613381477509392e-16,9.9999999999999967e-01,1.6457339059369436e+00,1.6457339059369438e+00,3.7324032425052920e-16,1.1761969034414466e-01,2.7755575615628914e-17,1.2970547656567342e-15,True,Q_left D(kappa) Q_right^T,SP+ (compact QR),1.1761969034414463e-01,-2.7755575615628914e-17,True
synthetic,structured_low_rank_update,aggregate,N/A,42,67,128,96,16,8,4.0000000000000000e+00,1.5000000000000000e+00,1.5000000000000000e+00,0.0000000000000000e+00,8.1649658092772570e-01,1.6433166562071828e+00,1.6998027149853125e+00,3.8272299196178706e-16,1.1761969034414466e-01,4.1633363423443370e-17,1.3495559062423839e-15,True,Q_left D(kappa) Q_right^T,RBLA prefix,6.7673105678663548e-01,5.5911136644249082e-01,True
synthetic,structured_low_rank_update,aggregate,N/A,42,67,128,96,16,8,4.0000000000000000e+00,1.5000000000000000e+00,1.5000000000000000e+00,0.0000000000000000e+00,8.1649658092772570e-01,1.6433166562071828e+00,1.6998027149853125e+00,3.8272299196178706e-16,1.1761969034414466e-01,4.1633363423443370e-17,1.3495559062423839e-15,True,Q_left D(kappa) Q_right^T,SP+ (compact QR),1.1761969034414461e-01,-4.1633363423443370e-17,True
synthetic,structured_low_rank_update,aggregate,N/A,42,67,128,96,16,8,4.0000000000000000e+00,2.0000000000000000e+00,2.0000000000000000e+00,0.0000000000000000e+00,7.0710678118654746e-01,1.6722398651323673e+00,1.7705595155534108e+00,3.8560459856507558e-16,1.1761969034414466e-01,4.1633363423443370e-17,9.6396434199455216e-16,True,Q_left D(kappa) Q_right^T,RBLA prefix,6.8898387601608468e-01,5.7136418567194003e-01,True
synthetic,structured_low_rank_update,aggregate,N/A,42,67,128,96,16,8,4.0000000000000000e+00,2.0000000000000000e+00,2.0000000000000000e+00,0.0000000000000000e+00,7.0710678118654746e-01,1.6722398651323673e+00,1.7705595155534108e+00,3.8560459856507558e-16,1.1761969034414466e-01,4.1633363423443370e-17,9.6396434199455216e-16,True,Q_left D(kappa) Q_right^T,SP+ (compact QR),1.1761969034414461e-01,-4.1633363423443370e-17,True
synthetic,structured_low_rank_update,aggregate,N/A,42,67,128,96,16,8,4.0000000000000000e+00,3.0000000000000000e+00,2.9999999999999973e+00,8.8817841970012523e-16,5.7735026918962595e-01,1.7558349832946027e+00,1.9182021321762845e+00,4.5521884961431934e-16,1.1761969034414466e-01,4.1633363423443370e-17,9.1594006911035229e-16,True,Q_left D(kappa) Q_right^T,RBLA prefix,7.2082897452843542e-01,6.0320928418429076e-01,True
synthetic,structured_low_rank_update,aggregate,N/A,42,67,128,96,16,8,4.0000000000000000e+00,3.0000000000000000e+00,2.9999999999999973e+00,8.8817841970012523e-16,5.7735026918962595e-01,1.7558349832946027e+00,1.9182021321762845e+00,4.5521884961431934e-16,1.1761969034414466e-01,4.1633363423443370e-17,9.1594006911035229e-16,True,Q_left D(kappa) Q_right^T,SP+ (compact QR),1.1761969034414461e-01,-4.1633363423443370e-17,True
synthetic,structured_low_rank_update,aggregate,N/A,42,67,128,96,16,8,4.0000000000000000e+00,5.0000000000000000e+00,4.9999999999999991e+00,1.7763568394002506e-16,4.4721359549995798e-01,1.9334734067178152e+00,2.1902817239357848e+00,4.4275410170978580e-16,1.1761969034414466e-01,4.1633363423443370e-17,1.5830894721539192e-15,True,Q_left D(kappa) Q_right^T,RBLA prefix,7.9695802006193572e-01,6.7933832971779107e-01,True
synthetic,structured_low_rank_update,aggregate,N/A,42,67,128,96,16,8,4.0000000000000000e+00,5.0000000000000000e+00,4.9999999999999991e+00,1.7763568394002506e-16,4.4721359549995798e-01,1.9334734067178152e+00,2.1902817239357848e+00,4.4275410170978580e-16,1.1761969034414466e-01,4.1633363423443370e-17,1.5830894721539192e-15,True,Q_left D(kappa) Q_right^T,SP+ (compact QR),1.1761969034414461e-01,-4.1633363423443370e-17,True
synthetic,structured_low_rank_update,aggregate,N/A,42,67,128,96,16,8,4.0000000000000000e+00,7.5000000000000000e+00,7.4999999999999956e+00,5.9211894646675012e-16,3.6514837167011088e-01,2.1346835068628085e+00,2.4825919686726223e+00,4.7620319560415646e-16,1.1761969034414466e-01,4.1633363423443370e-17,1.7284752055322708e-15,True,Q_left D(kappa) Q_right^T,RBLA prefix,9.0250412636965871e-01,7.8488443602551405e-01,True
synthetic,structured_low_rank_update,aggregate,N/A,42,67,128,96,16,8,4.0000000000000000e+00,7.5000000000000000e+00,7.4999999999999956e+00,5.9211894646675012e-16,3.6514837167011088e-01,2.1346835068628085e+00,2.4825919686726223e+00,4.7620319560415646e-16,1.1761969034414466e-01,4.1633363423443370e-17,1.7284752055322708e-15,True,Q_left D(kappa) Q_right^T,SP+ (compact QR),1.1761969034414461e-01,-4.1633363423443370e-17,True
synthetic,structured_low_rank_update,aggregate,N/A,42,67,128,96,16,8,4.0000000000000000e+00,1.0000000000000000e+01,9.9999999999999911e+00,8.8817841970012523e-16,3.1622776601683805e-01,2.3123109838421900e+00,2.7364574947569049e+00,5.5354092142408124e-16,1.1761969034414466e-01,2.7755575615628914e-17,1.7035426882679914e-15,True,Q_left D(kappa) Q_right^T,RBLA prefix,1.0133870116163706e+00,8.9576732127222591e-01,True
synthetic,structured_low_rank_update,aggregate,N/A,42,67,128,96,16,8,4.0000000000000000e+00,1.0000000000000000e+01,9.9999999999999911e+00,8.8817841970012523e-16,3.1622776601683805e-01,2.3123109838421900e+00,2.7364574947569049e+00,5.5354092142408124e-16,1.1761969034414466e-01,2.7755575615628914e-17,1.7035426882679914e-15,True,Q_left D(kappa) Q_right^T,SP+ (compact QR),1.1761969034414463e-01,-2.7755575615628914e-17,True
synthetic,structured_low_rank_update,aggregate,N/A,42,68,128,96,16,8,4.0000000000000000e+00,1.0000000000000000e+00,1.0000000000000009e+00,8.8817841970012523e-16,9.9999999999999967e-01,1.6457339059369438e+00,1.6457339059369438e+00,3.2870674269594902e-16,1.1761969034414466e-01,4.1633363423443370e-17,1.1856841021275977e-15,True,Q_left D(kappa) Q_right^T,RBLA prefix,5.5184762510438579e-01,4.3422793476024113e-01,True
synthetic,structured_low_rank_update,aggregate,N/A,42,68,128,96,16,8,4.0000000000000000e+00,1.0000000000000000e+00,1.0000000000000009e+00,8.8817841970012523e-16,9.9999999999999967e-01,1.6457339059369438e+00,1.6457339059369438e+00,3.2870674269594902e-16,1.1761969034414466e-01,4.1633363423443370e-17,1.1856841021275977e-15,True,Q_left D(kappa) Q_right^T,SP+ (compact QR),1.1761969034414461e-01,-4.1633363423443370e-17,True
synthetic,structured_low_rank_update,aggregate,N/A,42,68,128,96,16,8,4.0000000000000000e+00,1.5000000000000000e+00,1.5000000000000007e+00,4.4408920985006262e-16,8.1649658092772592e-01,1.6717675964895360e+00,1.6660654832769839e+00,3.2336337722502392e-16,1.1761969034414466e-01,2.7755575615628914e-17,1.2272739037625106e-15,True,Q_left D(kappa) Q_right^T,RBLA prefix,5.5487572028202503e-01,4.3725602993788037e-01,True
synthetic,structured_low_rank_update,aggregate,N/A,42,68,128,96,16,8,4.0000000000000000e+00,1.5000000000000000e+00,1.5000000000000007e+00,4.4408920985006262e-16,8.1649658092772592e-01,1.6717675964895360e+00,1.6660654832769839e+00,3.2336337722502392e-16,1.1761969034414466e-01,2.7755575615628914e-17,1.2272739037625106e-15,True,Q_left D(kappa) Q_right^T,SP+ (compact QR),1.1761969034414463e-01,-2.7755575615628914e-17,True
synthetic,structured_low_rank_update,aggregate,N/A,42,68,128,96,16,8,4.0000000000000000e+00,2.0000000000000000e+00,2.0000000000000000e+00,0.0000000000000000e+00,7.0710678118654768e-01,1.7190089532542834e+00,1.7085426075933392e+00,3.3421484084020646e-16,1.1761969034414466e-01,2.7755575615628914e-17,1.4269206571372210e-15,True,Q_left D(kappa) Q_right^T,RBLA prefix,5.6101541372601471e-01,4.4339572338187005e-01,True
synthetic,structured_low_rank_update,aggregate,N/A,42,68,128,96,16,8,4.0000000000000000e+00,2.0000000000000000e+00,2.0000000000000000e+00,0.0000000000000000e+00,7.0710678118654768e-01,1.7190089532542834e+00,1.7085426075933392e+00,3.3421484084020646e-16,1.1761969034414466e-01,2.7755575615628914e-17,1.4269206571372210e-15,True,Q_left D(kappa) Q_right^T,SP+ (compact QR),1.1761969034414463e-01,-2.7755575615628914e-17,True
synthetic,structured_low_rank_update,aggregate,N/A,42,68,128,96,16,8,4.0000000000000000e+00,3.0000000000000000e+00,3.0000000000000022e+00,7.4014868308343773e-16,5.7735026918962573e-01,1.8279818068994094e+00,1.8087942748093087e+00,3.7223276887835194e-16,1.1761969034414466e-01,4.1633363423443370e-17,1.3080797752714080e-15,True,Q_left D(kappa) Q_right^T,RBLA prefix,5.7679452108226104e-01,4.5917483073811638e-01,True
synthetic,structured_low_rank_update,aggregate,N/A,42,68,128,96,16,8,4.0000000000000000e+00,3.0000000000000000e+00,3.0000000000000022e+00,7.4014868308343773e-16,5.7735026918962573e-01,1.8279818068994094e+00,1.8087942748093087e+00,3.7223276887835194e-16,1.1761969034414466e-01,4.1633363423443370e-17,1.3080797752714080e-15,True,Q_left D(kappa) Q_right^T,SP+ (compact QR),1.1761969034414461e-01,-4.1633363423443370e-17,True
synthetic,structured_low_rank_update,aggregate,N/A,42,68,128,96,16,8,4.0000000000000000e+00,5.0000000000000000e+00,5.0000000000000036e+00,7.1054273576010023e-16,4.4721359549995782e-01,2.0412678371166622e+00,2.0059671682835107e+00,3.7147568315749822e-16,1.1761969034414466e-01,4.1633363423443370e-17,1.0920657884558702e-15,True,Q_left D(kappa) Q_right^T,RBLA prefix,6.1384264292612145e-01,4.9622295258197680e-01,True
synthetic,structured_low_rank_update,aggregate,N/A,42,68,128,96,16,8,4.0000000000000000e+00,5.0000000000000000e+00,5.0000000000000036e+00,7.1054273576010023e-16,4.4721359549995782e-01,2.0412678371166622e+00,2.0059671682835107e+00,3.7147568315749822e-16,1.1761969034414466e-01,4.1633363423443370e-17,1.0920657884558702e-15,True,Q_left D(kappa) Q_right^T,SP+ (compact QR),1.1761969034414461e-01,-4.1633363423443370e-17,True
synthetic,structured_low_rank_update,aggregate,N/A,42,68,128,96,16,8,4.0000000000000000e+00,7.5000000000000000e+00,7.5000000000000018e+00,2.3684757858670006e-16,3.6514837167011077e-01,2.2776967660763274e+00,2.2239384869112420e+00,4.0001001753523222e-16,1.1761969034414466e-01,2.7755575615628914e-17,1.2499184825800561e-15,True,Q_left D(kappa) Q_right^T,RBLA prefix,6.6440717362868684e-01,5.4678748328454219e-01,True
synthetic,structured_low_rank_update,aggregate,N/A,42,68,128,96,16,8,4.0000000000000000e+00,7.5000000000000000e+00,7.5000000000000018e+00,2.3684757858670006e-16,3.6514837167011077e-01,2.2776967660763274e+00,2.2239384869112420e+00,4.0001001753523222e-16,1.1761969034414466e-01,2.7755575615628914e-17,1.2499184825800561e-15,True,Q_left D(kappa) Q_right^T,SP+ (compact QR),1.1761969034414463e-01,-2.7755575615628914e-17,True
synthetic,structured_low_rank_update,aggregate,N/A,42,68,128,96,16,8,4.0000000000000000e+00,1.0000000000000000e+01,1.0000000000000007e+01,7.1054273576010023e-16,3.1622776601683772e-01,2.4860261927682767e+00,2.4152704483660417e+00,4.3261075565230322e-16,1.1761969034414466e-01,4.1633363423443370e-17,1.5142827899961749e-15,True,Q_left D(kappa) Q_right^T,RBLA prefix,7.1708862070680401e-01,5.9946893036265936e-01,True
synthetic,structured_low_rank_update,aggregate,N/A,42,68,128,96,16,8,4.0000000000000000e+00,1.0000000000000000e+01,1.0000000000000007e+01,7.1054273576010023e-16,3.1622776601683772e-01,2.4860261927682767e+00,2.4152704483660417e+00,4.3261075565230322e-16,1.1761969034414466e-01,4.1633363423443370e-17,1.5142827899961749e-15,True,Q_left D(kappa) Q_right^T,SP+ (compact QR),1.1761969034414461e-01,-4.1633363423443370e-17,True
synthetic,structured_low_rank_update,aggregate,N/A,42,69,128,96,16,8,4.0000000000000000e+00,1.0000000000000000e+00,1.0000000000000009e+00,8.8817841970012523e-16,9.9999999999999967e-01,1.6457339059369436e+00,1.6457339059369438e+00,3.3466155600124673e-16,1.1761969034414466e-01,2.7755575615628914e-17,1.3203161177725434e-15,True,Q_left D(kappa) Q_right^T,RBLA prefix,6.0478153541063584e-01,4.8716184506649118e-01,True
synthetic,structured_low_rank_update,aggregate,N/A,42,69,128,96,16,8,4.0000000000000000e+00,1.0000000000000000e+00,1.0000000000000009e+00,8.8817841970012523e-16,9.9999999999999967e-01,1.6457339059369436e+00,1.6457339059369438e+00,3.3466155600124673e-16,1.1761969034414466e-01,2.7755575615628914e-17,1.3203161177725434e-15,True,Q_left D(kappa) Q_right^T,SP+ (compact QR),1.1761969034414463e-01,-2.7755575615628914e-17,True
synthetic,structured_low_rank_update,aggregate,N/A,42,69,128,96,16,8,4.0000000000000000e+00,1.5000000000000000e+00,1.5000000000000000e+00,0.0000000000000000e+00,8.1649658092772615e-01,1.6662247878743255e+00,1.6786671477873436e+00,3.8303698003634086e-16,1.1761969034414466e-01,4.1633363423443370e-17,1.2323409121847750e-15,True,Q_left D(kappa) Q_right^T,RBLA prefix,6.1350608855764899e-01,4.9588639821350433e-01,True
synthetic,structured_low_rank_update,aggregate,N/A,42,69,128,96,16,8,4.0000000000000000e+00,1.5000000000000000e+00,1.5000000000000000e+00,0.0000000000000000e+00,8.1649658092772615e-01,1.6662247878743255e+00,1.6786671477873436e+00,3.8303698003634086e-16,1.1761969034414466e-01,4.1633363423443370e-17,1.2323409121847750e-15,True,Q_left D(kappa) Q_right^T,SP+ (compact QR),1.1761969034414461e-01,-4.1633363423443370e-17,True
synthetic,structured_low_rank_update,aggregate,N/A,42,69,128,96,16,8,4.0000000000000000e+00,2.0000000000000000e+00,1.9999999999999998e+00,1.1102230246251565e-16,7.0710678118654757e-01,1.7135682014392417e+00,1.7343329232491764e+00,4.1553961930875167e-16,1.1761969034414466e-01,4.1633363423443370e-17,1.2605860241740498e-15,True,Q_left D(kappa) Q_right^T,RBLA prefix,6.3099949916877995e-01,5.1337980882463530e-01,True
synthetic,structured_low_rank_update,aggregate,N/A,42,69,128,96,16,8,4.0000000000000000e+00,2.0000000000000000e+00,1.9999999999999998e+00,1.1102230246251565e-16,7.0710678118654757e-01,1.7135682014392417e+00,1.7343329232491764e+00,4.1553961930875167e-16,1.1761969034414466e-01,4.1633363423443370e-17,1.2605860241740498e-15,True,Q_left D(kappa) Q_right^T,SP+ (compact QR),1.1761969034414461e-01,-4.1633363423443370e-17,True
synthetic,structured_low_rank_update,aggregate,N/A,42,69,128,96,16,8,4.0000000000000000e+00,3.0000000000000000e+00,3.0000000000000000e+00,0.0000000000000000e+00,5.7735026918962562e-01,1.8276149114646396e+00,1.8588138870513404e+00,3.6194285888681175e-16,1.1761969034414466e-01,2.7755575615628914e-17,1.2056487067258309e-15,True,Q_left D(kappa) Q_right^T,RBLA prefix,6.7483989044441561e-01,5.5722020010027096e-01,True
synthetic,structured_low_rank_update,aggregate,N/A,42,69,128,96,16,8,4.0000000000000000e+00,3.0000000000000000e+00,3.0000000000000000e+00,0.0000000000000000e+00,5.7735026918962562e-01,1.8276149114646396e+00,1.8588138870513404e+00,3.6194285888681175e-16,1.1761969034414466e-01,2.7755575615628914e-17,1.2056487067258309e-15,True,Q_left D(kappa) Q_right^T,SP+ (compact QR),1.1761969034414463e-01,-2.7755575615628914e-17,True
synthetic,structured_low_rank_update,aggregate,N/A,42,69,128,96,16,8,4.0000000000000000e+00,5.0000000000000000e+00,5.0000000000000000e+00,0.0000000000000000e+00,4.4721359549995782e-01,2.0536470177567354e+00,2.0951510186276758e+00,4.7197588694833860e-16,1.1761969034414466e-01,4.1633363423443370e-17,1.3065811098566115e-15,True,Q_left D(kappa) Q_right^T,RBLA prefix,7.7251556616831452e-01,6.5489587582416986e-01,True
synthetic,structured_low_rank_update,aggregate,N/A,42,69,128,96,16,8,4.0000000000000000e+00,5.0000000000000000e+00,5.0000000000000000e+00,0.0000000000000000e+00,4.4721359549995782e-01,2.0536470177567354e+00,2.0951510186276758e+00,4.7197588694833860e-16,1.1761969034414466e-01,4.1633363423443370e-17,1.3065811098566115e-15,True,Q_left D(kappa) Q_right^T,SP+ (compact QR),1.1761969034414461e-01,-4.1633363423443370e-17,True
synthetic,structured_low_rank_update,aggregate,N/A,42,69,128,96,16,8,4.0000000000000000e+00,7.5000000000000000e+00,7.5000000000000018e+00,2.3684757858670006e-16,3.6514837167011061e-01,2.3035605191026702e+00,2.3506692725447507e+00,4.5010374398234732e-16,1.1761969034414466e-01,2.7755575615628914e-17,1.1587945679474151e-15,True,Q_left D(kappa) Q_right^T,RBLA prefix,8.9710693966075983e-01,7.7948724931661517e-01,True
synthetic,structured_low_rank_update,aggregate,N/A,42,69,128,96,16,8,4.0000000000000000e+00,7.5000000000000000e+00,7.5000000000000018e+00,2.3684757858670006e-16,3.6514837167011061e-01,2.3035605191026702e+00,2.3506692725447507e+00,4.5010374398234732e-16,1.1761969034414466e-01,2.7755575615628914e-17,1.1587945679474151e-15,True,Q_left D(kappa) Q_right^T,SP+ (compact QR),1.1761969034414463e-01,-2.7755575615628914e-17,True
synthetic,structured_low_rank_update,aggregate,N/A,42,69,128,96,16,8,4.0000000000000000e+00,1.0000000000000000e+01,1.0000000000000009e+01,8.8817841970012523e-16,3.1622776601683772e-01,2.5225400117463845e+00,2.5721550263833364e+00,5.1204653011577721e-16,1.1761969034414466e-01,4.1633363423443370e-17,1.5002965025091561e-15,True,Q_left D(kappa) Q_right^T,RBLA prefix,1.0196165033350661e+00,9.0199681299092149e-01,True
synthetic,structured_low_rank_update,aggregate,N/A,42,69,128,96,16,8,4.0000000000000000e+00,1.0000000000000000e+01,1.0000000000000009e+01,8.8817841970012523e-16,3.1622776601683772e-01,2.5225400117463845e+00,2.5721550263833364e+00,5.1204653011577721e-16,1.1761969034414466e-01,4.1633363423443370e-17,1.5002965025091561e-15,True,Q_left D(kappa) Q_right^T,SP+ (compact QR),1.1761969034414461e-01,-4.1633363423443370e-17,True
synthetic,structured_low_rank_update,aggregate,N/A,42,70,128,96,16,8,4.0000000000000000e+00,1.0000000000000000e+00,1.0000000000000009e+00,8.8817841970012523e-16,9.9999999999999956e-01,1.6457339059369436e+00,1.6457339059369436e+00,3.3337615938197684e-16,1.1761969034414466e-01,4.1633363423443370e-17,1.4586601157909933e-15,True,Q_left D(kappa) Q_right^T,RBLA prefix,5.8638228376734802e-01,4.6876259342320337e-01,True
synthetic,structured_low_rank_update,aggregate,N/A,42,70,128,96,16,8,4.0000000000000000e+00,1.0000000000000000e+00,1.0000000000000009e+00,8.8817841970012523e-16,9.9999999999999956e-01,1.6457339059369436e+00,1.6457339059369436e+00,3.3337615938197684e-16,1.1761969034414466e-01,4.1633363423443370e-17,1.4586601157909933e-15,True,Q_left D(kappa) Q_right^T,SP+ (compact QR),1.1761969034414461e-01,-4.1633363423443370e-17,True
synthetic,structured_low_rank_update,aggregate,N/A,42,70,128,96,16,8,4.0000000000000000e+00,1.5000000000000000e+00,1.4999999999999996e+00,2.9605947323337506e-16,8.1649658092772615e-01,1.6826047351205786e+00,1.6603780049539190e+00,3.5263608840689073e-16,1.1761969034414466e-01,4.1633363423443370e-17,1.3633485955350171e-15,True,Q_left D(kappa) Q_right^T,RBLA prefix,5.9182374712245878e-01,4.7420405677831412e-01,True
synthetic,structured_low_rank_update,aggregate,N/A,42,70,128,96,16,8,4.0000000000000000e+00,1.5000000000000000e+00,1.4999999999999996e+00,2.9605947323337506e-16,8.1649658092772615e-01,1.6826047351205786e+00,1.6603780049539190e+00,3.5263608840689073e-16,1.1761969034414466e-01,4.1633363423443370e-17,1.3633485955350171e-15,True,Q_left D(kappa) Q_right^T,SP+ (compact QR),1.1761969034414461e-01,-4.1633363423443370e-17,True
synthetic,structured_low_rank_update,aggregate,N/A,42,70,128,96,16,8,4.0000000000000000e+00,2.0000000000000000e+00,1.9999999999999993e+00,3.3306690738754696e-16,7.0710678118654746e-01,1.7406124136516590e+00,1.7018238457451067e+00,3.4775826257802009e-16,1.1761969034414466e-01,4.1633363423443370e-17,1.1759629619291723e-15,True,Q_left D(kappa) Q_right^T,RBLA prefix,6.0296819332386098e-01,4.8534850297971632e-01,True
synthetic,structured_low_rank_update,aggregate,N/A,42,70,128,96,16,8,4.0000000000000000e+00,2.0000000000000000e+00,1.9999999999999993e+00,3.3306690738754696e-16,7.0710678118654746e-01,1.7406124136516590e+00,1.7018238457451067e+00,3.4775826257802009e-16,1.1761969034414466e-01,4.1633363423443370e-17,1.1759629619291723e-15,True,Q_left D(kappa) Q_right^T,SP+ (compact QR),1.1761969034414461e-01,-4.1633363423443370e-17,True
synthetic,structured_low_rank_update,aggregate,N/A,42,70,128,96,16,8,4.0000000000000000e+00,3.0000000000000000e+00,3.0000000000000004e+00,1.4802973661668753e-16,5.7735026918962573e-01,1.8688116853686618e+00,1.8044996679108423e+00,3.5805269060175959e-16,1.1761969034414466e-01,2.7755575615628914e-17,1.4326309109561550e-15,True,Q_left D(kappa) Q_right^T,RBLA prefix,6.3216404254218261e-01,5.1454435219803796e-01,True
synthetic,structured_low_rank_update,aggregate,N/A,42,70,128,96,16,8,4.0000000000000000e+00,3.0000000000000000e+00,3.0000000000000004e+00,1.4802973661668753e-16,5.7735026918962573e-01,1.8688116853686618e+00,1.8044996679108423e+00,3.5805269060175959e-16,1.1761969034414466e-01,2.7755575615628914e-17,1.4326309109561550e-15,True,Q_left D(kappa) Q_right^T,SP+ (compact QR),1.1761969034414463e-01,-2.7755575615628914e-17,True
synthetic,structured_low_rank_update,aggregate,N/A,42,70,128,96,16,8,4.0000000000000000e+00,5.0000000000000000e+00,5.0000000000000044e+00,8.8817841970012523e-16,4.4721359549995759e-01,2.1123389736497225e+00,2.0104593402830062e+00,4.1664625290487656e-16,1.1761969034414466e-01,2.7755575615628914e-17,1.1918691214891479e-15,True,Q_left D(kappa) Q_right^T,RBLA prefix,7.0274634357034882e-01,5.8512665322620416e-01,True
synthetic,structured_low_rank_update,aggregate,N/A,42,70,128,96,16,8,4.0000000000000000e+00,5.0000000000000000e+00,5.0000000000000044e+00,8.8817841970012523e-16,4.4721359549995759e-01,2.1123389736497225e+00,2.0104593402830062e+00,4.1664625290487656e-16,1.1761969034414466e-01,2.7755575615628914e-17,1.1918691214891479e-15,True,Q_left D(kappa) Q_right^T,SP+ (compact QR),1.1761969034414463e-01,-2.7755575615628914e-17,True
synthetic,structured_low_rank_update,aggregate,N/A,42,70,128,96,16,8,4.0000000000000000e+00,7.5000000000000000e+00,7.4999999999999991e+00,1.1842378929335003e-16,3.6514837167011066e-01,2.3769404229152005e+00,2.2395347629277946e+00,4.1326624671777528e-16,1.1761969034414466e-01,4.1633363423443370e-17,1.1069833037582106e-15,True,Q_left D(kappa) Q_right^T,RBLA prefix,8.0146360415541906e-01,6.8384391381127441e-01,True
synthetic,structured_low_rank_update,aggregate,N/A,42,70,128,96,16,8,4.0000000000000000e+00,7.5000000000000000e+00,7.4999999999999991e+00,1.1842378929335003e-16,3.6514837167011066e-01,2.3769404229152005e+00,2.2395347629277946e+00,4.1326624671777528e-16,1.1761969034414466e-01,4.1633363423443370e-17,1.1069833037582106e-15,True,Q_left D(kappa) Q_right^T,SP+ (compact QR),1.1761969034414461e-01,-4.1633363423443370e-17,True
synthetic,structured_low_rank_update,aggregate,N/A,42,70,128,96,16,8,4.0000000000000000e+00,1.0000000000000000e+01,1.0000000000000005e+01,5.3290705182007512e-16,3.1622776601683789e-01,2.6072762483502725e+00,2.4409570776603546e+00,4.6875025240358712e-16,1.1761969034414466e-01,4.1633363423443370e-17,1.4554594552050311e-15,True,Q_left D(kappa) Q_right^T,RBLA prefix,9.0567693833865992e-01,7.8805724799451526e-01,True
synthetic,structured_low_rank_update,aggregate,N/A,42,70,128,96,16,8,4.0000000000000000e+00,1.0000000000000000e+01,1.0000000000000005e+01,5.3290705182007512e-16,3.1622776601683789e-01,2.6072762483502725e+00,2.4409570776603546e+00,4.6875025240358712e-16,1.1761969034414466e-01,4.1633363423443370e-17,1.4554594552050311e-15,True,Q_left D(kappa) Q_right^T,SP+ (compact QR),1.1761969034414461e-01,-4.1633363423443370e-17,True
synthetic,structured_low_rank_update,aggregate,N/A,42,71,128,96,16,8,4.0000000000000000e+00,1.0000000000000000e+00,1.0000000000000009e+00,8.8817841970012523e-16,9.9999999999999944e-01,1.6457339059369436e+00,1.6457339059369438e+00,3.5549341478014206e-16,1.1761969034414466e-01,4.1633363423443370e-17,1.0959439249418348e-15,True,Q_left D(kappa) Q_right^T,RBLA prefix,6.1059555735193882e-01,4.9297586700779417e-01,True
synthetic,structured_low_rank_update,aggregate,N/A,42,71,128,96,16,8,4.0000000000000000e+00,1.0000000000000000e+00,1.0000000000000009e+00,8.8817841970012523e-16,9.9999999999999944e-01,1.6457339059369436e+00,1.6457339059369438e+00,3.5549341478014206e-16,1.1761969034414466e-01,4.1633363423443370e-17,1.0959439249418348e-15,True,Q_left D(kappa) Q_right^T,SP+ (compact QR),1.1761969034414461e-01,-4.1633363423443370e-17,True
synthetic,structured_low_rank_update,aggregate,N/A,42,71,128,96,16,8,4.0000000000000000e+00,1.5000000000000000e+00,1.5000000000000000e+00,0.0000000000000000e+00,8.1649658092772626e-01,1.6682662100574503e+00,1.6698098795748855e+00,3.7735256960490768e-16,1.1761969034414466e-01,4.1633363423443370e-17,1.3124419706033073e-15,True,Q_left D(kappa) Q_right^T,RBLA prefix,6.1378891096648647e-01,4.9616922062234181e-01,True
synthetic,structured_low_rank_update,aggregate,N/A,42,71,128,96,16,8,4.0000000000000000e+00,1.5000000000000000e+00,1.5000000000000000e+00,0.0000000000000000e+00,8.1649658092772626e-01,1.6682662100574503e+00,1.6698098795748855e+00,3.7735256960490768e-16,1.1761969034414466e-01,4.1633363423443370e-17,1.3124419706033073e-15,True,Q_left D(kappa) Q_right^T,SP+ (compact QR),1.1761969034414461e-01,-4.1633363423443370e-17,True
synthetic,structured_low_rank_update,aggregate,N/A,42,71,128,96,16,8,4.0000000000000000e+00,2.0000000000000000e+00,2.0000000000000000e+00,0.0000000000000000e+00,7.0710678118654779e-01,1.7129932659758924e+00,1.7150505441197152e+00,3.2816228649916036e-16,1.1761969034414466e-01,4.1633363423443370e-17,1.1353640001429123e-15,True,Q_left D(kappa) Q_right^T,RBLA prefix,6.2038510728624485e-01,5.0276541694210020e-01,True
synthetic,structured_low_rank_update,aggregate,N/A,42,71,128,96,16,8,4.0000000000000000e+00,2.0000000000000000e+00,2.0000000000000000e+00,0.0000000000000000e+00,7.0710678118654779e-01,1.7129932659758924e+00,1.7150505441197152e+00,3.2816228649916036e-16,1.1761969034414466e-01,4.1633363423443370e-17,1.1353640001429123e-15,True,Q_left D(kappa) Q_right^T,SP+ (compact QR),1.1761969034414461e-01,-4.1633363423443370e-17,True
synthetic,structured_low_rank_update,aggregate,N/A,42,71,128,96,16,8,4.0000000000000000e+00,3.0000000000000000e+00,3.0000000000000004e+00,1.4802973661668753e-16,5.7735026918962595e-01,1.8177886721337764e+00,1.8190203280116299e+00,3.3844268886207474e-16,1.1761969034414466e-01,4.1633363423443370e-17,1.6143256365728535e-15,True,Q_left D(kappa) Q_right^T,RBLA prefix,6.3795736215299592e-01,5.2033767180885127e-01,True
synthetic,structured_low_rank_update,aggregate,N/A,42,71,128,96,16,8,4.0000000000000000e+00,3.0000000000000000e+00,3.0000000000000004e+00,1.4802973661668753e-16,5.7735026918962595e-01,1.8177886721337764e+00,1.8190203280116299e+00,3.3844268886207474e-16,1.1761969034414466e-01,4.1633363423443370e-17,1.6143256365728535e-15,True,Q_left D(kappa) Q_right^T,SP+ (compact QR),1.1761969034414461e-01,-4.1633363423443370e-17,True
synthetic,structured_low_rank_update,aggregate,N/A,42,71,128,96,16,8,4.0000000000000000e+00,5.0000000000000000e+00,4.9999999999999973e+00,5.3290705182007512e-16,4.4721359549995832e-01,2.0231034211698504e+00,2.0196637793585621e+00,4.0511542913485965e-16,1.1761969034414466e-01,4.1633363423443370e-17,1.4684326335281721e-15,True,Q_left D(kappa) Q_right^T,RBLA prefix,6.8165484996395642e-01,5.6403515961981177e-01,True
synthetic,structured_low_rank_update,aggregate,N/A,42,71,128,96,16,8,4.0000000000000000e+00,5.0000000000000000e+00,4.9999999999999973e+00,5.3290705182007512e-16,4.4721359549995832e-01,2.0231034211698504e+00,2.0196637793585621e+00,4.0511542913485965e-16,1.1761969034414466e-01,4.1633363423443370e-17,1.4684326335281721e-15,True,Q_left D(kappa) Q_right^T,SP+ (compact QR),1.1761969034414461e-01,-4.1633363423443370e-17,True
synthetic,structured_low_rank_update,aggregate,N/A,42,71,128,96,16,8,4.0000000000000000e+00,7.5000000000000000e+00,7.4999999999999982e+00,2.3684757858670006e-16,3.6514837167011099e-01,2.2492324188303976e+00,2.2385151648282502e+00,4.2725534773818246e-16,1.1761969034414466e-01,4.1633363423443370e-17,2.4946145420970740e-15,True,Q_left D(kappa) Q_right^T,RBLA prefix,7.4458602085000314e-01,6.2696633050585848e-01,True
synthetic,structured_low_rank_update,aggregate,N/A,42,71,128,96,16,8,4.0000000000000000e+00,7.5000000000000000e+00,7.4999999999999982e+00,2.3684757858670006e-16,3.6514837167011099e-01,2.2492324188303976e+00,2.2385151648282502e+00,4.2725534773818246e-16,1.1761969034414466e-01,4.1633363423443370e-17,2.4946145420970740e-15,True,Q_left D(kappa) Q_right^T,SP+ (compact QR),1.1761969034414461e-01,-4.1633363423443370e-17,True
synthetic,structured_low_rank_update,aggregate,N/A,42,71,128,96,16,8,4.0000000000000000e+00,1.0000000000000000e+01,9.9999999999999964e+00,3.5527136788005011e-16,3.1622776601683800e-01,2.4470826322745163e+00,2.4290188859547248e+00,4.5709010557250030e-16,1.1761969034414466e-01,4.1633363423443370e-17,1.5142667349893224e-15,True,Q_left D(kappa) Q_right^T,RBLA prefix,8.1242351285116210e-01,6.9480382250701744e-01,True
synthetic,structured_low_rank_update,aggregate,N/A,42,71,128,96,16,8,4.0000000000000000e+00,1.0000000000000000e+01,9.9999999999999964e+00,3.5527136788005011e-16,3.1622776601683800e-01,2.4470826322745163e+00,2.4290188859547248e+00,4.5709010557250030e-16,1.1761969034414466e-01,4.1633363423443370e-17,1.5142667349893224e-15,True,Q_left D(kappa) Q_right^T,SP+ (compact QR),1.1761969034414461e-01,-4.1633363423443370e-17,True
synthetic,structured_low_rank_update,aggregate,N/A,42,72,128,96,16,8,4.0000000000000000e+00,1.0000000000000000e+00,1.0000000000000009e+00,8.8817841970012523e-16,9.9999999999999967e-01,1.6457339059369436e+00,1.6457339059369438e+00,3.2453781609038153e-16,1.1761969034414466e-01,4.1633363423443370e-17,1.2101089675860519e-15,True,Q_left D(kappa) Q_right^T,RBLA prefix,5.5224754953436628e-01,4.3462785919022162e-01,True
synthetic,structured_low_rank_update,aggregate,N/A,42,72,128,96,16,8,4.0000000000000000e+00,1.0000000000000000e+00,1.0000000000000009e+00,8.8817841970012523e-16,9.9999999999999967e-01,1.6457339059369436e+00,1.6457339059369438e+00,3.2453781609038153e-16,1.1761969034414466e-01,4.1633363423443370e-17,1.2101089675860519e-15,True,Q_left D(kappa) Q_right^T,SP+ (compact QR),1.1761969034414461e-01,-4.1633363423443370e-17,True
synthetic,structured_low_rank_update,aggregate,N/A,42,72,128,96,16,8,4.0000000000000000e+00,1.5000000000000000e+00,1.4999999999999998e+00,1.4802973661668753e-16,8.1649658092772626e-01,1.6759180814397978e+00,1.6689408608454246e+00,3.3182200085802150e-16,1.1761969034414466e-01,4.1633363423443370e-17,1.0642856356053077e-15,True,Q_left D(kappa) Q_right^T,RBLA prefix,5.5807933276344579e-01,4.4045964241930113e-01,True
synthetic,structured_low_rank_update,aggregate,N/A,42,72,128,96,16,8,4.0000000000000000e+00,1.5000000000000000e+00,1.4999999999999998e+00,1.4802973661668753e-16,8.1649658092772626e-01,1.6759180814397978e+00,1.6689408608454246e+00,3.3182200085802150e-16,1.1761969034414466e-01,4.1633363423443370e-17,1.0642856356053077e-15,True,Q_left D(kappa) Q_right^T,SP+ (compact QR),1.1761969034414461e-01,-4.1633363423443370e-17,True
synthetic,structured_low_rank_update,aggregate,N/A,42,72,128,96,16,8,4.0000000000000000e+00,2.0000000000000000e+00,1.9999999999999993e+00,3.3306690738754696e-16,7.0710678118654746e-01,1.7300198585041455e+00,1.7178901273232261e+00,3.2823665343884057e-16,1.1761969034414466e-01,4.1633363423443370e-17,1.1503815979907278e-15,True,Q_left D(kappa) Q_right^T,RBLA prefix,5.7006579011945202e-01,4.5244609977530736e-01,True
synthetic,structured_low_rank_update,aggregate,N/A,42,72,128,96,16,8,4.0000000000000000e+00,2.0000000000000000e+00,1.9999999999999993e+00,3.3306690738754696e-16,7.0710678118654746e-01,1.7300198585041455e+00,1.7178901273232261e+00,3.2823665343884057e-16,1.1761969034414466e-01,4.1633363423443370e-17,1.1503815979907278e-15,True,Q_left D(kappa) Q_right^T,SP+ (compact QR),1.1761969034414461e-01,-4.1633363423443370e-17,True
synthetic,structured_low_rank_update,aggregate,N/A,42,72,128,96,16,8,4.0000000000000000e+00,3.0000000000000000e+00,3.0000000000000000e+00,0.0000000000000000e+00,5.7735026918962584e-01,1.8535038715035483e+00,1.8335304321225498e+00,3.5499950281935519e-16,1.1761969034414466e-01,4.1633363423443370e-17,1.2965334128839719e-15,True,Q_left D(kappa) Q_right^T,RBLA prefix,6.0162804106854562e-01,4.8400835072440096e-01,True
synthetic,structured_low_rank_update,aggregate,N/A,42,72,128,96,16,8,4.0000000000000000e+00,3.0000000000000000e+00,3.0000000000000000e+00,0.0000000000000000e+00,5.7735026918962584e-01,1.8535038715035483e+00,1.8335304321225498e+00,3.5499950281935519e-16,1.1761969034414466e-01,4.1633363423443370e-17,1.2965334128839719e-15,True,Q_left D(kappa) Q_right^T,SP+ (compact QR),1.1761969034414461e-01,-4.1633363423443370e-17,True
synthetic,structured_low_rank_update,aggregate,N/A,42,72,128,96,16,8,4.0000000000000000e+00,5.0000000000000000e+00,4.9999999999999973e+00,5.3290705182007512e-16,4.4721359549995809e-01,2.0918624889707416e+00,2.0604531177113423e+00,4.7593306248519393e-16,1.1761969034414466e-01,4.1633363423443370e-17,1.5807992328173577e-15,True,Q_left D(kappa) Q_right^T,RBLA prefix,6.7809209106540125e-01,5.6047240072125659e-01,True
synthetic,structured_low_rank_update,aggregate,N/A,42,72,128,96,16,8,4.0000000000000000e+00,5.0000000000000000e+00,4.9999999999999973e+00,5.3290705182007512e-16,4.4721359549995809e-01,2.0918624889707416e+00,2.0604531177113423e+00,4.7593306248519393e-16,1.1761969034414466e-01,4.1633363423443370e-17,1.5807992328173577e-15,True,Q_left D(kappa) Q_right^T,SP+ (compact QR),1.1761969034414461e-01,-4.1633363423443370e-17,True
synthetic,structured_low_rank_update,aggregate,N/A,42,72,128,96,16,8,4.0000000000000000e+00,7.5000000000000000e+00,7.4999999999999938e+00,8.2896652505345023e-16,3.6514837167011088e-01,2.3527201394365016e+00,2.3104392847851951e+00,4.5896423843955483e-16,1.1761969034414466e-01,2.7755575615628914e-17,1.2867586489386997e-15,True,Q_left D(kappa) Q_right^T,RBLA prefix,7.8427678994583894e-01,6.6665709960169428e-01,True
synthetic,structured_low_rank_update,aggregate,N/A,42,72,128,96,16,8,4.0000000000000000e+00,7.5000000000000000e+00,7.4999999999999938e+00,8.2896652505345023e-16,3.6514837167011088e-01,2.3527201394365016e+00,2.3104392847851951e+00,4.5896423843955483e-16,1.1761969034414466e-01,2.7755575615628914e-17,1.2867586489386997e-15,True,Q_left D(kappa) Q_right^T,SP+ (compact QR),1.1761969034414463e-01,-2.7755575615628914e-17,True
synthetic,structured_low_rank_update,aggregate,N/A,42,72,128,96,16,8,4.0000000000000000e+00,1.0000000000000000e+01,1.0000000000000002e+01,1.7763568394002506e-16,3.1622776601683783e-01,2.5805904300437912e+00,2.5293281842148816e+00,5.3101775971273996e-16,1.1761969034414466e-01,4.1633363423443370e-17,1.9629865778817623e-15,True,Q_left D(kappa) Q_right^T,RBLA prefix,8.9504682930822022e-01,7.7742713896407556e-01,True
synthetic,structured_low_rank_update,aggregate,N/A,42,72,128,96,16,8,4.0000000000000000e+00,1.0000000000000000e+01,1.0000000000000002e+01,1.7763568394002506e-16,3.1622776601683783e-01,2.5805904300437912e+00,2.5293281842148816e+00,5.3101775971273996e-16,1.1761969034414466e-01,4.1633363423443370e-17,1.9629865778817623e-15,True,Q_left D(kappa) Q_right^T,SP+ (compact QR),1.1761969034414461e-01,-4.1633363423443370e-17,True
synthetic,structured_low_rank_update,aggregate,N/A,42,73,128,96,16,8,4.0000000000000000e+00,1.0000000000000000e+00,1.0000000000000009e+00,8.8817841970012523e-16,9.9999999999999956e-01,1.6457339059369440e+00,1.6457339059369436e+00,3.4757219842054200e-16,1.1761969034414466e-01,4.1633363423443370e-17,1.1719615299637644e-15,True,Q_left D(kappa) Q_right^T,RBLA prefix,6.5314865058432181e-01,5.3552896024017715e-01,True
synthetic,structured_low_rank_update,aggregate,N/A,42,73,128,96,16,8,4.0000000000000000e+00,1.0000000000000000e+00,1.0000000000000009e+00,8.8817841970012523e-16,9.9999999999999956e-01,1.6457339059369440e+00,1.6457339059369436e+00,3.4757219842054200e-16,1.1761969034414466e-01,4.1633363423443370e-17,1.1719615299637644e-15,True,Q_left D(kappa) Q_right^T,SP+ (compact QR),1.1761969034414461e-01,-4.1633363423443370e-17,True
synthetic,structured_low_rank_update,aggregate,N/A,42,73,128,96,16,8,4.0000000000000000e+00,1.5000000000000000e+00,1.5000000000000002e+00,1.4802973661668753e-16,8.1649658092772603e-01,1.6491879849217805e+00,1.6965390525395154e+00,3.6586798618036211e-16,1.1761969034414466e-01,4.1633363423443370e-17,1.4432005625059849e-15,True,Q_left D(kappa) Q_right^T,RBLA prefix,6.5931202002641287e-01,5.4169232968226821e-01,True
synthetic,structured_low_rank_update,aggregate,N/A,42,73,128,96,16,8,4.0000000000000000e+00,1.5000000000000000e+00,1.5000000000000002e+00,1.4802973661668753e-16,8.1649658092772603e-01,1.6491879849217805e+00,1.6965390525395154e+00,3.6586798618036211e-16,1.1761969034414466e-01,4.1633363423443370e-17,1.4432005625059849e-15,True,Q_left D(kappa) Q_right^T,SP+ (compact QR),1.1761969034414461e-01,-4.1633363423443370e-17,True
synthetic,structured_low_rank_update,aggregate,N/A,42,73,128,96,16,8,4.0000000000000000e+00,2.0000000000000000e+00,1.9999999999999991e+00,4.4408920985006262e-16,7.0710678118654779e-01,1.6841870512569423e+00,1.7663074908085832e+00,3.5893504987219524e-16,1.1761969034414466e-01,4.1633363423443370e-17,1.3523020605987645e-15,True,Q_left D(kappa) Q_right^T,RBLA prefix,6.7171968068628707e-01,5.5409999034214241e-01,True
synthetic,structured_low_rank_update,aggregate,N/A,42,73,128,96,16,8,4.0000000000000000e+00,2.0000000000000000e+00,1.9999999999999991e+00,4.4408920985006262e-16,7.0710678118654779e-01,1.6841870512569423e+00,1.7663074908085832e+00,3.5893504987219524e-16,1.1761969034414466e-01,4.1633363423443370e-17,1.3523020605987645e-15,True,Q_left D(kappa) Q_right^T,SP+ (compact QR),1.1761969034414461e-01,-4.1633363423443370e-17,True
synthetic,structured_low_rank_update,aggregate,N/A,42,73,128,96,16,8,4.0000000000000000e+00,3.0000000000000000e+00,3.0000000000000000e+00,0.0000000000000000e+00,5.7735026918962562e-01,1.7796087740756281e+00,1.9141928377144521e+00,3.5480733715760599e-16,1.1761969034414466e-01,2.7755575615628914e-17,1.1330966897371208e-15,True,Q_left D(kappa) Q_right^T,RBLA prefix,7.0313039796612775e-01,5.8551070762198310e-01,True
synthetic,structured_low_rank_update,aggregate,N/A,42,73,128,96,16,8,4.0000000000000000e+00,3.0000000000000000e+00,3.0000000000000000e+00,0.0000000000000000e+00,5.7735026918962562e-01,1.7796087740756281e+00,1.9141928377144521e+00,3.5480733715760599e-16,1.1761969034414466e-01,2.7755575615628914e-17,1.1330966897371208e-15,True,Q_left D(kappa) Q_right^T,SP+ (compact QR),1.1761969034414463e-01,-2.7755575615628914e-17,True
synthetic,structured_low_rank_update,aggregate,N/A,42,73,128,96,16,8,4.0000000000000000e+00,5.0000000000000000e+00,4.9999999999999964e+00,7.1054273576010023e-16,4.4721359549995826e-01,1.9788469809138760e+00,2.1891177742478010e+00,4.2631524424565379e-16,1.1761969034414466e-01,2.7755575615628914e-17,1.4453131494237224e-15,True,Q_left D(kappa) Q_right^T,RBLA prefix,7.7481818079875475e-01,6.5719849045461010e-01,True
synthetic,structured_low_rank_update,aggregate,N/A,42,73,128,96,16,8,4.0000000000000000e+00,5.0000000000000000e+00,4.9999999999999964e+00,7.1054273576010023e-16,4.4721359549995826e-01,1.9788469809138760e+00,2.1891177742478010e+00,4.2631524424565379e-16,1.1761969034414466e-01,2.7755575615628914e-17,1.4453131494237224e-15,True,Q_left D(kappa) Q_right^T,SP+ (compact QR),1.1761969034414463e-01,-2.7755575615628914e-17,True
synthetic,structured_low_rank_update,aggregate,N/A,42,73,128,96,16,8,4.0000000000000000e+00,7.5000000000000000e+00,7.5000000000000009e+00,1.1842378929335003e-16,3.6514837167011072e-01,2.2038498896126515e+00,2.4857301390013880e+00,4.4981478800088786e-16,1.1761969034414466e-01,4.1633363423443370e-17,1.5256941157392942e-15,True,Q_left D(kappa) Q_right^T,RBLA prefix,8.6949252651987052e-01,7.5187283617572587e-01,True
synthetic,structured_low_rank_update,aggregate,N/A,42,73,128,96,16,8,4.0000000000000000e+00,7.5000000000000000e+00,7.5000000000000009e+00,1.1842378929335003e-16,3.6514837167011072e-01,2.2038498896126515e+00,2.4857301390013880e+00,4.4981478800088786e-16,1.1761969034414466e-01,4.1633363423443370e-17,1.5256941157392942e-15,True,Q_left D(kappa) Q_right^T,SP+ (compact QR),1.1761969034414461e-01,-4.1633363423443370e-17,True
synthetic,structured_low_rank_update,aggregate,N/A,42,73,128,96,16,8,4.0000000000000000e+00,1.0000000000000000e+01,9.9999999999999947e+00,5.3290705182007512e-16,3.1622776601683816e-01,2.4027091226892106e+00,2.7438319696237397e+00,5.2803508913160081e-16,1.1761969034414466e-01,4.1633363423443370e-17,1.4349148954249175e-15,True,Q_left D(kappa) Q_right^T,RBLA prefix,9.6563741412680437e-01,8.4801772378265972e-01,True
synthetic,structured_low_rank_update,aggregate,N/A,42,73,128,96,16,8,4.0000000000000000e+00,1.0000000000000000e+01,9.9999999999999947e+00,5.3290705182007512e-16,3.1622776601683816e-01,2.4027091226892106e+00,2.7438319696237397e+00,5.2803508913160081e-16,1.1761969034414466e-01,4.1633363423443370e-17,1.4349148954249175e-15,True,Q_left D(kappa) Q_right^T,SP+ (compact QR),1.1761969034414461e-01,-4.1633363423443370e-17,True
synthetic,structured_low_rank_update,aggregate,N/A,42,74,128,96,16,8,4.0000000000000000e+00,1.0000000000000000e+00,1.0000000000000011e+00,1.1102230246251565e-15,9.9999999999999967e-01,1.6457339059369436e+00,1.6457339059369438e+00,3.4708147857421683e-16,1.1761969034414466e-01,4.1633363423443370e-17,1.2045143103513613e-15,True,Q_left D(kappa) Q_right^T,RBLA prefix,5.7206695663925788e-01,4.5444726629511323e-01,True
synthetic,structured_low_rank_update,aggregate,N/A,42,74,128,96,16,8,4.0000000000000000e+00,1.0000000000000000e+00,1.0000000000000011e+00,1.1102230246251565e-15,9.9999999999999967e-01,1.6457339059369436e+00,1.6457339059369438e+00,3.4708147857421683e-16,1.1761969034414466e-01,4.1633363423443370e-17,1.2045143103513613e-15,True,Q_left D(kappa) Q_right^T,SP+ (compact QR),1.1761969034414461e-01,-4.1633363423443370e-17,True
synthetic,structured_low_rank_update,aggregate,N/A,42,74,128,96,16,8,4.0000000000000000e+00,1.5000000000000000e+00,1.4999999999999993e+00,4.4408920985006262e-16,8.1649658092772615e-01,1.6661460532115815e+00,1.6683209936251289e+00,3.6429554808279169e-16,1.1761969034414466e-01,4.1633363423443370e-17,2.0397599459376589e-15,True,Q_left D(kappa) Q_right^T,RBLA prefix,5.7550316530166512e-01,4.5788347495752046e-01,True
synthetic,structured_low_rank_update,aggregate,N/A,42,74,128,96,16,8,4.0000000000000000e+00,1.5000000000000000e+00,1.4999999999999993e+00,4.4408920985006262e-16,8.1649658092772615e-01,1.6661460532115815e+00,1.6683209936251289e+00,3.6429554808279169e-16,1.1761969034414466e-01,4.1633363423443370e-17,2.0397599459376589e-15,True,Q_left D(kappa) Q_right^T,SP+ (compact QR),1.1761969034414461e-01,-4.1633363423443370e-17,True
synthetic,structured_low_rank_update,aggregate,N/A,42,74,128,96,16,8,4.0000000000000000e+00,2.0000000000000000e+00,2.0000000000000000e+00,0.0000000000000000e+00,7.0710678118654735e-01,1.7073858061676093e+00,1.7102785727120617e+00,3.4786347315640752e-16,1.1761969034414466e-01,4.1633363423443370e-17,1.1072176787179832e-15,True,Q_left D(kappa) Q_right^T,RBLA prefix,5.8254141394404135e-01,4.6492172359989670e-01,True
synthetic,structured_low_rank_update,aggregate,N/A,42,74,128,96,16,8,4.0000000000000000e+00,2.0000000000000000e+00,2.0000000000000000e+00,0.0000000000000000e+00,7.0710678118654735e-01,1.7073858061676093e+00,1.7102785727120617e+00,3.4786347315640752e-16,1.1761969034414466e-01,4.1633363423443370e-17,1.1072176787179832e-15,True,Q_left D(kappa) Q_right^T,SP+ (compact QR),1.1761969034414461e-01,-4.1633363423443370e-17,True
synthetic,structured_low_rank_update,aggregate,N/A,42,74,128,96,16,8,4.0000000000000000e+00,3.0000000000000000e+00,2.9999999999999996e+00,1.4802973661668753e-16,5.7735026918962584e-01,1.8049860557952619e+00,1.8066547874090004e+00,4.0066134301382706e-16,1.1761969034414466e-01,4.1633363423443370e-17,1.4160506471466291e-15,True,Q_left D(kappa) Q_right^T,RBLA prefix,6.0101040555698337e-01,4.8339071521283872e-01,True
synthetic,structured_low_rank_update,aggregate,N/A,42,74,128,96,16,8,4.0000000000000000e+00,3.0000000000000000e+00,2.9999999999999996e+00,1.4802973661668753e-16,5.7735026918962584e-01,1.8049860557952619e+00,1.8066547874090004e+00,4.0066134301382706e-16,1.1761969034414466e-01,4.1633363423443370e-17,1.4160506471466291e-15,True,Q_left D(kappa) Q_right^T,SP+ (compact QR),1.1761969034414461e-01,-4.1633363423443370e-17,True
synthetic,structured_low_rank_update,aggregate,N/A,42,74,128,96,16,8,4.0000000000000000e+00,5.0000000000000000e+00,4.9999999999999956e+00,8.8817841970012523e-16,4.4721359549995821e-01,1.9986424206284161e+00,1.9933804472801018e+00,4.9472830303613508e-16,1.1761969034414466e-01,4.1633363423443370e-17,1.0754675053118453e-15,True,Q_left D(kappa) Q_right^T,RBLA prefix,6.4601504368618123e-01,5.2839535334203658e-01,True
synthetic,structured_low_rank_update,aggregate,N/A,42,74,128,96,16,8,4.0000000000000000e+00,5.0000000000000000e+00,4.9999999999999956e+00,8.8817841970012523e-16,4.4721359549995821e-01,1.9986424206284161e+00,1.9933804472801018e+00,4.9472830303613508e-16,1.1761969034414466e-01,4.1633363423443370e-17,1.0754675053118453e-15,True,Q_left D(kappa) Q_right^T,SP+ (compact QR),1.1761969034414461e-01,-4.1633363423443370e-17,True
synthetic,structured_low_rank_update,aggregate,N/A,42,74,128,96,16,8,4.0000000000000000e+00,7.5000000000000000e+00,7.5000000000000044e+00,5.9211894646675012e-16,3.6514837167011072e-01,2.2145712245536378e+00,2.1983280591187357e+00,4.5042514527071092e-16,1.1761969034414466e-01,4.1633363423443370e-17,1.3360012537931582e-15,True,Q_left D(kappa) Q_right^T,RBLA prefix,7.0996461376085962e-01,5.9234492341671496e-01,True
synthetic,structured_low_rank_update,aggregate,N/A,42,74,128,96,16,8,4.0000000000000000e+00,7.5000000000000000e+00,7.5000000000000044e+00,5.9211894646675012e-16,3.6514837167011072e-01,2.2145712245536378e+00,2.1983280591187357e+00,4.5042514527071092e-16,1.1761969034414466e-01,4.1633363423443370e-17,1.3360012537931582e-15,True,Q_left D(kappa) Q_right^T,SP+ (compact QR),1.1761969034414461e-01,-4.1633363423443370e-17,True
synthetic,structured_low_rank_update,aggregate,N/A,42,74,128,96,16,8,4.0000000000000000e+00,1.0000000000000000e+01,9.9999999999999911e+00,8.8817841970012523e-16,3.1622776601683827e-01,2.4051985446800992e+00,2.3777145344886970e+00,4.8605647458995818e-16,1.1761969034414466e-01,2.7755575615628914e-17,1.3283751246635027e-15,True,Q_left D(kappa) Q_right^T,RBLA prefix,7.7862941759175297e-01,6.6100972724760831e-01,True
synthetic,structured_low_rank_update,aggregate,N/A,42,74,128,96,16,8,4.0000000000000000e+00,1.0000000000000000e+01,9.9999999999999911e+00,8.8817841970012523e-16,3.1622776601683827e-01,2.4051985446800992e+00,2.3777145344886970e+00,4.8605647458995818e-16,1.1761969034414466e-01,2.7755575615628914e-17,1.3283751246635027e-15,True,Q_left D(kappa) Q_right^T,SP+ (compact QR),1.1761969034414463e-01,-2.7755575615628914e-17,True
synthetic,structured_low_rank_update,aggregate,N/A,42,75,128,96,16,8,4.0000000000000000e+00,1.0000000000000000e+00,1.0000000000000011e+00,1.1102230246251565e-15,9.9999999999999967e-01,1.6457339059369434e+00,1.6457339059369438e+00,3.5300338329072079e-16,1.1761969034414466e-01,4.1633363423443370e-17,1.1864893158541614e-15,True,Q_left D(kappa) Q_right^T,RBLA prefix,6.8500638064346908e-01,5.6738669029932443e-01,True
synthetic,structured_low_rank_update,aggregate,N/A,42,75,128,96,16,8,4.0000000000000000e+00,1.0000000000000000e+00,1.0000000000000011e+00,1.1102230246251565e-15,9.9999999999999967e-01,1.6457339059369434e+00,1.6457339059369438e+00,3.5300338329072079e-16,1.1761969034414466e-01,4.1633363423443370e-17,1.1864893158541614e-15,True,Q_left D(kappa) Q_right^T,SP+ (compact QR),1.1761969034414461e-01,-4.1633363423443370e-17,True
synthetic,structured_low_rank_update,aggregate,N/A,42,75,128,96,16,8,4.0000000000000000e+00,1.5000000000000000e+00,1.5000000000000000e+00,0.0000000000000000e+00,8.1649658092772570e-01,1.6302781912815356e+00,1.7108711305183042e+00,3.5438559287232724e-16,1.1761969034414466e-01,4.1633363423443370e-17,1.6984077446773507e-15,True,Q_left D(kappa) Q_right^T,RBLA prefix,6.8969169234750682e-01,5.7207200200336217e-01,True
synthetic,structured_low_rank_update,aggregate,N/A,42,75,128,96,16,8,4.0000000000000000e+00,1.5000000000000000e+00,1.5000000000000000e+00,0.0000000000000000e+00,8.1649658092772570e-01,1.6302781912815356e+00,1.7108711305183042e+00,3.5438559287232724e-16,1.1761969034414466e-01,4.1633363423443370e-17,1.6984077446773507e-15,True,Q_left D(kappa) Q_right^T,SP+ (compact QR),1.1761969034414461e-01,-4.1633363423443370e-17,True
synthetic,structured_low_rank_update,aggregate,N/A,42,75,128,96,16,8,4.0000000000000000e+00,2.0000000000000000e+00,2.0000000000000000e+00,0.0000000000000000e+00,7.0710678118654735e-01,1.6495735814923629e+00,1.7875262934910578e+00,3.5597236349480139e-16,1.1761969034414466e-01,4.1633363423443370e-17,1.2430749723030216e-15,True,Q_left D(kappa) Q_right^T,RBLA prefix,6.9922936813449876e-01,5.8160967779035411e-01,True
synthetic,structured_low_rank_update,aggregate,N/A,42,75,128,96,16,8,4.0000000000000000e+00,2.0000000000000000e+00,2.0000000000000000e+00,0.0000000000000000e+00,7.0710678118654735e-01,1.6495735814923629e+00,1.7875262934910578e+00,3.5597236349480139e-16,1.1761969034414466e-01,4.1633363423443370e-17,1.2430749723030216e-15,True,Q_left D(kappa) Q_right^T,SP+ (compact QR),1.1761969034414461e-01,-4.1633363423443370e-17,True
synthetic,structured_low_rank_update,aggregate,N/A,42,75,128,96,16,8,4.0000000000000000e+00,3.0000000000000000e+00,3.0000000000000000e+00,0.0000000000000000e+00,5.7735026918962573e-01,1.7202042964169759e+00,1.9397840534223079e+00,3.6365097349117540e-16,1.1761969034414466e-01,2.7755575615628914e-17,1.2873781363928996e-15,True,Q_left D(kappa) Q_right^T,RBLA prefix,7.2396452547264767e-01,6.0634483512850301e-01,True
synthetic,structured_low_rank_update,aggregate,N/A,42,75,128,96,16,8,4.0000000000000000e+00,3.0000000000000000e+00,3.0000000000000000e+00,0.0000000000000000e+00,5.7735026918962573e-01,1.7202042964169759e+00,1.9397840534223079e+00,3.6365097349117540e-16,1.1761969034414466e-01,2.7755575615628914e-17,1.2873781363928996e-15,True,Q_left D(kappa) Q_right^T,SP+ (compact QR),1.1761969034414463e-01,-2.7755575615628914e-17,True
synthetic,structured_low_rank_update,aggregate,N/A,42,75,128,96,16,8,4.0000000000000000e+00,5.0000000000000000e+00,5.0000000000000000e+00,0.0000000000000000e+00,4.4721359549995787e-01,1.8843460140180368e+00,2.2099309420387874e+00,3.8913754135933395e-16,1.1761969034414466e-01,2.7755575615628914e-17,1.7751609699815196e-15,True,Q_left D(kappa) Q_right^T,RBLA prefix,7.8314395199864728e-01,6.6552426165450262e-01,True
synthetic,structured_low_rank_update,aggregate,N/A,42,75,128,96,16,8,4.0000000000000000e+00,5.0000000000000000e+00,5.0000000000000000e+00,0.0000000000000000e+00,4.4721359549995787e-01,1.8843460140180368e+00,2.2099309420387874e+00,3.8913754135933395e-16,1.1761969034414466e-01,2.7755575615628914e-17,1.7751609699815196e-15,True,Q_left D(kappa) Q_right^T,SP+ (compact QR),1.1761969034414463e-01,-2.7755575615628914e-17,True
synthetic,structured_low_rank_update,aggregate,N/A,42,75,128,96,16,8,4.0000000000000000e+00,7.5000000000000000e+00,7.5000000000000018e+00,2.3684757858670006e-16,3.6514837167011049e-01,2.0784237458825539e+00,2.4930621892244393e+00,5.0520528657246281e-16,1.1761969034414466e-01,4.1633363423443370e-17,1.7672890503553668e-15,True,Q_left D(kappa) Q_right^T,RBLA prefix,8.6584496073920103e-01,7.4822527039505637e-01,True
synthetic,structured_low_rank_update,aggregate,N/A,42,75,128,96,16,8,4.0000000000000000e+00,7.5000000000000000e+00,7.5000000000000018e+00,2.3684757858670006e-16,3.6514837167011049e-01,2.0784237458825539e+00,2.4930621892244393e+00,5.0520528657246281e-16,1.1761969034414466e-01,4.1633363423443370e-17,1.7672890503553668e-15,True,Q_left D(kappa) Q_right^T,SP+ (compact QR),1.1761969034414461e-01,-4.1633363423443370e-17,True
synthetic,structured_low_rank_update,aggregate,N/A,42,75,128,96,16,8,4.0000000000000000e+00,1.0000000000000000e+01,1.0000000000000004e+01,3.5527136788005011e-16,3.1622776601683777e-01,2.2534753150397893e+00,2.7354064866207719e+00,5.6304143478845749e-16,1.1761969034414466e-01,4.1633363423443370e-17,1.1153162789526485e-15,True,Q_left D(kappa) Q_right^T,RBLA prefix,9.5372264499149717e-01,8.3610295464735251e-01,True
synthetic,structured_low_rank_update,aggregate,N/A,42,75,128,96,16,8,4.0000000000000000e+00,1.0000000000000000e+01,1.0000000000000004e+01,3.5527136788005011e-16,3.1622776601683777e-01,2.2534753150397893e+00,2.7354064866207719e+00,5.6304143478845749e-16,1.1761969034414466e-01,4.1633363423443370e-17,1.1153162789526485e-15,True,Q_left D(kappa) Q_right^T,SP+ (compact QR),1.1761969034414461e-01,-4.1633363423443370e-17,True
synthetic,structured_low_rank_update,aggregate,N/A,42,76,128,96,16,8,4.0000000000000000e+00,1.0000000000000000e+00,1.0000000000000007e+00,6.6613381477509392e-16,9.9999999999999978e-01,1.6457339059369438e+00,1.6457339059369436e+00,3.3302908071684503e-16,1.1761969034414466e-01,4.1633363423443370e-17,1.4623865656954524e-15,True,Q_left D(kappa) Q_right^T,RBLA prefix,6.2568458023409435e-01,5.0806488988994969e-01,True
synthetic,structured_low_rank_update,aggregate,N/A,42,76,128,96,16,8,4.0000000000000000e+00,1.0000000000000000e+00,1.0000000000000007e+00,6.6613381477509392e-16,9.9999999999999978e-01,1.6457339059369438e+00,1.6457339059369436e+00,3.3302908071684503e-16,1.1761969034414466e-01,4.1633363423443370e-17,1.4623865656954524e-15,True,Q_left D(kappa) Q_right^T,SP+ (compact QR),1.1761969034414461e-01,-4.1633363423443370e-17,True
synthetic,structured_low_rank_update,aggregate,N/A,42,76,128,96,16,8,4.0000000000000000e+00,1.5000000000000000e+00,1.4999999999999991e+00,5.9211894646675012e-16,8.1649658092772626e-01,1.6906548136295054e+00,1.6509285116069805e+00,3.3219286122586427e-16,1.1761969034414466e-01,4.1633363423443370e-17,1.1144395360374082e-15,True,Q_left D(kappa) Q_right^T,RBLA prefix,6.2853931155879816e-01,5.1091962121465351e-01,True
synthetic,structured_low_rank_update,aggregate,N/A,42,76,128,96,16,8,4.0000000000000000e+00,1.5000000000000000e+00,1.4999999999999991e+00,5.9211894646675012e-16,8.1649658092772626e-01,1.6906548136295054e+00,1.6509285116069805e+00,3.3219286122586427e-16,1.1761969034414466e-01,4.1633363423443370e-17,1.1144395360374082e-15,True,Q_left D(kappa) Q_right^T,SP+ (compact QR),1.1761969034414461e-01,-4.1633363423443370e-17,True
synthetic,structured_low_rank_update,aggregate,N/A,42,76,128,96,16,8,4.0000000000000000e+00,2.0000000000000000e+00,2.0000000000000004e+00,2.2204460492503131e-16,7.0710678118654746e-01,1.7533347367508352e+00,1.6848975333464591e+00,3.3923058283723595e-16,1.1761969034414466e-01,2.7755575615628914e-17,1.3889910497180813e-15,True,Q_left D(kappa) Q_right^T,RBLA prefix,6.3436820300915886e-01,5.1674851266501420e-01,True
synthetic,structured_low_rank_update,aggregate,N/A,42,76,128,96,16,8,4.0000000000000000e+00,2.0000000000000000e+00,2.0000000000000004e+00,2.2204460492503131e-16,7.0710678118654746e-01,1.7533347367508352e+00,1.6848975333464591e+00,3.3923058283723595e-16,1.1761969034414466e-01,2.7755575615628914e-17,1.3889910497180813e-15,True,Q_left D(kappa) Q_right^T,SP+ (compact QR),1.1761969034414463e-01,-2.7755575615628914e-17,True
synthetic,structured_low_rank_update,aggregate,N/A,42,76,128,96,16,8,4.0000000000000000e+00,3.0000000000000000e+00,2.9999999999999987e+00,4.4408920985006262e-16,5.7735026918962573e-01,1.8862956142844036e+00,1.7758064923708166e+00,4.1703443022349493e-16,1.1761969034414466e-01,4.1633363423443370e-17,1.9103757936302299e-15,True,Q_left D(kappa) Q_right^T,RBLA prefix,6.4959036854725394e-01,5.3197067820310928e-01,True
synthetic,structured_low_rank_update,aggregate,N/A,42,76,128,96,16,8,4.0000000000000000e+00,3.0000000000000000e+00,2.9999999999999987e+00,4.4408920985006262e-16,5.7735026918962573e-01,1.8862956142844036e+00,1.7758064923708166e+00,4.1703443022349493e-16,1.1761969034414466e-01,4.1633363423443370e-17,1.9103757936302299e-15,True,Q_left D(kappa) Q_right^T,SP+ (compact QR),1.1761969034414461e-01,-4.1633363423443370e-17,True
synthetic,structured_low_rank_update,aggregate,N/A,42,76,128,96,16,8,4.0000000000000000e+00,5.0000000000000000e+00,4.9999999999999991e+00,1.7763568394002506e-16,4.4721359549995798e-01,2.1320867750971093e+00,1.9640869201847297e+00,4.1760435606651512e-16,1.1761969034414466e-01,4.1633363423443370e-17,1.0394580453952107e-15,True,Q_left D(kappa) Q_right^T,RBLA prefix,6.8657259046499053e-01,5.6895290012084587e-01,True
synthetic,structured_low_rank_update,aggregate,N/A,42,76,128,96,16,8,4.0000000000000000e+00,5.0000000000000000e+00,4.9999999999999991e+00,1.7763568394002506e-16,4.4721359549995798e-01,2.1320867750971093e+00,1.9640869201847297e+00,4.1760435606651512e-16,1.1761969034414466e-01,4.1633363423443370e-17,1.0394580453952107e-15,True,Q_left D(kappa) Q_right^T,SP+ (compact QR),1.1761969034414461e-01,-4.1633363423443370e-17,True
synthetic,structured_low_rank_update,aggregate,N/A,42,76,128,96,16,8,4.0000000000000000e+00,7.5000000000000000e+00,7.4999999999999929e+00,9.4739031434680023e-16,3.6514837167011105e-01,2.3949111971808881e+00,2.1757027561763937e+00,4.1269307600268993e-16,1.1761969034414466e-01,4.1633363423443370e-17,1.3761863440121259e-15,True,Q_left D(kappa) Q_right^T,RBLA prefix,7.3939989771418191e-01,6.2178020737003725e-01,True
synthetic,structured_low_rank_update,aggregate,N/A,42,76,128,96,16,8,4.0000000000000000e+00,7.5000000000000000e+00,7.4999999999999929e+00,9.4739031434680023e-16,3.6514837167011105e-01,2.3949111971808881e+00,2.1757027561763937e+00,4.1269307600268993e-16,1.1761969034414466e-01,4.1633363423443370e-17,1.3761863440121259e-15,True,Q_left D(kappa) Q_right^T,SP+ (compact QR),1.1761969034414461e-01,-4.1633363423443370e-17,True
synthetic,structured_low_rank_update,aggregate,N/A,42,76,128,96,16,8,4.0000000000000000e+00,1.0000000000000000e+01,1.0000000000000002e+01,1.7763568394002506e-16,3.1622776601683794e-01,2.6217602546805843e+00,2.3621332311888930e+00,4.6526191977927982e-16,1.1761969034414466e-01,4.1633363423443370e-17,1.5892291597579478e-15,True,Q_left D(kappa) Q_right^T,RBLA prefix,7.9673881832366378e-01,6.7911912797951912e-01,True
synthetic,structured_low_rank_update,aggregate,N/A,42,76,128,96,16,8,4.0000000000000000e+00,1.0000000000000000e+01,1.0000000000000002e+01,1.7763568394002506e-16,3.1622776601683794e-01,2.6217602546805843e+00,2.3621332311888930e+00,4.6526191977927982e-16,1.1761969034414466e-01,4.1633363423443370e-17,1.5892291597579478e-15,True,Q_left D(kappa) Q_right^T,SP+ (compact QR),1.1761969034414461e-01,-4.1633363423443370e-17,True
synthetic,structured_low_rank_update,aggregate,N/A,42,77,128,96,16,8,4.0000000000000000e+00,1.0000000000000000e+00,1.0000000000000007e+00,6.6613381477509392e-16,9.9999999999999978e-01,1.6457339059369438e+00,1.6457339059369436e+00,3.4372208279846420e-16,1.1761969034414466e-01,4.1633363423443370e-17,1.3090307082778083e-15,True,Q_left D(kappa) Q_right^T,RBLA prefix,6.5566100800918314e-01,5.3804131766503849e-01,True
synthetic,structured_low_rank_update,aggregate,N/A,42,77,128,96,16,8,4.0000000000000000e+00,1.0000000000000000e+00,1.0000000000000007e+00,6.6613381477509392e-16,9.9999999999999978e-01,1.6457339059369438e+00,1.6457339059369436e+00,3.4372208279846420e-16,1.1761969034414466e-01,4.1633363423443370e-17,1.3090307082778083e-15,True,Q_left D(kappa) Q_right^T,SP+ (compact QR),1.1761969034414461e-01,-4.1633363423443370e-17,True
synthetic,structured_low_rank_update,aggregate,N/A,42,77,128,96,16,8,4.0000000000000000e+00,1.5000000000000000e+00,1.5000000000000007e+00,4.4408920985006262e-16,8.1649658092772592e-01,1.6784890282645903e+00,1.6589848774355693e+00,3.3015213028781764e-16,1.1761969034414466e-01,4.1633363423443370e-17,1.3880528556081333e-15,True,Q_left D(kappa) Q_right^T,RBLA prefix,6.6013248876418817e-01,5.4251279842004352e-01,True
synthetic,structured_low_rank_update,aggregate,N/A,42,77,128,96,16,8,4.0000000000000000e+00,1.5000000000000000e+00,1.5000000000000007e+00,4.4408920985006262e-16,8.1649658092772592e-01,1.6784890282645903e+00,1.6589848774355693e+00,3.3015213028781764e-16,1.1761969034414466e-01,4.1633363423443370e-17,1.3880528556081333e-15,True,Q_left D(kappa) Q_right^T,SP+ (compact QR),1.1761969034414461e-01,-4.1633363423443370e-17,True
synthetic,structured_low_rank_update,aggregate,N/A,42,77,128,96,16,8,4.0000000000000000e+00,2.0000000000000000e+00,1.9999999999999993e+00,3.3306690738754696e-16,7.0710678118654768e-01,1.7305378013049049e+00,1.6958761676099317e+00,3.4417112623697913e-16,1.1761969034414466e-01,4.1633363423443370e-17,1.3980466119171875e-15,True,Q_left D(kappa) Q_right^T,RBLA prefix,6.6906708629292866e-01,5.5144739594878400e-01,True
synthetic,structured_low_rank_update,aggregate,N/A,42,77,128,96,16,8,4.0000000000000000e+00,2.0000000000000000e+00,1.9999999999999993e+00,3.3306690738754696e-16,7.0710678118654768e-01,1.7305378013049049e+00,1.6958761676099317e+00,3.4417112623697913e-16,1.1761969034414466e-01,4.1633363423443370e-17,1.3980466119171875e-15,True,Q_left D(kappa) Q_right^T,SP+ (compact QR),1.1761969034414461e-01,-4.1633363423443370e-17,True
synthetic,structured_low_rank_update,aggregate,N/A,42,77,128,96,16,8,4.0000000000000000e+00,3.0000000000000000e+00,3.0000000000000009e+00,2.9605947323337506e-16,5.7735026918962551e-01,1.8465544560618767e+00,1.7868836168384075e+00,3.4437652924110617e-16,1.1761969034414466e-01,4.1633363423443370e-17,9.7722686644359246e-16,True,Q_left D(kappa) Q_right^T,RBLA prefix,6.9137312033246168e-01,5.7375342998831702e-01,True
synthetic,structured_low_rank_update,aggregate,N/A,42,77,128,96,16,8,4.0000000000000000e+00,3.0000000000000000e+00,3.0000000000000009e+00,2.9605947323337506e-16,5.7735026918962551e-01,1.8465544560618767e+00,1.7868836168384075e+00,3.4437652924110617e-16,1.1761969034414466e-01,4.1633363423443370e-17,9.7722686644359246e-16,True,Q_left D(kappa) Q_right^T,SP+ (compact QR),1.1761969034414461e-01,-4.1633363423443370e-17,True
synthetic,structured_low_rank_update,aggregate,N/A,42,77,128,96,16,8,4.0000000000000000e+00,5.0000000000000000e+00,4.9999999999999982e+00,3.5527136788005011e-16,4.4721359549995809e-01,2.0693053586315528e+00,1.9689998631986256e+00,3.6354696464323013e-16,1.1761969034414466e-01,4.1633363423443370e-17,1.4098686829106597e-15,True,Q_left D(kappa) Q_right^T,RBLA prefix,7.4128597720601397e-01,6.2366628686186931e-01,True
synthetic,structured_low_rank_update,aggregate,N/A,42,77,128,96,16,8,4.0000000000000000e+00,5.0000000000000000e+00,4.9999999999999982e+00,3.5527136788005011e-16,4.4721359549995809e-01,2.0693053586315528e+00,1.9689998631986256e+00,3.6354696464323013e-16,1.1761969034414466e-01,4.1633363423443370e-17,1.4098686829106597e-15,True,Q_left D(kappa) Q_right^T,SP+ (compact QR),1.1761969034414461e-01,-4.1633363423443370e-17,True
synthetic,structured_low_rank_update,aggregate,N/A,42,77,128,96,16,8,4.0000000000000000e+00,7.5000000000000000e+00,7.4999999999999947e+00,7.1054273576010023e-16,3.6514837167011088e-01,2.3137036652404523e+00,2.1713582403566556e+00,4.0442184531272382e-16,1.1761969034414466e-01,2.7755575615628914e-17,1.3485567856236612e-15,True,Q_left D(kappa) Q_right^T,RBLA prefix,8.0632298779724243e-01,6.8870329745309777e-01,True
synthetic,structured_low_rank_update,aggregate,N/A,42,77,128,96,16,8,4.0000000000000000e+00,7.5000000000000000e+00,7.4999999999999947e+00,7.1054273576010023e-16,3.6514837167011088e-01,2.3137036652404523e+00,2.1713582403566556e+00,4.0442184531272382e-16,1.1761969034414466e-01,2.7755575615628914e-17,1.3485567856236612e-15,True,Q_left D(kappa) Q_right^T,SP+ (compact QR),1.1761969034414463e-01,-2.7755575615628914e-17,True
synthetic,structured_low_rank_update,aggregate,N/A,42,77,128,96,16,8,4.0000000000000000e+00,1.0000000000000000e+01,1.0000000000000002e+01,1.7763568394002506e-16,3.1622776601683783e-01,2.5278976053722060e+00,2.3492188873206374e+00,4.5563332443897609e-16,1.1761969034414466e-01,4.1633363423443370e-17,1.3172917072761109e-15,True,Q_left D(kappa) Q_right^T,RBLA prefix,8.7215276156616606e-01,7.5453307122202140e-01,True
synthetic,structured_low_rank_update,aggregate,N/A,42,77,128,96,16,8,4.0000000000000000e+00,1.0000000000000000e+01,1.0000000000000002e+01,1.7763568394002506e-16,3.1622776601683783e-01,2.5278976053722060e+00,2.3492188873206374e+00,4.5563332443897609e-16,1.1761969034414466e-01,4.1633363423443370e-17,1.3172917072761109e-15,True,Q_left D(kappa) Q_right^T,SP+ (compact QR),1.1761969034414461e-01,-4.1633363423443370e-17,True
synthetic,structured_low_rank_update,aggregate,N/A,42,78,128,96,16,8,4.0000000000000000e+00,1.0000000000000000e+00,1.0000000000000007e+00,6.6613381477509392e-16,9.9999999999999956e-01,1.6457339059369436e+00,1.6457339059369438e+00,3.4272157519764110e-16,1.1761969034414466e-01,2.7755575615628914e-17,9.9971500611081665e-16,True,Q_left D(kappa) Q_right^T,RBLA prefix,6.2179803520375188e-01,5.0417834485960722e-01,True
synthetic,structured_low_rank_update,aggregate,N/A,42,78,128,96,16,8,4.0000000000000000e+00,1.0000000000000000e+00,1.0000000000000007e+00,6.6613381477509392e-16,9.9999999999999956e-01,1.6457339059369436e+00,1.6457339059369438e+00,3.4272157519764110e-16,1.1761969034414466e-01,2.7755575615628914e-17,9.9971500611081665e-16,True,Q_left D(kappa) Q_right^T,SP+ (compact QR),1.1761969034414463e-01,-2.7755575615628914e-17,True
synthetic,structured_low_rank_update,aggregate,N/A,42,78,128,96,16,8,4.0000000000000000e+00,1.5000000000000000e+00,1.5000000000000004e+00,2.9605947323337506e-16,8.1649658092772559e-01,1.6935465812283657e+00,1.6459994868400061e+00,3.7366682690825305e-16,1.1761969034414466e-01,4.1633363423443370e-17,1.4762905594027032e-15,True,Q_left D(kappa) Q_right^T,RBLA prefix,6.2481364714665655e-01,5.0719395680251189e-01,True
synthetic,structured_low_rank_update,aggregate,N/A,42,78,128,96,16,8,4.0000000000000000e+00,1.5000000000000000e+00,1.5000000000000004e+00,2.9605947323337506e-16,8.1649658092772559e-01,1.6935465812283657e+00,1.6459994868400061e+00,3.7366682690825305e-16,1.1761969034414466e-01,4.1633363423443370e-17,1.4762905594027032e-15,True,Q_left D(kappa) Q_right^T,SP+ (compact QR),1.1761969034414461e-01,-4.1633363423443370e-17,True
synthetic,structured_low_rank_update,aggregate,N/A,42,78,128,96,16,8,4.0000000000000000e+00,2.0000000000000000e+00,2.0000000000000009e+00,4.4408920985006262e-16,7.0710678118654713e-01,1.7570962685636131e+00,1.6754293045634698e+00,3.6084156548400396e-16,1.1761969034414466e-01,4.1633363423443370e-17,1.7457816433028157e-15,True,Q_left D(kappa) Q_right^T,RBLA prefix,6.3123154940902293e-01,5.1361185906487827e-01,True
synthetic,structured_low_rank_update,aggregate,N/A,42,78,128,96,16,8,4.0000000000000000e+00,2.0000000000000000e+00,2.0000000000000009e+00,4.4408920985006262e-16,7.0710678118654713e-01,1.7570962685636131e+00,1.6754293045634698e+00,3.6084156548400396e-16,1.1761969034414466e-01,4.1633363423443370e-17,1.7457816433028157e-15,True,Q_left D(kappa) Q_right^T,SP+ (compact QR),1.1761969034414461e-01,-4.1633363423443370e-17,True
synthetic,structured_low_rank_update,aggregate,N/A,42,78,128,96,16,8,4.0000000000000000e+00,3.0000000000000000e+00,3.0000000000000013e+00,4.4408920985006262e-16,5.7735026918962551e-01,1.8900864376235591e+00,1.7590213565317567e+00,3.8054605234600140e-16,1.1761969034414466e-01,4.1633363423443370e-17,1.3735453699556053e-15,True,Q_left D(kappa) Q_right^T,RBLA prefix,6.4936175399494211e-01,5.3174206365079746e-01,True
synthetic,structured_low_rank_update,aggregate,N/A,42,78,128,96,16,8,4.0000000000000000e+00,3.0000000000000000e+00,3.0000000000000013e+00,4.4408920985006262e-16,5.7735026918962551e-01,1.8900864376235591e+00,1.7590213565317567e+00,3.8054605234600140e-16,1.1761969034414466e-01,4.1633363423443370e-17,1.3735453699556053e-15,True,Q_left D(kappa) Q_right^T,SP+ (compact QR),1.1761969034414461e-01,-4.1633363423443370e-17,True
synthetic,structured_low_rank_update,aggregate,N/A,42,78,128,96,16,8,4.0000000000000000e+00,5.0000000000000000e+00,4.9999999999999982e+00,3.5527136788005011e-16,4.4721359549995787e-01,2.1354256327307941e+00,1.9377678828045914e+00,3.8696119665265814e-16,1.1761969034414466e-01,4.1633363423443370e-17,1.1067274647909698e-15,True,Q_left D(kappa) Q_right^T,RBLA prefix,6.9903268479425107e-01,5.8141299445010641e-01,True
synthetic,structured_low_rank_update,aggregate,N/A,42,78,128,96,16,8,4.0000000000000000e+00,5.0000000000000000e+00,4.9999999999999982e+00,3.5527136788005011e-16,4.4721359549995787e-01,2.1354256327307941e+00,1.9377678828045914e+00,3.8696119665265814e-16,1.1761969034414466e-01,4.1633363423443370e-17,1.1067274647909698e-15,True,Q_left D(kappa) Q_right^T,SP+ (compact QR),1.1761969034414461e-01,-4.1633363423443370e-17,True
synthetic,structured_low_rank_update,aggregate,N/A,42,78,128,96,16,8,4.0000000000000000e+00,7.5000000000000000e+00,7.4999999999999956e+00,5.9211894646675012e-16,3.6514837167011077e-01,2.3992301308842374e+00,2.1425582104225418e+00,4.3467066819707245e-16,1.1761969034414466e-01,4.1633363423443370e-17,1.5950484570920254e-15,True,Q_left D(kappa) Q_right^T,RBLA prefix,7.7767508297447252e-01,6.6005539263032786e-01,True
synthetic,structured_low_rank_update,aggregate,N/A,42,78,128,96,16,8,4.0000000000000000e+00,7.5000000000000000e+00,7.4999999999999956e+00,5.9211894646675012e-16,3.6514837167011077e-01,2.3992301308842374e+00,2.1425582104225418e+00,4.3467066819707245e-16,1.1761969034414466e-01,4.1633363423443370e-17,1.5950484570920254e-15,True,Q_left D(kappa) Q_right^T,SP+ (compact QR),1.1761969034414461e-01,-4.1633363423443370e-17,True
synthetic,structured_low_rank_update,aggregate,N/A,42,78,128,96,16,8,4.0000000000000000e+00,1.0000000000000000e+01,1.0000000000000009e+01,8.8817841970012523e-16,3.1622776601683761e-01,2.6284929881038415e+00,2.3249320681648871e+00,4.7549001538580609e-16,1.1761969034414466e-01,4.1633363423443370e-17,1.2804398285117121e-15,True,Q_left D(kappa) Q_right^T,RBLA prefix,8.6804224469577318e-01,7.5042255435162852e-01,True
synthetic,structured_low_rank_update,aggregate,N/A,42,78,128,96,16,8,4.0000000000000000e+00,1.0000000000000000e+01,1.0000000000000009e+01,8.8817841970012523e-16,3.1622776601683761e-01,2.6284929881038415e+00,2.3249320681648871e+00,4.7549001538580609e-16,1.1761969034414466e-01,4.1633363423443370e-17,1.2804398285117121e-15,True,Q_left D(kappa) Q_right^T,SP+ (compact QR),1.1761969034414461e-01,-4.1633363423443370e-17,True
synthetic,structured_low_rank_update,aggregate,N/A,42,79,128,96,16,8,4.0000000000000000e+00,1.0000000000000000e+00,1.0000000000000009e+00,8.8817841970012523e-16,9.9999999999999956e-01,1.6457339059369436e+00,1.6457339059369438e+00,3.4388864934215247e-16,1.1761969034414466e-01,4.1633363423443370e-17,1.5182406528882431e-15,True,Q_left D(kappa) Q_right^T,RBLA prefix,6.0052405496558969e-01,4.8290436462144504e-01,True
synthetic,structured_low_rank_update,aggregate,N/A,42,79,128,96,16,8,4.0000000000000000e+00,1.0000000000000000e+00,1.0000000000000009e+00,8.8817841970012523e-16,9.9999999999999956e-01,1.6457339059369436e+00,1.6457339059369438e+00,3.4388864934215247e-16,1.1761969034414466e-01,4.1633363423443370e-17,1.5182406528882431e-15,True,Q_left D(kappa) Q_right^T,SP+ (compact QR),1.1761969034414461e-01,-4.1633363423443370e-17,True
synthetic,structured_low_rank_update,aggregate,N/A,42,79,128,96,16,8,4.0000000000000000e+00,1.5000000000000000e+00,1.4999999999999991e+00,5.9211894646675012e-16,8.1649658092772626e-01,1.7011593701364451e+00,1.6423750308081708e+00,3.4412171134159498e-16,1.1761969034414466e-01,4.1633363423443370e-17,1.0908692864555851e-15,True,Q_left D(kappa) Q_right^T,RBLA prefix,6.0451731270972731e-01,4.8689762236558265e-01,True
synthetic,structured_low_rank_update,aggregate,N/A,42,79,128,96,16,8,4.0000000000000000e+00,1.5000000000000000e+00,1.4999999999999991e+00,5.9211894646675012e-16,8.1649658092772626e-01,1.7011593701364451e+00,1.6423750308081708e+00,3.4412171134159498e-16,1.1761969034414466e-01,4.1633363423443370e-17,1.0908692864555851e-15,True,Q_left D(kappa) Q_right^T,SP+ (compact QR),1.1761969034414461e-01,-4.1633363423443370e-17,True
synthetic,structured_low_rank_update,aggregate,N/A,42,79,128,96,16,8,4.0000000000000000e+00,2.0000000000000000e+00,1.9999999999999993e+00,3.3306690738754696e-16,7.0710678118654746e-01,1.7723569360530935e+00,1.6717315080847297e+00,3.5334183696304684e-16,1.1761969034414466e-01,4.1633363423443370e-17,1.2513940111005464e-15,True,Q_left D(kappa) Q_right^T,RBLA prefix,6.1277026018090497e-01,4.9515056983676031e-01,True
synthetic,structured_low_rank_update,aggregate,N/A,42,79,128,96,16,8,4.0000000000000000e+00,2.0000000000000000e+00,1.9999999999999993e+00,3.3306690738754696e-16,7.0710678118654746e-01,1.7723569360530935e+00,1.6717315080847297e+00,3.5334183696304684e-16,1.1761969034414466e-01,4.1633363423443370e-17,1.2513940111005464e-15,True,Q_left D(kappa) Q_right^T,SP+ (compact QR),1.1761969034414461e-01,-4.1633363423443370e-17,True
synthetic,structured_low_rank_update,aggregate,N/A,42,79,128,96,16,8,4.0000000000000000e+00,3.0000000000000000e+00,3.0000000000000004e+00,1.4802973661668753e-16,5.7735026918962573e-01,1.9189581645994294e+00,1.7587264071268083e+00,3.7331055890535037e-16,1.1761969034414466e-01,2.7755575615628914e-17,1.3164119441718511e-15,True,Q_left D(kappa) Q_right^T,RBLA prefix,6.3482660334537566e-01,5.1720691300123101e-01,True
synthetic,structured_low_rank_update,aggregate,N/A,42,79,128,96,16,8,4.0000000000000000e+00,3.0000000000000000e+00,3.0000000000000004e+00,1.4802973661668753e-16,5.7735026918962573e-01,1.9189581645994294e+00,1.7587264071268083e+00,3.7331055890535037e-16,1.1761969034414466e-01,2.7755575615628914e-17,1.3164119441718511e-15,True,Q_left D(kappa) Q_right^T,SP+ (compact QR),1.1761969034414463e-01,-2.7755575615628914e-17,True
synthetic,structured_low_rank_update,aggregate,N/A,42,79,128,96,16,8,4.0000000000000000e+00,5.0000000000000000e+00,4.9999999999999991e+00,1.7763568394002506e-16,4.4721359549995787e-01,2.1855399112053830e+00,1.9475184476954297e+00,3.9850695230296059e-16,1.1761969034414466e-01,2.7755575615628914e-17,1.5052319966805507e-15,True,Q_left D(kappa) Q_right^T,RBLA prefix,6.9029025141731104e-01,5.7267056107316638e-01,True
synthetic,structured_low_rank_update,aggregate,N/A,42,79,128,96,16,8,4.0000000000000000e+00,5.0000000000000000e+00,4.9999999999999991e+00,1.7763568394002506e-16,4.4721359549995787e-01,2.1855399112053830e+00,1.9475184476954297e+00,3.9850695230296059e-16,1.1761969034414466e-01,2.7755575615628914e-17,1.5052319966805507e-15,True,Q_left D(kappa) Q_right^T,SP+ (compact QR),1.1761969034414463e-01,-2.7755575615628914e-17,True
synthetic,structured_low_rank_update,aggregate,N/A,42,79,128,96,16,8,4.0000000000000000e+00,7.5000000000000000e+00,7.4999999999999956e+00,5.9211894646675012e-16,3.6514837167011072e-01,2.4690211494408056e+00,2.1649765851669187e+00,4.4094788402657398e-16,1.1761969034414466e-01,2.7755575615628914e-17,1.1223932137421904e-15,True,Q_left D(kappa) Q_right^T,RBLA prefix,7.7157241747841920e-01,6.5395272713427455e-01,True
synthetic,structured_low_rank_update,aggregate,N/A,42,79,128,96,16,8,4.0000000000000000e+00,7.5000000000000000e+00,7.4999999999999956e+00,5.9211894646675012e-16,3.6514837167011072e-01,2.4690211494408056e+00,2.1649765851669187e+00,4.4094788402657398e-16,1.1761969034414466e-01,2.7755575615628914e-17,1.1223932137421904e-15,True,Q_left D(kappa) Q_right^T,SP+ (compact QR),1.1761969034414463e-01,-2.7755575615628914e-17,True
synthetic,structured_low_rank_update,aggregate,N/A,42,79,128,96,16,8,4.0000000000000000e+00,1.0000000000000000e+01,1.0000000000000000e+01,0.0000000000000000e+00,3.1622776601683789e-01,2.7136239871773200e+00,2.3591145369830406e+00,4.7485613408133134e-16,1.1761969034414466e-01,4.1633363423443370e-17,1.3502014373559552e-15,True,Q_left D(kappa) Q_right^T,RBLA prefix,8.6056947208027290e-01,7.4294978173612825e-01,True
synthetic,structured_low_rank_update,aggregate,N/A,42,79,128,96,16,8,4.0000000000000000e+00,1.0000000000000000e+01,1.0000000000000000e+01,0.0000000000000000e+00,3.1622776601683789e-01,2.7136239871773200e+00,2.3591145369830406e+00,4.7485613408133134e-16,1.1761969034414466e-01,4.1633363423443370e-17,1.3502014373559552e-15,True,Q_left D(kappa) Q_right^T,SP+ (compact QR),1.1761969034414461e-01,-4.1633363423443370e-17,True
synthetic,structured_low_rank_update,aggregate,N/A,42,80,128,96,16,8,4.0000000000000000e+00,1.0000000000000000e+00,1.0000000000000009e+00,8.8817841970012523e-16,9.9999999999999956e-01,1.6457339059369438e+00,1.6457339059369436e+00,3.1931866360007957e-16,1.1761969034414466e-01,2.7755575615628914e-17,1.3633012920069423e-15,True,Q_left D(kappa) Q_right^T,RBLA prefix,6.2791811535335762e-01,5.1029842500921296e-01,True
synthetic,structured_low_rank_update,aggregate,N/A,42,80,128,96,16,8,4.0000000000000000e+00,1.0000000000000000e+00,1.0000000000000009e+00,8.8817841970012523e-16,9.9999999999999956e-01,1.6457339059369438e+00,1.6457339059369436e+00,3.1931866360007957e-16,1.1761969034414466e-01,2.7755575615628914e-17,1.3633012920069423e-15,True,Q_left D(kappa) Q_right^T,SP+ (compact QR),1.1761969034414463e-01,-2.7755575615628914e-17,True
synthetic,structured_low_rank_update,aggregate,N/A,42,80,128,96,16,8,4.0000000000000000e+00,1.5000000000000000e+00,1.5000000000000009e+00,5.9211894646675012e-16,8.1649658092772581e-01,1.6823157997605462e+00,1.6619205206646561e+00,3.1565076652669515e-16,1.1761969034414466e-01,2.7755575615628914e-17,1.2751203190548398e-15,True,Q_left D(kappa) Q_right^T,RBLA prefix,6.3232504133142220e-01,5.1470535098727754e-01,True
synthetic,structured_low_rank_update,aggregate,N/A,42,80,128,96,16,8,4.0000000000000000e+00,1.5000000000000000e+00,1.5000000000000009e+00,5.9211894646675012e-16,8.1649658092772581e-01,1.6823157997605462e+00,1.6619205206646561e+00,3.1565076652669515e-16,1.1761969034414466e-01,2.7755575615628914e-17,1.2751203190548398e-15,True,Q_left D(kappa) Q_right^T,SP+ (compact QR),1.1761969034414463e-01,-2.7755575615628914e-17,True
synthetic,structured_low_rank_update,aggregate,N/A,42,80,128,96,16,8,4.0000000000000000e+00,2.0000000000000000e+00,1.9999999999999993e+00,3.3306690738754696e-16,7.0710678118654779e-01,1.7411602363307257e+00,1.7050922217541522e+00,3.2517021778299416e-16,1.1761969034414466e-01,4.1633363423443370e-17,1.1856841872408677e-15,True,Q_left D(kappa) Q_right^T,RBLA prefix,6.4124329861906060e-01,5.2362360827491594e-01,True
synthetic,structured_low_rank_update,aggregate,N/A,42,80,128,96,16,8,4.0000000000000000e+00,2.0000000000000000e+00,1.9999999999999993e+00,3.3306690738754696e-16,7.0710678118654779e-01,1.7411602363307257e+00,1.7050922217541522e+00,3.2517021778299416e-16,1.1761969034414466e-01,4.1633363423443370e-17,1.1856841872408677e-15,True,Q_left D(kappa) Q_right^T,SP+ (compact QR),1.1761969034414461e-01,-4.1633363423443370e-17,True
synthetic,structured_low_rank_update,aggregate,N/A,42,80,128,96,16,8,4.0000000000000000e+00,3.0000000000000000e+00,3.0000000000000004e+00,1.4802973661668753e-16,5.7735026918962573e-01,1.8726425541446163e+00,1.8111190399941428e+00,3.2714640087881507e-16,1.1761969034414466e-01,4.1633363423443370e-17,1.1935456831313047e-15,True,Q_left D(kappa) Q_right^T,RBLA prefix,6.6412502147704100e-01,5.4650533113289634e-01,True
synthetic,structured_low_rank_update,aggregate,N/A,42,80,128,96,16,8,4.0000000000000000e+00,3.0000000000000000e+00,3.0000000000000004e+00,1.4802973661668753e-16,5.7735026918962573e-01,1.8726425541446163e+00,1.8111190399941428e+00,3.2714640087881507e-16,1.1761969034414466e-01,4.1633363423443370e-17,1.1935456831313047e-15,True,Q_left D(kappa) Q_right^T,SP+ (compact QR),1.1761969034414461e-01,-4.1633363423443370e-17,True
synthetic,structured_low_rank_update,aggregate,N/A,42,80,128,96,16,8,4.0000000000000000e+00,5.0000000000000000e+00,5.0000000000000000e+00,0.0000000000000000e+00,4.4721359549995804e-01,2.1254333055328685e+00,2.0232054927753422e+00,3.5972970993197661e-16,1.1761969034414466e-01,4.1633363423443370e-17,1.0276256630589291e-15,True,Q_left D(kappa) Q_right^T,RBLA prefix,7.1808542523010443e-01,6.0046573488595978e-01,True
synthetic,structured_low_rank_update,aggregate,N/A,42,80,128,96,16,8,4.0000000000000000e+00,5.0000000000000000e+00,5.0000000000000000e+00,0.0000000000000000e+00,4.4721359549995804e-01,2.1254333055328685e+00,2.0232054927753422e+00,3.5972970993197661e-16,1.1761969034414466e-01,4.1633363423443370e-17,1.0276256630589291e-15,True,Q_left D(kappa) Q_right^T,SP+ (compact QR),1.1761969034414461e-01,-4.1633363423443370e-17,True
synthetic,structured_low_rank_update,aggregate,N/A,42,80,128,96,16,8,4.0000000000000000e+00,7.5000000000000000e+00,7.5000000000000044e+00,5.9211894646675012e-16,3.6514837167011072e-01,2.4032967458686989e+00,2.2591853146798915e+00,4.1229688179487420e-16,1.1761969034414466e-01,2.7755575615628914e-17,1.7471250491135465e-15,True,Q_left D(kappa) Q_right^T,RBLA prefix,7.9286465413608931e-01,6.7524496379194465e-01,True
synthetic,structured_low_rank_update,aggregate,N/A,42,80,128,96,16,8,4.0000000000000000e+00,7.5000000000000000e+00,7.5000000000000044e+00,5.9211894646675012e-16,3.6514837167011072e-01,2.4032967458686989e+00,2.2591853146798915e+00,4.1229688179487420e-16,1.1761969034414466e-01,2.7755575615628914e-17,1.7471250491135465e-15,True,Q_left D(kappa) Q_right^T,SP+ (compact QR),1.1761969034414463e-01,-2.7755575615628914e-17,True
synthetic,structured_low_rank_update,aggregate,N/A,42,80,128,96,16,8,4.0000000000000000e+00,1.0000000000000000e+01,9.9999999999999947e+00,5.3290705182007512e-16,3.1622776601683816e-01,2.6473486395794898e+00,2.4669343704041107e+00,4.0846158126731737e-16,1.1761969034414466e-01,4.1633363423443370e-17,1.2240111649895387e-15,True,Q_left D(kappa) Q_right^T,RBLA prefix,8.7230453489225068e-01,7.5468484454810603e-01,True
synthetic,structured_low_rank_update,aggregate,N/A,42,80,128,96,16,8,4.0000000000000000e+00,1.0000000000000000e+01,9.9999999999999947e+00,5.3290705182007512e-16,3.1622776601683816e-01,2.6473486395794898e+00,2.4669343704041107e+00,4.0846158126731737e-16,1.1761969034414466e-01,4.1633363423443370e-17,1.2240111649895387e-15,True,Q_left D(kappa) Q_right^T,SP+ (compact QR),1.1761969034414461e-01,-4.1633363423443370e-17,True
synthetic,structured_low_rank_update,aggregate,N/A,42,81,128,96,16,8,4.0000000000000000e+00,1.0000000000000000e+00,1.0000000000000007e+00,6.6613381477509392e-16,9.9999999999999989e-01,1.6457339059369440e+00,1.6457339059369434e+00,3.4674410907819241e-16,1.1761969034414466e-01,4.1633363423443370e-17,1.7545072991473373e-15,True,Q_left D(kappa) Q_right^T,RBLA prefix,7.1367775202725225e-01,5.9605806168310760e-01,True
synthetic,structured_low_rank_update,aggregate,N/A,42,81,128,96,16,8,4.0000000000000000e+00,1.0000000000000000e+00,1.0000000000000007e+00,6.6613381477509392e-16,9.9999999999999989e-01,1.6457339059369440e+00,1.6457339059369434e+00,3.4674410907819241e-16,1.1761969034414466e-01,4.1633363423443370e-17,1.7545072991473373e-15,True,Q_left D(kappa) Q_right^T,SP+ (compact QR),1.1761969034414461e-01,-4.1633363423443370e-17,True
synthetic,structured_low_rank_update,aggregate,N/A,42,81,128,96,16,8,4.0000000000000000e+00,1.5000000000000000e+00,1.5000000000000000e+00,0.0000000000000000e+00,8.1649658092772626e-01,1.6636037073373833e+00,1.6769406282689543e+00,3.3936575466817681e-16,1.1761969034414466e-01,4.1633363423443370e-17,1.0329361647370873e-15,True,Q_left D(kappa) Q_right^T,RBLA prefix,7.2167630783058723e-01,6.0405661748644257e-01,True
synthetic,structured_low_rank_update,aggregate,N/A,42,81,128,96,16,8,4.0000000000000000e+00,1.5000000000000000e+00,1.5000000000000000e+00,0.0000000000000000e+00,8.1649658092772626e-01,1.6636037073373833e+00,1.6769406282689543e+00,3.3936575466817681e-16,1.1761969034414466e-01,4.1633363423443370e-17,1.0329361647370873e-15,True,Q_left D(kappa) Q_right^T,SP+ (compact QR),1.1761969034414461e-01,-4.1633363423443370e-17,True
synthetic,structured_low_rank_update,aggregate,N/A,42,81,128,96,16,8,4.0000000000000000e+00,2.0000000000000000e+00,1.9999999999999998e+00,1.1102230246251565e-16,7.0710678118654779e-01,1.7064190425010324e+00,1.7289594445968501e+00,4.3509026545898386e-16,1.1761969034414466e-01,4.1633363423443370e-17,1.4795288224922921e-15,True,Q_left D(kappa) Q_right^T,RBLA prefix,7.3780354939784076e-01,6.2018385905369611e-01,True
synthetic,structured_low_rank_update,aggregate,N/A,42,81,128,96,16,8,4.0000000000000000e+00,2.0000000000000000e+00,1.9999999999999998e+00,1.1102230246251565e-16,7.0710678118654779e-01,1.7064190425010324e+00,1.7289594445968501e+00,4.3509026545898386e-16,1.1761969034414466e-01,4.1633363423443370e-17,1.4795288224922921e-15,True,Q_left D(kappa) Q_right^T,SP+ (compact QR),1.1761969034414461e-01,-4.1633363423443370e-17,True
synthetic,structured_low_rank_update,aggregate,N/A,42,81,128,96,16,8,4.0000000000000000e+00,3.0000000000000000e+00,3.0000000000000009e+00,2.9605947323337506e-16,5.7735026918962584e-01,1.8105856473729560e+00,1.8453527929742592e+00,4.3509625980358521e-16,1.1761969034414466e-01,4.1633363423443370e-17,1.3053565784522289e-15,True,Q_left D(kappa) Q_right^T,RBLA prefix,7.7881671432345112e-01,6.6119702397930646e-01,True
synthetic,structured_low_rank_update,aggregate,N/A,42,81,128,96,16,8,4.0000000000000000e+00,3.0000000000000000e+00,3.0000000000000009e+00,2.9605947323337506e-16,5.7735026918962584e-01,1.8105856473729560e+00,1.8453527929742592e+00,4.3509625980358521e-16,1.1761969034414466e-01,4.1633363423443370e-17,1.3053565784522289e-15,True,Q_left D(kappa) Q_right^T,SP+ (compact QR),1.1761969034414461e-01,-4.1633363423443370e-17,True
synthetic,structured_low_rank_update,aggregate,N/A,42,81,128,96,16,8,4.0000000000000000e+00,5.0000000000000000e+00,5.0000000000000027e+00,5.3290705182007512e-16,4.4721359549995793e-01,2.0192857813173632e+00,2.0674372675978705e+00,4.1388885091262634e-16,1.1761969034414466e-01,4.1633363423443370e-17,1.4353670425406786e-15,True,Q_left D(kappa) Q_right^T,RBLA prefix,8.7359711527896178e-01,7.5597742493481712e-01,True
synthetic,structured_low_rank_update,aggregate,N/A,42,81,128,96,16,8,4.0000000000000000e+00,5.0000000000000000e+00,5.0000000000000027e+00,5.3290705182007512e-16,4.4721359549995793e-01,2.0192857813173632e+00,2.0674372675978705e+00,4.1388885091262634e-16,1.1761969034414466e-01,4.1633363423443370e-17,1.4353670425406786e-15,True,Q_left D(kappa) Q_right^T,SP+ (compact QR),1.1761969034414461e-01,-4.1633363423443370e-17,True
synthetic,structured_low_rank_update,aggregate,N/A,42,81,128,96,16,8,4.0000000000000000e+00,7.5000000000000000e+00,7.5000000000000036e+00,4.7369515717340012e-16,3.6514837167011083e-01,2.2525960349381782e+00,2.3089347017116646e+00,4.4154759528187887e-16,1.1761969034414466e-01,4.1633363423443370e-17,1.2714616047265939e-15,True,Q_left D(kappa) Q_right^T,RBLA prefix,1.0012822426488945e+00,8.8366255230474988e-01,True
synthetic,structured_low_rank_update,aggregate,N/A,42,81,128,96,16,8,4.0000000000000000e+00,7.5000000000000000e+00,7.5000000000000036e+00,4.7369515717340012e-16,3.6514837167011083e-01,2.2525960349381782e+00,2.3089347017116646e+00,4.4154759528187887e-16,1.1761969034414466e-01,4.1633363423443370e-17,1.2714616047265939e-15,True,Q_left D(kappa) Q_right^T,SP+ (compact QR),1.1761969034414461e-01,-4.1633363423443370e-17,True
synthetic,structured_low_rank_update,aggregate,N/A,42,81,128,96,16,8,4.0000000000000000e+00,1.0000000000000000e+01,1.0000000000000009e+01,8.8817841970012523e-16,3.1622776601683783e-01,2.4588050612740822e+00,2.5191193675137673e+00,5.5043133987220020e-16,1.1761969034414466e-01,4.1633363423443370e-17,1.4533540013896131e-15,True,Q_left D(kappa) Q_right^T,RBLA prefix,1.1335362335634620e+00,1.0159165432193173e+00,True
synthetic,structured_low_rank_update,aggregate,N/A,42,81,128,96,16,8,4.0000000000000000e+00,1.0000000000000000e+01,1.0000000000000009e+01,8.8817841970012523e-16,3.1622776601683783e-01,2.4588050612740822e+00,2.5191193675137673e+00,5.5043133987220020e-16,1.1761969034414466e-01,4.1633363423443370e-17,1.4533540013896131e-15,True,Q_left D(kappa) Q_right^T,SP+ (compact QR),1.1761969034414461e-01,-4.1633363423443370e-17,True
synthetic,structured_low_rank_update,aggregate,N/A,42,82,128,96,16,8,4.0000000000000000e+00,1.0000000000000000e+00,1.0000000000000009e+00,8.8817841970012523e-16,9.9999999999999978e-01,1.6457339059369438e+00,1.6457339059369438e+00,3.3170321243253894e-16,1.1761969034414466e-01,2.7755575615628914e-17,2.0530894428760221e-15,True,Q_left D(kappa) Q_right^T,RBLA prefix,6.1205795580052291e-01,4.9443826545637826e-01,True
synthetic,structured_low_rank_update,aggregate,N/A,42,82,128,96,16,8,4.0000000000000000e+00,1.0000000000000000e+00,1.0000000000000009e+00,8.8817841970012523e-16,9.9999999999999978e-01,1.6457339059369438e+00,1.6457339059369438e+00,3.3170321243253894e-16,1.1761969034414466e-01,2.7755575615628914e-17,2.0530894428760221e-15,True,Q_left D(kappa) Q_right^T,SP+ (compact QR),1.1761969034414463e-01,-2.7755575615628914e-17,True
synthetic,structured_low_rank_update,aggregate,N/A,42,82,128,96,16,8,4.0000000000000000e+00,1.5000000000000000e+00,1.4999999999999993e+00,4.4408920985006262e-16,8.1649658092772603e-01,1.6846285783967048e+00,1.6559640206760122e+00,3.2201284257657425e-16,1.1761969034414466e-01,4.1633363423443370e-17,1.1108606279693237e-15,True,Q_left D(kappa) Q_right^T,RBLA prefix,6.1866143119163863e-01,5.0104174084749398e-01,True
synthetic,structured_low_rank_update,aggregate,N/A,42,82,128,96,16,8,4.0000000000000000e+00,1.5000000000000000e+00,1.4999999999999993e+00,4.4408920985006262e-16,8.1649658092772603e-01,1.6846285783967048e+00,1.6559640206760122e+00,3.2201284257657425e-16,1.1761969034414466e-01,4.1633363423443370e-17,1.1108606279693237e-15,True,Q_left D(kappa) Q_right^T,SP+ (compact QR),1.1761969034414461e-01,-4.1633363423443370e-17,True
synthetic,structured_low_rank_update,aggregate,N/A,42,82,128,96,16,8,4.0000000000000000e+00,2.0000000000000000e+00,1.9999999999999982e+00,8.8817841970012523e-16,7.0710678118654779e-01,1.7424287899252713e+00,1.6931309182690149e+00,3.5424281059554714e-16,1.1761969034414466e-01,2.7755575615628914e-17,1.7491923391624947e-15,True,Q_left D(kappa) Q_right^T,RBLA prefix,6.3201463937077629e-01,5.1439494902663163e-01,True
synthetic,structured_low_rank_update,aggregate,N/A,42,82,128,96,16,8,4.0000000000000000e+00,2.0000000000000000e+00,1.9999999999999982e+00,8.8817841970012523e-16,7.0710678118654779e-01,1.7424287899252713e+00,1.6931309182690149e+00,3.5424281059554714e-16,1.1761969034414466e-01,2.7755575615628914e-17,1.7491923391624947e-15,True,Q_left D(kappa) Q_right^T,SP+ (compact QR),1.1761969034414463e-01,-2.7755575615628914e-17,True
synthetic,structured_low_rank_update,aggregate,N/A,42,82,128,96,16,8,4.0000000000000000e+00,3.0000000000000000e+00,2.9999999999999996e+00,1.4802973661668753e-16,5.7735026918962584e-01,1.8679612008405140e+00,1.7886505299945981e+00,3.8049306289921518e-16,1.1761969034414466e-01,2.7755575615628914e-17,1.4739306628751844e-15,True,Q_left D(kappa) Q_right^T,RBLA prefix,6.6611137211975879e-01,5.4849168177561414e-01,True
synthetic,structured_low_rank_update,aggregate,N/A,42,82,128,96,16,8,4.0000000000000000e+00,3.0000000000000000e+00,2.9999999999999996e+00,1.4802973661668753e-16,5.7735026918962584e-01,1.8679612008405140e+00,1.7886505299945981e+00,3.8049306289921518e-16,1.1761969034414466e-01,2.7755575615628914e-17,1.4739306628751844e-15,True,Q_left D(kappa) Q_right^T,SP+ (compact QR),1.1761969034414463e-01,-2.7755575615628914e-17,True
synthetic,structured_low_rank_update,aggregate,N/A,42,82,128,96,16,8,4.0000000000000000e+00,5.0000000000000000e+00,4.9999999999999991e+00,1.7763568394002506e-16,4.4721359549995798e-01,2.1044562278187224e+00,1.9845078559666731e+00,4.0607960677235707e-16,1.1761969034414466e-01,4.1633363423443370e-17,1.4599611153256374e-15,True,Q_left D(kappa) Q_right^T,RBLA prefix,7.4499929264965459e-01,6.2737960230550993e-01,True
synthetic,structured_low_rank_update,aggregate,N/A,42,82,128,96,16,8,4.0000000000000000e+00,5.0000000000000000e+00,4.9999999999999991e+00,1.7763568394002506e-16,4.4721359549995798e-01,2.1044562278187224e+00,1.9845078559666731e+00,4.0607960677235707e-16,1.1761969034414466e-01,4.1633363423443370e-17,1.4599611153256374e-15,True,Q_left D(kappa) Q_right^T,SP+ (compact QR),1.1761969034414461e-01,-4.1633363423443370e-17,True
synthetic,structured_low_rank_update,aggregate,N/A,42,82,128,96,16,8,4.0000000000000000e+00,7.5000000000000000e+00,7.4999999999999982e+00,2.3684757858670006e-16,3.6514837167011072e-01,2.3610452496809380e+00,2.2051594939899082e+00,4.4909198287886771e-16,1.1761969034414466e-01,4.1633363423443370e-17,1.8698286511822119e-15,True,Q_left D(kappa) Q_right^T,RBLA prefix,8.5052371885340794e-01,7.3290402850926328e-01,True
synthetic,structured_low_rank_update,aggregate,N/A,42,82,128,96,16,8,4.0000000000000000e+00,7.5000000000000000e+00,7.4999999999999982e+00,2.3684757858670006e-16,3.6514837167011072e-01,2.3610452496809380e+00,2.2051594939899082e+00,4.4909198287886771e-16,1.1761969034414466e-01,4.1633363423443370e-17,1.8698286511822119e-15,True,Q_left D(kappa) Q_right^T,SP+ (compact QR),1.1761969034414461e-01,-4.1633363423443370e-17,True
synthetic,structured_low_rank_update,aggregate,N/A,42,82,128,96,16,8,4.0000000000000000e+00,1.0000000000000000e+01,1.0000000000000002e+01,1.7763568394002506e-16,3.1622776601683794e-01,2.5846993668552822e+00,2.4004817308286999e+00,5.2904096417695010e-16,1.1761969034414466e-01,4.1633363423443370e-17,1.4202009503242401e-15,True,Q_left D(kappa) Q_right^T,RBLA prefix,9.5859925840717297e-01,8.4097956806302832e-01,True
synthetic,structured_low_rank_update,aggregate,N/A,42,82,128,96,16,8,4.0000000000000000e+00,1.0000000000000000e+01,1.0000000000000002e+01,1.7763568394002506e-16,3.1622776601683794e-01,2.5846993668552822e+00,2.4004817308286999e+00,5.2904096417695010e-16,1.1761969034414466e-01,4.1633363423443370e-17,1.4202009503242401e-15,True,Q_left D(kappa) Q_right^T,SP+ (compact QR),1.1761969034414461e-01,-4.1633363423443370e-17,True
synthetic,structured_low_rank_update,aggregate,N/A,42,83,128,96,16,8,4.0000000000000000e+00,1.0000000000000000e+00,1.0000000000000007e+00,6.6613381477509392e-16,9.9999999999999967e-01,1.6457339059369438e+00,1.6457339059369438e+00,4.2107122589537402e-16,1.1761969034414466e-01,2.7755575615628914e-17,1.0030956593069621e-15,True,Q_left D(kappa) Q_right^T,RBLA prefix,6.1583393052116264e-01,4.9821424017701799e-01,True
synthetic,structured_low_rank_update,aggregate,N/A,42,83,128,96,16,8,4.0000000000000000e+00,1.0000000000000000e+00,1.0000000000000007e+00,6.6613381477509392e-16,9.9999999999999967e-01,1.6457339059369438e+00,1.6457339059369438e+00,4.2107122589537402e-16,1.1761969034414466e-01,2.7755575615628914e-17,1.0030956593069621e-15,True,Q_left D(kappa) Q_right^T,SP+ (compact QR),1.1761969034414463e-01,-2.7755575615628914e-17,True
synthetic,structured_low_rank_update,aggregate,N/A,42,83,128,96,16,8,4.0000000000000000e+00,1.5000000000000000e+00,1.4999999999999998e+00,1.4802973661668753e-16,8.1649658092772603e-01,1.6873469998805233e+00,1.6591276995946436e+00,3.6273136254738168e-16,1.1761969034414466e-01,2.7755575615628914e-17,2.0695244544040666e-15,True,Q_left D(kappa) Q_right^T,RBLA prefix,6.1977956744499640e-01,5.0215987710085175e-01,True
synthetic,structured_low_rank_update,aggregate,N/A,42,83,128,96,16,8,4.0000000000000000e+00,1.5000000000000000e+00,1.4999999999999998e+00,1.4802973661668753e-16,8.1649658092772603e-01,1.6873469998805233e+00,1.6591276995946436e+00,3.6273136254738168e-16,1.1761969034414466e-01,2.7755575615628914e-17,2.0695244544040666e-15,True,Q_left D(kappa) Q_right^T,SP+ (compact QR),1.1761969034414463e-01,-2.7755575615628914e-17,True
synthetic,structured_low_rank_update,aggregate,N/A,42,83,128,96,16,8,4.0000000000000000e+00,2.0000000000000000e+00,1.9999999999999984e+00,7.7715611723760958e-16,7.0710678118654791e-01,1.7503108162499312e+00,1.7022066756222425e+00,3.9211286196034287e-16,1.1761969034414466e-01,4.1633363423443370e-17,1.5776956447663248e-15,True,Q_left D(kappa) Q_right^T,RBLA prefix,6.2783897660466836e-01,5.1021928626052371e-01,True
synthetic,structured_low_rank_update,aggregate,N/A,42,83,128,96,16,8,4.0000000000000000e+00,2.0000000000000000e+00,1.9999999999999984e+00,7.7715611723760958e-16,7.0710678118654791e-01,1.7503108162499312e+00,1.7022066756222425e+00,3.9211286196034287e-16,1.1761969034414466e-01,4.1633363423443370e-17,1.5776956447663248e-15,True,Q_left D(kappa) Q_right^T,SP+ (compact QR),1.1761969034414461e-01,-4.1633363423443370e-17,True
synthetic,structured_low_rank_update,aggregate,N/A,42,83,128,96,16,8,4.0000000000000000e+00,3.0000000000000000e+00,2.9999999999999996e+00,1.4802973661668753e-16,5.7735026918962573e-01,1.8869507616330434e+00,1.8110429090006590e+00,3.9914358269817917e-16,1.1761969034414466e-01,2.7755575615628914e-17,1.1648734104198619e-15,True,Q_left D(kappa) Q_right^T,RBLA prefix,6.4886000385182552e-01,5.3124031350768086e-01,True
synthetic,structured_low_rank_update,aggregate,N/A,42,83,128,96,16,8,4.0000000000000000e+00,3.0000000000000000e+00,2.9999999999999996e+00,1.4802973661668753e-16,5.7735026918962573e-01,1.8869507616330434e+00,1.8110429090006590e+00,3.9914358269817917e-16,1.1761969034414466e-01,2.7755575615628914e-17,1.1648734104198619e-15,True,Q_left D(kappa) Q_right^T,SP+ (compact QR),1.1761969034414463e-01,-2.7755575615628914e-17,True
synthetic,structured_low_rank_update,aggregate,N/A,42,83,128,96,16,8,4.0000000000000000e+00,5.0000000000000000e+00,4.9999999999999991e+00,1.7763568394002506e-16,4.4721359549995804e-01,2.1423145602508114e+00,2.0313113676232200e+00,3.8289043844015567e-16,1.1761969034414466e-01,4.1633363423443370e-17,1.4772878504912016e-15,True,Q_left D(kappa) Q_right^T,RBLA prefix,6.9946113295735002e-01,5.8184144261320536e-01,True
synthetic,structured_low_rank_update,aggregate,N/A,42,83,128,96,16,8,4.0000000000000000e+00,5.0000000000000000e+00,4.9999999999999991e+00,1.7763568394002506e-16,4.4721359549995804e-01,2.1423145602508114e+00,2.0313113676232200e+00,3.8289043844015567e-16,1.1761969034414466e-01,4.1633363423443370e-17,1.4772878504912016e-15,True,Q_left D(kappa) Q_right^T,SP+ (compact QR),1.1761969034414461e-01,-4.1633363423443370e-17,True
synthetic,structured_low_rank_update,aggregate,N/A,42,83,128,96,16,8,4.0000000000000000e+00,7.5000000000000000e+00,7.4999999999999991e+00,1.1842378929335003e-16,3.6514837167011077e-01,2.4165333285540695e+00,2.2768541026621190e+00,4.4030210537981857e-16,1.1761969034414466e-01,4.1633363423443370e-17,1.4473660904373358e-15,True,Q_left D(kappa) Q_right^T,RBLA prefix,7.7025126452513526e-01,6.5263157418099060e-01,True
synthetic,structured_low_rank_update,aggregate,N/A,42,83,128,96,16,8,4.0000000000000000e+00,7.5000000000000000e+00,7.4999999999999991e+00,1.1842378929335003e-16,3.6514837167011077e-01,2.4165333285540695e+00,2.2768541026621190e+00,4.4030210537981857e-16,1.1761969034414466e-01,4.1633363423443370e-17,1.4473660904373358e-15,True,Q_left D(kappa) Q_right^T,SP+ (compact QR),1.1761969034414461e-01,-4.1633363423443370e-17,True
synthetic,structured_low_rank_update,aggregate,N/A,42,83,128,96,16,8,4.0000000000000000e+00,1.0000000000000000e+01,1.0000000000000007e+01,7.1054273576010023e-16,3.1622776601683766e-01,2.6536245878947287e+00,2.4926546868526511e+00,5.2560834961312198e-16,1.1761969034414466e-01,4.1633363423443370e-17,1.4624418206938706e-15,True,Q_left D(kappa) Q_right^T,RBLA prefix,8.4523305606715060e-01,7.2761336572300594e-01,True
synthetic,structured_low_rank_update,aggregate,N/A,42,83,128,96,16,8,4.0000000000000000e+00,1.0000000000000000e+01,1.0000000000000007e+01,7.1054273576010023e-16,3.1622776601683766e-01,2.6536245878947287e+00,2.4926546868526511e+00,5.2560834961312198e-16,1.1761969034414466e-01,4.1633363423443370e-17,1.4624418206938706e-15,True,Q_left D(kappa) Q_right^T,SP+ (compact QR),1.1761969034414461e-01,-4.1633363423443370e-17,True
synthetic,structured_low_rank_update,aggregate,N/A,42,84,128,96,16,8,4.0000000000000000e+00,1.0000000000000000e+00,1.0000000000000011e+00,1.1102230246251565e-15,9.9999999999999956e-01,1.6457339059369436e+00,1.6457339059369438e+00,3.6419887504483800e-16,1.1761969034414466e-01,4.1633363423443370e-17,1.8478960611998624e-15,True,Q_left D(kappa) Q_right^T,RBLA prefix,6.3916099429891193e-01,5.2154130395476728e-01,True
synthetic,structured_low_rank_update,aggregate,N/A,42,84,128,96,16,8,4.0000000000000000e+00,1.0000000000000000e+00,1.0000000000000011e+00,1.1102230246251565e-15,9.9999999999999956e-01,1.6457339059369436e+00,1.6457339059369438e+00,3.6419887504483800e-16,1.1761969034414466e-01,4.1633363423443370e-17,1.8478960611998624e-15,True,Q_left D(kappa) Q_right^T,SP+ (compact QR),1.1761969034414461e-01,-4.1633363423443370e-17,True
synthetic,structured_low_rank_update,aggregate,N/A,42,84,128,96,16,8,4.0000000000000000e+00,1.5000000000000000e+00,1.5000000000000000e+00,0.0000000000000000e+00,8.1649658092772581e-01,1.6543044242372262e+00,1.6848623678160317e+00,3.3963793247369145e-16,1.1761969034414466e-01,2.7755575615628914e-17,1.7270200002611686e-15,True,Q_left D(kappa) Q_right^T,RBLA prefix,6.4514697348513883e-01,5.2752728314099417e-01,True
synthetic,structured_low_rank_update,aggregate,N/A,42,84,128,96,16,8,4.0000000000000000e+00,1.5000000000000000e+00,1.5000000000000000e+00,0.0000000000000000e+00,8.1649658092772581e-01,1.6543044242372262e+00,1.6848623678160317e+00,3.3963793247369145e-16,1.1761969034414466e-01,2.7755575615628914e-17,1.7270200002611686e-15,True,Q_left D(kappa) Q_right^T,SP+ (compact QR),1.1761969034414463e-01,-2.7755575615628914e-17,True
synthetic,structured_low_rank_update,aggregate,N/A,42,84,128,96,16,8,4.0000000000000000e+00,2.0000000000000000e+00,1.9999999999999993e+00,3.3306690738754696e-16,7.0710678118654757e-01,1.6898871853596991e+00,1.7414781993362800e+00,3.5383161155380003e-16,1.1761969034414466e-01,2.7755575615628914e-17,1.0198081846773991e-15,True,Q_left D(kappa) Q_right^T,RBLA prefix,6.5711118964636106e-01,5.3949149930221640e-01,True
synthetic,structured_low_rank_update,aggregate,N/A,42,84,128,96,16,8,4.0000000000000000e+00,2.0000000000000000e+00,1.9999999999999993e+00,3.3306690738754696e-16,7.0710678118654757e-01,1.6898871853596991e+00,1.7414781993362800e+00,3.5383161155380003e-16,1.1761969034414466e-01,2.7755575615628914e-17,1.0198081846773991e-15,True,Q_left D(kappa) Q_right^T,SP+ (compact QR),1.1761969034414463e-01,-2.7755575615628914e-17,True
synthetic,structured_low_rank_update,aggregate,N/A,42,84,128,96,16,8,4.0000000000000000e+00,3.0000000000000000e+00,3.0000000000000009e+00,2.9605947323337506e-16,5.7735026918962551e-01,1.7831681519446660e+00,1.8627366272659023e+00,4.3501367996249752e-16,1.1761969034414466e-01,2.7755575615628914e-17,1.6258527602579582e-15,True,Q_left D(kappa) Q_right^T,RBLA prefix,6.8696471517555602e-01,5.6934502483141136e-01,True
synthetic,structured_low_rank_update,aggregate,N/A,42,84,128,96,16,8,4.0000000000000000e+00,3.0000000000000000e+00,3.0000000000000009e+00,2.9605947323337506e-16,5.7735026918962551e-01,1.7831681519446660e+00,1.8627366272659023e+00,4.3501367996249752e-16,1.1761969034414466e-01,2.7755575615628914e-17,1.6258527602579582e-15,True,Q_left D(kappa) Q_right^T,SP+ (compact QR),1.1761969034414463e-01,-2.7755575615628914e-17,True
synthetic,structured_low_rank_update,aggregate,N/A,42,84,128,96,16,8,4.0000000000000000e+00,5.0000000000000000e+00,4.9999999999999973e+00,5.3290705182007512e-16,4.4721359549995809e-01,1.9770253104153470e+00,2.0881884544508842e+00,4.0811015829525532e-16,1.1761969034414466e-01,4.1633363423443370e-17,1.1593929382578429e-15,True,Q_left D(kappa) Q_right^T,RBLA prefix,7.5342681117881527e-01,6.3580712083467061e-01,True
synthetic,structured_low_rank_update,aggregate,N/A,42,84,128,96,16,8,4.0000000000000000e+00,5.0000000000000000e+00,4.9999999999999973e+00,5.3290705182007512e-16,4.4721359549995809e-01,1.9770253104153470e+00,2.0881884544508842e+00,4.0811015829525532e-16,1.1761969034414466e-01,4.1633363423443370e-17,1.1593929382578429e-15,True,Q_left D(kappa) Q_right^T,SP+ (compact QR),1.1761969034414461e-01,-4.1633363423443370e-17,True
synthetic,structured_low_rank_update,aggregate,N/A,42,84,128,96,16,8,4.0000000000000000e+00,7.5000000000000000e+00,7.4999999999999991e+00,1.1842378929335003e-16,3.6514837167011083e-01,2.1972940957735707e+00,2.3302763865549996e+00,4.5937225706359968e-16,1.1761969034414466e-01,4.1633363423443370e-17,1.5663701006324655e-15,True,Q_left D(kappa) Q_right^T,RBLA prefix,8.3896492903061604e-01,7.2134523868647138e-01,True
synthetic,structured_low_rank_update,aggregate,N/A,42,84,128,96,16,8,4.0000000000000000e+00,7.5000000000000000e+00,7.4999999999999991e+00,1.1842378929335003e-16,3.6514837167011083e-01,2.1972940957735707e+00,2.3302763865549996e+00,4.5937225706359968e-16,1.1761969034414466e-01,4.1633363423443370e-17,1.5663701006324655e-15,True,Q_left D(kappa) Q_right^T,SP+ (compact QR),1.1761969034414461e-01,-4.1633363423443370e-17,True
synthetic,structured_low_rank_update,aggregate,N/A,42,84,128,96,16,8,4.0000000000000000e+00,1.0000000000000000e+01,1.0000000000000011e+01,1.0658141036401502e-15,3.1622776601683766e-01,2.3932042817127899e+00,2.5398690202153897e+00,5.4832231572118786e-16,1.1761969034414466e-01,2.7755575615628914e-17,1.1536185364413913e-15,True,Q_left D(kappa) Q_right^T,RBLA prefix,9.2424865220820107e-01,8.0662896186405642e-01,True
synthetic,structured_low_rank_update,aggregate,N/A,42,84,128,96,16,8,4.0000000000000000e+00,1.0000000000000000e+01,1.0000000000000011e+01,1.0658141036401502e-15,3.1622776601683766e-01,2.3932042817127899e+00,2.5398690202153897e+00,5.4832231572118786e-16,1.1761969034414466e-01,2.7755575615628914e-17,1.1536185364413913e-15,True,Q_left D(kappa) Q_right^T,SP+ (compact QR),1.1761969034414463e-01,-2.7755575615628914e-17,True
synthetic,structured_low_rank_update,aggregate,N/A,42,85,128,96,16,8,4.0000000000000000e+00,1.0000000000000000e+00,1.0000000000000009e+00,8.8817841970012523e-16,9.9999999999999944e-01,1.6457339059369436e+00,1.6457339059369438e+00,3.3213285991157285e-16,1.1761969034414466e-01,4.1633363423443370e-17,1.2914145319750182e-15,True,Q_left D(kappa) Q_right^T,RBLA prefix,6.0881541138382800e-01,4.9119572103968334e-01,True
synthetic,structured_low_rank_update,aggregate,N/A,42,85,128,96,16,8,4.0000000000000000e+00,1.0000000000000000e+00,1.0000000000000009e+00,8.8817841970012523e-16,9.9999999999999944e-01,1.6457339059369436e+00,1.6457339059369438e+00,3.3213285991157285e-16,1.1761969034414466e-01,4.1633363423443370e-17,1.2914145319750182e-15,True,Q_left D(kappa) Q_right^T,SP+ (compact QR),1.1761969034414461e-01,-4.1633363423443370e-17,True
synthetic,structured_low_rank_update,aggregate,N/A,42,85,128,96,16,8,4.0000000000000000e+00,1.5000000000000000e+00,1.5000000000000009e+00,5.9211894646675012e-16,8.1649658092772592e-01,1.6705890976422406e+00,1.6711602792109288e+00,3.5109691473534854e-16,1.1761969034414466e-01,4.1633363423443370e-17,1.9295948405148297e-15,True,Q_left D(kappa) Q_right^T,RBLA prefix,6.1391409378394157e-01,4.9629440343979692e-01,True
synthetic,structured_low_rank_update,aggregate,N/A,42,85,128,96,16,8,4.0000000000000000e+00,1.5000000000000000e+00,1.5000000000000009e+00,5.9211894646675012e-16,8.1649658092772592e-01,1.6705890976422406e+00,1.6711602792109288e+00,3.5109691473534854e-16,1.1761969034414466e-01,4.1633363423443370e-17,1.9295948405148297e-15,True,Q_left D(kappa) Q_right^T,SP+ (compact QR),1.1761969034414461e-01,-4.1633363423443370e-17,True
synthetic,structured_low_rank_update,aggregate,N/A,42,85,128,96,16,8,4.0000000000000000e+00,2.0000000000000000e+00,1.9999999999999987e+00,6.6613381477509392e-16,7.0710678118654779e-01,1.7184423146374848e+00,1.7203624599263887e+00,3.6973638420769244e-16,1.1761969034414466e-01,2.7755575615628914e-17,1.2198648585249695e-15,True,Q_left D(kappa) Q_right^T,RBLA prefix,6.2431526976304552e-01,5.0669557941890087e-01,True
synthetic,structured_low_rank_update,aggregate,N/A,42,85,128,96,16,8,4.0000000000000000e+00,2.0000000000000000e+00,1.9999999999999987e+00,6.6613381477509392e-16,7.0710678118654779e-01,1.7184423146374848e+00,1.7203624599263887e+00,3.6973638420769244e-16,1.1761969034414466e-01,2.7755575615628914e-17,1.2198648585249695e-15,True,Q_left D(kappa) Q_right^T,SP+ (compact QR),1.1761969034414463e-01,-2.7755575615628914e-17,True
synthetic,structured_low_rank_update,aggregate,N/A,42,85,128,96,16,8,4.0000000000000000e+00,3.0000000000000000e+00,3.0000000000000009e+00,2.9605947323337506e-16,5.7735026918962584e-01,1.8288434376568408e+00,1.8351834848337574e+00,3.5984407433401212e-16,1.1761969034414466e-01,2.7755575615628914e-17,1.0853272647845944e-15,True,Q_left D(kappa) Q_right^T,RBLA prefix,6.5137020668176060e-01,5.3375051633761594e-01,True
synthetic,structured_low_rank_update,aggregate,N/A,42,85,128,96,16,8,4.0000000000000000e+00,3.0000000000000000e+00,3.0000000000000009e+00,2.9605947323337506e-16,5.7735026918962584e-01,1.8288434376568408e+00,1.8351834848337574e+00,3.5984407433401212e-16,1.1761969034414466e-01,2.7755575615628914e-17,1.0853272647845944e-15,True,Q_left D(kappa) Q_right^T,SP+ (compact QR),1.1761969034414463e-01,-2.7755575615628914e-17,True
synthetic,structured_low_rank_update,aggregate,N/A,42,85,128,96,16,8,4.0000000000000000e+00,5.0000000000000000e+00,5.0000000000000009e+00,1.7763568394002506e-16,4.4721359549995782e-01,2.0421724962754650e+00,2.0600076905649760e+00,3.8467840685410319e-16,1.1761969034414466e-01,4.1633363423443370e-17,1.1622179933925071e-15,True,Q_left D(kappa) Q_right^T,RBLA prefix,7.1614929807284178e-01,5.9852960772869712e-01,True
synthetic,structured_low_rank_update,aggregate,N/A,42,85,128,96,16,8,4.0000000000000000e+00,5.0000000000000000e+00,5.0000000000000009e+00,1.7763568394002506e-16,4.4721359549995782e-01,2.0421724962754650e+00,2.0600076905649760e+00,3.8467840685410319e-16,1.1761969034414466e-01,4.1633363423443370e-17,1.1622179933925071e-15,True,Q_left D(kappa) Q_right^T,SP+ (compact QR),1.1761969034414461e-01,-4.1633363423443370e-17,True
synthetic,structured_low_rank_update,aggregate,N/A,42,85,128,96,16,8,4.0000000000000000e+00,7.5000000000000000e+00,7.4999999999999982e+00,2.3684757858670006e-16,3.6514837167011077e-01,2.2750722053358809e+00,2.3078938951074210e+00,4.1063417516654330e-16,1.1761969034414466e-01,4.1633363423443370e-17,1.7409594853890178e-15,True,Q_left D(kappa) Q_right^T,RBLA prefix,8.0617088918852375e-01,6.8855119884437910e-01,True
synthetic,structured_low_rank_update,aggregate,N/A,42,85,128,96,16,8,4.0000000000000000e+00,7.5000000000000000e+00,7.4999999999999982e+00,2.3684757858670006e-16,3.6514837167011077e-01,2.2750722053358809e+00,2.3078938951074210e+00,4.1063417516654330e-16,1.1761969034414466e-01,4.1633363423443370e-17,1.7409594853890178e-15,True,Q_left D(kappa) Q_right^T,SP+ (compact QR),1.1761969034414461e-01,-4.1633363423443370e-17,True
synthetic,structured_low_rank_update,aggregate,N/A,42,85,128,96,16,8,4.0000000000000000e+00,1.0000000000000000e+01,9.9999999999999964e+00,3.5527136788005011e-16,3.1622776601683800e-01,2.4780380094544463e+00,2.5250952341839090e+00,4.8144444872489685e-16,1.1761969034414466e-01,2.7755575615628914e-17,2.2185061423576376e-15,True,Q_left D(kappa) Q_right^T,RBLA prefix,9.0099585459696130e-01,7.8337616425281664e-01,True
synthetic,structured_low_rank_update,aggregate,N/A,42,85,128,96,16,8,4.0000000000000000e+00,1.0000000000000000e+01,9.9999999999999964e+00,3.5527136788005011e-16,3.1622776601683800e-01,2.4780380094544463e+00,2.5250952341839090e+00,4.8144444872489685e-16,1.1761969034414466e-01,2.7755575615628914e-17,2.2185061423576376e-15,True,Q_left D(kappa) Q_right^T,SP+ (compact QR),1.1761969034414463e-01,-2.7755575615628914e-17,True
synthetic,structured_low_rank_update,aggregate,N/A,42,86,128,96,16,8,4.0000000000000000e+00,1.0000000000000000e+00,1.0000000000000009e+00,8.8817841970012523e-16,9.9999999999999944e-01,1.6457339059369436e+00,1.6457339059369438e+00,3.4805344285104012e-16,1.1761969034414466e-01,2.7755575615628914e-17,1.1647499321336740e-15,True,Q_left D(kappa) Q_right^T,RBLA prefix,5.9655208403755200e-01,4.7893239369340734e-01,True
synthetic,structured_low_rank_update,aggregate,N/A,42,86,128,96,16,8,4.0000000000000000e+00,1.0000000000000000e+00,1.0000000000000009e+00,8.8817841970012523e-16,9.9999999999999944e-01,1.6457339059369436e+00,1.6457339059369438e+00,3.4805344285104012e-16,1.1761969034414466e-01,2.7755575615628914e-17,1.1647499321336740e-15,True,Q_left D(kappa) Q_right^T,SP+ (compact QR),1.1761969034414463e-01,-2.7755575615628914e-17,True
synthetic,structured_low_rank_update,aggregate,N/A,42,86,128,96,16,8,4.0000000000000000e+00,1.5000000000000000e+00,1.4999999999999996e+00,2.9605947323337506e-16,8.1649658092772615e-01,1.6568812801355035e+00,1.6855007803535405e+00,3.4849521880791518e-16,1.1761969034414466e-01,4.1633363423443370e-17,1.4799363266114673e-15,True,Q_left D(kappa) Q_right^T,RBLA prefix,6.0131320683323086e-01,4.8369351648908621e-01,True
synthetic,structured_low_rank_update,aggregate,N/A,42,86,128,96,16,8,4.0000000000000000e+00,1.5000000000000000e+00,1.4999999999999996e+00,2.9605947323337506e-16,8.1649658092772615e-01,1.6568812801355035e+00,1.6855007803535405e+00,3.4849521880791518e-16,1.1761969034414466e-01,4.1633363423443370e-17,1.4799363266114673e-15,True,Q_left D(kappa) Q_right^T,SP+ (compact QR),1.1761969034414461e-01,-4.1633363423443370e-17,True
synthetic,structured_low_rank_update,aggregate,N/A,42,86,128,96,16,8,4.0000000000000000e+00,2.0000000000000000e+00,1.9999999999999991e+00,4.4408920985006262e-16,7.0710678118654791e-01,1.6949417203221817e+00,1.7456888858645030e+00,3.3962206552187947e-16,1.1761969034414466e-01,4.1633363423443370e-17,1.2976725459847195e-15,True,Q_left D(kappa) Q_right^T,RBLA prefix,6.1132589435028795e-01,4.9370620400614329e-01,True
synthetic,structured_low_rank_update,aggregate,N/A,42,86,128,96,16,8,4.0000000000000000e+00,2.0000000000000000e+00,1.9999999999999991e+00,4.4408920985006262e-16,7.0710678118654791e-01,1.6949417203221817e+00,1.7456888858645030e+00,3.3962206552187947e-16,1.1761969034414466e-01,4.1633363423443370e-17,1.2976725459847195e-15,True,Q_left D(kappa) Q_right^T,SP+ (compact QR),1.1761969034414461e-01,-4.1633363423443370e-17,True
synthetic,structured_low_rank_update,aggregate,N/A,42,86,128,96,16,8,4.0000000000000000e+00,3.0000000000000000e+00,3.0000000000000013e+00,4.4408920985006262e-16,5.7735026918962562e-01,1.7907106025105848e+00,1.8777908848828015e+00,3.7847757964538413e-16,1.1761969034414466e-01,4.1633363423443370e-17,1.5073814959435181e-15,True,Q_left D(kappa) Q_right^T,RBLA prefix,6.3890590476970877e-01,5.2128621442556411e-01,True
synthetic,structured_low_rank_update,aggregate,N/A,42,86,128,96,16,8,4.0000000000000000e+00,3.0000000000000000e+00,3.0000000000000013e+00,4.4408920985006262e-16,5.7735026918962562e-01,1.7907106025105848e+00,1.8777908848828015e+00,3.7847757964538413e-16,1.1761969034414466e-01,4.1633363423443370e-17,1.5073814959435181e-15,True,Q_left D(kappa) Q_right^T,SP+ (compact QR),1.1761969034414461e-01,-4.1633363423443370e-17,True
synthetic,structured_low_rank_update,aggregate,N/A,42,86,128,96,16,8,4.0000000000000000e+00,5.0000000000000000e+00,4.9999999999999991e+00,1.7763568394002506e-16,4.4721359549995804e-01,1.9826065531128068e+00,2.1288649868153970e+00,4.7499413759811990e-16,1.1761969034414466e-01,2.7755575615628914e-17,1.0785301408352266e-15,True,Q_left D(kappa) Q_right^T,RBLA prefix,7.1089440939704618e-01,5.9327471905290152e-01,True
synthetic,structured_low_rank_update,aggregate,N/A,42,86,128,96,16,8,4.0000000000000000e+00,5.0000000000000000e+00,4.9999999999999991e+00,1.7763568394002506e-16,4.4721359549995804e-01,1.9826065531128068e+00,2.1288649868153970e+00,4.7499413759811990e-16,1.1761969034414466e-01,2.7755575615628914e-17,1.0785301408352266e-15,True,Q_left D(kappa) Q_right^T,SP+ (compact QR),1.1761969034414463e-01,-2.7755575615628914e-17,True
synthetic,structured_low_rank_update,aggregate,N/A,42,86,128,96,16,8,4.0000000000000000e+00,7.5000000000000000e+00,7.4999999999999982e+00,2.3684757858670006e-16,3.6514837167011072e-01,2.1944383929627693e+00,2.4028266794583177e+00,4.5745549915429897e-16,1.1761969034414466e-01,2.7755575615628914e-17,1.3453423381267698e-15,True,Q_left D(kappa) Q_right^T,RBLA prefix,8.1846964448261983e-01,7.0084995413847517e-01,True
synthetic,structured_low_rank_update,aggregate,N/A,42,86,128,96,16,8,4.0000000000000000e+00,7.5000000000000000e+00,7.4999999999999982e+00,2.3684757858670006e-16,3.6514837167011072e-01,2.1944383929627693e+00,2.4028266794583177e+00,4.5745549915429897e-16,1.1761969034414466e-01,2.7755575615628914e-17,1.3453423381267698e-15,True,Q_left D(kappa) Q_right^T,SP+ (compact QR),1.1761969034414463e-01,-2.7755575615628914e-17,True
synthetic,structured_low_rank_update,aggregate,N/A,42,86,128,96,16,8,4.0000000000000000e+00,1.0000000000000000e+01,1.0000000000000000e+01,0.0000000000000000e+00,3.1622776601683789e-01,2.3793177133346668e+00,2.6424057601850985e+00,5.0034507510101495e-16,1.1761969034414466e-01,4.1633363423443370e-17,1.4304460851185048e-15,True,Q_left D(kappa) Q_right^T,RBLA prefix,9.3640275059063494e-01,8.1878306024649028e-01,True
synthetic,structured_low_rank_update,aggregate,N/A,42,86,128,96,16,8,4.0000000000000000e+00,1.0000000000000000e+01,1.0000000000000000e+01,0.0000000000000000e+00,3.1622776601683789e-01,2.3793177133346668e+00,2.6424057601850985e+00,5.0034507510101495e-16,1.1761969034414466e-01,4.1633363423443370e-17,1.4304460851185048e-15,True,Q_left D(kappa) Q_right^T,SP+ (compact QR),1.1761969034414461e-01,-4.1633363423443370e-17,True
synthetic,structured_low_rank_update,aggregate,N/A,42,87,128,96,16,8,4.0000000000000000e+00,1.0000000000000000e+00,1.0000000000000011e+00,1.1102230246251565e-15,9.9999999999999956e-01,1.6457339059369436e+00,1.6457339059369438e+00,3.3445036246807724e-16,1.1761969034414466e-01,4.1633363423443370e-17,1.4192501781161794e-15,True,Q_left D(kappa) Q_right^T,RBLA prefix,5.1884856204284469e-01,4.0122887169870003e-01,True
synthetic,structured_low_rank_update,aggregate,N/A,42,87,128,96,16,8,4.0000000000000000e+00,1.0000000000000000e+00,1.0000000000000011e+00,1.1102230246251565e-15,9.9999999999999956e-01,1.6457339059369436e+00,1.6457339059369438e+00,3.3445036246807724e-16,1.1761969034414466e-01,4.1633363423443370e-17,1.4192501781161794e-15,True,Q_left D(kappa) Q_right^T,SP+ (compact QR),1.1761969034414461e-01,-4.1633363423443370e-17,True
synthetic,structured_low_rank_update,aggregate,N/A,42,87,128,96,16,8,4.0000000000000000e+00,1.5000000000000000e+00,1.5000000000000002e+00,1.4802973661668753e-16,8.1649658092772559e-01,1.6700415343159278e+00,1.6745149921412139e+00,3.6455682382915029e-16,1.1761969034414466e-01,4.1633363423443370e-17,1.4737128011195718e-15,True,Q_left D(kappa) Q_right^T,RBLA prefix,5.2439726616753612e-01,4.0677757582339147e-01,True
synthetic,structured_low_rank_update,aggregate,N/A,42,87,128,96,16,8,4.0000000000000000e+00,1.5000000000000000e+00,1.5000000000000002e+00,1.4802973661668753e-16,8.1649658092772559e-01,1.6700415343159278e+00,1.6745149921412139e+00,3.6455682382915029e-16,1.1761969034414466e-01,4.1633363423443370e-17,1.4737128011195718e-15,True,Q_left D(kappa) Q_right^T,SP+ (compact QR),1.1761969034414461e-01,-4.1633363423443370e-17,True
synthetic,structured_low_rank_update,aggregate,N/A,42,87,128,96,16,8,4.0000000000000000e+00,2.0000000000000000e+00,2.0000000000000004e+00,2.2204460492503131e-16,7.0710678118654746e-01,1.7201001737989909e+00,1.7268076233978860e+00,3.4681964128294682e-16,1.1761969034414466e-01,4.1633363423443370e-17,1.4940316018754778e-15,True,Q_left D(kappa) Q_right^T,RBLA prefix,5.3556156662676324e-01,4.1794187628261859e-01,True
synthetic,structured_low_rank_update,aggregate,N/A,42,87,128,96,16,8,4.0000000000000000e+00,2.0000000000000000e+00,2.0000000000000004e+00,2.2204460492503131e-16,7.0710678118654746e-01,1.7201001737989909e+00,1.7268076233978860e+00,3.4681964128294682e-16,1.1761969034414466e-01,4.1633363423443370e-17,1.4940316018754778e-15,True,Q_left D(kappa) Q_right^T,SP+ (compact QR),1.1761969034414461e-01,-4.1633363423443370e-17,True
synthetic,structured_low_rank_update,aggregate,N/A,42,87,128,96,16,8,4.0000000000000000e+00,3.0000000000000000e+00,3.0000000000000000e+00,0.0000000000000000e+00,5.7735026918962562e-01,1.8382459040099619e+00,1.8456108491275365e+00,3.7083062164319464e-16,1.1761969034414466e-01,4.1633363423443370e-17,1.0674333850834258e-15,True,Q_left D(kappa) Q_right^T,RBLA prefix,5.6374663118430757e-01,4.4612694084016291e-01,True
synthetic,structured_low_rank_update,aggregate,N/A,42,87,128,96,16,8,4.0000000000000000e+00,3.0000000000000000e+00,3.0000000000000000e+00,0.0000000000000000e+00,5.7735026918962562e-01,1.8382459040099619e+00,1.8456108491275365e+00,3.7083062164319464e-16,1.1761969034414466e-01,4.1633363423443370e-17,1.0674333850834258e-15,True,Q_left D(kappa) Q_right^T,SP+ (compact QR),1.1761969034414461e-01,-4.1633363423443370e-17,True
synthetic,structured_low_rank_update,aggregate,N/A,42,87,128,96,16,8,4.0000000000000000e+00,5.0000000000000000e+00,4.9999999999999991e+00,1.7763568394002506e-16,4.4721359549995776e-01,2.0702915745712365e+00,2.0726664348198072e+00,4.3203859180417077e-16,1.1761969034414466e-01,4.1633363423443370e-17,1.0691791727786542e-15,True,Q_left D(kappa) Q_right^T,RBLA prefix,6.2741477998006789e-01,5.0979508963592324e-01,True
synthetic,structured_low_rank_update,aggregate,N/A,42,87,128,96,16,8,4.0000000000000000e+00,5.0000000000000000e+00,4.9999999999999991e+00,1.7763568394002506e-16,4.4721359549995776e-01,2.0702915745712365e+00,2.0726664348198072e+00,4.3203859180417077e-16,1.1761969034414466e-01,4.1633363423443370e-17,1.0691791727786542e-15,True,Q_left D(kappa) Q_right^T,SP+ (compact QR),1.1761969034414461e-01,-4.1633363423443370e-17,True
synthetic,structured_low_rank_update,aggregate,N/A,42,87,128,96,16,8,4.0000000000000000e+00,7.5000000000000000e+00,7.5000000000000036e+00,4.7369515717340012e-16,3.6514837167011049e-01,2.3259372931771298e+00,2.3185930306553426e+00,4.4416665472949209e-16,1.1761969034414466e-01,4.1633363423443370e-17,1.0611304631640860e-15,True,Q_left D(kappa) Q_right^T,RBLA prefix,7.0993837921867553e-01,5.9231868887453087e-01,True
synthetic,structured_low_rank_update,aggregate,N/A,42,87,128,96,16,8,4.0000000000000000e+00,7.5000000000000000e+00,7.5000000000000036e+00,4.7369515717340012e-16,3.6514837167011049e-01,2.3259372931771298e+00,2.3185930306553426e+00,4.4416665472949209e-16,1.1761969034414466e-01,4.1633363423443370e-17,1.0611304631640860e-15,True,Q_left D(kappa) Q_right^T,SP+ (compact QR),1.1761969034414461e-01,-4.1633363423443370e-17,True
synthetic,structured_low_rank_update,aggregate,N/A,42,87,128,96,16,8,4.0000000000000000e+00,1.0000000000000000e+01,1.0000000000000009e+01,8.8817841970012523e-16,3.1622776601683772e-01,2.5496200458771776e+00,2.5317907682751737e+00,4.6741377907794353e-16,1.1761969034414466e-01,4.1633363423443370e-17,1.2033005809939787e-15,True,Q_left D(kappa) Q_right^T,RBLA prefix,7.9211604754260778e-01,6.7449635719846313e-01,True
synthetic,structured_low_rank_update,aggregate,N/A,42,87,128,96,16,8,4.0000000000000000e+00,1.0000000000000000e+01,1.0000000000000009e+01,8.8817841970012523e-16,3.1622776601683772e-01,2.5496200458771776e+00,2.5317907682751737e+00,4.6741377907794353e-16,1.1761969034414466e-01,4.1633363423443370e-17,1.2033005809939787e-15,True,Q_left D(kappa) Q_right^T,SP+ (compact QR),1.1761969034414461e-01,-4.1633363423443370e-17,True
synthetic,structured_low_rank_update,aggregate,N/A,42,88,128,96,16,8,4.0000000000000000e+00,1.0000000000000000e+00,1.0000000000000007e+00,6.6613381477509392e-16,9.9999999999999978e-01,1.6457339059369438e+00,1.6457339059369436e+00,3.3746062945208926e-16,1.1761969034414466e-01,4.1633363423443370e-17,1.1640199686668497e-15,True,Q_left D(kappa) Q_right^T,RBLA prefix,6.5815119029884694e-01,5.4053149995470229e-01,True
synthetic,structured_low_rank_update,aggregate,N/A,42,88,128,96,16,8,4.0000000000000000e+00,1.0000000000000000e+00,1.0000000000000007e+00,6.6613381477509392e-16,9.9999999999999978e-01,1.6457339059369438e+00,1.6457339059369436e+00,3.3746062945208926e-16,1.1761969034414466e-01,4.1633363423443370e-17,1.1640199686668497e-15,True,Q_left D(kappa) Q_right^T,SP+ (compact QR),1.1761969034414461e-01,-4.1633363423443370e-17,True
synthetic,structured_low_rank_update,aggregate,N/A,42,88,128,96,16,8,4.0000000000000000e+00,1.5000000000000000e+00,1.4999999999999998e+00,1.4802973661668753e-16,8.1649658092772603e-01,1.6609192715969712e+00,1.6840637689369005e+00,3.4778355232814232e-16,1.1761969034414466e-01,4.1633363423443370e-17,1.3237196175657819e-15,True,Q_left D(kappa) Q_right^T,RBLA prefix,6.6573963079027554e-01,5.4811994044613088e-01,True
synthetic,structured_low_rank_update,aggregate,N/A,42,88,128,96,16,8,4.0000000000000000e+00,1.5000000000000000e+00,1.4999999999999998e+00,1.4802973661668753e-16,8.1649658092772603e-01,1.6609192715969712e+00,1.6840637689369005e+00,3.4778355232814232e-16,1.1761969034414466e-01,4.1633363423443370e-17,1.3237196175657819e-15,True,Q_left D(kappa) Q_right^T,SP+ (compact QR),1.1761969034414461e-01,-4.1633363423443370e-17,True
synthetic,structured_low_rank_update,aggregate,N/A,42,88,128,96,16,8,4.0000000000000000e+00,2.0000000000000000e+00,1.9999999999999987e+00,6.6613381477509392e-16,7.0710678118654768e-01,1.7044896390098723e+00,1.7438952228158247e+00,3.4210169706355538e-16,1.1761969034414466e-01,2.7755575615628914e-17,1.2649125132180352e-15,True,Q_left D(kappa) Q_right^T,RBLA prefix,6.8115799257140142e-01,5.6353830222725676e-01,True
synthetic,structured_low_rank_update,aggregate,N/A,42,88,128,96,16,8,4.0000000000000000e+00,2.0000000000000000e+00,1.9999999999999987e+00,6.6613381477509392e-16,7.0710678118654768e-01,1.7044896390098723e+00,1.7438952228158247e+00,3.4210169706355538e-16,1.1761969034414466e-01,2.7755575615628914e-17,1.2649125132180352e-15,True,Q_left D(kappa) Q_right^T,SP+ (compact QR),1.1761969034414463e-01,-2.7755575615628914e-17,True
synthetic,structured_low_rank_update,aggregate,N/A,42,88,128,96,16,8,4.0000000000000000e+00,3.0000000000000000e+00,3.0000000000000000e+00,0.0000000000000000e+00,5.7735026918962584e-01,1.8134779127694018e+00,1.8753677572739442e+00,4.1802196349086849e-16,1.1761969034414466e-01,4.1633363423443370e-17,1.4263206066279844e-15,True,Q_left D(kappa) Q_right^T,RBLA prefix,7.2090545520063909e-01,6.0328576485649443e-01,True
synthetic,structured_low_rank_update,aggregate,N/A,42,88,128,96,16,8,4.0000000000000000e+00,3.0000000000000000e+00,3.0000000000000000e+00,0.0000000000000000e+00,5.7735026918962584e-01,1.8134779127694018e+00,1.8753677572739442e+00,4.1802196349086849e-16,1.1761969034414466e-01,4.1633363423443370e-17,1.4263206066279844e-15,True,Q_left D(kappa) Q_right^T,SP+ (compact QR),1.1761969034414461e-01,-4.1633363423443370e-17,True
synthetic,structured_low_rank_update,aggregate,N/A,42,88,128,96,16,8,4.0000000000000000e+00,5.0000000000000000e+00,5.0000000000000009e+00,1.7763568394002506e-16,4.4721359549995776e-01,2.0347057557670483e+00,2.1238285343947294e+00,4.6264479311715683e-16,1.1761969034414466e-01,4.1633363423443370e-17,1.3482422828569205e-15,True,Q_left D(kappa) Q_right^T,RBLA prefix,8.1432920963321886e-01,6.9670951928907421e-01,True
synthetic,structured_low_rank_update,aggregate,N/A,42,88,128,96,16,8,4.0000000000000000e+00,5.0000000000000000e+00,5.0000000000000009e+00,1.7763568394002506e-16,4.4721359549995776e-01,2.0347057557670483e+00,2.1238285343947294e+00,4.6264479311715683e-16,1.1761969034414466e-01,4.1633363423443370e-17,1.3482422828569205e-15,True,Q_left D(kappa) Q_right^T,SP+ (compact QR),1.1761969034414461e-01,-4.1633363423443370e-17,True
synthetic,structured_low_rank_update,aggregate,N/A,42,88,128,96,16,8,4.0000000000000000e+00,7.5000000000000000e+00,7.4999999999999991e+00,1.1842378929335003e-16,3.6514837167011077e-01,2.2834916341633051e+00,2.3929698739931573e+00,4.9895168786898865e-16,1.1761969034414466e-01,4.1633363423443370e-17,1.7013157862579554e-15,True,Q_left D(kappa) Q_right^T,RBLA prefix,9.4112825952996049e-01,8.2350856918581583e-01,True
synthetic,structured_low_rank_update,aggregate,N/A,42,88,128,96,16,8,4.0000000000000000e+00,7.5000000000000000e+00,7.4999999999999991e+00,1.1842378929335003e-16,3.6514837167011077e-01,2.2834916341633051e+00,2.3929698739931573e+00,4.9895168786898865e-16,1.1761969034414466e-01,4.1633363423443370e-17,1.7013157862579554e-15,True,Q_left D(kappa) Q_right^T,SP+ (compact QR),1.1761969034414461e-01,-4.1633363423443370e-17,True
synthetic,structured_low_rank_update,aggregate,N/A,42,88,128,96,16,8,4.0000000000000000e+00,1.0000000000000000e+01,9.9999999999999982e+00,1.7763568394002506e-16,3.1622776601683800e-01,2.5039979573412237e+00,2.6269697565717882e+00,5.2911623504145878e-16,1.1761969034414466e-01,4.1633363423443370e-17,1.5765401783026162e-15,True,Q_left D(kappa) Q_right^T,RBLA prefix,1.0720609034861324e+00,9.5444121314198771e-01,True
synthetic,structured_low_rank_update,aggregate,N/A,42,88,128,96,16,8,4.0000000000000000e+00,1.0000000000000000e+01,9.9999999999999982e+00,1.7763568394002506e-16,3.1622776601683800e-01,2.5039979573412237e+00,2.6269697565717882e+00,5.2911623504145878e-16,1.1761969034414466e-01,4.1633363423443370e-17,1.5765401783026162e-15,True,Q_left D(kappa) Q_right^T,SP+ (compact QR),1.1761969034414461e-01,-4.1633363423443370e-17,True
synthetic,structured_low_rank_update,aggregate,N/A,42,89,128,96,16,8,4.0000000000000000e+00,1.0000000000000000e+00,1.0000000000000009e+00,8.8817841970012523e-16,9.9999999999999956e-01,1.6457339059369436e+00,1.6457339059369438e+00,3.3089373494898403e-16,1.1761969034414466e-01,4.1633363423443370e-17,1.6892610681905369e-15,True,Q_left D(kappa) Q_right^T,RBLA prefix,6.2244852740684309e-01,5.0482883706269843e-01,True
synthetic,structured_low_rank_update,aggregate,N/A,42,89,128,96,16,8,4.0000000000000000e+00,1.0000000000000000e+00,1.0000000000000009e+00,8.8817841970012523e-16,9.9999999999999956e-01,1.6457339059369436e+00,1.6457339059369438e+00,3.3089373494898403e-16,1.1761969034414466e-01,4.1633363423443370e-17,1.6892610681905369e-15,True,Q_left D(kappa) Q_right^T,SP+ (compact QR),1.1761969034414461e-01,-4.1633363423443370e-17,True
synthetic,structured_low_rank_update,aggregate,N/A,42,89,128,96,16,8,4.0000000000000000e+00,1.5000000000000000e+00,1.4999999999999996e+00,2.9605947323337506e-16,8.1649658092772637e-01,1.6658005373189215e+00,1.6766124244779794e+00,3.2068864141174650e-16,1.1761969034414466e-01,4.1633363423443370e-17,1.3444632124502221e-15,True,Q_left D(kappa) Q_right^T,RBLA prefix,6.2766882552227632e-01,5.1004913517813166e-01,True
synthetic,structured_low_rank_update,aggregate,N/A,42,89,128,96,16,8,4.0000000000000000e+00,1.5000000000000000e+00,1.4999999999999996e+00,2.9605947323337506e-16,8.1649658092772637e-01,1.6658005373189215e+00,1.6766124244779794e+00,3.2068864141174650e-16,1.1761969034414466e-01,4.1633363423443370e-17,1.3444632124502221e-15,True,Q_left D(kappa) Q_right^T,SP+ (compact QR),1.1761969034414461e-01,-4.1633363423443370e-17,True
synthetic,structured_low_rank_update,aggregate,N/A,42,89,128,96,16,8,4.0000000000000000e+00,2.0000000000000000e+00,2.0000000000000009e+00,4.4408920985006262e-16,7.0710678118654746e-01,1.7121151849944187e+00,1.7287406469897153e+00,3.9523575470047875e-16,1.1761969034414466e-01,4.1633363423443370e-17,1.3512282237996105e-15,True,Q_left D(kappa) Q_right^T,RBLA prefix,6.3831712226942772e-01,5.2069743192528306e-01,True
synthetic,structured_low_rank_update,aggregate,N/A,42,89,128,96,16,8,4.0000000000000000e+00,2.0000000000000000e+00,2.0000000000000009e+00,4.4408920985006262e-16,7.0710678118654746e-01,1.7121151849944187e+00,1.7287406469897153e+00,3.9523575470047875e-16,1.1761969034414466e-01,4.1633363423443370e-17,1.3512282237996105e-15,True,Q_left D(kappa) Q_right^T,SP+ (compact QR),1.1761969034414461e-01,-4.1633363423443370e-17,True
synthetic,structured_low_rank_update,aggregate,N/A,42,89,128,96,16,8,4.0000000000000000e+00,3.0000000000000000e+00,2.9999999999999991e+00,2.9605947323337506e-16,5.7735026918962606e-01,1.8249954257314269e+00,1.8447960658135507e+00,4.1517658725581575e-16,1.1761969034414466e-01,4.1633363423443370e-17,1.3710422184276110e-15,True,Q_left D(kappa) Q_right^T,RBLA prefix,6.6600671311657378e-01,5.4838702277242912e-01,True
synthetic,structured_low_rank_update,aggregate,N/A,42,89,128,96,16,8,4.0000000000000000e+00,3.0000000000000000e+00,2.9999999999999991e+00,2.9605947323337506e-16,5.7735026918962606e-01,1.8249954257314269e+00,1.8447960658135507e+00,4.1517658725581575e-16,1.1761969034414466e-01,4.1633363423443370e-17,1.3710422184276110e-15,True,Q_left D(kappa) Q_right^T,SP+ (compact QR),1.1761969034414461e-01,-4.1633363423443370e-17,True
synthetic,structured_low_rank_update,aggregate,N/A,42,89,128,96,16,8,4.0000000000000000e+00,5.0000000000000000e+00,4.9999999999999973e+00,5.3290705182007512e-16,4.4721359549995832e-01,2.0525734035346943e+00,2.0642607946610561e+00,4.0004560945235049e-16,1.1761969034414466e-01,4.1633363423443370e-17,1.7870157051868267e-15,True,Q_left D(kappa) Q_right^T,RBLA prefix,7.3225714283327548e-01,6.1463745248913082e-01,True
synthetic,structured_low_rank_update,aggregate,N/A,42,89,128,96,16,8,4.0000000000000000e+00,5.0000000000000000e+00,4.9999999999999973e+00,5.3290705182007512e-16,4.4721359549995832e-01,2.0525734035346943e+00,2.0642607946610561e+00,4.0004560945235049e-16,1.1761969034414466e-01,4.1633363423443370e-17,1.7870157051868267e-15,True,Q_left D(kappa) Q_right^T,SP+ (compact QR),1.1761969034414461e-01,-4.1633363423443370e-17,True
synthetic,structured_low_rank_update,aggregate,N/A,42,89,128,96,16,8,4.0000000000000000e+00,7.5000000000000000e+00,7.5000000000000009e+00,1.1842378929335003e-16,3.6514837167011083e-01,2.3083054662798728e+00,2.3010688099531955e+00,4.3604223847587105e-16,1.1761969034414466e-01,4.1633363423443370e-17,1.5263883745235529e-15,True,Q_left D(kappa) Q_right^T,RBLA prefix,8.2425714228544877e-01,7.0663745194130412e-01,True
synthetic,structured_low_rank_update,aggregate,N/A,42,89,128,96,16,8,4.0000000000000000e+00,7.5000000000000000e+00,7.5000000000000009e+00,1.1842378929335003e-16,3.6514837167011083e-01,2.3083054662798728e+00,2.3010688099531955e+00,4.3604223847587105e-16,1.1761969034414466e-01,4.1633363423443370e-17,1.5263883745235529e-15,True,Q_left D(kappa) Q_right^T,SP+ (compact QR),1.1761969034414461e-01,-4.1633363423443370e-17,True
synthetic,structured_low_rank_update,aggregate,N/A,42,89,128,96,16,8,4.0000000000000000e+00,1.0000000000000000e+01,1.0000000000000000e+01,0.0000000000000000e+00,3.1622776601683800e-01,2.5349374047462359e+00,2.5062106695838708e+00,4.9738711724384110e-16,1.1761969034414466e-01,4.1633363423443370e-17,1.8304067902571768e-15,True,Q_left D(kappa) Q_right^T,RBLA prefix,9.2115974857114336e-01,8.0354005822699870e-01,True
synthetic,structured_low_rank_update,aggregate,N/A,42,89,128,96,16,8,4.0000000000000000e+00,1.0000000000000000e+01,1.0000000000000000e+01,0.0000000000000000e+00,3.1622776601683800e-01,2.5349374047462359e+00,2.5062106695838708e+00,4.9738711724384110e-16,1.1761969034414466e-01,4.1633363423443370e-17,1.8304067902571768e-15,True,Q_left D(kappa) Q_right^T,SP+ (compact QR),1.1761969034414461e-01,-4.1633363423443370e-17,True
synthetic,structured_low_rank_update,aggregate,N/A,42,90,128,96,16,8,4.0000000000000000e+00,1.0000000000000000e+00,1.0000000000000009e+00,8.8817841970012523e-16,9.9999999999999967e-01,1.6457339059369436e+00,1.6457339059369438e+00,3.3844785737371096e-16,1.1761969034414466e-01,2.7755575615628914e-17,1.1406637665058199e-15,True,Q_left D(kappa) Q_right^T,RBLA prefix,6.6494763247958766e-01,5.4732794213544300e-01,True
synthetic,structured_low_rank_update,aggregate,N/A,42,90,128,96,16,8,4.0000000000000000e+00,1.0000000000000000e+00,1.0000000000000009e+00,8.8817841970012523e-16,9.9999999999999967e-01,1.6457339059369436e+00,1.6457339059369438e+00,3.3844785737371096e-16,1.1761969034414466e-01,2.7755575615628914e-17,1.1406637665058199e-15,True,Q_left D(kappa) Q_right^T,SP+ (compact QR),1.1761969034414463e-01,-2.7755575615628914e-17,True
synthetic,structured_low_rank_update,aggregate,N/A,42,90,128,96,16,8,4.0000000000000000e+00,1.5000000000000000e+00,1.5000000000000002e+00,1.4802973661668753e-16,8.1649658092772615e-01,1.6351455355702615e+00,1.7069942675936389e+00,3.4860026824514656e-16,1.1761969034414466e-01,4.1633363423443370e-17,1.9340648604166622e-15,True,Q_left D(kappa) Q_right^T,RBLA prefix,6.7221342462618716e-01,5.5459373428204251e-01,True
synthetic,structured_low_rank_update,aggregate,N/A,42,90,128,96,16,8,4.0000000000000000e+00,1.5000000000000000e+00,1.5000000000000002e+00,1.4802973661668753e-16,8.1649658092772615e-01,1.6351455355702615e+00,1.7069942675936389e+00,3.4860026824514656e-16,1.1761969034414466e-01,4.1633363423443370e-17,1.9340648604166622e-15,True,Q_left D(kappa) Q_right^T,SP+ (compact QR),1.1761969034414461e-01,-4.1633363423443370e-17,True
synthetic,structured_low_rank_update,aggregate,N/A,42,90,128,96,16,8,4.0000000000000000e+00,2.0000000000000000e+00,2.0000000000000000e+00,0.0000000000000000e+00,7.0710678118654757e-01,1.6577142931416098e+00,1.7823196179856002e+00,3.2658754884503530e-16,1.1761969034414466e-01,4.1633363423443370e-17,1.9590061815779144e-15,True,Q_left D(kappa) Q_right^T,RBLA prefix,6.8713892310036151e-01,5.6951923275621685e-01,True
synthetic,structured_low_rank_update,aggregate,N/A,42,90,128,96,16,8,4.0000000000000000e+00,2.0000000000000000e+00,2.0000000000000000e+00,0.0000000000000000e+00,7.0710678118654757e-01,1.6577142931416098e+00,1.7823196179856002e+00,3.2658754884503530e-16,1.1761969034414466e-01,4.1633363423443370e-17,1.9590061815779144e-15,True,Q_left D(kappa) Q_right^T,SP+ (compact QR),1.1761969034414461e-01,-4.1633363423443370e-17,True
synthetic,structured_low_rank_update,aggregate,N/A,42,90,128,96,16,8,4.0000000000000000e+00,3.0000000000000000e+00,3.0000000000000031e+00,1.0362081563168128e-15,5.7735026918962551e-01,1.7317381615393812e+00,1.9358728477877243e+00,3.3212095059936935e-16,1.1761969034414466e-01,4.1633363423443370e-17,1.5068820419548210e-15,True,Q_left D(kappa) Q_right^T,RBLA prefix,7.2645072208850037e-01,6.0883103174435571e-01,True
synthetic,structured_low_rank_update,aggregate,N/A,42,90,128,96,16,8,4.0000000000000000e+00,3.0000000000000000e+00,3.0000000000000031e+00,1.0362081563168128e-15,5.7735026918962551e-01,1.7317381615393812e+00,1.9358728477877243e+00,3.3212095059936935e-16,1.1761969034414466e-01,4.1633363423443370e-17,1.5068820419548210e-15,True,Q_left D(kappa) Q_right^T,SP+ (compact QR),1.1761969034414461e-01,-4.1633363423443370e-17,True
synthetic,structured_low_rank_update,aggregate,N/A,42,90,128,96,16,8,4.0000000000000000e+00,5.0000000000000000e+00,5.0000000000000027e+00,5.3290705182007512e-16,4.4721359549995782e-01,1.8967183970393786e+00,2.2151026049864546e+00,3.7895612138978005e-16,1.1761969034414466e-01,2.7755575615628914e-17,1.0540806027346822e-15,True,Q_left D(kappa) Q_right^T,RBLA prefix,8.2215255568790790e-01,7.0453286534376325e-01,True
synthetic,structured_low_rank_update,aggregate,N/A,42,90,128,96,16,8,4.0000000000000000e+00,5.0000000000000000e+00,5.0000000000000027e+00,5.3290705182007512e-16,4.4721359549995782e-01,1.8967183970393786e+00,2.2151026049864546e+00,3.7895612138978005e-16,1.1761969034414466e-01,2.7755575615628914e-17,1.0540806027346822e-15,True,Q_left D(kappa) Q_right^T,SP+ (compact QR),1.1761969034414463e-01,-2.7755575615628914e-17,True
synthetic,structured_low_rank_update,aggregate,N/A,42,90,128,96,16,8,4.0000000000000000e+00,7.5000000000000000e+00,7.5000000000000062e+00,8.2896652505345023e-16,3.6514837167011066e-01,2.0877926990950288e+00,2.5134091744089178e+00,4.2346472568994013e-16,1.1761969034414466e-01,4.1633363423443370e-17,1.0963165970438617e-15,True,Q_left D(kappa) Q_right^T,RBLA prefix,9.5655072378491501e-01,8.3893103344077036e-01,True
synthetic,structured_low_rank_update,aggregate,N/A,42,90,128,96,16,8,4.0000000000000000e+00,7.5000000000000000e+00,7.5000000000000062e+00,8.2896652505345023e-16,3.6514837167011066e-01,2.0877926990950288e+00,2.5134091744089178e+00,4.2346472568994013e-16,1.1761969034414466e-01,4.1633363423443370e-17,1.0963165970438617e-15,True,Q_left D(kappa) Q_right^T,SP+ (compact QR),1.1761969034414461e-01,-4.1633363423443370e-17,True
synthetic,structured_low_rank_update,aggregate,N/A,42,90,128,96,16,8,4.0000000000000000e+00,1.0000000000000000e+01,9.9999999999999982e+00,1.7763568394002506e-16,3.1622776601683800e-01,2.2583635961749380e+00,2.7719589022550886e+00,5.0523105563007606e-16,1.1761969034414466e-01,4.1633363423443370e-17,1.3135873034274127e-15,True,Q_left D(kappa) Q_right^T,RBLA prefix,1.0985848794062927e+00,9.8096518906214802e-01,True
synthetic,structured_low_rank_update,aggregate,N/A,42,90,128,96,16,8,4.0000000000000000e+00,1.0000000000000000e+01,9.9999999999999982e+00,1.7763568394002506e-16,3.1622776601683800e-01,2.2583635961749380e+00,2.7719589022550886e+00,5.0523105563007606e-16,1.1761969034414466e-01,4.1633363423443370e-17,1.3135873034274127e-15,True,Q_left D(kappa) Q_right^T,SP+ (compact QR),1.1761969034414461e-01,-4.1633363423443370e-17,True
synthetic,structured_low_rank_update,aggregate,N/A,42,91,128,96,16,8,4.0000000000000000e+00,1.0000000000000000e+00,1.0000000000000009e+00,8.8817841970012523e-16,9.9999999999999967e-01,1.6457339059369438e+00,1.6457339059369436e+00,3.1581856387456354e-16,1.1761969034414466e-01,2.7755575615628914e-17,1.3811342098456563e-15,True,Q_left D(kappa) Q_right^T,RBLA prefix,5.0220727392585718e-01,3.8458758358171252e-01,True
synthetic,structured_low_rank_update,aggregate,N/A,42,91,128,96,16,8,4.0000000000000000e+00,1.0000000000000000e+00,1.0000000000000009e+00,8.8817841970012523e-16,9.9999999999999967e-01,1.6457339059369438e+00,1.6457339059369436e+00,3.1581856387456354e-16,1.1761969034414466e-01,2.7755575615628914e-17,1.3811342098456563e-15,True,Q_left D(kappa) Q_right^T,SP+ (compact QR),1.1761969034414463e-01,-2.7755575615628914e-17,True
synthetic,structured_low_rank_update,aggregate,N/A,42,91,128,96,16,8,4.0000000000000000e+00,1.5000000000000000e+00,1.5000000000000000e+00,0.0000000000000000e+00,8.1649658092772626e-01,1.6935466247852562e+00,1.6515410209005317e+00,3.4614830849217804e-16,1.1761969034414466e-01,4.1633363423443370e-17,1.2313993254343079e-15,True,Q_left D(kappa) Q_right^T,RBLA prefix,5.0558342609849727e-01,3.8796373575435261e-01,True
synthetic,structured_low_rank_update,aggregate,N/A,42,91,128,96,16,8,4.0000000000000000e+00,1.5000000000000000e+00,1.5000000000000000e+00,0.0000000000000000e+00,8.1649658092772626e-01,1.6935466247852562e+00,1.6515410209005317e+00,3.4614830849217804e-16,1.1761969034414466e-01,4.1633363423443370e-17,1.2313993254343079e-15,True,Q_left D(kappa) Q_right^T,SP+ (compact QR),1.1761969034414461e-01,-4.1633363423443370e-17,True
synthetic,structured_low_rank_update,aggregate,N/A,42,91,128,96,16,8,4.0000000000000000e+00,2.0000000000000000e+00,1.9999999999999993e+00,3.3306690738754696e-16,7.0710678118654768e-01,1.7600018864191342e+00,1.6885366889647215e+00,3.3661244438654381e-16,1.1761969034414466e-01,4.1633363423443370e-17,1.2552723042608499e-15,True,Q_left D(kappa) Q_right^T,RBLA prefix,5.1269196440613962e-01,3.9507227406199497e-01,True
synthetic,structured_low_rank_update,aggregate,N/A,42,91,128,96,16,8,4.0000000000000000e+00,2.0000000000000000e+00,1.9999999999999993e+00,3.3306690738754696e-16,7.0710678118654768e-01,1.7600018864191342e+00,1.6885366889647215e+00,3.3661244438654381e-16,1.1761969034414466e-01,4.1633363423443370e-17,1.2552723042608499e-15,True,Q_left D(kappa) Q_right^T,SP+ (compact QR),1.1761969034414461e-01,-4.1633363423443370e-17,True
synthetic,structured_low_rank_update,aggregate,N/A,42,91,128,96,16,8,4.0000000000000000e+00,3.0000000000000000e+00,3.0000000000000000e+00,0.0000000000000000e+00,5.7735026918962595e-01,1.9003304241193308e+00,1.7880633870354092e+00,3.4767719253543501e-16,1.1761969034414466e-01,2.7755575615628914e-17,1.3540352360739159e-15,True,Q_left D(kappa) Q_right^T,RBLA prefix,5.3230848984461643e-01,4.1468879950047177e-01,True
synthetic,structured_low_rank_update,aggregate,N/A,42,91,128,96,16,8,4.0000000000000000e+00,3.0000000000000000e+00,3.0000000000000000e+00,0.0000000000000000e+00,5.7735026918962595e-01,1.9003304241193308e+00,1.7880633870354092e+00,3.4767719253543501e-16,1.1761969034414466e-01,2.7755575615628914e-17,1.3540352360739159e-15,True,Q_left D(kappa) Q_right^T,SP+ (compact QR),1.1761969034414463e-01,-2.7755575615628914e-17,True
synthetic,structured_low_rank_update,aggregate,N/A,42,91,128,96,16,8,4.0000000000000000e+00,5.0000000000000000e+00,5.0000000000000009e+00,1.7763568394002506e-16,4.4721359549995787e-01,2.1586101744133988e+00,1.9958086571593288e+00,3.7741819931258208e-16,1.1761969034414466e-01,4.1633363423443370e-17,1.4554572366825862e-15,True,Q_left D(kappa) Q_right^T,RBLA prefix,5.8362063690478216e-01,4.6600094656063751e-01,True
synthetic,structured_low_rank_update,aggregate,N/A,42,91,128,96,16,8,4.0000000000000000e+00,5.0000000000000000e+00,5.0000000000000009e+00,1.7763568394002506e-16,4.4721359549995787e-01,2.1586101744133988e+00,1.9958086571593288e+00,3.7741819931258208e-16,1.1761969034414466e-01,4.1633363423443370e-17,1.4554572366825862e-15,True,Q_left D(kappa) Q_right^T,SP+ (compact QR),1.1761969034414461e-01,-4.1633363423443370e-17,True
synthetic,structured_low_rank_update,aggregate,N/A,42,91,128,96,16,8,4.0000000000000000e+00,7.5000000000000000e+00,7.4999999999999982e+00,2.3684757858670006e-16,3.6514837167011099e-01,2.4341887830528184e+00,2.2310838841620271e+00,4.0777699291071613e-16,1.1761969034414466e-01,4.1633363423443370e-17,1.9829909041637397e-15,True,Q_left D(kappa) Q_right^T,RBLA prefix,6.6042699681492556e-01,5.4280730647078090e-01,True
synthetic,structured_low_rank_update,aggregate,N/A,42,91,128,96,16,8,4.0000000000000000e+00,7.5000000000000000e+00,7.4999999999999982e+00,2.3684757858670006e-16,3.6514837167011099e-01,2.4341887830528184e+00,2.2310838841620271e+00,4.0777699291071613e-16,1.1761969034414466e-01,4.1633363423443370e-17,1.9829909041637397e-15,True,Q_left D(kappa) Q_right^T,SP+ (compact QR),1.1761969034414461e-01,-4.1633363423443370e-17,True
synthetic,structured_low_rank_update,aggregate,N/A,42,91,128,96,16,8,4.0000000000000000e+00,1.0000000000000000e+01,1.0000000000000007e+01,7.1054273576010023e-16,3.1622776601683772e-01,2.6719815295343237e+00,2.4395511342066083e+00,4.5976753819962232e-16,1.1761969034414466e-01,4.1633363423443370e-17,1.4085099082501183e-15,True,Q_left D(kappa) Q_right^T,RBLA prefix,7.4470240705068746e-01,6.2708271670654281e-01,True
synthetic,structured_low_rank_update,aggregate,N/A,42,91,128,96,16,8,4.0000000000000000e+00,1.0000000000000000e+01,1.0000000000000007e+01,7.1054273576010023e-16,3.1622776601683772e-01,2.6719815295343237e+00,2.4395511342066083e+00,4.5976753819962232e-16,1.1761969034414466e-01,4.1633363423443370e-17,1.4085099082501183e-15,True,Q_left D(kappa) Q_right^T,SP+ (compact QR),1.1761969034414461e-01,-4.1633363423443370e-17,True
synthetic,structured_low_rank_update,aggregate,N/A,42,92,128,96,16,8,4.0000000000000000e+00,1.0000000000000000e+00,1.0000000000000007e+00,6.6613381477509392e-16,9.9999999999999989e-01,1.6457339059369438e+00,1.6457339059369436e+00,3.7587596379732854e-16,1.1761969034414466e-01,2.7755575615628914e-17,1.8973325550934243e-15,True,Q_left D(kappa) Q_right^T,RBLA prefix,6.6327053775202394e-01,5.4565084740787928e-01,True
synthetic,structured_low_rank_update,aggregate,N/A,42,92,128,96,16,8,4.0000000000000000e+00,1.0000000000000000e+00,1.0000000000000007e+00,6.6613381477509392e-16,9.9999999999999989e-01,1.6457339059369438e+00,1.6457339059369436e+00,3.7587596379732854e-16,1.1761969034414466e-01,2.7755575615628914e-17,1.8973325550934243e-15,True,Q_left D(kappa) Q_right^T,SP+ (compact QR),1.1761969034414463e-01,-2.7755575615628914e-17,True
synthetic,structured_low_rank_update,aggregate,N/A,42,92,128,96,16,8,4.0000000000000000e+00,1.5000000000000000e+00,1.5000000000000000e+00,0.0000000000000000e+00,8.1649658092772626e-01,1.6416954064028710e+00,1.6972248980250211e+00,3.3537920097182170e-16,1.1761969034414466e-01,4.1633363423443370e-17,2.1309832246534301e-15,True,Q_left D(kappa) Q_right^T,RBLA prefix,6.6838453136292708e-01,5.5076484101878243e-01,True
synthetic,structured_low_rank_update,aggregate,N/A,42,92,128,96,16,8,4.0000000000000000e+00,1.5000000000000000e+00,1.5000000000000000e+00,0.0000000000000000e+00,8.1649658092772626e-01,1.6416954064028710e+00,1.6972248980250211e+00,3.3537920097182170e-16,1.1761969034414466e-01,4.1633363423443370e-17,2.1309832246534301e-15,True,Q_left D(kappa) Q_right^T,SP+ (compact QR),1.1761969034414461e-01,-4.1633363423443370e-17,True
synthetic,structured_low_rank_update,aggregate,N/A,42,92,128,96,16,8,4.0000000000000000e+00,2.0000000000000000e+00,1.9999999999999993e+00,3.3306690738754696e-16,7.0710678118654768e-01,1.6675881134039061e+00,1.7629545937077928e+00,3.3745148065535652e-16,1.1761969034414466e-01,2.7755575615628914e-17,1.2392771712294880e-15,True,Q_left D(kappa) Q_right^T,RBLA prefix,6.7863880433042079e-01,5.6101911398627613e-01,True
synthetic,structured_low_rank_update,aggregate,N/A,42,92,128,96,16,8,4.0000000000000000e+00,2.0000000000000000e+00,1.9999999999999993e+00,3.3306690738754696e-16,7.0710678118654768e-01,1.6675881134039061e+00,1.7629545937077928e+00,3.3745148065535652e-16,1.1761969034414466e-01,2.7755575615628914e-17,1.2392771712294880e-15,True,Q_left D(kappa) Q_right^T,SP+ (compact QR),1.1761969034414463e-01,-2.7755575615628914e-17,True
synthetic,structured_low_rank_update,aggregate,N/A,42,92,128,96,16,8,4.0000000000000000e+00,3.0000000000000000e+00,2.9999999999999996e+00,1.4802973661668753e-16,5.7735026918962584e-01,1.7452094787584842e+00,1.8980523158586446e+00,3.6892602667876393e-16,1.1761969034414466e-01,2.7755575615628914e-17,1.6172192491089532e-15,True,Q_left D(kappa) Q_right^T,RBLA prefix,7.0441609562725016e-01,5.8679640528310550e-01,True
synthetic,structured_low_rank_update,aggregate,N/A,42,92,128,96,16,8,4.0000000000000000e+00,3.0000000000000000e+00,2.9999999999999996e+00,1.4802973661668753e-16,5.7735026918962584e-01,1.7452094787584842e+00,1.8980523158586446e+00,3.6892602667876393e-16,1.1761969034414466e-01,2.7755575615628914e-17,1.6172192491089532e-15,True,Q_left D(kappa) Q_right^T,SP+ (compact QR),1.1761969034414463e-01,-2.7755575615628914e-17,True
synthetic,structured_low_rank_update,aggregate,N/A,42,92,128,96,16,8,4.0000000000000000e+00,5.0000000000000000e+00,4.9999999999999973e+00,5.3290705182007512e-16,4.4721359549995809e-01,1.9141117491619650e+00,2.1431662181366220e+00,3.7280793199007776e-16,1.1761969034414466e-01,2.7755575615628914e-17,1.9361335178916599e-15,True,Q_left D(kappa) Q_right^T,RBLA prefix,7.6274002397151552e-01,6.4512033362737087e-01,True
synthetic,structured_low_rank_update,aggregate,N/A,42,92,128,96,16,8,4.0000000000000000e+00,5.0000000000000000e+00,4.9999999999999973e+00,5.3290705182007512e-16,4.4721359549995809e-01,1.9141117491619650e+00,2.1431662181366220e+00,3.7280793199007776e-16,1.1761969034414466e-01,2.7755575615628914e-17,1.9361335178916599e-15,True,Q_left D(kappa) Q_right^T,SP+ (compact QR),1.1761969034414463e-01,-2.7755575615628914e-17,True
synthetic,structured_low_rank_update,aggregate,N/A,42,92,128,96,16,8,4.0000000000000000e+00,7.5000000000000000e+00,7.4999999999999991e+00,1.1842378929335003e-16,3.6514837167011077e-01,2.1086616186017366e+00,2.4028365613832987e+00,4.2201622150491906e-16,1.1761969034414466e-01,2.7755575615628914e-17,1.8602054071559722e-15,True,Q_left D(kappa) Q_right^T,RBLA prefix,8.3950575637301950e-01,7.2188606602887484e-01,True
synthetic,structured_low_rank_update,aggregate,N/A,42,92,128,96,16,8,4.0000000000000000e+00,7.5000000000000000e+00,7.4999999999999991e+00,1.1842378929335003e-16,3.6514837167011077e-01,2.1086616186017366e+00,2.4028365613832987e+00,4.2201622150491906e-16,1.1761969034414466e-01,2.7755575615628914e-17,1.8602054071559722e-15,True,Q_left D(kappa) Q_right^T,SP+ (compact QR),1.1761969034414463e-01,-2.7755575615628914e-17,True
synthetic,structured_low_rank_update,aggregate,N/A,42,92,128,96,16,8,4.0000000000000000e+00,1.0000000000000000e+01,1.0000000000000000e+01,0.0000000000000000e+00,3.1622776601683789e-01,2.2822126764504347e+00,2.6259396715818464e+00,4.3696563936300544e-16,1.1761969034414466e-01,2.7755575615628914e-17,1.1691765250719100e-15,True,Q_left D(kappa) Q_right^T,RBLA prefix,9.1764903815698151e-01,8.0002934781283686e-01,True
synthetic,structured_low_rank_update,aggregate,N/A,42,92,128,96,16,8,4.0000000000000000e+00,1.0000000000000000e+01,1.0000000000000000e+01,0.0000000000000000e+00,3.1622776601683789e-01,2.2822126764504347e+00,2.6259396715818464e+00,4.3696563936300544e-16,1.1761969034414466e-01,2.7755575615628914e-17,1.1691765250719100e-15,True,Q_left D(kappa) Q_right^T,SP+ (compact QR),1.1761969034414463e-01,-2.7755575615628914e-17,True
synthetic,structured_low_rank_update,aggregate,N/A,42,93,128,96,16,8,4.0000000000000000e+00,1.0000000000000000e+00,1.0000000000000009e+00,8.8817841970012523e-16,9.9999999999999989e-01,1.6457339059369438e+00,1.6457339059369436e+00,3.6856809695166134e-16,1.1761969034414466e-01,4.1633363423443370e-17,1.9039560777482808e-15,True,Q_left D(kappa) Q_right^T,RBLA prefix,6.2449359529387516e-01,5.0687390494973050e-01,True
synthetic,structured_low_rank_update,aggregate,N/A,42,93,128,96,16,8,4.0000000000000000e+00,1.0000000000000000e+00,1.0000000000000009e+00,8.8817841970012523e-16,9.9999999999999989e-01,1.6457339059369438e+00,1.6457339059369436e+00,3.6856809695166134e-16,1.1761969034414466e-01,4.1633363423443370e-17,1.9039560777482808e-15,True,Q_left D(kappa) Q_right^T,SP+ (compact QR),1.1761969034414461e-01,-4.1633363423443370e-17,True
synthetic,structured_low_rank_update,aggregate,N/A,42,93,128,96,16,8,4.0000000000000000e+00,1.5000000000000000e+00,1.4999999999999996e+00,2.9605947323337506e-16,8.1649658092772637e-01,1.6760455829851193e+00,1.6599866710381885e+00,3.5569494587517098e-16,1.1761969034414466e-01,4.1633363423443370e-17,1.2885231299382323e-15,True,Q_left D(kappa) Q_right^T,RBLA prefix,6.2806954513040236e-01,5.1044985478625771e-01,True
synthetic,structured_low_rank_update,aggregate,N/A,42,93,128,96,16,8,4.0000000000000000e+00,1.5000000000000000e+00,1.4999999999999996e+00,2.9605947323337506e-16,8.1649658092772637e-01,1.6760455829851193e+00,1.6599866710381885e+00,3.5569494587517098e-16,1.1761969034414466e-01,4.1633363423443370e-17,1.2885231299382323e-15,True,Q_left D(kappa) Q_right^T,SP+ (compact QR),1.1761969034414461e-01,-4.1633363423443370e-17,True
synthetic,structured_low_rank_update,aggregate,N/A,42,93,128,96,16,8,4.0000000000000000e+00,2.0000000000000000e+00,1.9999999999999993e+00,3.3306690738754696e-16,7.0710678118654779e-01,1.7241354622083158e+00,1.6981254622353523e+00,3.4733468773621420e-16,1.1761969034414466e-01,4.1633363423443370e-17,1.3889111699191835e-15,True,Q_left D(kappa) Q_right^T,RBLA prefix,6.3540717800925917e-01,5.1778748766511451e-01,True
synthetic,structured_low_rank_update,aggregate,N/A,42,93,128,96,16,8,4.0000000000000000e+00,2.0000000000000000e+00,1.9999999999999993e+00,3.3306690738754696e-16,7.0710678118654779e-01,1.7241354622083158e+00,1.6981254622353523e+00,3.4733468773621420e-16,1.1761969034414466e-01,4.1633363423443370e-17,1.3889111699191835e-15,True,Q_left D(kappa) Q_right^T,SP+ (compact QR),1.1761969034414461e-01,-4.1633363423443370e-17,True
synthetic,structured_low_rank_update,aggregate,N/A,42,93,128,96,16,8,4.0000000000000000e+00,3.0000000000000000e+00,2.9999999999999991e+00,2.9605947323337506e-16,5.7735026918962606e-01,1.8296967170548022e+00,1.7936259935095897e+00,3.4595491335408859e-16,1.1761969034414466e-01,2.7755575615628914e-17,2.3076231375790569e-15,True,Q_left D(kappa) Q_right^T,RBLA prefix,6.5476839377960649e-01,5.3714870343546184e-01,True
synthetic,structured_low_rank_update,aggregate,N/A,42,93,128,96,16,8,4.0000000000000000e+00,3.0000000000000000e+00,2.9999999999999991e+00,2.9605947323337506e-16,5.7735026918962606e-01,1.8296967170548022e+00,1.7936259935095897e+00,3.4595491335408859e-16,1.1761969034414466e-01,2.7755575615628914e-17,2.3076231375790569e-15,True,Q_left D(kappa) Q_right^T,SP+ (compact QR),1.1761969034414463e-01,-2.7755575615628914e-17,True
synthetic,structured_low_rank_update,aggregate,N/A,42,93,128,96,16,8,4.0000000000000000e+00,5.0000000000000000e+00,5.0000000000000000e+00,0.0000000000000000e+00,4.4721359549995798e-01,2.0282997046494975e+00,1.9893947812787720e+00,3.8185260321645147e-16,1.1761969034414466e-01,4.1633363423443370e-17,2.7055055668141561e-15,True,Q_left D(kappa) Q_right^T,RBLA prefix,7.0267843726916046e-01,5.8505874692501580e-01,True
synthetic,structured_low_rank_update,aggregate,N/A,42,93,128,96,16,8,4.0000000000000000e+00,5.0000000000000000e+00,5.0000000000000000e+00,0.0000000000000000e+00,4.4721359549995798e-01,2.0282997046494975e+00,1.9893947812787720e+00,3.8185260321645147e-16,1.1761969034414466e-01,4.1633363423443370e-17,2.7055055668141561e-15,True,Q_left D(kappa) Q_right^T,SP+ (compact QR),1.1761969034414461e-01,-4.1633363423443370e-17,True
synthetic,structured_low_rank_update,aggregate,N/A,42,93,128,96,16,8,4.0000000000000000e+00,7.5000000000000000e+00,7.4999999999999973e+00,3.5527136788005011e-16,3.6514837167011088e-01,2.2424581081557973e+00,2.2117881957692593e+00,4.1356546446000041e-16,1.1761969034414466e-01,4.1633363423443370e-17,1.4418057139687097e-15,True,Q_left D(kappa) Q_right^T,RBLA prefix,7.7237852883794289e-01,6.5475883849379823e-01,True
synthetic,structured_low_rank_update,aggregate,N/A,42,93,128,96,16,8,4.0000000000000000e+00,7.5000000000000000e+00,7.4999999999999973e+00,3.5527136788005011e-16,3.6514837167011088e-01,2.2424581081557973e+00,2.2117881957692593e+00,4.1356546446000041e-16,1.1761969034414466e-01,4.1633363423443370e-17,1.4418057139687097e-15,True,Q_left D(kappa) Q_right^T,SP+ (compact QR),1.1761969034414461e-01,-4.1633363423443370e-17,True
synthetic,structured_low_rank_update,aggregate,N/A,42,93,128,96,16,8,4.0000000000000000e+00,1.0000000000000000e+01,1.0000000000000002e+01,1.7763568394002506e-16,3.1622776601683789e-01,2.4280537410144767e+00,2.4101961364985827e+00,4.2604558058354122e-16,1.1761969034414466e-01,4.1633363423443370e-17,1.6784631161321113e-15,True,Q_left D(kappa) Q_right^T,RBLA prefix,8.4887964543295646e-01,7.3125995508881181e-01,True
synthetic,structured_low_rank_update,aggregate,N/A,42,93,128,96,16,8,4.0000000000000000e+00,1.0000000000000000e+01,1.0000000000000002e+01,1.7763568394002506e-16,3.1622776601683789e-01,2.4280537410144767e+00,2.4101961364985827e+00,4.2604558058354122e-16,1.1761969034414466e-01,4.1633363423443370e-17,1.6784631161321113e-15,True,Q_left D(kappa) Q_right^T,SP+ (compact QR),1.1761969034414461e-01,-4.1633363423443370e-17,True
synthetic,structured_low_rank_update,aggregate,N/A,42,94,128,96,16,8,4.0000000000000000e+00,1.0000000000000000e+00,1.0000000000000011e+00,1.1102230246251565e-15,9.9999999999999944e-01,1.6457339059369436e+00,1.6457339059369440e+00,3.4421656654468932e-16,1.1761969034414466e-01,4.1633363423443370e-17,1.2927019150360870e-15,True,Q_left D(kappa) Q_right^T,RBLA prefix,6.5733612896750138e-01,5.3971643862335672e-01,True
synthetic,structured_low_rank_update,aggregate,N/A,42,94,128,96,16,8,4.0000000000000000e+00,1.0000000000000000e+00,1.0000000000000011e+00,1.1102230246251565e-15,9.9999999999999944e-01,1.6457339059369436e+00,1.6457339059369440e+00,3.4421656654468932e-16,1.1761969034414466e-01,4.1633363423443370e-17,1.2927019150360870e-15,True,Q_left D(kappa) Q_right^T,SP+ (compact QR),1.1761969034414461e-01,-4.1633363423443370e-17,True
synthetic,structured_low_rank_update,aggregate,N/A,42,94,128,96,16,8,4.0000000000000000e+00,1.5000000000000000e+00,1.4999999999999993e+00,4.4408920985006262e-16,8.1649658092772615e-01,1.6825323606390450e+00,1.6549341087678973e+00,3.4782024206727657e-16,1.1761969034414466e-01,4.1633363423443370e-17,1.5069168989365423e-15,True,Q_left D(kappa) Q_right^T,RBLA prefix,6.6356517102160584e-01,5.4594548067746118e-01,True
synthetic,structured_low_rank_update,aggregate,N/A,42,94,128,96,16,8,4.0000000000000000e+00,1.5000000000000000e+00,1.4999999999999993e+00,4.4408920985006262e-16,8.1649658092772615e-01,1.6825323606390450e+00,1.6549341087678973e+00,3.4782024206727657e-16,1.1761969034414466e-01,4.1633363423443370e-17,1.5069168989365423e-15,True,Q_left D(kappa) Q_right^T,SP+ (compact QR),1.1761969034414461e-01,-4.1633363423443370e-17,True
synthetic,structured_low_rank_update,aggregate,N/A,42,94,128,96,16,8,4.0000000000000000e+00,2.0000000000000000e+00,1.9999999999999998e+00,1.1102230246251565e-16,7.0710678118654746e-01,1.7366121140739552e+00,1.6896816328996034e+00,4.1975947911690176e-16,1.1761969034414466e-01,4.1633363423443370e-17,1.6734680898931225e-15,True,Q_left D(kappa) Q_right^T,RBLA prefix,6.7599123797696092e-01,5.5837154763281627e-01,True
synthetic,structured_low_rank_update,aggregate,N/A,42,94,128,96,16,8,4.0000000000000000e+00,2.0000000000000000e+00,1.9999999999999998e+00,1.1102230246251565e-16,7.0710678118654746e-01,1.7366121140739552e+00,1.6896816328996034e+00,4.1975947911690176e-16,1.1761969034414466e-01,4.1633363423443370e-17,1.6734680898931225e-15,True,Q_left D(kappa) Q_right^T,SP+ (compact QR),1.1761969034414461e-01,-4.1633363423443370e-17,True
synthetic,structured_low_rank_update,aggregate,N/A,42,94,128,96,16,8,4.0000000000000000e+00,3.0000000000000000e+00,3.0000000000000000e+00,0.0000000000000000e+00,5.7735026918962584e-01,1.8530885494568787e+00,1.7794932380561241e+00,3.7779589855146846e-16,1.1761969034414466e-01,2.7755575615628914e-17,1.9290423561085873e-15,True,Q_left D(kappa) Q_right^T,RBLA prefix,7.0688778351369852e-01,5.8926809316955386e-01,True
synthetic,structured_low_rank_update,aggregate,N/A,42,94,128,96,16,8,4.0000000000000000e+00,3.0000000000000000e+00,3.0000000000000000e+00,0.0000000000000000e+00,5.7735026918962584e-01,1.8530885494568787e+00,1.7794932380561241e+00,3.7779589855146846e-16,1.1761969034414466e-01,2.7755575615628914e-17,1.9290423561085873e-15,True,Q_left D(kappa) Q_right^T,SP+ (compact QR),1.1761969034414463e-01,-2.7755575615628914e-17,True
synthetic,structured_low_rank_update,aggregate,N/A,42,94,128,96,16,8,4.0000000000000000e+00,5.0000000000000000e+00,4.9999999999999982e+00,3.5527136788005011e-16,4.4721359549995804e-01,2.0702371441151426e+00,1.9640648412495567e+00,4.1517825125387335e-16,1.1761969034414466e-01,4.1633363423443370e-17,1.6602024967369425e-15,True,Q_left D(kappa) Q_right^T,RBLA prefix,7.7533622244277112e-01,6.5771653209862646e-01,True
synthetic,structured_low_rank_update,aggregate,N/A,42,94,128,96,16,8,4.0000000000000000e+00,5.0000000000000000e+00,4.9999999999999982e+00,3.5527136788005011e-16,4.4721359549995804e-01,2.0702371441151426e+00,1.9640648412495567e+00,4.1517825125387335e-16,1.1761969034414466e-01,4.1633363423443370e-17,1.6602024967369425e-15,True,Q_left D(kappa) Q_right^T,SP+ (compact QR),1.1761969034414461e-01,-4.1633363423443370e-17,True
synthetic,structured_low_rank_update,aggregate,N/A,42,94,128,96,16,8,4.0000000000000000e+00,7.5000000000000000e+00,7.4999999999999956e+00,5.9211894646675012e-16,3.6514837167011083e-01,2.3034231521447484e+00,2.1719299835735257e+00,4.0880098285494158e-16,1.1761969034414466e-01,4.1633363423443370e-17,1.4033153688429903e-15,True,Q_left D(kappa) Q_right^T,RBLA prefix,8.6315028417508255e-01,7.4553059383093789e-01,True
synthetic,structured_low_rank_update,aggregate,N/A,42,94,128,96,16,8,4.0000000000000000e+00,7.5000000000000000e+00,7.4999999999999956e+00,5.9211894646675012e-16,3.6514837167011083e-01,2.3034231521447484e+00,2.1719299835735257e+00,4.0880098285494158e-16,1.1761969034414466e-01,4.1633363423443370e-17,1.4033153688429903e-15,True,Q_left D(kappa) Q_right^T,SP+ (compact QR),1.1761969034414461e-01,-4.1633363423443370e-17,True
synthetic,structured_low_rank_update,aggregate,N/A,42,94,128,96,16,8,4.0000000000000000e+00,1.0000000000000000e+01,1.0000000000000004e+01,3.5527136788005011e-16,3.1622776601683777e-01,2.5050914216738263e+00,2.3556861992130065e+00,4.5261654320541182e-16,1.1761969034414466e-01,4.1633363423443370e-17,1.3522557822838570e-15,True,Q_left D(kappa) Q_right^T,RBLA prefix,9.5064478289554399e-01,8.3302509255139934e-01,True
synthetic,structured_low_rank_update,aggregate,N/A,42,94,128,96,16,8,4.0000000000000000e+00,1.0000000000000000e+01,1.0000000000000004e+01,3.5527136788005011e-16,3.1622776601683777e-01,2.5050914216738263e+00,2.3556861992130065e+00,4.5261654320541182e-16,1.1761969034414466e-01,4.1633363423443370e-17,1.3522557822838570e-15,True,Q_left D(kappa) Q_right^T,SP+ (compact QR),1.1761969034414461e-01,-4.1633363423443370e-17,True
synthetic,structured_low_rank_update,aggregate,N/A,42,95,128,96,16,8,4.0000000000000000e+00,1.0000000000000000e+00,1.0000000000000011e+00,1.1102230246251565e-15,9.9999999999999956e-01,1.6457339059369438e+00,1.6457339059369436e+00,3.3498717247565808e-16,1.1761969034414466e-01,4.1633363423443370e-17,1.3289797841209171e-15,True,Q_left D(kappa) Q_right^T,RBLA prefix,6.7722243125455373e-01,5.5960274091040907e-01,True
synthetic,structured_low_rank_update,aggregate,N/A,42,95,128,96,16,8,4.0000000000000000e+00,1.0000000000000000e+00,1.0000000000000011e+00,1.1102230246251565e-15,9.9999999999999956e-01,1.6457339059369438e+00,1.6457339059369436e+00,3.3498717247565808e-16,1.1761969034414466e-01,4.1633363423443370e-17,1.3289797841209171e-15,True,Q_left D(kappa) Q_right^T,SP+ (compact QR),1.1761969034414461e-01,-4.1633363423443370e-17,True
synthetic,structured_low_rank_update,aggregate,N/A,42,95,128,96,16,8,4.0000000000000000e+00,1.5000000000000000e+00,1.4999999999999996e+00,2.9605947323337506e-16,8.1649658092772626e-01,1.6706361707435888e+00,1.6752290334123690e+00,3.6721065384585157e-16,1.1761969034414466e-01,2.7755575615628914e-17,1.4560849680924007e-15,True,Q_left D(kappa) Q_right^T,RBLA prefix,6.8392992436860134e-01,5.6631023402445668e-01,True
synthetic,structured_low_rank_update,aggregate,N/A,42,95,128,96,16,8,4.0000000000000000e+00,1.5000000000000000e+00,1.4999999999999996e+00,2.9605947323337506e-16,8.1649658092772626e-01,1.6706361707435888e+00,1.6752290334123690e+00,3.6721065384585157e-16,1.1761969034414466e-01,2.7755575615628914e-17,1.4560849680924007e-15,True,Q_left D(kappa) Q_right^T,SP+ (compact QR),1.1761969034414463e-01,-2.7755575615628914e-17,True
synthetic,structured_low_rank_update,aggregate,N/A,42,95,128,96,16,8,4.0000000000000000e+00,2.0000000000000000e+00,2.0000000000000000e+00,0.0000000000000000e+00,7.0710678118654735e-01,1.7209356760105445e+00,1.7297823732067590e+00,3.4161668855939022e-16,1.1761969034414466e-01,4.1633363423443370e-17,1.2851034985516712e-15,True,Q_left D(kappa) Q_right^T,RBLA prefix,6.9737952778726187e-01,5.7975983744311721e-01,True
synthetic,structured_low_rank_update,aggregate,N/A,42,95,128,96,16,8,4.0000000000000000e+00,2.0000000000000000e+00,2.0000000000000000e+00,0.0000000000000000e+00,7.0710678118654735e-01,1.7209356760105445e+00,1.7297823732067590e+00,3.4161668855939022e-16,1.1761969034414466e-01,4.1633363423443370e-17,1.2851034985516712e-15,True,Q_left D(kappa) Q_right^T,SP+ (compact QR),1.1761969034414461e-01,-4.1633363423443370e-17,True
synthetic,structured_low_rank_update,aggregate,N/A,42,95,128,96,16,8,4.0000000000000000e+00,3.0000000000000000e+00,3.0000000000000018e+00,5.9211894646675012e-16,5.7735026918962562e-01,1.8378919640859663e+00,1.8554843141232682e+00,3.4392839348701561e-16,1.1761969034414466e-01,4.1633363423443370e-17,9.8835611424596164e-16,True,Q_left D(kappa) Q_right^T,RBLA prefix,7.3114413582496740e-01,6.1352444548082274e-01,True
synthetic,structured_low_rank_update,aggregate,N/A,42,95,128,96,16,8,4.0000000000000000e+00,3.0000000000000000e+00,3.0000000000000018e+00,5.9211894646675012e-16,5.7735026918962562e-01,1.8378919640859663e+00,1.8554843141232682e+00,3.4392839348701561e-16,1.1761969034414466e-01,4.1633363423443370e-17,9.8835611424596164e-16,True,Q_left D(kappa) Q_right^T,SP+ (compact QR),1.1761969034414461e-01,-4.1633363423443370e-17,True
synthetic,structured_low_rank_update,aggregate,N/A,42,95,128,96,16,8,4.0000000000000000e+00,5.0000000000000000e+00,4.9999999999999991e+00,1.7763568394002506e-16,4.4721359549995804e-01,2.0639169453643356e+00,2.0994595225282278e+00,3.8771536389316027e-16,1.1761969034414466e-01,4.1633363423443370e-17,1.1020583187733072e-15,True,Q_left D(kappa) Q_right^T,RBLA prefix,8.0699465227428413e-01,6.8937496193013947e-01,True
synthetic,structured_low_rank_update,aggregate,N/A,42,95,128,96,16,8,4.0000000000000000e+00,5.0000000000000000e+00,4.9999999999999991e+00,1.7763568394002506e-16,4.4721359549995804e-01,2.0639169453643356e+00,2.0994595225282278e+00,3.8771536389316027e-16,1.1761969034414466e-01,4.1633363423443370e-17,1.1020583187733072e-15,True,Q_left D(kappa) Q_right^T,SP+ (compact QR),1.1761969034414461e-01,-4.1633363423443370e-17,True
synthetic,structured_low_rank_update,aggregate,N/A,42,95,128,96,16,8,4.0000000000000000e+00,7.5000000000000000e+00,7.4999999999999991e+00,1.1842378929335003e-16,3.6514837167011083e-01,2.3097406241613960e+00,2.3671174137485087e+00,4.7255646948477392e-16,1.1761969034414466e-01,4.1633363423443370e-17,1.6692526999104889e-15,True,Q_left D(kappa) Q_right^T,RBLA prefix,9.0530284953723417e-01,7.8768315919308951e-01,True
synthetic,structured_low_rank_update,aggregate,N/A,42,95,128,96,16,8,4.0000000000000000e+00,7.5000000000000000e+00,7.4999999999999991e+00,1.1842378929335003e-16,3.6514837167011083e-01,2.3097406241613960e+00,2.3671174137485087e+00,4.7255646948477392e-16,1.1761969034414466e-01,4.1633363423443370e-17,1.6692526999104889e-15,True,Q_left D(kappa) Q_right^T,SP+ (compact QR),1.1761969034414461e-01,-4.1633363423443370e-17,True
synthetic,structured_low_rank_update,aggregate,N/A,42,95,128,96,16,8,4.0000000000000000e+00,1.0000000000000000e+01,9.9999999999999982e+00,1.7763568394002506e-16,3.1622776601683800e-01,2.5230978661593668e+00,2.6011671596751684e+00,4.5660059021769875e-16,1.1761969034414466e-01,4.1633363423443370e-17,1.3395807240626128e-15,True,Q_left D(kappa) Q_right^T,RBLA prefix,1.0036024484296386e+00,8.8598275808549398e-01,True
synthetic,structured_low_rank_update,aggregate,N/A,42,95,128,96,16,8,4.0000000000000000e+00,1.0000000000000000e+01,9.9999999999999982e+00,1.7763568394002506e-16,3.1622776601683800e-01,2.5230978661593668e+00,2.6011671596751684e+00,4.5660059021769875e-16,1.1761969034414466e-01,4.1633363423443370e-17,1.3395807240626128e-15,True,Q_left D(kappa) Q_right^T,SP+ (compact QR),1.1761969034414461e-01,-4.1633363423443370e-17,True
synthetic,structured_low_rank_update,aggregate,N/A,42,96,128,96,16,8,4.0000000000000000e+00,1.0000000000000000e+00,1.0000000000000007e+00,6.6613381477509392e-16,9.9999999999999989e-01,1.6457339059369436e+00,1.6457339059369436e+00,3.5543466630227775e-16,1.1761969034414466e-01,4.1633363423443370e-17,1.0646513214760118e-15,True,Q_left D(kappa) Q_right^T,RBLA prefix,5.8917513296411272e-01,4.7155544261996807e-01,True
synthetic,structured_low_rank_update,aggregate,N/A,42,96,128,96,16,8,4.0000000000000000e+00,1.0000000000000000e+00,1.0000000000000007e+00,6.6613381477509392e-16,9.9999999999999989e-01,1.6457339059369436e+00,1.6457339059369436e+00,3.5543466630227775e-16,1.1761969034414466e-01,4.1633363423443370e-17,1.0646513214760118e-15,True,Q_left D(kappa) Q_right^T,SP+ (compact QR),1.1761969034414461e-01,-4.1633363423443370e-17,True
synthetic,structured_low_rank_update,aggregate,N/A,42,96,128,96,16,8,4.0000000000000000e+00,1.5000000000000000e+00,1.4999999999999998e+00,1.4802973661668753e-16,8.1649658092772592e-01,1.7016513874004562e+00,1.6369401501966787e+00,4.3058849446605036e-16,1.1761969034414466e-01,2.7755575615628914e-17,1.1858635471010295e-15,True,Q_left D(kappa) Q_right^T,RBLA prefix,5.9322128707950528e-01,4.7560159673536062e-01,True
synthetic,structured_low_rank_update,aggregate,N/A,42,96,128,96,16,8,4.0000000000000000e+00,1.5000000000000000e+00,1.4999999999999998e+00,1.4802973661668753e-16,8.1649658092772592e-01,1.7016513874004562e+00,1.6369401501966787e+00,4.3058849446605036e-16,1.1761969034414466e-01,2.7755575615628914e-17,1.1858635471010295e-15,True,Q_left D(kappa) Q_right^T,SP+ (compact QR),1.1761969034414463e-01,-2.7755575615628914e-17,True
synthetic,structured_low_rank_update,aggregate,N/A,42,96,128,96,16,8,4.0000000000000000e+00,2.0000000000000000e+00,1.9999999999999991e+00,4.4408920985006262e-16,7.0710678118654746e-01,1.7708339457845512e+00,1.6588546345784225e+00,3.9190260677938123e-16,1.1761969034414466e-01,4.1633363423443370e-17,1.2695753976457307e-15,True,Q_left D(kappa) Q_right^T,RBLA prefix,6.0142479193455578e-01,4.8380510159041112e-01,True
synthetic,structured_low_rank_update,aggregate,N/A,42,96,128,96,16,8,4.0000000000000000e+00,2.0000000000000000e+00,1.9999999999999991e+00,4.4408920985006262e-16,7.0710678118654746e-01,1.7708339457845512e+00,1.6588546345784225e+00,3.9190260677938123e-16,1.1761969034414466e-01,4.1633363423443370e-17,1.2695753976457307e-15,True,Q_left D(kappa) Q_right^T,SP+ (compact QR),1.1761969034414461e-01,-4.1633363423443370e-17,True
synthetic,structured_low_rank_update,aggregate,N/A,42,96,128,96,16,8,4.0000000000000000e+00,3.0000000000000000e+00,2.9999999999999996e+00,1.4802973661668753e-16,5.7735026918962562e-01,1.9121294868179346e+00,1.7295889751338034e+00,3.6852913074098948e-16,1.1761969034414466e-01,4.1633363423443370e-17,1.1830024837893731e-15,True,Q_left D(kappa) Q_right^T,RBLA prefix,6.2252477384627158e-01,5.0490508350212693e-01,True
synthetic,structured_low_rank_update,aggregate,N/A,42,96,128,96,16,8,4.0000000000000000e+00,3.0000000000000000e+00,2.9999999999999996e+00,1.4802973661668753e-16,5.7735026918962562e-01,1.9121294868179346e+00,1.7295889751338034e+00,3.6852913074098948e-16,1.1761969034414466e-01,4.1633363423443370e-17,1.1830024837893731e-15,True,Q_left D(kappa) Q_right^T,SP+ (compact QR),1.1761969034414461e-01,-4.1633363423443370e-17,True
synthetic,structured_low_rank_update,aggregate,N/A,42,96,128,96,16,8,4.0000000000000000e+00,5.0000000000000000e+00,4.9999999999999956e+00,8.8817841970012523e-16,4.4721359549995809e-01,2.1692475339684187e+00,1.8870912973569389e+00,4.0031625220719347e-16,1.1761969034414466e-01,2.7755575615628914e-17,1.5050285267029008e-15,True,Q_left D(kappa) Q_right^T,RBLA prefix,6.7227312891863300e-01,5.5465343857448834e-01,True
synthetic,structured_low_rank_update,aggregate,N/A,42,96,128,96,16,8,4.0000000000000000e+00,5.0000000000000000e+00,4.9999999999999956e+00,8.8817841970012523e-16,4.4721359549995809e-01,2.1692475339684187e+00,1.8870912973569389e+00,4.0031625220719347e-16,1.1761969034414466e-01,2.7755575615628914e-17,1.5050285267029008e-15,True,Q_left D(kappa) Q_right^T,SP+ (compact QR),1.1761969034414463e-01,-2.7755575615628914e-17,True
synthetic,structured_low_rank_update,aggregate,N/A,42,96,128,96,16,8,4.0000000000000000e+00,7.5000000000000000e+00,7.5000000000000018e+00,2.3684757858670006e-16,3.6514837167011055e-01,2.4438579254984529e+00,2.0699837373095260e+00,4.1582241379578231e-16,1.1761969034414466e-01,2.7755575615628914e-17,1.4569212207410626e-15,True,Q_left D(kappa) Q_right^T,RBLA prefix,7.4072918841754354e-01,6.2310949807339888e-01,True
synthetic,structured_low_rank_update,aggregate,N/A,42,96,128,96,16,8,4.0000000000000000e+00,7.5000000000000000e+00,7.5000000000000018e+00,2.3684757858670006e-16,3.6514837167011055e-01,2.4438579254984529e+00,2.0699837373095260e+00,4.1582241379578231e-16,1.1761969034414466e-01,2.7755575615628914e-17,1.4569212207410626e-15,True,Q_left D(kappa) Q_right^T,SP+ (compact QR),1.1761969034414463e-01,-2.7755575615628914e-17,True
synthetic,structured_low_rank_update,aggregate,N/A,42,96,128,96,16,8,4.0000000000000000e+00,1.0000000000000000e+01,9.9999999999999929e+00,7.1054273576010023e-16,3.1622776601683800e-01,2.6817016114998156e+00,2.2336364165395617e+00,4.8145981107284627e-16,1.1761969034414466e-01,4.1633363423443370e-17,1.3786772249713895e-15,True,Q_left D(kappa) Q_right^T,RBLA prefix,8.1268071068622527e-01,6.9506102034208062e-01,True
synthetic,structured_low_rank_update,aggregate,N/A,42,96,128,96,16,8,4.0000000000000000e+00,1.0000000000000000e+01,9.9999999999999929e+00,7.1054273576010023e-16,3.1622776601683800e-01,2.6817016114998156e+00,2.2336364165395617e+00,4.8145981107284627e-16,1.1761969034414466e-01,4.1633363423443370e-17,1.3786772249713895e-15,True,Q_left D(kappa) Q_right^T,SP+ (compact QR),1.1761969034414461e-01,-4.1633363423443370e-17,True
synthetic,structured_low_rank_update,aggregate,N/A,42,97,128,96,16,8,4.0000000000000000e+00,1.0000000000000000e+00,1.0000000000000007e+00,6.6613381477509392e-16,9.9999999999999956e-01,1.6457339059369436e+00,1.6457339059369438e+00,3.5424559496941319e-16,1.1761969034414466e-01,4.1633363423443370e-17,1.6901941618290775e-15,True,Q_left D(kappa) Q_right^T,RBLA prefix,7.0864411871662680e-01,5.9102442837248215e-01,True
synthetic,structured_low_rank_update,aggregate,N/A,42,97,128,96,16,8,4.0000000000000000e+00,1.0000000000000000e+00,1.0000000000000007e+00,6.6613381477509392e-16,9.9999999999999956e-01,1.6457339059369436e+00,1.6457339059369438e+00,3.5424559496941319e-16,1.1761969034414466e-01,4.1633363423443370e-17,1.6901941618290775e-15,True,Q_left D(kappa) Q_right^T,SP+ (compact QR),1.1761969034414461e-01,-4.1633363423443370e-17,True
synthetic,structured_low_rank_update,aggregate,N/A,42,97,128,96,16,8,4.0000000000000000e+00,1.5000000000000000e+00,1.5000000000000002e+00,1.4802973661668753e-16,8.1649658092772581e-01,1.6632392363582946e+00,1.6782831071509918e+00,3.8682638462390107e-16,1.1761969034414466e-01,4.1633363423443370e-17,1.4519151369711394e-15,True,Q_left D(kappa) Q_right^T,RBLA prefix,7.1429796933714440e-01,5.9667827899299974e-01,True
synthetic,structured_low_rank_update,aggregate,N/A,42,97,128,96,16,8,4.0000000000000000e+00,1.5000000000000000e+00,1.5000000000000002e+00,1.4802973661668753e-16,8.1649658092772581e-01,1.6632392363582946e+00,1.6782831071509918e+00,3.8682638462390107e-16,1.1761969034414466e-01,4.1633363423443370e-17,1.4519151369711394e-15,True,Q_left D(kappa) Q_right^T,SP+ (compact QR),1.1761969034414461e-01,-4.1633363423443370e-17,True
synthetic,structured_low_rank_update,aggregate,N/A,42,97,128,96,16,8,4.0000000000000000e+00,2.0000000000000000e+00,1.9999999999999998e+00,1.1102230246251565e-16,7.0710678118654746e-01,1.7055798069595174e+00,1.7325761126111514e+00,3.5935702171311197e-16,1.1761969034414466e-01,2.7755575615628914e-17,2.3581703567499145e-15,True,Q_left D(kappa) Q_right^T,RBLA prefix,7.2578966284225421e-01,6.0816997249810956e-01,True
synthetic,structured_low_rank_update,aggregate,N/A,42,97,128,96,16,8,4.0000000000000000e+00,2.0000000000000000e+00,1.9999999999999998e+00,1.1102230246251565e-16,7.0710678118654746e-01,1.7055798069595174e+00,1.7325761126111514e+00,3.5935702171311197e-16,1.1761969034414466e-01,2.7755575615628914e-17,2.3581703567499145e-15,True,Q_left D(kappa) Q_right^T,SP+ (compact QR),1.1761969034414463e-01,-2.7755575615628914e-17,True
synthetic,structured_low_rank_update,aggregate,N/A,42,97,128,96,16,8,4.0000000000000000e+00,3.0000000000000000e+00,3.0000000000000013e+00,4.4408920985006262e-16,5.7735026918962551e-01,1.8075748686088333e+00,1.8548966490236729e+00,3.5465139987433525e-16,1.1761969034414466e-01,4.1633363423443370e-17,1.6089001546430737e-15,True,Q_left D(kappa) Q_right^T,RBLA prefix,7.5548909033537304e-01,6.3786939999122838e-01,True
synthetic,structured_low_rank_update,aggregate,N/A,42,97,128,96,16,8,4.0000000000000000e+00,3.0000000000000000e+00,3.0000000000000013e+00,4.4408920985006262e-16,5.7735026918962551e-01,1.8075748686088333e+00,1.8548966490236729e+00,3.5465139987433525e-16,1.1761969034414466e-01,4.1633363423443370e-17,1.6089001546430737e-15,True,Q_left D(kappa) Q_right^T,SP+ (compact QR),1.1761969034414461e-01,-4.1633363423443370e-17,True
synthetic,structured_low_rank_update,aggregate,N/A,42,97,128,96,16,8,4.0000000000000000e+00,5.0000000000000000e+00,5.0000000000000044e+00,8.8817841970012523e-16,4.4721359549995759e-01,2.0088326478535579e+00,2.0902422970525936e+00,3.9142802969160384e-16,1.1761969034414466e-01,2.7755575615628914e-17,1.2004481258119492e-15,True,Q_left D(kappa) Q_right^T,RBLA prefix,8.2602835890312232e-01,7.0840866855897766e-01,True
synthetic,structured_low_rank_update,aggregate,N/A,42,97,128,96,16,8,4.0000000000000000e+00,5.0000000000000000e+00,5.0000000000000044e+00,8.8817841970012523e-16,4.4721359549995759e-01,2.0088326478535579e+00,2.0902422970525936e+00,3.9142802969160384e-16,1.1761969034414466e-01,2.7755575615628914e-17,1.2004481258119492e-15,True,Q_left D(kappa) Q_right^T,SP+ (compact QR),1.1761969034414463e-01,-2.7755575615628914e-17,True
synthetic,structured_low_rank_update,aggregate,N/A,42,97,128,96,16,8,4.0000000000000000e+00,7.5000000000000000e+00,7.5000000000000009e+00,1.1842378929335003e-16,3.6514837167011066e-01,2.2305430091349070e+00,2.3478072566746326e+00,4.2174244788384244e-16,1.1761969034414466e-01,2.7755575615628914e-17,1.2322730901532998e-15,True,Q_left D(kappa) Q_right^T,RBLA prefix,9.2367497575550417e-01,8.0605528541135951e-01,True
synthetic,structured_low_rank_update,aggregate,N/A,42,97,128,96,16,8,4.0000000000000000e+00,7.5000000000000000e+00,7.5000000000000009e+00,1.1842378929335003e-16,3.6514837167011066e-01,2.2305430091349070e+00,2.3478072566746326e+00,4.2174244788384244e-16,1.1761969034414466e-01,2.7755575615628914e-17,1.2322730901532998e-15,True,Q_left D(kappa) Q_right^T,SP+ (compact QR),1.1761969034414463e-01,-2.7755575615628914e-17,True
synthetic,structured_low_rank_update,aggregate,N/A,42,97,128,96,16,8,4.0000000000000000e+00,1.0000000000000000e+01,1.0000000000000014e+01,1.4210854715202005e-15,3.1622776601683744e-01,2.4244418972262296e+00,2.5728189056320536e+00,5.1673232519779848e-16,1.1761969034414466e-01,2.7755575615628914e-17,1.1577292631519609e-15,True,Q_left D(kappa) Q_right^T,RBLA prefix,1.0266014973394273e+00,9.0898180699528264e-01,True
synthetic,structured_low_rank_update,aggregate,N/A,42,97,128,96,16,8,4.0000000000000000e+00,1.0000000000000000e+01,1.0000000000000014e+01,1.4210854715202005e-15,3.1622776601683744e-01,2.4244418972262296e+00,2.5728189056320536e+00,5.1673232519779848e-16,1.1761969034414466e-01,2.7755575615628914e-17,1.1577292631519609e-15,True,Q_left D(kappa) Q_right^T,SP+ (compact QR),1.1761969034414463e-01,-2.7755575615628914e-17,True
synthetic,structured_low_rank_update,aggregate,N/A,42,98,128,96,16,8,4.0000000000000000e+00,1.0000000000000000e+00,1.0000000000000011e+00,1.1102230246251565e-15,9.9999999999999967e-01,1.6457339059369438e+00,1.6457339059369436e+00,3.6276488511731960e-16,1.1761969034414466e-01,4.1633363423443370e-17,1.2549946861267177e-15,True,Q_left D(kappa) Q_right^T,RBLA prefix,5.1003414144167725e-01,3.9241445109753259e-01,True
synthetic,structured_low_rank_update,aggregate,N/A,42,98,128,96,16,8,4.0000000000000000e+00,1.0000000000000000e+00,1.0000000000000011e+00,1.1102230246251565e-15,9.9999999999999967e-01,1.6457339059369438e+00,1.6457339059369436e+00,3.6276488511731960e-16,1.1761969034414466e-01,4.1633363423443370e-17,1.2549946861267177e-15,True,Q_left D(kappa) Q_right^T,SP+ (compact QR),1.1761969034414461e-01,-4.1633363423443370e-17,True
synthetic,structured_low_rank_update,aggregate,N/A,42,98,128,96,16,8,4.0000000000000000e+00,1.5000000000000000e+00,1.4999999999999996e+00,2.9605947323337506e-16,8.1649658092772626e-01,1.6798992292269956e+00,1.6623665374944738e+00,3.4201586703680290e-16,1.1761969034414466e-01,4.1633363423443370e-17,1.0642864244537918e-15,True,Q_left D(kappa) Q_right^T,RBLA prefix,5.1482136883687146e-01,3.9720167849272681e-01,True
synthetic,structured_low_rank_update,aggregate,N/A,42,98,128,96,16,8,4.0000000000000000e+00,1.5000000000000000e+00,1.4999999999999996e+00,2.9605947323337506e-16,8.1649658092772626e-01,1.6798992292269956e+00,1.6623665374944738e+00,3.4201586703680290e-16,1.1761969034414466e-01,4.1633363423443370e-17,1.0642864244537918e-15,True,Q_left D(kappa) Q_right^T,SP+ (compact QR),1.1761969034414461e-01,-4.1633363423443370e-17,True
synthetic,structured_low_rank_update,aggregate,N/A,42,98,128,96,16,8,4.0000000000000000e+00,2.0000000000000000e+00,2.0000000000000004e+00,2.2204460492503131e-16,7.0710678118654735e-01,1.7352534879745027e+00,1.7050712335590104e+00,3.4028093777177935e-16,1.1761969034414466e-01,4.1633363423443370e-17,1.2093770724405931e-15,True,Q_left D(kappa) Q_right^T,RBLA prefix,5.2456648892288460e-01,4.0694679857873994e-01,True
synthetic,structured_low_rank_update,aggregate,N/A,42,98,128,96,16,8,4.0000000000000000e+00,2.0000000000000000e+00,2.0000000000000004e+00,2.2204460492503131e-16,7.0710678118654735e-01,1.7352534879745027e+00,1.7050712335590104e+00,3.4028093777177935e-16,1.1761969034414466e-01,4.1633363423443370e-17,1.2093770724405931e-15,True,Q_left D(kappa) Q_right^T,SP+ (compact QR),1.1761969034414461e-01,-4.1633363423443370e-17,True
synthetic,structured_low_rank_update,aggregate,N/A,42,98,128,96,16,8,4.0000000000000000e+00,3.0000000000000000e+00,3.0000000000000009e+00,2.9605947323337506e-16,5.7735026918962584e-01,1.8582781001096358e+00,1.8096325063978820e+00,4.2178364268858904e-16,1.1761969034414466e-01,4.1633363423443370e-17,1.2180677775122827e-15,True,Q_left D(kappa) Q_right^T,RBLA prefix,5.4977217449093096e-01,4.3215248414678631e-01,True
synthetic,structured_low_rank_update,aggregate,N/A,42,98,128,96,16,8,4.0000000000000000e+00,3.0000000000000000e+00,3.0000000000000009e+00,2.9605947323337506e-16,5.7735026918962584e-01,1.8582781001096358e+00,1.8096325063978820e+00,4.2178364268858904e-16,1.1761969034414466e-01,4.1633363423443370e-17,1.2180677775122827e-15,True,Q_left D(kappa) Q_right^T,SP+ (compact QR),1.1761969034414461e-01,-4.1633363423443370e-17,True
synthetic,structured_low_rank_update,aggregate,N/A,42,98,128,96,16,8,4.0000000000000000e+00,5.0000000000000000e+00,4.9999999999999973e+00,5.3290705182007512e-16,4.4721359549995815e-01,2.0922588309665402e+00,2.0185392853795610e+00,4.4422066558908516e-16,1.1761969034414466e-01,4.1633363423443370e-17,1.6850800172140479e-15,True,Q_left D(kappa) Q_right^T,RBLA prefix,6.0929397121522610e-01,4.9167428087108145e-01,True
synthetic,structured_low_rank_update,aggregate,N/A,42,98,128,96,16,8,4.0000000000000000e+00,5.0000000000000000e+00,4.9999999999999973e+00,5.3290705182007512e-16,4.4721359549995815e-01,2.0922588309665402e+00,2.0185392853795610e+00,4.4422066558908516e-16,1.1761969034414466e-01,4.1633363423443370e-17,1.6850800172140479e-15,True,Q_left D(kappa) Q_right^T,SP+ (compact QR),1.1761969034414461e-01,-4.1633363423443370e-17,True
synthetic,structured_low_rank_update,aggregate,N/A,42,98,128,96,16,8,4.0000000000000000e+00,7.5000000000000000e+00,7.5000000000000000e+00,0.0000000000000000e+00,3.6514837167011094e-01,2.3464027967793766e+00,2.2505596171264717e+00,4.6303531314686070e-16,1.1761969034414466e-01,2.7755575615628914e-17,1.2837336044320598e-15,True,Q_left D(kappa) Q_right^T,RBLA prefix,6.9042554130021916e-01,5.7280585095607450e-01,True
synthetic,structured_low_rank_update,aggregate,N/A,42,98,128,96,16,8,4.0000000000000000e+00,7.5000000000000000e+00,7.5000000000000000e+00,0.0000000000000000e+00,3.6514837167011094e-01,2.3464027967793766e+00,2.2505596171264717e+00,4.6303531314686070e-16,1.1761969034414466e-01,2.7755575615628914e-17,1.2837336044320598e-15,True,Q_left D(kappa) Q_right^T,SP+ (compact QR),1.1761969034414463e-01,-2.7755575615628914e-17,True
synthetic,structured_low_rank_update,aggregate,N/A,42,98,128,96,16,8,4.0000000000000000e+00,1.0000000000000000e+01,1.0000000000000002e+01,1.7763568394002506e-16,3.1622776601683800e-01,2.5675637057570642e+00,2.4543943862972206e+00,4.8499435979732213e-16,1.1761969034414466e-01,4.1633363423443370e-17,1.2772947513276936e-15,True,Q_left D(kappa) Q_right^T,RBLA prefix,7.7448194150746930e-01,6.5686225116332464e-01,True
synthetic,structured_low_rank_update,aggregate,N/A,42,98,128,96,16,8,4.0000000000000000e+00,1.0000000000000000e+01,1.0000000000000002e+01,1.7763568394002506e-16,3.1622776601683800e-01,2.5675637057570642e+00,2.4543943862972206e+00,4.8499435979732213e-16,1.1761969034414466e-01,4.1633363423443370e-17,1.2772947513276936e-15,True,Q_left D(kappa) Q_right^T,SP+ (compact QR),1.1761969034414461e-01,-4.1633363423443370e-17,True
synthetic,structured_low_rank_update,aggregate,N/A,42,99,128,96,16,8,4.0000000000000000e+00,1.0000000000000000e+00,1.0000000000000011e+00,1.1102230246251565e-15,9.9999999999999956e-01,1.6457339059369436e+00,1.6457339059369438e+00,3.4028975415521941e-16,1.1761969034414466e-01,4.1633363423443370e-17,1.2014854768759798e-15,True,Q_left D(kappa) Q_right^T,RBLA prefix,5.6144665215199685e-01,4.4382696180785219e-01,True
synthetic,structured_low_rank_update,aggregate,N/A,42,99,128,96,16,8,4.0000000000000000e+00,1.0000000000000000e+00,1.0000000000000011e+00,1.1102230246251565e-15,9.9999999999999956e-01,1.6457339059369436e+00,1.6457339059369438e+00,3.4028975415521941e-16,1.1761969034414466e-01,4.1633363423443370e-17,1.2014854768759798e-15,True,Q_left D(kappa) Q_right^T,SP+ (compact QR),1.1761969034414461e-01,-4.1633363423443370e-17,True
synthetic,structured_low_rank_update,aggregate,N/A,42,99,128,96,16,8,4.0000000000000000e+00,1.5000000000000000e+00,1.4999999999999989e+00,7.4014868308343773e-16,8.1649658092772626e-01,1.6896877400205292e+00,1.6465448416810775e+00,3.4618405865731525e-16,1.1761969034414466e-01,4.1633363423443370e-17,1.6645980381800681e-15,True,Q_left D(kappa) Q_right^T,RBLA prefix,5.6504389592956872e-01,4.4742420558542406e-01,True
synthetic,structured_low_rank_update,aggregate,N/A,42,99,128,96,16,8,4.0000000000000000e+00,1.5000000000000000e+00,1.4999999999999989e+00,7.4014868308343773e-16,8.1649658092772626e-01,1.6896877400205292e+00,1.6465448416810775e+00,3.4618405865731525e-16,1.1761969034414466e-01,4.1633363423443370e-17,1.6645980381800681e-15,True,Q_left D(kappa) Q_right^T,SP+ (compact QR),1.1761969034414461e-01,-4.1633363423443370e-17,True
synthetic,structured_low_rank_update,aggregate,N/A,42,99,128,96,16,8,4.0000000000000000e+00,2.0000000000000000e+00,1.9999999999999982e+00,8.8817841970012523e-16,7.0710678118654802e-01,1.7485850988003309e+00,1.6741352396380638e+00,3.4435944679609285e-16,1.1761969034414466e-01,2.7755575615628914e-17,9.9603351496460134e-16,True,Q_left D(kappa) Q_right^T,RBLA prefix,5.7237975658733786e-01,4.5476006624319321e-01,True
synthetic,structured_low_rank_update,aggregate,N/A,42,99,128,96,16,8,4.0000000000000000e+00,2.0000000000000000e+00,1.9999999999999982e+00,8.8817841970012523e-16,7.0710678118654802e-01,1.7485850988003309e+00,1.6741352396380638e+00,3.4435944679609285e-16,1.1761969034414466e-01,2.7755575615628914e-17,9.9603351496460134e-16,True,Q_left D(kappa) Q_right^T,SP+ (compact QR),1.1761969034414463e-01,-2.7755575615628914e-17,True
synthetic,structured_low_rank_update,aggregate,N/A,42,99,128,96,16,8,4.0000000000000000e+00,3.0000000000000000e+00,2.9999999999999982e+00,5.9211894646675012e-16,5.7735026918962606e-01,1.8721814587504075e+00,1.7515997885334829e+00,3.3702789980072793e-16,1.1761969034414466e-01,4.1633363423443370e-17,1.5299773363916957e-15,True,Q_left D(kappa) Q_right^T,RBLA prefix,5.9148657685062966e-01,4.7386688650648501e-01,True
synthetic,structured_low_rank_update,aggregate,N/A,42,99,128,96,16,8,4.0000000000000000e+00,3.0000000000000000e+00,2.9999999999999982e+00,5.9211894646675012e-16,5.7735026918962606e-01,1.8721814587504075e+00,1.7515997885334829e+00,3.3702789980072793e-16,1.1761969034414466e-01,4.1633363423443370e-17,1.5299773363916957e-15,True,Q_left D(kappa) Q_right^T,SP+ (compact QR),1.1761969034414461e-01,-4.1633363423443370e-17,True
synthetic,structured_low_rank_update,aggregate,N/A,42,99,128,96,16,8,4.0000000000000000e+00,5.0000000000000000e+00,4.9999999999999982e+00,3.5527136788005011e-16,4.4721359549995815e-01,2.1000604637074698e+00,1.9159933617856195e+00,3.7438277505524805e-16,1.1761969034414466e-01,4.1633363423443370e-17,1.2531777408849087e-15,True,Q_left D(kappa) Q_right^T,RBLA prefix,6.3763754858145161e-01,5.2001785823730695e-01,True
synthetic,structured_low_rank_update,aggregate,N/A,42,99,128,96,16,8,4.0000000000000000e+00,5.0000000000000000e+00,4.9999999999999982e+00,3.5527136788005011e-16,4.4721359549995815e-01,2.1000604637074698e+00,1.9159933617856195e+00,3.7438277505524805e-16,1.1761969034414466e-01,4.1633363423443370e-17,1.2531777408849087e-15,True,Q_left D(kappa) Q_right^T,SP+ (compact QR),1.1761969034414461e-01,-4.1633363423443370e-17,True
synthetic,structured_low_rank_update,aggregate,N/A,42,99,128,96,16,8,4.0000000000000000e+00,7.5000000000000000e+00,7.5000000000000044e+00,5.9211894646675012e-16,3.6514837167011061e-01,2.3441591870287297e+00,2.1035146058871952e+00,3.8958545044984134e-16,1.1761969034414466e-01,4.1633363423443370e-17,1.6742425338727725e-15,True,Q_left D(kappa) Q_right^T,RBLA prefix,7.0294556101428840e-01,5.8532587067014374e-01,True
synthetic,structured_low_rank_update,aggregate,N/A,42,99,128,96,16,8,4.0000000000000000e+00,7.5000000000000000e+00,7.5000000000000044e+00,5.9211894646675012e-16,3.6514837167011061e-01,2.3441591870287297e+00,2.1035146058871952e+00,3.8958545044984134e-16,1.1761969034414466e-01,4.1633363423443370e-17,1.6742425338727725e-15,True,Q_left D(kappa) Q_right^T,SP+ (compact QR),1.1761969034414461e-01,-4.1633363423443370e-17,True
synthetic,structured_low_rank_update,aggregate,N/A,42,99,128,96,16,8,4.0000000000000000e+00,1.0000000000000000e+01,1.0000000000000002e+01,1.7763568394002506e-16,3.1622776601683772e-01,2.5553371480280163e+00,2.2701965711581420e+00,4.3378730064451019e-16,1.1761969034414466e-01,2.7755575615628914e-17,1.2295687189401672e-15,True,Q_left D(kappa) Q_right^T,RBLA prefix,7.7307608856867471e-01,6.5545639822453006e-01,True
synthetic,structured_low_rank_update,aggregate,N/A,42,99,128,96,16,8,4.0000000000000000e+00,1.0000000000000000e+01,1.0000000000000002e+01,1.7763568394002506e-16,3.1622776601683772e-01,2.5553371480280163e+00,2.2701965711581420e+00,4.3378730064451019e-16,1.1761969034414466e-01,2.7755575615628914e-17,1.2295687189401672e-15,True,Q_left D(kappa) Q_right^T,SP+ (compact QR),1.1761969034414463e-01,-2.7755575615628914e-17,True
