Config,{"general": {"device": "cpu", "training_rounds": 100}, "dataset": "cinic10", "model": "cifar_lora_cnn", "loss_function": "CrossEntropyLoss", "aggregation": "close_optimal", "client_selection": {"method": "random", "round": 1, "client_selection_round": 1, "number": 10, "random_seed": 42}, "hyperparameters": {"training_rounds": 100, "local_epochs": 5, "selected_clients": 10, "client_selection_round": 1, "client_selection_method": "random", "optimizer": "Adam", "lr": 0.001, "momentum": 0.9, "weight_decay": 0.0001, "nesterov": false, "batch_size": 64, "shuffle": true, "trainer_type": "standard", "rank_ratio_list": [0.1, 0.2, 0.3, 0.4, 0.5, 0.6, 0.7, 0.8, 0.9, 1.0]}, "rank_distribution": {"rank_ratio_list": [0.1, 0.2, 0.3, 0.4, 0.5, 0.6, 0.7, 0.8, 0.9, 1.0]}, "rank_ratio_list": [0.1, 0.2, 0.3, 0.4, 0.5, 0.6, 0.7, 0.8, 0.9, 1.0], "rank_ratio_list_str": "[0.1, 0.2, 0.3, 0.4, 0.5, 0.6, 0.7, 0.8, 0.9, 1.0]", "epoch": 5, "batch_size": 64}

round,accuracy,average_loss,perplexity,precision,recall,f1_score,matthews_correlation,mcc,total_test_samples
0,0.10321111111111111,2.826733699968126,16.89020216012661,0.023342636533410854,0.1032111111111111,0.026405610780763027,0.009084747732502497,0.009084747732502497,90000
1,0.41613333333333336,2.0135432904190487,7.4898089541820285,0.4834923812853649,0.41613333333333336,0.3477890690013989,0.3625610533859491,0.3625610533859491,90000
2,0.47605555555555557,1.869502332288689,6.485068187022504,0.511383490324228,0.47605555555555557,0.42038270604578737,0.42861240239446546,0.42861240239446546,90000
3,0.49394444444444446,1.8447585166308615,6.326571844038682,0.527528704699336,0.4939444444444444,0.4388704733213274,0.4487759615065268,0.4487759615065268,90000
4,0.5113333333333333,1.8225233832677206,6.1874520803054525,0.5402777647895853,0.5113333333333333,0.46330515722702853,0.4673849683398967,0.4673849683398967,90000
