Config,{"general": {"device": "cpu", "training_rounds": 100}, "dataset": "cinic10", "model": "cifar_lora_cnn", "loss_function": "CrossEntropyLoss", "aggregation": "close_optimal", "client_selection": {"method": "random", "round": 1, "client_selection_round": 1, "number": 10, "random_seed": 42}, "hyperparameters": {"training_rounds": 100, "local_epochs": 5, "selected_clients": 10, "client_selection_round": 1, "client_selection_method": "random", "optimizer": "Adam", "lr": 0.001, "momentum": 0.9, "weight_decay": 0.0001, "nesterov": false, "batch_size": 64, "shuffle": true, "trainer_type": "standard", "rank_ratio_list": [0.1, 0.2, 0.3, 0.4, 0.5, 0.6, 0.7, 0.8, 0.9, 1.0]}, "rank_distribution": {"rank_ratio_list": [0.1, 0.2, 0.3, 0.4, 0.5, 0.6, 0.7, 0.8, 0.9, 1.0]}, "rank_ratio_list": [0.1, 0.2, 0.3, 0.4, 0.5, 0.6, 0.7, 0.8, 0.9, 1.0], "rank_ratio_list_str": "[0.1, 0.2, 0.3, 0.4, 0.5, 0.6, 0.7, 0.8, 0.9, 1.0]", "epoch": 5, "batch_size": 64}

round,accuracy,average_loss,perplexity,precision,recall,f1_score,matthews_correlation,mcc,total_test_samples
0,0.10834444444444444,2.3161025531344945,10.136092340552912,0.019247150051550442,0.10834444444444444,0.028695220119358024,0.019564791360523418,0.019564791360523418,90000
1,0.38932222222222224,2.0243299519644844,7.571036286703695,0.5088365662804768,0.38932222222222224,0.3088836062995272,0.3400957047409935,0.3400957047409935,90000
2,0.4515111111111111,2.0208618371460174,7.544824542508365,0.5155437187192995,0.4515111111111111,0.3796381337712552,0.4034691561529811,0.4034691561529811,90000
3,0.4595444444444444,1.9714123665650685,7.180811267394492,0.5270657403451555,0.4595444444444444,0.3916681989397028,0.4125481987816572,0.4125481987816572,90000
