{
  "q050": {
    "last5_accuracy": {
      "mean": 0.6846155555555555,
      "sample_std": 0.051853857887121345
    },
    "last5_f1_score": {
      "mean": 0.6675133590319812,
      "sample_std": 0.06212015350870893
    },
    "last5_mcc": {
      "mean": 0.6608480246772653,
      "sample_std": 0.05030378295167128
    },
    "last5_average_loss": {
      "mean": 1.050875135599772,
      "sample_std": 0.07689892169749364
    }
  },
  "population": {
    "last5_accuracy": {
      "mean": 0.6780555555555556,
      "sample_std": 0.03873281783936947
    },
    "last5_f1_score": {
      "mean": 0.6644131240377554,
      "sample_std": 0.04568813724769396
    },
    "last5_mcc": {
      "mean": 0.6472248489885081,
      "sample_std": 0.03979302338844219
    },
    "last5_average_loss": {
      "mean": 1.152949226635827,
      "sample_std": 0.042504906417138034
    }
  },
  "paired_accuracy_delta": {
    "mean": 0.006559999999999986,
    "sample_std": 0.043731168518574934,
    "min": -0.07172,
    "max": 0.06911999999999996,
    "positive_cells": 7
  },
  "marginal_accuracy": {
    "training_seed": {
      "42": {
        "q050": 0.7000266666666667,
        "population": 0.7121466666666667
      },
      "43": {
        "q050": 0.70368,
        "population": 0.6519733333333334
      },
      "44": {
        "q050": 0.65014,
        "population": 0.6700466666666667
      }
    },
    "rank_seed": {
      "42": {
        "q050": 0.7185533333333334,
        "population": 0.6918733333333333
      },
      "43": {
        "q050": 0.6312333333333333,
        "population": 0.6429733333333334
      },
      "44": {
        "q050": 0.70406,
        "population": 0.69932
      }
    }
  }
}