relative_path,kind,bytes,sha256
by_dataset\cnn\cifar10\flora\corrected\correct\alpha_0.4\cifar10_dirichlet_0_4_rank_correct_flora_correct_-train-20260815_223027-8f24c4a56991f7da.csv,classified_csv,31904,618f77e6b212baf073ba6c08726477d6eecf585d597ec4e814a54d0c8afda954
by_dataset\cnn\cifar10\flora\corrected\mismatch\alpha_0.4\cifar10_dirichlet_0_4_rank_mismatch_flora_correct_-train-20260816_172236-2ff125270e70d4f8.csv,classified_csv,31822,2ca5ff57d5d87eae457618d00826d1ffba8a63a4d4f0d2027f9fa615446b597f
by_dataset\cnn\cifar10\flora\unspecified\correct\alpha_0.4\cifar10_dirichlet_0_4_rank_correct_flora_-train-20260813_094828-a61a9d664da39c2b.csv,classified_csv,32022,2308e46a0ec903eb3cb558b1559976c83136352c18199319dc32e0f7f0366957
by_dataset\cnn\cifar10\flora\unspecified\mismatch\alpha_0.4\cifar10_dirichlet_0_4_rank_mismatch_flora_-train-20260814_044157-b8f59126a2fad1ba.csv,classified_csv,31911,4851729f093a9b858f48f4e66db3d0903b7da1e7a5a9fe298fc4a89e834e8c59
by_dataset\cnn\cifar10\rbla\standard\correct\alpha_0.4\cifar10_dirichlet_0_4_rank_correct_rbla_-train-20260807_074826-40759e2107afed32.csv,classified_csv,32264,1a8ec6f92085a11c1004810c60b15c0ed19d8134e93fe393c9f279d1ee082412
by_dataset\cnn\cifar10\rbla\standard\mismatch\alpha_0.4\cifar10_dirichlet_0_4_rank_mismatch_rbla_-train-20260810_110634-2880717d2f5543ff.csv,classified_csv,32194,d966428ad80b3bc1b4f6a39a7e96601387fa98af311c5d656344b243dacc8ad4
by_dataset\cnn\cifar10\rbla_plus\standard\correct\alpha_0.4\cifar10_dirichlet_0_4_rank_correct_rbla_plus_-train-20260807_084017-3abd855adee994bc.csv,classified_csv,41406,af021e0f4e7df5178104de217eba6779f15aeb8ec3586b88875fd63db2979d3a
by_dataset\cnn\cifar10\rbla_plus\standard\mismatch\alpha_0.4\cifar10_dirichlet_0_4_rank_mismatch_rbla_plus_-train-20260810_115818-1caefa68815d261f.csv,classified_csv,41585,3342e0110a136f8594bb4e0e2ae3fbaeb55337cba98b37833b4421f2ca478d89
by_dataset\cnn\cifar10\sp\standard\correct\alpha_0.4\cifar10_dirichlet_0_4_rank_correct_sp_-train-20260807_093157-9da441f808630b57.csv,classified_csv,31817,23bf6fa77711275394076bebc618a9a40a4186ca93190f9af8107e4c65c34ac9
by_dataset\cnn\cifar10\sp\standard\mismatch\alpha_0.4\cifar10_dirichlet_0_4_rank_mismatch_sp_-train-20260810_125016-8211598e4d49a8e1.csv,classified_csv,31856,bd8dbd8d4a412d730e56963fe6a5c60c6562fa1241cd7ae6193d31a7da8dfed8
by_dataset\cnn\cifar10\zeropadding\standard\correct\alpha_0.4\cifar10_dirichlet_0_4_rank_correct_zeropadding_-train-20260807_102348-ecbb46d613e36efc.csv,classified_csv,31861,2a1e336f1dcb3e17ff5482d6e1da860484472b1a72ba6f69728a26c7d365b394
by_dataset\cnn\cifar10\zeropadding\standard\mismatch\alpha_0.4\cifar10_dirichlet_0_4_rank_mismatch_zeropadding_-train-20260810_134146-f34d2e5e2d7b2550.csv,classified_csv,31867,722afb272bc4a1406eb16bfdc95832b481676ab0b5ac9716f852da5cde0d5600
by_dataset\cnn\cinic10\flora\corrected\correct\alpha_0.4\cinic10_dirichlet_0_4_rank_correct_flora_correct_-train-20260815_231716-1ddc53d99122f0b0.csv,classified_csv,33103,9d04457bfc017b8d1ff6b39faaf10c88a2c4bcd870486af6f56027d49a6d76d5
by_dataset\cnn\cinic10\flora\corrected\mismatch\alpha_0.4\cinic10_dirichlet_0_4_rank_mismatch_flora_correct_-train-20260816_180909-ee9c7b3de9f2504b.csv,classified_csv,33136,cd59a3fe8da5490905f2c071a4f14483c0b9f01fc76e0bb37c77b42f6cef2add
by_dataset\cnn\cinic10\flora\unspecified\correct\alpha_0.4\cinic10_dirichlet_0_4_rank_correct_flora_-train-20260813_103528-955afc9a18ffc024.csv,classified_csv,33510,9784572eefadf64b12f0d4a6fe7e6ab13dc2dd033f1752fc5b333b444be849af
by_dataset\cnn\cinic10\flora\unspecified\mismatch\alpha_0.4\cinic10_dirichlet_0_4_rank_mismatch_flora_-train-20260814_052851-a120020c5e4108d8.csv,classified_csv,34005,eba564c8ef882a7a4cd0c435c585d5ae2ddf57eb903fd71ae369ba5df27b2507
by_dataset\cnn\cinic10\rbla\standard\correct\alpha_0.4\cinic10_dirichlet_0_4_rank_correct_rbla_-train-20260807_111703-6228b57329e6e679.csv,classified_csv,33830,9db7bd5ea1e1e500a5334dc5ee0c5bb01720e5111909cb20c4ee5cee7f5092f6
by_dataset\cnn\cinic10\rbla\standard\mismatch\alpha_0.4\cinic10_dirichlet_0_4_rank_mismatch_rbla_-train-20260810_143348-fae2ea9fac0660ac.csv,classified_csv,33753,7e5dcf451a2d76d203605e5c67e3fe5b290279b27918c2066114d0528dc758c2
by_dataset\cnn\cinic10\rbla_plus\standard\correct\alpha_0.4\cinic10_dirichlet_0_4_rank_correct_rbla_plus_-train-20260807_132750-2cbdf6d449b43542.csv,classified_csv,42716,6b4abbd6faffd29d5ae06a53b62cb94c3c57dff0937f1f1edb1f4af6a6e7f7f7
by_dataset\cnn\cinic10\rbla_plus\standard\mismatch\alpha_0.4\cinic10_dirichlet_0_4_rank_mismatch_rbla_plus_-train-20260810_164327-b84e284057947491.csv,classified_csv,42756,678783ea53d23dd815bae8160e14873916306a9ce4c6fd56a866e5b00396bcc4
by_dataset\cnn\cinic10\sp\standard\correct\alpha_0.4\cinic10_dirichlet_0_4_rank_correct_sp_-train-20260807_153814-74ad6a286d870317.csv,classified_csv,33032,ad05b7f080af76c4aa7d9caf027eca03b1f306c5fcd7fd1b1c74ba40fb30c50e
by_dataset\cnn\cinic10\sp\standard\mismatch\alpha_0.4\cinic10_dirichlet_0_4_rank_mismatch_sp_-train-20260810_185356-28f9301c06159874.csv,classified_csv,32954,cb92d02deb3e9ae25cf508825a28ddab9c741b4f2a533a8420791c60f3e45c4e
by_dataset\cnn\cinic10\zeropadding\standard\correct\alpha_0.4\cinic10_dirichlet_0_4_rank_correct_zeropadding_-train-20260807_174856-6cd7f9886810d6f6.csv,classified_csv,33128,a6bee2b541683006892b2db56079bac6eb2898e663a252c23a83763878e8a215
by_dataset\cnn\cinic10\zeropadding\standard\mismatch\alpha_0.4\cinic10_dirichlet_0_4_rank_mismatch_zeropadding_-train-20260810_210311-efdd7a211ce61728.csv,classified_csv,33089,825809b2daee886f47ba99f7c55af20ba0a5b071659bcb3723797061ee50da06
by_dataset\cnn\svhn\flora\corrected\correct\alpha_0.4\svhn_dirichlet_0_4_rank_correct_flora_correct_-train-20260816_011747-1e282c832daa4aa2.csv,classified_csv,33289,8a34d9b1a29c07af63668b200b0b85a65ac43eaad23bf9b0af8953f2ad4e663f
by_dataset\cnn\svhn\flora\corrected\mismatch\alpha_0.4\svhn_dirichlet_0_4_rank_mismatch_flora_correct_-train-20260816_200849-19a04fadaca62549.csv,classified_csv,33275,37d240384d27074160c6b2e25b7bd2c69c2e73559179ef03cd642d6e8caea66d
by_dataset\cnn\svhn\flora\unspecified\correct\alpha_0.4\svhn_dirichlet_0_4_rank_correct_flora_-train-20260813_123602-05b21712ac0a3e48.csv,classified_csv,33581,16baf704c15b67ce8c74ee52e1ebf83f5344c747e685c0b7dea329d34ea37542
by_dataset\cnn\svhn\flora\unspecified\mismatch\alpha_0.4\svhn_dirichlet_0_4_rank_mismatch_flora_-train-20260814_072952-12f5759759b53a5a.csv,classified_csv,34333,09a7651c2ba937757ce04facddf27cc3afe8fa47ccf0800cf9ac57d1c6d8ec2c
by_dataset\cnn\svhn\rbla\standard\correct\alpha_0.4\svhn_dirichlet_0_4_rank_correct_rbla_-train-20260807_195917-0b565d8702592757.csv,classified_csv,33487,a41fb2557310518a17b89176d1a2ea20c88d0660b848c84293e23825e6b88b9e
by_dataset\cnn\svhn\rbla\standard\mismatch\alpha_0.4\svhn_dirichlet_0_4_rank_mismatch_rbla_-train-20260810_231217-4d99bc5561c2136a.csv,classified_csv,33468,078a7fa2c44b17b853b453ba3356fbfe191a8a2be9cd15d1cf648236d450eeb1
by_dataset\cnn\svhn\rbla_plus\standard\correct\alpha_0.4\svhn_dirichlet_0_4_rank_correct_rbla_plus_-train-20260807_212758-c3111fc3a4d81dff.csv,classified_csv,42972,4994db9b302281f112dc98a88171e9255c3253551cee4eeba4975f3a4f52d0ae
by_dataset\cnn\svhn\rbla_plus\standard\mismatch\alpha_0.4\svhn_dirichlet_0_4_rank_mismatch_rbla_plus_-train-20260811_004052-c1bec1b6c8f18a26.csv,classified_csv,43015,78997767c0e29fddae9ff84af54cc8f48f7a1f04e91cce91293f40670e6152db
by_dataset\cnn\svhn\sp\standard\correct\alpha_0.4\svhn_dirichlet_0_4_rank_correct_sp_-train-20260807_225622-8d814a30b4392c8a.csv,classified_csv,33274,d79bfb5c48c7d9254f85ae24a7b030f9b74215e32fa979501f379c9d5ec44b8e
by_dataset\cnn\svhn\sp\standard\mismatch\alpha_0.4\svhn_dirichlet_0_4_rank_mismatch_sp_-train-20260811_020902-593b1885cf147c15.csv,classified_csv,33275,411590c2e910b6a468bd7f7099345bef1d40d54a1cf55b20532c5889972b9078
by_dataset\cnn\svhn\zeropadding\standard\correct\alpha_0.4\svhn_dirichlet_0_4_rank_correct_zeropadding_-train-20260808_002614-b65b524b2fc5d638.csv,classified_csv,33333,de4c85861afc533b18ae38f68499154a2237eebb7b64a39448875248d9da9fab
by_dataset\cnn\svhn\zeropadding\standard\mismatch\alpha_0.4\svhn_dirichlet_0_4_rank_mismatch_zeropadding_-train-20260811_033810-d7b8232662d0be29.csv,classified_csv,33313,4975fe90b6d53ca0d4f682282dc8c4ad13a615fae5f60b36670e6719a4f771ab
by_dataset\mnist_family\fmnist\flora\corrected\correct\alpha_0.4\fmnist_dirichlet_0_4_rank_correct_flora_correct_-train-20260815_211619-a561a27294353f72.csv,classified_csv,29967,05ae890c82dbe84725c005f7a46a03ee8b5dac10eccfa0d965e1d32a73058eec
by_dataset\mnist_family\fmnist\flora\corrected\medium\alpha_0.4\fmnist_dirichlet_0_4_rank_medium_flora_correct_-train-20260816_143347-6e406b1665ab6502.csv,classified_csv,29986,a0f862448ba3de287097bd86f7064ed733b1166005c4a8115b433f7834a4fb6b
by_dataset\mnist_family\fmnist\flora\corrected\mismatch\alpha_0.4\fmnist_dirichlet_0_4_rank_mismatch_cost_matched_flora_correct_-train-20260816_160822-96dbb4e55eb7d111.csv,classified_csv,29935,6e2beaae179f8a182795622b363c2911f66d54820ac9d69bb77488321bdc91cc
by_dataset\mnist_family\fmnist\flora\unspecified\correct\alpha_0.1\flora_-train-20260813_144533-53adceca81150f12.csv,classified_csv,30793,2b17d1161ee9a14e275b6cb055ba804147a269c37f0bd4101054e61b3c6269f7
by_dataset\mnist_family\fmnist\flora\unspecified\correct\alpha_0.1\flora_-train-20260813_151023-869bf6aa60e6ebc2.csv,classified_csv,29489,e5ad1bc2d88621a32f4ca813f5053bd778f4b725494ec73d93b1af17baab3e2b
by_dataset\mnist_family\fmnist\flora\unspecified\correct\alpha_0.1\flora_-train-20260813_153538-32ebe1b467de0a7e.csv,classified_csv,30609,f76a3121775537574b51d41b2bae523a359b375b9cee904baae4f358ecbf3660
by_dataset\mnist_family\fmnist\flora\unspecified\correct\alpha_0.4\flora_-train-20260813_160046-834f54e0214d8f5f.csv,classified_csv,29935,47a3e2969929bcea5b271eb2bb3be32be1a9be6e53cac74377def9332b4cf312
by_dataset\mnist_family\fmnist\flora\unspecified\correct\alpha_0.4\flora_-train-20260813_162549-4e52e5bbf019f2d6.csv,classified_csv,31256,13a2c34959bf6af8a110de2b12d2f9652068e751d6ec23973a4d214ab34e5bf1
by_dataset\mnist_family\fmnist\flora\unspecified\correct\alpha_0.4\flora_-train-20260813_165034-dc53722458792560.csv,classified_csv,29744,3771df200088c145e3d66b492a6db4637b8795c64fcede15732d22aad5c44759
by_dataset\mnist_family\fmnist\flora\unspecified\correct\alpha_0.4\fmnist_dirichlet_0_4_rank_correct_flora_-train-20260813_083416-c07216d3c25bfe52.csv,classified_csv,31072,30575aa07dcb3ca689c83f1c0872b233545298e627de345adb1091a37607612b
by_dataset\mnist_family\fmnist\flora\unspecified\correct\alpha_0.8\flora_-train-20260813_171510-2acbe56571a5880f.csv,classified_csv,29699,2b5eb6740e26fded49518dbb23c6407330a2da7a20620e8f01be2bb1138881b3
by_dataset\mnist_family\fmnist\flora\unspecified\correct\alpha_0.8\flora_-train-20260813_173949-669096f62aea820a.csv,classified_csv,29894,df5c46ddd7eabb40865633042d841859c9c5511fa7aac4a58fba16c475e9c91d
by_dataset\mnist_family\fmnist\flora\unspecified\correct\alpha_0.8\flora_-train-20260813_180433-04c4283453305ae2.csv,classified_csv,30912,66ff9bcf774894a816ec73430243f16cbb6b8d58e8fffd13ac73c8594e72feda
by_dataset\mnist_family\fmnist\flora\unspecified\medium\alpha_0.1\flora_-train-20260814_075637-8399f0d4caaa2d18.csv,classified_csv,30894,e1b8463656f3f430e31817098949bd82cc0c474610e800cc56906d3643002c69
by_dataset\mnist_family\fmnist\flora\unspecified\medium\alpha_0.1\flora_-train-20260814_082112-1cc5133397f5f871.csv,classified_csv,30701,97f877429c4da3d4b7e0427edbf72bfab9d497ed3bb5fdc54325e02ef5fcfc58
by_dataset\mnist_family\fmnist\flora\unspecified\medium\alpha_0.1\flora_-train-20260814_084607-be31f4e057798d4f.csv,classified_csv,29397,b525a0ddf879e35950c1355815b1264aa4a133dc442a720fe33ad7dbf4437abd
by_dataset\mnist_family\fmnist\flora\unspecified\medium\alpha_0.4\flora_-train-20260814_091147-d2086e68d1fbeac8.csv,classified_csv,31046,de9d0ac91f3475221fdc59d7b9a7f4d24878b09728a06b0184f37220d9ad636f
by_dataset\mnist_family\fmnist\flora\unspecified\medium\alpha_0.4\flora_-train-20260814_093731-8f6b3f9157ba2e73.csv,classified_csv,31256,fb77602823fca59dbf31cfdc37eb2963aa4909e2b35491b074315dd6d2833834
by_dataset\mnist_family\fmnist\flora\unspecified\medium\alpha_0.4\flora_-train-20260814_100221-ce64b2786a773016.csv,classified_csv,31057,35207da65b8df62597bcdb38bb4d4eb5554b7ac44af22c9cd8773e2002844de4
by_dataset\mnist_family\fmnist\flora\unspecified\medium\alpha_0.4\fmnist_dirichlet_0_4_rank_medium_flora_-train-20260814_015323-9ab9f2e2a99d9c54.csv,classified_csv,31071,fff813ca1dd72db641133dc748b9e0297ff109890c6ee971398d9aff0d1e0f41
by_dataset\mnist_family\fmnist\flora\unspecified\medium\alpha_0.8\flora_-train-20260814_102644-48a9947383a7a86f.csv,classified_csv,31214,827d43c1875816c88065b5c06ada5b7b0b118207c6dfff2377ab6fc7899969d8
by_dataset\mnist_family\fmnist\flora\unspecified\medium\alpha_0.8\flora_-train-20260814_105130-d6fae66f2f7159a4.csv,classified_csv,31106,073110d2a4005f058d66ae1e5ffda8b3c002c527a31f30b34d56a8db1869db78
by_dataset\mnist_family\fmnist\flora\unspecified\medium\alpha_0.8\flora_-train-20260814_111610-176f46870e6dba45.csv,classified_csv,30609,1cd86d0b3998e72e70debc8a86043a1e71bfdb3d3085d882726c6192dc8e80d3
by_dataset\mnist_family\fmnist\flora\unspecified\mismatch\alpha_0.1\flora_-train-20260815_012850-6e0d733f2de64a6e.csv,classified_csv,30086,1d16da23f90eb8463b2f7e7182cecb4bc91c99a2d71b4c0dcedca4061825061a
by_dataset\mnist_family\fmnist\flora\unspecified\mismatch\alpha_0.1\flora_-train-20260815_015244-6ddebcb8a7bddc1d.csv,classified_csv,29388,ebdb6e29fde12ef31315d1ae93a84a04ac144a17ec84ed711be218a0e7492448
by_dataset\mnist_family\fmnist\flora\unspecified\mismatch\alpha_0.1\flora_-train-20260815_021657-ade9a0040f68413d.csv,classified_csv,30104,f961e52359e4ac7d22e60a70c6e506ee1a31a51b8aea4841757cba54a50d5e78
by_dataset\mnist_family\fmnist\flora\unspecified\mismatch\alpha_0.4\flora_-train-20260815_024143-bbdca3b79140a563.csv,classified_csv,30945,2b96912fc1395c36fcdc69090cd8445af0372ed2307986762394090593297eb7
by_dataset\mnist_family\fmnist\flora\unspecified\mismatch\alpha_0.4\flora_-train-20260815_030600-4342f752ea0d5b74.csv,classified_csv,31155,1381f102e856378184f083a79ee68ba541026d2c2f72218e21a6957a874dadaa
by_dataset\mnist_family\fmnist\flora\unspecified\mismatch\alpha_0.4\flora_-train-20260815_033034-e27c610df53b02c2.csv,classified_csv,31360,011ba43ce420b0a6b4e0062e80b1183bf80b39c816c6b6d194ee03bfa0dca771
by_dataset\mnist_family\fmnist\flora\unspecified\mismatch\alpha_0.4\fmnist_dirichlet_0_4_rank_mismatch_cost_matched_flora_-train-20260814_032801-1d03d63b3e4c7b06.csv,classified_csv,30884,5450fcd11941d6fe565c33d88264b0d614f081411c3af57aae499a9122179e38
by_dataset\mnist_family\fmnist\flora\unspecified\mismatch\alpha_0.8\flora_-train-20260815_035432-54c419f0aa6a793d.csv,classified_csv,30911,0b24f94c517e7e4842cde6aaf2e8641ccfa59ab17b9643a004d99bc8a56acb24
by_dataset\mnist_family\fmnist\flora\unspecified\mismatch\alpha_0.8\flora_-train-20260815_041916-a4a520808cd292f9.csv,classified_csv,30601,97928564713d88e55ca444967e0ddc8d1fac1cc93d1fbe88af1b983b431bb13c
by_dataset\mnist_family\fmnist\flora\unspecified\mismatch\alpha_0.8\flora_-train-20260815_044415-f6857ca7ef1558c2.csv,classified_csv,31013,1a997c78411e27a49d7680aae8822b1f76724a45c87447305b5613a943ee7a6c
by_dataset\mnist_family\fmnist\rbla\standard\correct\alpha_0.1\rbla_-train-20260803_221329-384a8f814729c96e.csv,classified_csv,30123,7ffb030467abc8cf51bb9b94e042e5bc1da0e5212c646e6e1d9f80d0043b6307
by_dataset\mnist_family\fmnist\rbla\standard\correct\alpha_0.1\rbla_-train-20260803_235155-d742dd712c67e134.csv,classified_csv,30206,6d298ec4f57b2f0da551253fdc6de0908bca03e6694c9a792bdee30c89f14306
by_dataset\mnist_family\fmnist\rbla\standard\correct\alpha_0.1\rbla_-train-20260804_013233-c2883d08b42d2df1.csv,classified_csv,30319,acfa902893e88e0125af1358d76cf3e00a53cb1c73a6c35ec6edfa405d9ba0ad
by_dataset\mnist_family\fmnist\rbla\standard\correct\alpha_0.4\rbla_-train-20260804_031206-5c3b541ed05829ec.csv,classified_csv,30364,037a35d4337c84a667530d643738bf7fafd9fa942c23dda96e21c6e2bfc1d9a3
by_dataset\mnist_family\fmnist\rbla\standard\correct\alpha_0.4\rbla_-train-20260804_045208-c1104e7a075e4296.csv,classified_csv,30503,849db876bdd2aed35054fb04430ef91754a730a0c1ca176eec93ee6bace9d25b
by_dataset\mnist_family\fmnist\rbla\standard\correct\alpha_0.4\rbla_-train-20260804_063246-0eb520ecc037d681.csv,classified_csv,30585,f9e880f44c63f9af25708d071f2f6eb6939da6a764230ca509bd0db8c77dca9b
by_dataset\mnist_family\fmnist\rbla\standard\correct\alpha_0.8\rbla_-train-20260804_081229-cc8ab29407664efd.csv,classified_csv,30235,8dcb40aeb17fda6fcc64a907c7cde34d0adf01fcb249cd002f8ed63fbb715fb4
by_dataset\mnist_family\fmnist\rbla\standard\correct\alpha_0.8\rbla_-train-20260804_095110-87ec5e5764f490d1.csv,classified_csv,30189,9f27916d05b301a9ff23926ebeea74da06ee965a68d22cec47388dea61d000fd
by_dataset\mnist_family\fmnist\rbla\standard\correct\alpha_0.8\rbla_-train-20260804_113058-14806cc4f2883e44.csv,classified_csv,30385,2b33783e5bd45c4b7b6834b6fa0583347ae56ce76ac43ec02ef9fb10cf183dee
by_dataset\mnist_family\fmnist\rbla\standard\medium\alpha_0.1\rbla_-train-20260806_185452-8c21e7dad1733789.csv,classified_csv,30131,36dc4758245d404487d69db15bc7233a7653027963d8656448d5f7754b0e088f
by_dataset\mnist_family\fmnist\rbla\standard\medium\alpha_0.1\rbla_-train-20260806_203626-da79aa21b0f72e00.csv,classified_csv,30175,932dc913c3a49d1054cc6cf448fe4bdb269b6ae285ae2d3d9d0fd6dd772961c3
by_dataset\mnist_family\fmnist\rbla\standard\medium\alpha_0.1\rbla_-train-20260806_221743-fb49787e410df91f.csv,classified_csv,30281,a45e05a06e25322a8519b39c50c8b818d7e3e66d173587990beec5165f5d12bb
by_dataset\mnist_family\fmnist\rbla\standard\medium\alpha_0.4\rbla_-train-20260806_235811-0e4a914cf0e80307.csv,classified_csv,30381,3a793a39b1518c9f485601a265fb7219bb7fe84536ef92f9dcd5840feba900be
by_dataset\mnist_family\fmnist\rbla\standard\medium\alpha_0.4\rbla_-train-20260807_013824-5858b27abe68d62e.csv,classified_csv,30488,8c4d391675d77706c50133db3aff74b72f69054c31dc94c7e4e9363ec4981192
by_dataset\mnist_family\fmnist\rbla\standard\medium\alpha_0.4\rbla_-train-20260807_032113-6c62c3c2b155c1a8.csv,classified_csv,30692,4fcf5e2116d1db24a9fe8e6e8c0cb9fa3431da86896f4141250ce745fadd1d1b
by_dataset\mnist_family\fmnist\rbla\standard\medium\alpha_0.8\rbla_-train-20260807_050205-54c15a5daa1c897d.csv,classified_csv,30153,26a99a83a4d4a0b95d13828f86e689fe5b4651a4b7b5d61ed9f1785581488f73
by_dataset\mnist_family\fmnist\rbla\standard\medium\alpha_0.8\rbla_-train-20260807_064206-f3b88bbcf8d2c279.csv,classified_csv,30219,d6abc60a5d38e2015a4ed1bc2ffe0371e243f61c178734886b8b73e503c03e7a
by_dataset\mnist_family\fmnist\rbla\standard\medium\alpha_0.8\rbla_-train-20260807_082203-59a516739209c689.csv,classified_csv,30223,29c3062956458920b944d12cd5794b9796b83aa979a1c51e2c33c4b7172763a7
by_dataset\mnist_family\fmnist\rbla\standard\mismatch\alpha_0.1\rbla_-train-20260809_160254-d662c4e434125ae5.csv,classified_csv,30255,89152adafed9484e3e772aecddd63d0eb3edbf3f87099f19d963fcdf69dcf030
by_dataset\mnist_family\fmnist\rbla\standard\mismatch\alpha_0.1\rbla_-train-20260809_174211-5e7f860786ac3e81.csv,classified_csv,30154,f6018a0f6fbc52f6467562f12ad0addf0c2d9ab06407a720fad12bd0af5f98e7
by_dataset\mnist_family\fmnist\rbla\standard\mismatch\alpha_0.1\rbla_-train-20260809_192042-78de4893fa515f74.csv,classified_csv,30318,c4215dbf8b089541cc87479fe3756f4dbbcb361ecc69476da44b72a56dbf618e
by_dataset\mnist_family\fmnist\rbla\standard\mismatch\alpha_0.4\rbla_-train-20260809_210052-8d49ec1104a64fc4.csv,classified_csv,30434,41dd4aee5418f5ba976511adad097972645dc66e764122b34ab71c406e1041d3
by_dataset\mnist_family\fmnist\rbla\standard\mismatch\alpha_0.4\rbla_-train-20260809_224013-bf4e600e965250f8.csv,classified_csv,30432,fa16297c1639c33a3f0f0edec3a727e3eb67543b617cd6fbbaa01f9bcfb93a3d
by_dataset\mnist_family\fmnist\rbla\standard\mismatch\alpha_0.4\rbla_-train-20260810_002023-b8b36d7583fc2d1a.csv,classified_csv,30560,e107ae7d84e58b691435c1d45cf5cd11a28b31e126417e0945086c0cb313a14f
by_dataset\mnist_family\fmnist\rbla\standard\mismatch\alpha_0.8\rbla_-train-20260810_015903-02e536a05d5a5091.csv,classified_csv,30238,2630210fda9c7d03c617217ddcfec9f62ed578f2d1b2128c30f6d2286030ca67
by_dataset\mnist_family\fmnist\rbla\standard\mismatch\alpha_0.8\rbla_-train-20260810_033903-14cf32ff2fb62ae0.csv,classified_csv,30227,be96cfb081fef2557e27d785b94917ec9af69301608d93cc14d3e7a278a4a71e
by_dataset\mnist_family\fmnist\rbla\standard\mismatch\alpha_0.8\rbla_-train-20260810_051943-1b3d1e0ed1f4f797.csv,classified_csv,30303,a01f3e64d388922aadf4125677fba8f0e1945dc9e77bafce55fa0ac541105eb7
by_dataset\mnist_family\fmnist\rbla_plus\standard\correct\alpha_0.1\rbla_plus_-train-20260803_223725-2cdd2467fad8c92e.csv,classified_csv,41250,622e6cb9bfeac4308ec3fa14720d883bb2065a849b991878961a77a611db28ad
by_dataset\mnist_family\fmnist\rbla_plus\standard\correct\alpha_0.1\rbla_plus_-train-20260804_001719-36a5b58cc6215504.csv,classified_csv,41352,770e88af97aac1272a6a92e451e7c2e25b230f7a76c5472e7e6e0821ecc25271
by_dataset\mnist_family\fmnist\rbla_plus\standard\correct\alpha_0.1\rbla_plus_-train-20260804_015734-2cc1e375d4970ca5.csv,classified_csv,41344,29f2bde6f72e0a308c026c499dcd07fac30f274426472913a83989d2ccf78cb7
by_dataset\mnist_family\fmnist\rbla_plus\standard\correct\alpha_0.4\rbla_plus_-train-20260804_033700-e88ed182035df842.csv,classified_csv,41508,94c95d92c3ea261b80d2eeb43e36d6158f3f588da5bdba68bf9c9b114cb2567d
by_dataset\mnist_family\fmnist\rbla_plus\standard\correct\alpha_0.4\rbla_plus_-train-20260804_051742-ca4aed633eb4b28b.csv,classified_csv,41488,b363e40e8e9d2d372ed964945fe43f50379bcfac44b4b5de7fef25ce11a25a5d
by_dataset\mnist_family\fmnist\rbla_plus\standard\correct\alpha_0.4\rbla_plus_-train-20260804_065736-4edd9c141640f984.csv,classified_csv,41715,736952eab73d7ffc10819e1f903e8dcedddc7ebf8532f48da1bacc5fcffa67fd
by_dataset\mnist_family\fmnist\rbla_plus\standard\correct\alpha_0.8\rbla_plus_-train-20260804_083706-258838b518b1f62b.csv,classified_csv,41414,30e8c84f7bfaf616ef0800d41359560be036d40724d49129a37db30f4052ebac
by_dataset\mnist_family\fmnist\rbla_plus\standard\correct\alpha_0.8\rbla_plus_-train-20260804_101616-d2caa62ad92db3e1.csv,classified_csv,41384,af1109a63408d26fc3f8d5f8e4fe59efa01ba8feebf3ae3f98b04124b549c6cb
by_dataset\mnist_family\fmnist\rbla_plus\standard\correct\alpha_0.8\rbla_plus_-train-20260804_115543-0ee6649cac1e5974.csv,classified_csv,41472,3f88d87436202cded2e7d8b738e6b088f7f143c027c64a8d5d2dc2f3d6b89265
by_dataset\mnist_family\fmnist\rbla_plus\standard\medium\alpha_0.1\rbla_plus_-train-20260806_192041-35a4bff61cd9b4d2.csv,classified_csv,41524,dafaec891ee1bb774ccd0eb072e319da817b2b968ed73438b37ee5ae7f68611c
by_dataset\mnist_family\fmnist\rbla_plus\standard\medium\alpha_0.1\rbla_plus_-train-20260806_210138-b875702d537ba732.csv,classified_csv,41402,6861c52a425d24b1e8eb2d0aa763b7e8f7bfde0fdc52c48b8651d9ee8f59a2ea
by_dataset\mnist_family\fmnist\rbla_plus\standard\medium\alpha_0.1\rbla_plus_-train-20260806_224257-07a99f15707a6a6b.csv,classified_csv,41480,e2554c3fd3c6048b52acf771131025144c24d562098d01adc5f5927c04c2dd59
by_dataset\mnist_family\fmnist\rbla_plus\standard\medium\alpha_0.4\rbla_plus_-train-20260807_002332-b8d349afa186fe88.csv,classified_csv,39784,e442a86731508338e5f4613b94c34bea7bdd91d3489226ef841631cadb0ee3bf
by_dataset\mnist_family\fmnist\rbla_plus\standard\medium\alpha_0.4\rbla_plus_-train-20260807_020323-2bd5bbf81848a475.csv,classified_csv,41715,fc4ca4b77210b3adb435db68a439e905cf986389585c5651d0356fe72729f270
by_dataset\mnist_family\fmnist\rbla_plus\standard\medium\alpha_0.4\rbla_plus_-train-20260807_034628-d0b0e9463dabf9aa.csv,classified_csv,41841,55343f45e6fcdf172f148ca3a760a1a8c4b514b3f18de30b8f87c4b47d0b57a9
by_dataset\mnist_family\fmnist\rbla_plus\standard\medium\alpha_0.8\rbla_plus_-train-20260807_052654-e7e5125e7183dc22.csv,classified_csv,41218,fe17abfa1ade78bde219ffb53c03df116898eedd001191582f5207394fddb9c3
by_dataset\mnist_family\fmnist\rbla_plus\standard\medium\alpha_0.8\rbla_plus_-train-20260807_070712-9dada89394111576.csv,classified_csv,41360,71d5dfc972f4e9721bbf1b38c45a86b494e97c5ae908eb9488ddb99caabaacba
by_dataset\mnist_family\fmnist\rbla_plus\standard\medium\alpha_0.8\rbla_plus_-train-20260807_084709-b5e5d2ef55ccceaa.csv,classified_csv,41449,619ac56857aaa760cd2ab07fb1be334682a286cf5630d3205c6de29930dc47f3
by_dataset\mnist_family\fmnist\rbla_plus\standard\mismatch\alpha_0.1\rbla_plus_-train-20260809_162734-d6ff68146cc9d015.csv,classified_csv,41488,8d4e6797e8e6c9d5364b098534292dd65a4cf3897370c3bf063a50e8c1d443d7
by_dataset\mnist_family\fmnist\rbla_plus\standard\mismatch\alpha_0.1\rbla_plus_-train-20260809_180708-c674136a8b11bdd1.csv,classified_csv,41568,5acb50e3f1bd3b8656aad0c7185532d2d14d0aa34fea220d6d4a0df9737133cb
by_dataset\mnist_family\fmnist\rbla_plus\standard\mismatch\alpha_0.1\rbla_plus_-train-20260809_194530-08680ffd8ebb8b40.csv,classified_csv,41551,80c42681d2cb2b95aacba9ef467870068c4e95396aa06dcdd42b45cbc8885237
by_dataset\mnist_family\fmnist\rbla_plus\standard\mismatch\alpha_0.4\rbla_plus_-train-20260809_212548-3a5e411dd85b5c62.csv,classified_csv,41650,12bff2960589fc143b0e197bc2c16436546d1f4549a134f4add764a71d94e14e
by_dataset\mnist_family\fmnist\rbla_plus\standard\mismatch\alpha_0.4\rbla_plus_-train-20260809_230530-90ed46e561cb3f8d.csv,classified_csv,41447,071af8296d2c715029883e14ad20689441c8809893065f63636c8db095ade4a4
by_dataset\mnist_family\fmnist\rbla_plus\standard\mismatch\alpha_0.4\rbla_plus_-train-20260810_004519-3535a0f866087a06.csv,classified_csv,41894,832bd53d85f5c33359912ce13ab6bdbd35d547103f8498dfac05d90563af1c45
by_dataset\mnist_family\fmnist\rbla_plus\standard\mismatch\alpha_0.8\rbla_plus_-train-20260810_022341-0db5f915296f1c93.csv,classified_csv,41551,8d65e7b5177eb7714c2ca5f72603f52c1e304627fd2c1f2e60e6576f0bd7cc57
by_dataset\mnist_family\fmnist\rbla_plus\standard\mismatch\alpha_0.8\rbla_plus_-train-20260810_040414-01e1039d3eb35c0c.csv,classified_csv,41493,307cf85d880a5ec8929496843f3fd776e35c67ed1759cda74600882082661a45
by_dataset\mnist_family\fmnist\rbla_plus\standard\mismatch\alpha_0.8\rbla_plus_-train-20260810_054415-e091ea2384f7d08b.csv,classified_csv,39535,750987f369d53f9adc91aab533365a93efc2e6efd1c1e1d28427ddfb579414cc
by_dataset\mnist_family\fmnist\sp\standard\correct\alpha_0.1\sp_-train-20260803_230139-9022f16e0b4cb87a.csv,classified_csv,29782,8dc939cc362dfcbaa76f10fc669da1d96ab276b3f36623ae4d8633dfe9fdbfcd
by_dataset\mnist_family\fmnist\sp\standard\correct\alpha_0.1\sp_-train-20260804_004228-dd6ec1fb3705c700.csv,classified_csv,28178,46c6a06c42a1103d9b4e479be2413f967fb41a0ad5b14f5af4c359a6a80e8c19
by_dataset\mnist_family\fmnist\sp\standard\correct\alpha_0.1\sp_-train-20260804_022238-842dcfb0cb827a21.csv,classified_csv,29077,8105210e28fe810484379bc3d9f06f1f1fbfd8ea339f75f6cbfb9a0f9c797b60
by_dataset\mnist_family\fmnist\sp\standard\correct\alpha_0.4\sp_-train-20260804_040209-f8583bd25e8f00a9.csv,classified_csv,27341,7e6306bbd429696b60364472bc37409a2148d86df7c32e2afadcc0df80ab10b0
by_dataset\mnist_family\fmnist\sp\standard\correct\alpha_0.4\sp_-train-20260804_054307-221e40dcc16250a9.csv,classified_csv,30222,641ee85ae70f409ed524fef1725e373ae1a4b0ce34c56f26ed18343d84aa356a
by_dataset\mnist_family\fmnist\sp\standard\correct\alpha_0.4\sp_-train-20260804_072318-92285def19b17e2a.csv,classified_csv,27672,69e9c6abb5cd44344a7d54256359602d674ced3d2d20d7e6ca337463d68b1c80
by_dataset\mnist_family\fmnist\sp\standard\correct\alpha_0.8\sp_-train-20260804_090123-a8bc679caf6e6225.csv,classified_csv,29474,9fcc470251fbadb34e2c4e5b94ee24877613d24c58b31354826d442effc2bdf3
by_dataset\mnist_family\fmnist\sp\standard\correct\alpha_0.8\sp_-train-20260804_104108-d2edc45f8b8b15f6.csv,classified_csv,29777,a1107b6e05f67915eebbce0f0ca7a1beb47a09baa9e104b78c2ffabc184439e0
by_dataset\mnist_family\fmnist\sp\standard\correct\alpha_0.8\sp_-train-20260804_122051-cdeb751cab84bd4c.csv,classified_csv,29304,f5246a32885f5eeb362bc51893fcc7e2243f1281ebe25861f76faa37035cc8b8
by_dataset\mnist_family\fmnist\sp\standard\medium\alpha_0.1\sp_-train-20260806_194612-dc21c9338cf00159.csv,classified_csv,29863,85c29ef1131e2ae184b67673ac0e72efe07366d1a7e1948e5d3574b6b31569a5
by_dataset\mnist_family\fmnist\sp\standard\medium\alpha_0.1\sp_-train-20260806_212737-46d5f822196454bc.csv,classified_csv,27772,78edf080fbc8ac326ef9d03dca3bb3680d2d567a0243888c72d9d27357e68e6f
by_dataset\mnist_family\fmnist\sp\standard\medium\alpha_0.1\sp_-train-20260806_230805-8f73a809fa4fc3f3.csv,classified_csv,29955,bb720522a8363db2c8e852b8b8f7fbb55fec9665d6d14ca87f08df5f38399511
by_dataset\mnist_family\fmnist\sp\standard\medium\alpha_0.4\sp_-train-20260807_004825-6a0d479e06e86d28.csv,classified_csv,27553,22186349bf3bb19318f6554ffa2d5fc35f1e7a0b1bfc689c6495a78ed6dcc850
by_dataset\mnist_family\fmnist\sp\standard\medium\alpha_0.4\sp_-train-20260807_022954-88d53b593a680ea4.csv,classified_csv,30119,aa4f2c065584be2db29d246f16389f3e3b5deb86fdf01b8c8b173ea520362673
by_dataset\mnist_family\fmnist\sp\standard\medium\alpha_0.4\sp_-train-20260807_041116-b2cc964602946a46.csv,classified_csv,28460,d81ea70899677dc21669bf4448fb72c5aaedb01e504c656f092bf6705fe482f1
by_dataset\mnist_family\fmnist\sp\standard\medium\alpha_0.8\sp_-train-20260807_055217-953ac0eb60ae406a.csv,classified_csv,29460,e9af81a74919e76f620494fb97f16fab042f70d2bb2db2e98ae00d9c2a12aa5d
by_dataset\mnist_family\fmnist\sp\standard\medium\alpha_0.8\sp_-train-20260807_073157-bef0c62d2e3bf8c6.csv,classified_csv,29908,989d2d925af170b7a9e3f79fdd7c80288342ba9f28273109206c3e3e8a8431e0
by_dataset\mnist_family\fmnist\sp\standard\medium\alpha_0.8\sp_-train-20260807_091149-320032a989319770.csv,classified_csv,26427,44d2242f59f89df75c43a9f07d00270e87210a81ed467d7c2bd44236c2034408
by_dataset\mnist_family\fmnist\sp\standard\mismatch\alpha_0.1\sp_-train-20260809_165223-cbeaf3078d0a972c.csv,classified_csv,29902,f8cbff264dfa196589d77c886e2f7f1bcedb5e822360d1e59171c93b0b1b1de0
by_dataset\mnist_family\fmnist\sp\standard\mismatch\alpha_0.1\sp_-train-20260809_183152-bb38f8fcce345e63.csv,classified_csv,27558,798b68343a8e43edd3d0d874f452773e0881eaacfdc15b139516cd0ddf97e4b4
by_dataset\mnist_family\fmnist\sp\standard\mismatch\alpha_0.1\sp_-train-20260809_201029-0d51657bc7a375d8.csv,classified_csv,29851,34717181ec92b2492ec57a0946f54e841685d44584d95602c63de9729c60988a
by_dataset\mnist_family\fmnist\sp\standard\mismatch\alpha_0.4\sp_-train-20260809_215051-8eb7cf8a0922822f.csv,classified_csv,27017,98445bbc698484b495aa2acb40285e80286f339e8181ec3fec8777ddbca03f26
by_dataset\mnist_family\fmnist\sp\standard\mismatch\alpha_0.4\sp_-train-20260809_233043-7e3e4c8f1f8007cc.csv,classified_csv,30068,b09f162398c9ca7f45dca1adf7b5e7a285b96b2a5cf79583c5403ac962d01f69
by_dataset\mnist_family\fmnist\sp\standard\mismatch\alpha_0.4\sp_-train-20260810_011019-674b4785b2a8550a.csv,classified_csv,28471,bf4010f8610266e0424edaa14c552bc5ef95d34d0be64a6495cad7751d094290
by_dataset\mnist_family\fmnist\sp\standard\mismatch\alpha_0.8\sp_-train-20260810_024850-081b3427f01c1f45.csv,classified_csv,29552,01e255693182320755c867028bbce7758f6aa83d8e19ea0ada3febf21f7dafc4
by_dataset\mnist_family\fmnist\sp\standard\mismatch\alpha_0.8\sp_-train-20260810_042950-081417b59408fb24.csv,classified_csv,30006,853f80503bd76d34f4519051ef378ed6836721518136e6fe10f2fbd92869fffd
by_dataset\mnist_family\fmnist\sp\standard\mismatch\alpha_0.8\sp_-train-20260810_060902-9d07c4afdbd50fa5.csv,classified_csv,28281,ac0ce8c21a80819c164d07f8be59d0b330d5a4e4e67889d68230418ff37385b1
by_dataset\mnist_family\fmnist\zeropadding\standard\correct\alpha_0.1\zeropadding_-train-20260803_232616-2b6157d42ecb05f0.csv,classified_csv,30121,aba2f1e48b533d68967d9d4a3a314c2e7ee3cb60810194f0ce5fa70c31e50fae
by_dataset\mnist_family\fmnist\zeropadding\standard\correct\alpha_0.1\zeropadding_-train-20260804_010745-7bd2fd7627f6fb59.csv,classified_csv,29944,8bdf44026fc5409521269ed7ab8b6b42573b5614dd19bb4e80a832302dea95d3
by_dataset\mnist_family\fmnist\zeropadding\standard\correct\alpha_0.1\zeropadding_-train-20260804_024736-1fab3b87b57d8028.csv,classified_csv,30059,da44093af955379a0b994156e781d36386268deb1061cf6a3438ebe73a0c4aae
by_dataset\mnist_family\fmnist\zeropadding\standard\correct\alpha_0.4\zeropadding_-train-20260804_042708-4031027cc113f219.csv,classified_csv,30200,7973e01206f33d0f5b6b8ac47c7a3915de37b43a8a9e79b0e00d818c603fa7b1
by_dataset\mnist_family\fmnist\zeropadding\standard\correct\alpha_0.4\zeropadding_-train-20260804_060825-54e0513b7f709415.csv,classified_csv,30252,43442dae23f88bc9ec51260006ede573d4535aeef71aae372e97386107a19488
by_dataset\mnist_family\fmnist\zeropadding\standard\correct\alpha_0.4\zeropadding_-train-20260804_074755-77023463fdf4121b.csv,classified_csv,30249,840b66411585e20801e337d9bd2e74ac22bb760b9f63f161aaf77517c307ec14
by_dataset\mnist_family\fmnist\zeropadding\standard\correct\alpha_0.8\zeropadding_-train-20260804_092613-045ee90774f3aa18.csv,classified_csv,30088,aa41748041844937aa409bafa54cb74b4a1d3a557fdcf00fc36b9a1aa5bd7f00
by_dataset\mnist_family\fmnist\zeropadding\standard\correct\alpha_0.8\zeropadding_-train-20260804_110605-befe769b6e85bc9d.csv,classified_csv,29911,f3f9cae32e59196ac2871bcf78c4f1c2fa009f59f6047717fc5007aa8c0809e0
by_dataset\mnist_family\fmnist\zeropadding\standard\correct\alpha_0.8\zeropadding_-train-20260804_124517-3a2a77ef998d0697.csv,classified_csv,29955,2b181353e2087ee9fb95f56c7c4f7d8ca2729d725fae819d2c48f2c6921c4951
by_dataset\mnist_family\fmnist\zeropadding\standard\medium\alpha_0.1\zeropadding_-train-20260806_201107-7bc6d88a8a8fb2ba.csv,classified_csv,29854,0b5fa23942da6439b1f64373bed3e39519a92359472831be98e41b4b073f4989
by_dataset\mnist_family\fmnist\zeropadding\standard\medium\alpha_0.1\zeropadding_-train-20260806_215259-7deff78f34553e5b.csv,classified_csv,29981,ab3f1320106a071dcd93ab04c184fb7c4a315c50d4dd77eb80e33b5a7d174e2e
by_dataset\mnist_family\fmnist\zeropadding\standard\medium\alpha_0.1\zeropadding_-train-20260806_233326-8adf80671a5a819a.csv,classified_csv,30076,9ecb0c483ddaba80bcb061fb35883f11f72280e58f8ab552084e773acf90b860
by_dataset\mnist_family\fmnist\zeropadding\standard\medium\alpha_0.4\zeropadding_-train-20260807_011324-52b138e022bff93b.csv,classified_csv,30147,7a69773b5712dc5acf35a95f98bb13a3d5f616dc76989620188efd39479e2c02
by_dataset\mnist_family\fmnist\zeropadding\standard\medium\alpha_0.4\zeropadding_-train-20260807_025531-6c2330dbb7feca0d.csv,classified_csv,30188,b4397d2030b4b5eef5041382cebd313d97cfcf75e6dac281a786bea187a69d48
by_dataset\mnist_family\fmnist\zeropadding\standard\medium\alpha_0.4\zeropadding_-train-20260807_043659-4903fbbf1476d059.csv,classified_csv,30387,d0a175cca7a306f72fdd56ddb3de1b7cb3f5af2f8c95112aa19e5fe309128c28
by_dataset\mnist_family\fmnist\zeropadding\standard\medium\alpha_0.8\zeropadding_-train-20260807_061728-34577c26faac258b.csv,classified_csv,29999,54180f006dfdc946901e21404bf8795ab27e29a8633c987474561267e8541aa5
by_dataset\mnist_family\fmnist\zeropadding\standard\medium\alpha_0.8\zeropadding_-train-20260807_075707-c09ebd811d948189.csv,classified_csv,30116,bfd9b57d066756dbcce2f8053856b690cb4f62f9486e61a4beb0af7d01b1111f
by_dataset\mnist_family\fmnist\zeropadding\standard\medium\alpha_0.8\zeropadding_-train-20260807_093628-7be7bef331a74c07.csv,classified_csv,30049,ba0462fffc0c82f268a0ad0db69610e4ed59c9018fc58ea38df7d38aea9049aa
by_dataset\mnist_family\fmnist\zeropadding\standard\mismatch\alpha_0.1\zeropadding_-train-20260809_171704-18b47c6b562cbf92.csv,classified_csv,30088,bd7398321c0516cb335b1dbc626d9d633820477f800af397f7810ed67fdea063
by_dataset\mnist_family\fmnist\zeropadding\standard\mismatch\alpha_0.1\zeropadding_-train-20260809_185604-20efccd984aa3fc5.csv,classified_csv,29963,954fc6ae1541effe8d44ee32e00c04a9b5636f82933e13e2fbcd2e10032a46e9
by_dataset\mnist_family\fmnist\zeropadding\standard\mismatch\alpha_0.1\zeropadding_-train-20260809_203546-299a60522a55ae3d.csv,classified_csv,29969,89759893fc57319ade1103de5012a12e94689081705c23ef2ba5fa3f03b2893f
by_dataset\mnist_family\fmnist\zeropadding\standard\mismatch\alpha_0.4\zeropadding_-train-20260809_221539-d8403f528a1d2d0f.csv,classified_csv,30175,5db80b9b881c31e27ec3e65f5b5058fab53240899a74be2b24f355351d68847c
by_dataset\mnist_family\fmnist\zeropadding\standard\mismatch\alpha_0.4\zeropadding_-train-20260809_235537-f9e7d93bb96d6618.csv,classified_csv,30121,cbcf2d4186842c3589fcccc0c1b0cc84df55e6498f2b95260a08ba0499c28e91
by_dataset\mnist_family\fmnist\zeropadding\standard\mismatch\alpha_0.4\zeropadding_-train-20260810_013434-53e0f31eb14fb756.csv,classified_csv,30404,31048ea7d6e207a7f1a6714eb534f936e5b5114141503ba994e4555300e5cfeb
by_dataset\mnist_family\fmnist\zeropadding\standard\mismatch\alpha_0.8\zeropadding_-train-20260810_031356-deb35d26ae9f384e.csv,classified_csv,30103,ff703c6ae69a0e8ae129c0bb24a23293d181d5bd77cd300c235c80a482dcceb5
by_dataset\mnist_family\fmnist\zeropadding\standard\mismatch\alpha_0.8\zeropadding_-train-20260810_045507-0baa41e9640445cd.csv,classified_csv,30199,077a03d901b97b451beb3a8c467abe0744275b5c2aad3d9a76c4ca04b28800c0
by_dataset\mnist_family\fmnist\zeropadding\standard\mismatch\alpha_0.8\zeropadding_-train-20260810_063423-290a168c8846d15d.csv,classified_csv,29995,edf4d15c72dde76e33a2eddc97ec58dfe0aa36fea189c587d0a9a94564905214
by_dataset\mnist_family\kmnist\flora\corrected\correct\alpha_0.4\kmnist_dirichlet_0_4_rank_correct_flora_correct_-train-20260815_213656-8780e15d29877154.csv,classified_csv,30303,7d8a03ccad68acd371340e784ddea3bde965f16b2441d2a76afe11ff3d6ca544
by_dataset\mnist_family\kmnist\flora\corrected\medium\alpha_0.4\kmnist_dirichlet_0_4_rank_medium_flora_correct_-train-20260816_145426-424477d23624529a.csv,classified_csv,30194,29789e8496b8a66068d9953c2f8bff9a525021ba718b10276f50ddaf46ff04f9
by_dataset\mnist_family\kmnist\flora\corrected\mismatch\alpha_0.4\kmnist_dirichlet_0_4_rank_mismatch_cost_matched_flora_correct_-train-20260816_162900-8bf9547f8c1abb84.csv,classified_csv,30390,00f6ebce53444aabfcab7ffba3e83d1b31f6318774d74051504cd6ceb8d540c5
by_dataset\mnist_family\kmnist\flora\unspecified\correct\alpha_0.1\flora_-train-20260813_182913-5cbd9b42c1e1fbaf.csv,classified_csv,30995,5daf9364ab7621a5e04be737ef0ac4f929a090f7b651142a7fb2fb333388b733
by_dataset\mnist_family\kmnist\flora\unspecified\correct\alpha_0.1\flora_-train-20260813_185348-6e1153647473e537.csv,classified_csv,30499,c1a8d2d7c065d187dbfef121b9db1f5408e1b7e1e2ee1bc94039f3b1ca868698
by_dataset\mnist_family\kmnist\flora\unspecified\correct\alpha_0.1\flora_-train-20260813_191756-1829541689330e78.csv,classified_csv,29498,bd993911bc7f8d8c4e6c2a43fb84b1da49efaa56cf8a7f241b551d00d6bd6ad7
by_dataset\mnist_family\kmnist\flora\unspecified\correct\alpha_0.4\flora_-train-20260813_194206-a6a9c1b14793b370.csv,classified_csv,30743,4e42a29ee8c63ad271f136a850d42f7a82681a0cb3365393f4b5f4774c67ecdc
by_dataset\mnist_family\kmnist\flora\unspecified\correct\alpha_0.4\flora_-train-20260813_200632-5ec4b88d553c6097.csv,classified_csv,29943,5e90bfc5c4741a9b02b04915b5b999863d41d27aba89cac0e87853a56be708e5
by_dataset\mnist_family\kmnist\flora\unspecified\correct\alpha_0.4\flora_-train-20260813_203000-24799fc801c27800.csv,classified_csv,30047,f38dd0ee5868f80217bd73773e364885ae71182c8b633a880425136c3ca76ff2
by_dataset\mnist_family\kmnist\flora\unspecified\correct\alpha_0.4\kmnist_dirichlet_0_4_rank_correct_flora_-train-20260813_085443-3ddf35a744642ccf.csv,classified_csv,31273,f5fe3bf04cbe76ba8b1aba3e0e535d6ff4fe1000bbdb013b616eb3a45e68c7bc
by_dataset\mnist_family\kmnist\flora\unspecified\correct\alpha_0.8\flora_-train-20260813_205249-cb15ffe60062adfb.csv,classified_csv,31315,ec36b733d23ecf0b40bc81f3cf2a3f56c658be3551a55950acb9420e2c8dfcac
by_dataset\mnist_family\kmnist\flora\unspecified\correct\alpha_0.8\flora_-train-20260813_211611-1cdc1a8ac23bfdb3.csv,classified_csv,31106,806af3e7ca781c5d8253584e1817c6349ad681466c084ed3b3cabf5c035210ba
by_dataset\mnist_family\kmnist\flora\unspecified\correct\alpha_0.8\flora_-train-20260813_214007-45b8d1540f8c9195.csv,classified_csv,31114,bcfdbf87ce7fb8488445d455d6beb99018eacb9ddc3c1c427d052aa487ff1ec4
by_dataset\mnist_family\kmnist\flora\unspecified\medium\alpha_0.1\flora_-train-20260814_114038-0003cf1bbb042426.csv,classified_csv,31197,04da362f7f03e56bf712b2986b83ea252bd7eb25f5bb317fb03708f7def5f9e1
by_dataset\mnist_family\kmnist\flora\unspecified\medium\alpha_0.1\flora_-train-20260814_120526-c445e21885aa6a73.csv,classified_csv,30903,09cd326a1c63770d5779c03704c1a8aa3b18e4783eb5a9859628f455b63e5036
by_dataset\mnist_family\kmnist\flora\unspecified\medium\alpha_0.1\flora_-train-20260814_123002-3d989a4647736074.csv,classified_csv,30912,e53aef21e84b55ee91c3c902e09f276b9a6544fa8e858bf07176da3f6d0a6b7b
by_dataset\mnist_family\kmnist\flora\unspecified\medium\alpha_0.4\flora_-train-20260814_125537-7944e1f2181e4c39.csv,classified_csv,31349,c6504b981fc2430baf2727a2da2ed2f0bfdceb6bf033ae4006b3e47c5d246b6b
by_dataset\mnist_family\kmnist\flora\unspecified\medium\alpha_0.4\flora_-train-20260814_132103-9f472d1d92c96892.csv,classified_csv,31357,ea1adbf90304de835e32403b161c014a5189a1b79a12c901d8fc6cbb23379693
by_dataset\mnist_family\kmnist\flora\unspecified\medium\alpha_0.4\flora_-train-20260814_134637-135ae75b72cc8f05.csv,classified_csv,31461,3a453c9807a8fb6d4620971892fa301cebfc034be0d8a4e88661e6dca8bf7aa4
by_dataset\mnist_family\kmnist\flora\unspecified\medium\alpha_0.4\kmnist_dirichlet_0_4_rank_medium_flora_-train-20260814_021358-7f499170184688ef.csv,classified_csv,31373,00c2c1d9056853d950272a6f4b7d8337f61d8204c276b980b1f1c07f8ee5ad92
by_dataset\mnist_family\kmnist\flora\unspecified\medium\alpha_0.8\flora_-train-20260814_141205-960d9fe1d2ae462c.csv,classified_csv,30911,eb5bc09393aa242db208e5028191940fec377016fedbd08fde02789a6b48d486
by_dataset\mnist_family\kmnist\flora\unspecified\medium\alpha_0.8\flora_-train-20260814_143731-cb87e75283f0a3ec.csv,classified_csv,31207,e24b8d7f808ae410f84d7459f0030d4dcc589ff46b11f737beb2b7b1cfbb7a4b
by_dataset\mnist_family\kmnist\flora\unspecified\medium\alpha_0.8\flora_-train-20260814_150249-bd88af8daabede0a.csv,classified_csv,31215,131bb0ba437a8e994fcc55d29102721bf91912f43bb4c2e0afe6d6fe49a2bc77
by_dataset\mnist_family\kmnist\flora\unspecified\mismatch\alpha_0.1\flora_-train-20260815_050855-0f20824b35c7cd4d.csv,classified_csv,30995,04c76fb73ada29dc58a67c407aea2ffb8f39c4a4ea96a2c05051d3b42395299f
by_dataset\mnist_family\kmnist\flora\unspecified\mismatch\alpha_0.1\flora_-train-20260815_053314-c103bdb4c2476080.csv,classified_csv,30600,397507f3b2223d6a02c61e25247b081e5374e3305b0ea0794aad0c40904f88ad
by_dataset\mnist_family\kmnist\flora\unspecified\mismatch\alpha_0.1\flora_-train-20260815_055752-efa46eef7b82b031.csv,classified_csv,30912,dd90ca3163cc7c475e2cebf7788b1d39d4fefa88c0164f4f67adcf618d5f3987
by_dataset\mnist_family\kmnist\flora\unspecified\mismatch\alpha_0.4\flora_-train-20260815_062241-22f44cf9691f1c9d.csv,classified_csv,31349,d1bbaca59bedd5c9ffcc398e14606f3fdb8bc4ca36871fba55844aa0288e28bf
by_dataset\mnist_family\kmnist\flora\unspecified\mismatch\alpha_0.4\flora_-train-20260815_064816-c1120bde5bba6b66.csv,classified_csv,29640,f9e89ceea83052a9b80dd5436cfbedda2fb3e914bf348c40f1b5b1f8edadf7e0
by_dataset\mnist_family\kmnist\flora\unspecified\mismatch\alpha_0.4\flora_-train-20260815_071318-0a835c1ff629cf88.csv,classified_csv,30148,652431117b6598425601f5a694dd5640a1069f45e09325dda41bed2dbaf73811
by_dataset\mnist_family\kmnist\flora\unspecified\mismatch\alpha_0.4\kmnist_dirichlet_0_4_rank_mismatch_cost_matched_flora_-train-20260814_034829-257a295e3b87bdd1.csv,classified_csv,31287,43c801958edd9d161e59071a1cc29a0e7a6e3eada899ac93ab829812bd45bebb
by_dataset\mnist_family\kmnist\flora\unspecified\mismatch\alpha_0.8\flora_-train-20260815_073716-33e522e087e0fdc2.csv,classified_csv,29396,c1bc56bb98a33680cdb387a7eb2526ee342523bae72783f45dd48f66468648f7
by_dataset\mnist_family\kmnist\flora\unspecified\mismatch\alpha_0.8\flora_-train-20260815_080140-77e12531413e3a03.csv,classified_csv,29692,5951ccabe56657b695a7d339f1603a301fc24a246f1c3b051599c389763ea4f1
by_dataset\mnist_family\kmnist\flora\unspecified\mismatch\alpha_0.8\flora_-train-20260815_082642-87b3393cda7d1097.csv,classified_csv,29498,a245f8f8ba76ae1abf5cd8a102671a6f3974c6519b8a6ade0cb1b814e0ee6b28
by_dataset\mnist_family\kmnist\rbla\standard\correct\alpha_0.1\rbla_-train-20260804_130950-720909da1334cb13.csv,classified_csv,29654,18626f08c03e01b40e7b176873471f3ff0e75442cd14cd558d5897e4466d4c76
by_dataset\mnist_family\kmnist\rbla\standard\correct\alpha_0.1\rbla_-train-20260804_144918-f107a8bbf762320a.csv,classified_csv,30273,a3cb8c9e0a0200c4682e685ee04109d57aaad55e052be61e3284b1f94acdd3b3
by_dataset\mnist_family\kmnist\rbla\standard\correct\alpha_0.1\rbla_-train-20260804_163145-6c769aa0bfc9604d.csv,classified_csv,29550,bbe908494ca6c30a26ef101835eb003824ccb69dde4d02dbc4d2a15cd92177d0
by_dataset\mnist_family\kmnist\rbla\standard\correct\alpha_0.4\rbla_-train-20260804_181129-fc202b61870a1b45.csv,classified_csv,30433,051d6c38c575992e1c785086ffac525019343cd196df48e765ac6940314fc498
by_dataset\mnist_family\kmnist\rbla\standard\correct\alpha_0.4\rbla_-train-20260804_195058-5eedd6faf14d0271.csv,classified_csv,30602,340ca497c43bda04a29351585435172ca3c2d813fb93e1d1adbbad9f7ca70345
by_dataset\mnist_family\kmnist\rbla\standard\correct\alpha_0.4\rbla_-train-20260804_213428-38bf08c1e9b044cc.csv,classified_csv,30720,ab94c06c87d9b699aa49f2185feea03fb61d72503927c100a118a151d9d2ff7e
by_dataset\mnist_family\kmnist\rbla\standard\correct\alpha_0.8\rbla_-train-20260804_231750-cf9c652ca8c8e658.csv,classified_csv,30392,df33384dbaef331b7d1fcce5614a82e141d80aa139e9cd0a4697445e21e02ffa
by_dataset\mnist_family\kmnist\rbla\standard\correct\alpha_0.8\rbla_-train-20260805_005911-d1eeebd99198f483.csv,classified_csv,30372,c55c255d9929cd47925a3ae5cb73fed52f3d63281bb506ef3d00f59876bc114c
by_dataset\mnist_family\kmnist\rbla\standard\correct\alpha_0.8\rbla_-train-20260805_023852-54984d459f1f6a1b.csv,classified_csv,30375,7c8f679d532160a60b5a0e4755ab4f9f4e76d8cc2892f347667e1e74244b976d
by_dataset\mnist_family\kmnist\rbla\standard\medium\alpha_0.1\rbla_-train-20260807_100113-0a61a5debd83d810.csv,classified_csv,29677,ec53f89302642039482dc7948c171488e4b1509cc94fbe1d96de28ace64f9282
by_dataset\mnist_family\kmnist\rbla\standard\medium\alpha_0.1\rbla_-train-20260807_113937-3c04a8741d66cede.csv,classified_csv,30273,6058a49827f67e5e5093c3efc375f12c702560ced19e4bb1b8debc54cfe89ea9
by_dataset\mnist_family\kmnist\rbla\standard\medium\alpha_0.1\rbla_-train-20260807_131907-689bd3f9979c0c7a.csv,classified_csv,29516,207141fe6c2a8bd1166fe4eaea589760b557c926722b03a592ee5dace18661e0
by_dataset\mnist_family\kmnist\rbla\standard\medium\alpha_0.4\rbla_-train-20260807_145721-4677b0729f92fd34.csv,classified_csv,30368,b44ff9428ed96cc9bd582a23a64eb843ad4f19388c1bce0faeb103e6c7af9844
by_dataset\mnist_family\kmnist\rbla\standard\medium\alpha_0.4\rbla_-train-20260807_163634-b9113e432bff3bec.csv,classified_csv,30457,ffc46ad994f16d252fd21e6f0accb674d0f71b3a7867a1e18093bde221e6d691
by_dataset\mnist_family\kmnist\rbla\standard\medium\alpha_0.4\rbla_-train-20260807_181648-7b2bd4fd66650485.csv,classified_csv,30517,c7ee04de80d9909c23007431e541a35f15eeb63c0216b27ebdb0cb3d44fddff2
by_dataset\mnist_family\kmnist\rbla\standard\medium\alpha_0.8\rbla_-train-20260807_195526-373eb217291aa096.csv,classified_csv,30427,686c61f0f20ea78c73faf00b8ed8e655aebf1da3d29521931ea3124f5aa6502d
by_dataset\mnist_family\kmnist\rbla\standard\medium\alpha_0.8\rbla_-train-20260807_213356-0d0fe6ef65cecd41.csv,classified_csv,30359,9d001139b52a070db1c1eba0a999b45e42ad7af6afe28ea5813deea8490f879d
by_dataset\mnist_family\kmnist\rbla\standard\medium\alpha_0.8\rbla_-train-20260807_231415-662e44bdd992e2c8.csv,classified_csv,30322,a0c0aee8f236f4f4e39499dadb7f6ad6d02db5905af0b92c329270157f460c19
by_dataset\mnist_family\kmnist\rbla\standard\mismatch\alpha_0.1\rbla_-train-20260810_065905-e77d99c2c699449f.csv,classified_csv,30368,d9cc6939e86a65f150e87f2d3f043ca81435c2cd6c387638d276ceab66a05a8f
by_dataset\mnist_family\kmnist\rbla\standard\mismatch\alpha_0.1\rbla_-train-20260810_083818-03d7cad6bd0cd70b.csv,classified_csv,30252,e302ed11d2383a898c46be3921f6fab8b22f36fff1de00b1f528922730f2c744
by_dataset\mnist_family\kmnist\rbla\standard\mismatch\alpha_0.1\rbla_-train-20260810_101756-79ab88ffd0ec7ad2.csv,classified_csv,29564,3f22c0f4c2f2412ff6108e347f7dda6646726abaa701d813a2291cdb6bef1555
by_dataset\mnist_family\kmnist\rbla\standard\mismatch\alpha_0.4\rbla_-train-20260810_115638-c94f3fea339aab75.csv,classified_csv,30320,00a12b6dd1e1ef29a9721c19ac9c95d9b45e4aafdeb033e209fcba803f93b147
by_dataset\mnist_family\kmnist\rbla\standard\mismatch\alpha_0.4\rbla_-train-20260810_133455-81a2d5c8c4885610.csv,classified_csv,30564,6151088f98560cc06053290063a4567a023c8de2ab0f76c724d34d1f27047559
by_dataset\mnist_family\kmnist\rbla\standard\mismatch\alpha_0.4\rbla_-train-20260810_151107-f624468ee2530d78.csv,classified_csv,30650,f7acf0292077a80ddf09ab4e8aa8a557567fffc593980cb4f584703a30bcca2a
by_dataset\mnist_family\kmnist\rbla\standard\mismatch\alpha_0.8\rbla_-train-20260810_164936-a741170be53063ea.csv,classified_csv,30287,05d701e8eca995dacc5c0090b98b0eb2dcc6ce4dac7cef9ff326903b8991838e
by_dataset\mnist_family\kmnist\rbla\standard\mismatch\alpha_0.8\rbla_-train-20260810_182837-7672668431b97b88.csv,classified_csv,30224,dfa1688448d92c72fc2c2387026873c60e5e7f96493a0f3e29f1ea9e3b611f6a
by_dataset\mnist_family\kmnist\rbla\standard\mismatch\alpha_0.8\rbla_-train-20260810_200609-06b98bb15cf352c2.csv,classified_csv,30397,4ee8ed9a24a742b897af511b0f71992b31bb964205d32f3f59390c72154470be
by_dataset\mnist_family\kmnist\rbla_plus\standard\correct\alpha_0.1\rbla_plus_-train-20260804_133448-06c05e874d5647c9.csv,classified_csv,41403,828c7a693bf50d86155547050ff570e19f0010e7b38606c591a2ffeb358e0a46
by_dataset\mnist_family\kmnist\rbla_plus\standard\correct\alpha_0.1\rbla_plus_-train-20260804_151424-9982980cf617a4d5.csv,classified_csv,41474,7bf6d8af81faa7ea563dfda660c423a96b7fbe396af18c886b6755bf1cfe78b1
by_dataset\mnist_family\kmnist\rbla_plus\standard\correct\alpha_0.1\rbla_plus_-train-20260804_165648-777bc106a64f0771.csv,classified_csv,41376,3c2354edef329f100de2aee8eb65f2b801ce26c25f7b4eac60f88c3db60343d7
by_dataset\mnist_family\kmnist\rbla_plus\standard\correct\alpha_0.4\rbla_plus_-train-20260804_183646-0c6e39f4165083a0.csv,classified_csv,41728,ccb4bf472ef5cb4d06322425bde2f7aa6f3bc29ba8721d6cb29f6fcb1e731604
by_dataset\mnist_family\kmnist\rbla_plus\standard\correct\alpha_0.4\rbla_plus_-train-20260804_201549-e9f021fa43ebc103.csv,classified_csv,41676,106d35fc6e4efcd25cb1e10040c68cbbdc99e4405e53b038a02c2cf8015c7e12
by_dataset\mnist_family\kmnist\rbla_plus\standard\correct\alpha_0.4\rbla_plus_-train-20260804_220009-4356ea2ab574445e.csv,classified_csv,41696,8364f10fc3fe283f16658313fe11b568689df7bc51d75287c721821d2b1f194a
by_dataset\mnist_family\kmnist\rbla_plus\standard\correct\alpha_0.8\rbla_plus_-train-20260804_234239-1bf84eae15b355de.csv,classified_csv,41434,3debb42872327779bc36a72249a0ee01f432910a21e910c5f162ce6ceef9a233
by_dataset\mnist_family\kmnist\rbla_plus\standard\correct\alpha_0.8\rbla_plus_-train-20260805_012434-ea112c3920b8bdc2.csv,classified_csv,41442,c62b4f520178bc7c54e6913465bd9eae9bb91d29e51468ef863b9101d05aa1c3
by_dataset\mnist_family\kmnist\rbla_plus\standard\correct\alpha_0.8\rbla_plus_-train-20260805_030302-66240e143cad188b.csv,classified_csv,41499,47725a2981440e81f31dcf8be96bfbf91efc1491e1ba4d37b8db277f5b4e8b5c
by_dataset\mnist_family\kmnist\rbla_plus\standard\medium\alpha_0.1\rbla_plus_-train-20260807_102532-160caeb66b685ed2.csv,classified_csv,41581,07274ce3eda1140f80491bcf737ef347fe2f1c91a0e7883537eb435e13a4af1e
by_dataset\mnist_family\kmnist\rbla_plus\standard\medium\alpha_0.1\rbla_plus_-train-20260807_120422-0de09ac08f4f92e8.csv,classified_csv,39700,6d05aaa5f7bdf8f7aa45c9bc6fd58ad458b97ed1ac23fe600a6cd1f378f47859
by_dataset\mnist_family\kmnist\rbla_plus\standard\medium\alpha_0.1\rbla_plus_-train-20260807_134331-824b56f2524b649d.csv,classified_csv,41304,5570b214a1a9e58aa97cb953454040c82f44fed2beabb1ecb332905380ab071a
by_dataset\mnist_family\kmnist\rbla_plus\standard\medium\alpha_0.4\rbla_plus_-train-20260807_152207-64df0b7d985a20fd.csv,classified_csv,41566,fa189125dc813f28e59ae5efdac3e55c97aad4cc9f097c48735ce3093028dd8e
by_dataset\mnist_family\kmnist\rbla_plus\standard\medium\alpha_0.4\rbla_plus_-train-20260807_170120-4a7db00c53b6ecf2.csv,classified_csv,41807,96c4402db6a246374659e6337f8d055cb3e741aeb1d5f3b448bca2b866ae609e
by_dataset\mnist_family\kmnist\rbla_plus\standard\medium\alpha_0.4\rbla_plus_-train-20260807_184117-835c82141270945d.csv,classified_csv,41864,447db6dc4566517239173c20d34370ba6b32a8fcb6fdbf95f7fdd4c86daf35da
by_dataset\mnist_family\kmnist\rbla_plus\standard\medium\alpha_0.8\rbla_plus_-train-20260807_202009-0631bb99008ba5dd.csv,classified_csv,41495,e6390764608fa1c8aa7350314239c50116084d5bd7615572646de727afa990e1
by_dataset\mnist_family\kmnist\rbla_plus\standard\medium\alpha_0.8\rbla_plus_-train-20260807_215847-c59a5885a9c9b5bf.csv,classified_csv,41603,39f0d62015f05b4f5b0afb144ecf0e3833438d19f5f2449332946929e72ddce5
by_dataset\mnist_family\kmnist\rbla_plus\standard\medium\alpha_0.8\rbla_plus_-train-20260807_233917-0c35378309e67094.csv,classified_csv,41629,8793f28a490bb642565dc78fd22fb10791334d12b1b190019d8220cda1345a12
by_dataset\mnist_family\kmnist\rbla_plus\standard\mismatch\alpha_0.1\rbla_plus_-train-20260810_072356-e0a9d3fc378e39eb.csv,classified_csv,41653,c55824f668c41481ba740d7bfe02da0b75e6bfb090b0c26ef181cda475e79a53
by_dataset\mnist_family\kmnist\rbla_plus\standard\mismatch\alpha_0.1\rbla_plus_-train-20260810_090250-090360e8158b8346.csv,classified_csv,41480,147aab00118ec6b3a549925f39e2aa0607189d7592ffb4b3949c6529b7102db6
by_dataset\mnist_family\kmnist\rbla_plus\standard\mismatch\alpha_0.1\rbla_plus_-train-20260810_104241-b1ea301e43f297f8.csv,classified_csv,41303,3227436c3d908f17cf6d0eb8c153b7756ff7bb8a343c0543957a94f4efd48a91
by_dataset\mnist_family\kmnist\rbla_plus\standard\mismatch\alpha_0.4\rbla_plus_-train-20260810_122109-34624a5216cef24c.csv,classified_csv,41628,ac5a712e8ff41ade0c6c0c72be56a269ec37a770cfd7e72bfe258759d9cb4492
by_dataset\mnist_family\kmnist\rbla_plus\standard\mismatch\alpha_0.4\rbla_plus_-train-20260810_135909-d1fbb86730903e2b.csv,classified_csv,41632,5da72bd1970074092ba0e7275ac2e3bd4a298ea382e0e08d7a34717dca66e6d9
by_dataset\mnist_family\kmnist\rbla_plus\standard\mismatch\alpha_0.4\rbla_plus_-train-20260810_153536-7e80acae0c13e720.csv,classified_csv,41819,d323b2679a28eba75df7b3c276366f0646fef9e793f0379df9854336fed33ba1
by_dataset\mnist_family\kmnist\rbla_plus\standard\mismatch\alpha_0.8\rbla_plus_-train-20260810_171421-7dba87a045718b9e.csv,classified_csv,41446,bbbf5043b56526d8a3eb460cd20f94dcc0f37c65a93b5de5e0c56f61edea731f
by_dataset\mnist_family\kmnist\rbla_plus\standard\mismatch\alpha_0.8\rbla_plus_-train-20260810_185305-2ba774c8059ad9ac.csv,classified_csv,41478,afa58dc8073ef7df09b96fc4360782e98331b93f71f2854fd1daa271b5ce075c
by_dataset\mnist_family\kmnist\rbla_plus\standard\mismatch\alpha_0.8\rbla_plus_-train-20260810_203022-e18b0d6b066edea8.csv,classified_csv,41464,923d49823965fc1927325fd018954d8104c1b6f95de5e405753286c688aad46d
by_dataset\mnist_family\kmnist\sp\standard\correct\alpha_0.1\sp_-train-20260804_135940-357541ac29d4c287.csv,classified_csv,27962,40c4136e9b66d51c61e85511223fc2debf71c31e9fef9d5a3d748d431234f319
by_dataset\mnist_family\kmnist\sp\standard\correct\alpha_0.1\sp_-train-20260804_154001-f8a18556098c00ad.csv,classified_csv,26819,e13f90aaa7b83af81b20b474ad36272083e9b5eb0c3ca046b723a47cc31a2780
by_dataset\mnist_family\kmnist\sp\standard\correct\alpha_0.1\sp_-train-20260804_172159-255259d597323d0e.csv,classified_csv,27411,df97cac9c61f294bd8f882c870c22a2317fd2aa7d5f84f2b4d8b0a92c7e0c723
by_dataset\mnist_family\kmnist\sp\standard\correct\alpha_0.4\sp_-train-20260804_190147-ea6c77d48427c353.csv,classified_csv,25716,38ade9e46234569899bda416b65b62f641889158d7c71937293e03cb95b4878e
by_dataset\mnist_family\kmnist\sp\standard\correct\alpha_0.4\sp_-train-20260804_204204-41f925506d611b97.csv,classified_csv,30087,db73558d4ba236dde265671317449f7213ef883261c81d45982c424d7f86981f
by_dataset\mnist_family\kmnist\sp\standard\correct\alpha_0.4\sp_-train-20260804_222621-7f48d3b70f0e85e6.csv,classified_csv,26548,cd6de0ee8e4e3cd6c59b8c7a6160d7b9c4964e65d95f043df0c351f1dbf1210c
by_dataset\mnist_family\kmnist\sp\standard\correct\alpha_0.8\sp_-train-20260805_000801-cef185517f643572.csv,classified_csv,30228,d012ebdf7a937ce3d3ed2494fa9b523d0563ac348ded966f47400a68f32a96bf
by_dataset\mnist_family\kmnist\sp\standard\correct\alpha_0.8\sp_-train-20260805_014908-d7fd57e00ebc074e.csv,classified_csv,29839,da30af981c0193ef5e63b28b47f225f18f32e3365c36ae4cb248430fedef3bea
by_dataset\mnist_family\kmnist\sp\standard\correct\alpha_0.8\sp_-train-20260805_032719-e42a6061edcf26e0.csv,classified_csv,29189,de51dbb895ce7cbd89d88d4f61d2040cc7917085ad12a230346e24253a1ea03d
by_dataset\mnist_family\kmnist\sp\standard\medium\alpha_0.1\sp_-train-20260807_105044-572f1d0299a7806c.csv,classified_csv,29957,468b249fa61dbed99a83f3711d24c9101ee3e38edb474ac76279c94bea02451c
by_dataset\mnist_family\kmnist\sp\standard\medium\alpha_0.1\sp_-train-20260807_122910-dc2ea9eac06a6e51.csv,classified_csv,26903,809aaf70ba445103a4a8daad0db54aed8a473206b82d3460424eb93bd7ec9530
by_dataset\mnist_family\kmnist\sp\standard\medium\alpha_0.1\sp_-train-20260807_140756-7f47062a0200d1b5.csv,classified_csv,27566,ecd934fc584de5d1f92c5d56b862d4442f4eab9a9da6e36db826b4100cdf6034
by_dataset\mnist_family\kmnist\sp\standard\medium\alpha_0.4\sp_-train-20260807_154653-3c2fd878fc33a518.csv,classified_csv,26174,3bf32e8f743e8b9981f7966b039cb1b75df6609ebe7cd75b52acc2bee95487f0
by_dataset\mnist_family\kmnist\sp\standard\medium\alpha_0.4\sp_-train-20260807_172627-684b4fd2a15eb38b.csv,classified_csv,29490,5ea6f5fdf0ad6e156e89bbbb02005ea411b262cbee6bede95c377d08e7ad84a9
by_dataset\mnist_family\kmnist\sp\standard\medium\alpha_0.4\sp_-train-20260807_190535-3d44fdc9a7cd71b6.csv,classified_csv,27143,119a62ee39d10c46c131022f34c097b7817108c5e2e41ed9abfa5f7a31c7c3ec
by_dataset\mnist_family\kmnist\sp\standard\medium\alpha_0.8\sp_-train-20260807_204427-21c9907d8ff2cc67.csv,classified_csv,29793,8821bc499eb48b8ae7ce8845c0bb44cae481f9269201f9f95f66ae176dbcee8a
by_dataset\mnist_family\kmnist\sp\standard\medium\alpha_0.8\sp_-train-20260807_222410-d083085fd3baefcb.csv,classified_csv,29907,ee2a6a5bf6446ad9a1715ee1ddbeedc40cb6217cdd4ed5c2df533168c613a7d2
by_dataset\mnist_family\kmnist\sp\standard\medium\alpha_0.8\sp_-train-20260808_000426-31645b9c88b4a07c.csv,classified_csv,26841,1ed1a38d565cd63bdda01350a43d5bcb410af461809355473e3aceebec570a90
by_dataset\mnist_family\kmnist\sp\standard\mismatch\alpha_0.1\sp_-train-20260810_074841-c3ba28b3031bf3ce.csv,classified_csv,29404,90f16e51d4f8f1294eaa370b870b388038b638ed95bfb0f7d46a12b0e150219d
by_dataset\mnist_family\kmnist\sp\standard\mismatch\alpha_0.1\sp_-train-20260810_092734-5ad5ec04fd536418.csv,classified_csv,26979,66a0114422b9be425a97ac77e093d1ce85e75197fb4519f5aecab2c8b8cc99f9
by_dataset\mnist_family\kmnist\sp\standard\mismatch\alpha_0.1\sp_-train-20260810_110721-d32addbe897c86a0.csv,classified_csv,29031,a18e7ac32757b1e5eda6586cac443e2e0f290fe3f38e424cd51072ebec8b2b66
by_dataset\mnist_family\kmnist\sp\standard\mismatch\alpha_0.4\sp_-train-20260810_124610-b89d93b2fb2378c8.csv,classified_csv,25747,d07dc22e06d394c750bd6bea135adb77dfe3e84a4de93dc6629a5e5864d16d1c
by_dataset\mnist_family\kmnist\sp\standard\mismatch\alpha_0.4\sp_-train-20260810_142303-193a9228b4b5be6b.csv,classified_csv,30094,1205fbda2806ea6cae78788b04f543ab3a97a2ffa93e9b218eec46ed3f1054a7
by_dataset\mnist_family\kmnist\sp\standard\mismatch\alpha_0.4\sp_-train-20260810_160005-80dab89732fc6d11.csv,classified_csv,27265,c92e2bc787c87ab363fec5f5703d390f65f2db42036f6d4afbdd7a345fd1cbe3
by_dataset\mnist_family\kmnist\sp\standard\mismatch\alpha_0.8\sp_-train-20260810_173857-e433ad65aca6c6eb.csv,classified_csv,30056,a7d7550141f0df26e08c2074fbd094f086b5316d0aa353e725b094f86337fcf7
by_dataset\mnist_family\kmnist\sp\standard\mismatch\alpha_0.8\sp_-train-20260810_191722-e27ebe75d8dea405.csv,classified_csv,29800,acb6ade8806c8827e313cb0a438ba9e8678c79b8ce0843fe7d531de1be7eb56b
by_dataset\mnist_family\kmnist\sp\standard\mismatch\alpha_0.8\sp_-train-20260810_205445-4067ff0c4c5e0174.csv,classified_csv,26987,835825ae2fec48eb7413d07d9bf230d61bc4ad163eed38d351095808c1b2f575
by_dataset\mnist_family\kmnist\zeropadding\standard\correct\alpha_0.1\zeropadding_-train-20260804_142451-59266a1e92fef02d.csv,classified_csv,29542,f8279d6e7b389c9a5b68306ef9f799d476e1f7e21792ff940debcf37accbe5b4
by_dataset\mnist_family\kmnist\zeropadding\standard\correct\alpha_0.1\zeropadding_-train-20260804_160641-933b0283ce99e7ee.csv,classified_csv,29989,d88121c1e67df991a89d48cf219f7261124046f51add190f046c0a09e8d38fba
by_dataset\mnist_family\kmnist\zeropadding\standard\correct\alpha_0.1\zeropadding_-train-20260804_174639-ec2f5966a737dd66.csv,classified_csv,29180,8b0f26d346382ef0ff039e9f96d2929a86f3f9dd6051095945b67324abf3fa7b
by_dataset\mnist_family\kmnist\zeropadding\standard\correct\alpha_0.4\zeropadding_-train-20260804_192626-46d3d78b69ae6705.csv,classified_csv,30038,6af19a1229052f567e599659680e22cfd74e22dcf34f7cbd2477db586147f4aa
by_dataset\mnist_family\kmnist\zeropadding\standard\correct\alpha_0.4\zeropadding_-train-20260804_210829-ee5ccd5e7d258ce2.csv,classified_csv,30199,36ba16554fe33792cd7b30c5d78495d2fdf61c1ac06fb6b8b04cad0876eed202
by_dataset\mnist_family\kmnist\zeropadding\standard\correct\alpha_0.4\zeropadding_-train-20260804_225255-7d6dd24762cfe3da.csv,classified_csv,30357,c11e459b96cca73d5e5edab9915649698f4546cd92da06239c45e1c672b805c0
by_dataset\mnist_family\kmnist\zeropadding\standard\correct\alpha_0.8\zeropadding_-train-20260805_003335-96a9e6a9b84266de.csv,classified_csv,30138,c7b8e148f4b2f821b7ef0bdff6a2eec0254f9c9b82401df0c45c576000ef7b14
by_dataset\mnist_family\kmnist\zeropadding\standard\correct\alpha_0.8\zeropadding_-train-20260805_021351-55566f8cf5a504df.csv,classified_csv,30068,ed78058fa1be324d9326d6b626bd46669cbec9fd26ba31ce62f26fc308e80582
by_dataset\mnist_family\kmnist\zeropadding\standard\correct\alpha_0.8\zeropadding_-train-20260805_035140-0453500a0c7b45ee.csv,classified_csv,30183,a1fb9e02bde63a9fa9b4fd392a78b4bef9eaddddc390b3f9825dbb634883da00
by_dataset\mnist_family\kmnist\zeropadding\standard\medium\alpha_0.1\zeropadding_-train-20260807_111507-d29c3862fa6ae810.csv,classified_csv,29414,441e41d6bf275003510563115e6ca4634d0603990ed9aeac4f5bcd2956be535e
by_dataset\mnist_family\kmnist\zeropadding\standard\medium\alpha_0.1\zeropadding_-train-20260807_125421-79a33152901ceedf.csv,classified_csv,29996,7425c88063a3b437b73b15f4a3ab4d48edb2731c820413169dc7121754c48aaa
by_dataset\mnist_family\kmnist\zeropadding\standard\medium\alpha_0.1\zeropadding_-train-20260807_143238-53319016421d5a79.csv,classified_csv,29185,d90fb8468b8b32e66a66babae667483eb41b0ec7a64557a855841d9ab5ec574c
by_dataset\mnist_family\kmnist\zeropadding\standard\medium\alpha_0.4\zeropadding_-train-20260807_161145-7fd2f0ca6640645d.csv,classified_csv,30123,66a9c12905f08f2160f083bab45df0b1e0b323f41053803294a5e1d18444bebe
by_dataset\mnist_family\kmnist\zeropadding\standard\medium\alpha_0.4\zeropadding_-train-20260807_175143-c235c25833427ec8.csv,classified_csv,30244,bdd13f4b7c0cd6540c71461cc5b3e3782e030dcd16c1c72947488f14c85f654d
by_dataset\mnist_family\kmnist\zeropadding\standard\medium\alpha_0.4\zeropadding_-train-20260807_193011-e889693f45e02a55.csv,classified_csv,30340,633988292df31277ac253c00da2b2e8be8d97f61cb35fbf0e7d7e22b5dc4b54c
by_dataset\mnist_family\kmnist\zeropadding\standard\medium\alpha_0.8\zeropadding_-train-20260807_210905-5d705fa05936d8af.csv,classified_csv,30025,a834f6bd0a91d7fcfb15d5c74f4afe4d17208e6ce932b533a4d1d7357636d8a2
by_dataset\mnist_family\kmnist\zeropadding\standard\medium\alpha_0.8\zeropadding_-train-20260807_224920-18050d9dae08b9ed.csv,classified_csv,30064,fa2bbbb129d9e60f352d346749e92f9fa29d6d8a8d82ef4c8c2454b76fdfbc52
by_dataset\mnist_family\kmnist\zeropadding\standard\medium\alpha_0.8\zeropadding_-train-20260808_002925-0133a3304522849a.csv,classified_csv,30116,c90d7216b4da5263807c951e9c46b6743da1e2081e2147850990fd4682c68c73
by_dataset\mnist_family\kmnist\zeropadding\standard\mismatch\alpha_0.1\zeropadding_-train-20260810_081316-1acc11a9897f04c9.csv,classified_csv,30297,7399058d34551bf56c1afa770b8015dcef292916785ce3d06772a4d36469ebf8
by_dataset\mnist_family\kmnist\zeropadding\standard\mismatch\alpha_0.1\zeropadding_-train-20260810_095216-fb1af23249c5382c.csv,classified_csv,30013,6c888b33b31a96d22a8f4aa9f0c459b0fe4156529031aaa03217966ab7033bd9
by_dataset\mnist_family\kmnist\zeropadding\standard\mismatch\alpha_0.1\zeropadding_-train-20260810_113155-5e5f8b5c2e4b8344.csv,classified_csv,29348,9ca6812e42c44d395d8b4c6353722ace67daed74f8eec62d84ecc5be9029b371
by_dataset\mnist_family\kmnist\zeropadding\standard\mismatch\alpha_0.4\zeropadding_-train-20260810_131037-45a28f0751d2f755.csv,classified_csv,30146,87767eb9a73f9e7464d85bdf513ccbc8bad78122659ce7e39a5227df719c95ab
by_dataset\mnist_family\kmnist\zeropadding\standard\mismatch\alpha_0.4\zeropadding_-train-20260810_144639-d082470b9817e0c1.csv,classified_csv,30165,fbc32edcbf90c8bae4342c76879568e8d411db88ed2b0f4b1d01c78c2011b4bd
by_dataset\mnist_family\kmnist\zeropadding\standard\mismatch\alpha_0.4\zeropadding_-train-20260810_162434-9bb4a6a47cef88d1.csv,classified_csv,30225,e2fcc7dc30badac3a4723c8a3ea9c45ecd2137c6706cdb4a750619191dd8140a
by_dataset\mnist_family\kmnist\zeropadding\standard\mismatch\alpha_0.8\zeropadding_-train-20260810_180341-90b831bc8e2e20eb.csv,classified_csv,30065,0325f04ca774e29a6253a2ec59a40f863f227ba14f31dae6a8be2548c77f4ae5
by_dataset\mnist_family\kmnist\zeropadding\standard\mismatch\alpha_0.8\zeropadding_-train-20260810_194157-892254bdc6e5df1a.csv,classified_csv,29947,5b089a9251c4d406ae1b221cfe4290725c01805048f947f1f06c08dd0f86079a
by_dataset\mnist_family\kmnist\zeropadding\standard\mismatch\alpha_0.8\zeropadding_-train-20260810_211912-a17664561dedf4a0.csv,classified_csv,30119,a84ba27cee20288f98f0d5375c11088c0f7ffb968aca593a8b193ff076315bd0
by_dataset\mnist_family\mnist\flora\corrected\correct\alpha_0.4\mnist_dirichlet_0_4_rank_correct_flora_correct_-train-20260815_205538-6efa94f5b1a85276.csv,classified_csv,30561,772a82fd41c3f7bf39df9e88b54f0a4a2af6fcb54e6735f7dac95c4bd3938ec8
by_dataset\mnist_family\mnist\flora\corrected\medium\alpha_0.4\mnist_dirichlet_0_4_rank_medium_flora_correct_-train-20260816_141310-9dfc884c9a68830a.csv,classified_csv,30560,1b6435c2f7185243ab31bbdcaff137d3c95f7b7d3195d5c041f5c0144d20edcd
by_dataset\mnist_family\mnist\flora\corrected\mismatch\alpha_0.4\mnist_dirichlet_0_4_rank_mismatch_cost_matched_flora_correct_-train-20260816_154747-08e574c0e7a5c841.csv,classified_csv,30497,f201f83609899152d6f9b2c6b5ec9f8a6ab2b92912438b2ad6c78b8273f762a9
by_dataset\mnist_family\mnist\flora\unspecified\correct\alpha_0.1\flora_-train-20260813_110303-bb32086ef66f54d1.csv,classified_csv,30949,2c7f16e0de19e16a9386bb77b3a57c1e216ce344300f1327b2e5ac1fd9eb942a
by_dataset\mnist_family\mnist\flora\unspecified\correct\alpha_0.1\flora_-train-20260813_112644-fa9c1a62fca71f94.csv,classified_csv,30961,428c78bb246505a2ace149eb89c0ee19f8dd69cbe29392b9022fd62b81f9a98a
by_dataset\mnist_family\mnist\flora\unspecified\correct\alpha_0.1\flora_-train-20260813_115047-150301a5d79ed68f.csv,classified_csv,31072,a60d72b77cc810fbdec61944701af62bfbd3e9d45718396824aa53e806275ac0
by_dataset\mnist_family\mnist\flora\unspecified\correct\alpha_0.4\flora_-train-20260813_121600-e5cabd121eeb73dd.csv,classified_csv,31004,d07c03fbfb42db72ef8ac427da6dcc5ba0f8e230f567bba13cbf30a4d20047c6
by_dataset\mnist_family\mnist\flora\unspecified\correct\alpha_0.4\flora_-train-20260813_124129-cce66a3906796f21.csv,classified_csv,30900,855c07440aa87bacb1e0e7a6880d098c287ca1d395f7529accd218cbadc70c48
by_dataset\mnist_family\mnist\flora\unspecified\correct\alpha_0.4\flora_-train-20260813_130622-1799a61b5ef844ad.csv,classified_csv,31419,6fe401a38caa1b86a5e580827abf4a85e7337a60ce6cae88b0b828daa0d4bef4
by_dataset\mnist_family\mnist\flora\unspecified\correct\alpha_0.4\mnist_dirichlet_0_4_rank_correct_flora_-train-20260813_081334-4590ade8f44a0bb0.csv,classified_csv,30899,507cc26f81753fd366a3953b30c86cd38e46792b5ffe61947278fc8806c63486
by_dataset\mnist_family\mnist\flora\unspecified\correct\alpha_0.8\flora_-train-20260813_133101-5e93d2dc7bbbc48f.csv,classified_csv,31158,f1a70b81fe01fac86a049fb990389afdc9ccd17a613f98e32d9c6c53871ca815
by_dataset\mnist_family\mnist\flora\unspecified\correct\alpha_0.8\flora_-train-20260813_135555-e7ee7f6fc0078e31.csv,classified_csv,31158,f5712004271af3f7536ada9607d88c185e67c4d7b298ca92cc145c2e2a37e6d8
by_dataset\mnist_family\mnist\flora\unspecified\correct\alpha_0.8\flora_-train-20260813_142058-c9089d1491cd3148.csv,classified_csv,31265,554c0c3aa35fbe63180cd4fe340f22f9657dee174bbe3fe1896f10e1570a3605
by_dataset\mnist_family\mnist\flora\unspecified\medium\alpha_0.1\flora_-train-20260814_041028-012646ecfe96d8ad.csv,classified_csv,31151,c16dffffc3d4911b2dc290587519e0441617409331fbc672ad3f0f991f872387
by_dataset\mnist_family\mnist\flora\unspecified\medium\alpha_0.1\flora_-train-20260814_043521-f8e2d6a1c42a0e44.csv,classified_csv,31264,ae5f1695c62e7e2255cac2aaf833b951dd84ab194557f846608895d5fe2ea1f8
by_dataset\mnist_family\mnist\flora\unspecified\medium\alpha_0.1\flora_-train-20260814_045954-4597568529ee6af6.csv,classified_csv,30971,a0a9c14713e6539fcf8e18059ac5f66b5257fcbffed9e331c8637c9434de2de9
by_dataset\mnist_family\mnist\flora\unspecified\medium\alpha_0.4\flora_-train-20260814_052506-3ebd373e6fe83512.csv,classified_csv,31206,f27496d4228c0c5dbe9f7c1cf4dd2c6eba1ff49b8526e722eda0ae6f0d3f86f6
by_dataset\mnist_family\mnist\flora\unspecified\medium\alpha_0.4\flora_-train-20260814_055020-f751aeb70bda93f9.csv,classified_csv,31203,13104db99da48c4ba41cfc2b527e937dd0eed6397cab1c8750e560b0bd312516
by_dataset\mnist_family\mnist\flora\unspecified\medium\alpha_0.4\flora_-train-20260814_061514-2f77523f332bf5df.csv,classified_csv,30914,8c8ed298ea6bd06153355511a040884971c9979599be3199cf10674822ab6d15
by_dataset\mnist_family\mnist\flora\unspecified\medium\alpha_0.4\mnist_dirichlet_0_4_rank_medium_flora_-train-20260814_013242-5c896e6e283127cd.csv,classified_csv,31100,0315b1dbf071fa4b06833aad4a5a154281f8c8aa625371b0c6274e647771196a
by_dataset\mnist_family\mnist\flora\unspecified\medium\alpha_0.8\flora_-train-20260814_063959-1dd6983b05a13971.csv,classified_csv,31259,e5c8f6f3ce225ca6125072c080d2b7234f0e9e9a6b7dfaae20798a02a87c2689
by_dataset\mnist_family\mnist\flora\unspecified\medium\alpha_0.8\flora_-train-20260814_070549-48c013c20788d3f3.csv,classified_csv,30956,23b94b00e0c4e1ccb6faeda60cd991309c8494dacc0dc1c055a91d7853542468
by_dataset\mnist_family\mnist\flora\unspecified\medium\alpha_0.8\flora_-train-20260814_073124-6682f5942555fc0f.csv,classified_csv,31164,f413f83d0e75635aac1f84c9807b3d5f5770948cb23255924902934d15dd8fc0
by_dataset\mnist_family\mnist\flora\unspecified\mismatch\alpha_0.1\flora_-train-20260814_214738-64666ee6094e5e8c.csv,classified_csv,31252,8f4642f41d1f337c593afe3bf39ee8609b547181b2fe16ff06e738bb57ab5c5a
by_dataset\mnist_family\mnist\flora\unspecified\mismatch\alpha_0.1\flora_-train-20260814_221219-bd4b353db3c18802.csv,classified_csv,30759,6c6e879a54dfbea78b04f085e5951c08da3efb306643505dc83747ee60befd6f
by_dataset\mnist_family\mnist\flora\unspecified\mismatch\alpha_0.1\flora_-train-20260814_223702-dd46475755d161fa.csv,classified_csv,31274,e1a754f871cffb885e2b306551d9df69d4a2aeaf812f7d3150810ea4eeaaa6d8
by_dataset\mnist_family\mnist\flora\unspecified\mismatch\alpha_0.4\flora_-train-20260814_230134-3456e0fc0652b582.csv,classified_csv,30802,c9c15bbc0610891776f2cda343acff932d9f693dbd4e88e4cba92d9cee901ae2
by_dataset\mnist_family\mnist\flora\unspecified\mismatch\alpha_0.4\flora_-train-20260814_232627-a321473457ee0baf.csv,classified_csv,30900,73fd81a69ce821be51c018b864aec0b3391abadc0de17fae9db0ed3f4728ee1d
by_dataset\mnist_family\mnist\flora\unspecified\mismatch\alpha_0.4\flora_-train-20260814_235045-2cbe82d66ec10513.csv,classified_csv,31217,87ba758a3232a473e2e3d0306ad24765882d5066f5229dd70b77045a6a67c96c
by_dataset\mnist_family\mnist\flora\unspecified\mismatch\alpha_0.4\mnist_dirichlet_0_4_rank_mismatch_cost_matched_flora_-train-20260814_030726-a8ab7062b23cfc8e.csv,classified_csv,31418,ca4df6a8db0472c839cb8c84aa7fe6d1348a837381e68f29e5d48962e49182e2
by_dataset\mnist_family\mnist\flora\unspecified\mismatch\alpha_0.8\flora_-train-20260815_001507-8eb5b307a364e232.csv,classified_csv,31764,57cdc9235612ee2447eccfeff3d9a1a18ea8ce1042b57ab89e698293e2a103be
by_dataset\mnist_family\mnist\flora\unspecified\mismatch\alpha_0.8\flora_-train-20260815_004011-a868bbe8c50cec52.csv,classified_csv,31360,33d5782d7b79e6525e1941462c0db09efea5691a68a6504a78272df8b0cd6bc5
by_dataset\mnist_family\mnist\flora\unspecified\mismatch\alpha_0.8\flora_-train-20260815_010428-44963145a60222d7.csv,classified_csv,31164,7afa6f2510b3519ab9b32a88765fc7687170cecadad8d5e63b93f4ecf617c9e0
by_dataset\mnist_family\mnist\rbla\standard\correct\alpha_0.1\rbla_-train-20260803_072422-94332a520ebc34f5.csv,classified_csv,30948,8d0f909bcbc0a9504ca90e703f43f932528dbea2dc9023f2c619bebe07aef0ab
by_dataset\mnist_family\mnist\rbla\standard\correct\alpha_0.1\rbla_-train-20260803_091016-e3717fd862ad0077.csv,classified_csv,30808,df6a6ee1383d229582cc1406e442d8ce2b3968f4aa67cb23dce3e762e9eed6b2
by_dataset\mnist_family\mnist\rbla\standard\correct\alpha_0.1\rbla_-train-20260803_105021-a4ded65d47482d8c.csv,classified_csv,30969,b5c68cb9e107e666ad1da3c5903095f4d3687ef7ed4728ffdcbbaa8fb2466f2c
by_dataset\mnist_family\mnist\rbla\standard\correct\alpha_0.4\rbla_-train-20260803_123110-0f18c6fa4478a1f0.csv,classified_csv,31169,a921966bcd22a37ca2c007d038fd6715f0e1772f7f54b1d42778094a04281452
by_dataset\mnist_family\mnist\rbla\standard\correct\alpha_0.4\rbla_-train-20260803_140914-fa22a6c389b18025.csv,classified_csv,31143,acabf247b7989413af29dcd5c37932498e7b562985586c6b88385dc23d31689b
by_dataset\mnist_family\mnist\rbla\standard\correct\alpha_0.4\rbla_-train-20260803_154624-9e8143ac6255dbf5.csv,classified_csv,31196,a635c00c5c6a0cf498255f23c3e4ee22559b76907ee8528d0e767fb8a5126ebf
by_dataset\mnist_family\mnist\rbla\standard\correct\alpha_0.8\rbla_-train-20260803_172142-f0fa88bdd3836308.csv,classified_csv,31034,09626e3c221fabfe1dde464d06bb461618ee114c0fb218192bc95eb83181953b
by_dataset\mnist_family\mnist\rbla\standard\correct\alpha_0.8\rbla_-train-20260803_185741-fb392c03a0825d53.csv,classified_csv,31031,7196621958bccd9ef2a47db4d5a810eb868bda8c3390c5d13d8ad7c0413e8b8d
by_dataset\mnist_family\mnist\rbla\standard\correct\alpha_0.8\rbla_-train-20260803_203530-620a2446d2cc8ee7.csv,classified_csv,30942,345378061afdb7577beace1ab6dbc52bc82a80fad6ba9406a12f2604a9aef810
by_dataset\mnist_family\mnist\rbla\standard\medium\alpha_0.1\rbla_-train-20260806_034522-ccd991fc89944eb5.csv,classified_csv,30988,fe5f0823e724b2989386741e1a74a754cbb70863d1d9c061e1815be7ab45aa7c
by_dataset\mnist_family\mnist\rbla\standard\medium\alpha_0.1\rbla_-train-20260806_052536-6df92d58842255d1.csv,classified_csv,30816,def2104e86f7cb04ab7f3ae64de2e05efb8ad15ce8aa74ff89d4577ec306b11e
by_dataset\mnist_family\mnist\rbla\standard\medium\alpha_0.1\rbla_-train-20260806_070654-2ead07588906f259.csv,classified_csv,30958,496780fbe83d9c4f7201fed28000c3798d05bf53f47001b7e78544d15a1d2d20
by_dataset\mnist_family\mnist\rbla\standard\medium\alpha_0.4\rbla_-train-20260806_084856-f25c40c7a4611847.csv,classified_csv,31134,c67b56b9399eab9a8fd11f6d7665f54c98c62ad91f265ebcda9db2aa1f4791d5
by_dataset\mnist_family\mnist\rbla\standard\medium\alpha_0.4\rbla_-train-20260806_103033-d0845e5b3d873e42.csv,classified_csv,31155,7c46453b614468b687494cd1c7ba79f94b2d346b729e281a9d632079d6a71e41
by_dataset\mnist_family\mnist\rbla\standard\medium\alpha_0.4\rbla_-train-20260806_121153-8256a6515e2f2b28.csv,classified_csv,31213,2d5f6dcb22479c209b66d9cf2ee967ec769d2f66c4a887a3892b3b84c4d8607a
by_dataset\mnist_family\mnist\rbla\standard\medium\alpha_0.8\rbla_-train-20260806_135141-9110e2abdfb871bc.csv,classified_csv,30995,c99226f25be75f40baf819061054c50e1157e26538dbb661ed9d48b1a1c5f1a6
by_dataset\mnist_family\mnist\rbla\standard\medium\alpha_0.8\rbla_-train-20260806_153352-b3f49dd03ad20f57.csv,classified_csv,30989,65a2d364470e1c143f5479a2ec7286545069a94decfe243f6cfed1ddca65613a
by_dataset\mnist_family\mnist\rbla\standard\medium\alpha_0.8\rbla_-train-20260806_171525-2c99cc9d98a1acb3.csv,classified_csv,30955,46830e3ad00fcae673da1d34aa65330d70e78b98f9e4e03edd1462bd4aade299
by_dataset\mnist_family\mnist\rbla\standard\mismatch\alpha_0.1\rbla_-train-20260809_005143-13f3cc42f62d5d6f.csv,classified_csv,31032,1f10e31b24f422882337f76306b462eac27541053a7cdfb568c6982fb09ce992
by_dataset\mnist_family\mnist\rbla\standard\mismatch\alpha_0.1\rbla_-train-20260809_023130-b0751fa7e4328133.csv,classified_csv,30772,761270390919d044fde0a9110317d106a6d51c41deb9134168a36363405c0165
by_dataset\mnist_family\mnist\rbla\standard\mismatch\alpha_0.1\rbla_-train-20260809_041048-952cd0dfc5b659e6.csv,classified_csv,30930,f15ea658c13e06e8fda2242500dd687f4b8b9716543f9e0ae62fba8082104d26
by_dataset\mnist_family\mnist\rbla\standard\mismatch\alpha_0.4\rbla_-train-20260809_055128-dfe380fcc8cde681.csv,classified_csv,31125,100741add2ccddcd87147c480d7dd60e964a9a7b205b6a8c41ba8ee31e5e2539
by_dataset\mnist_family\mnist\rbla\standard\mismatch\alpha_0.4\rbla_-train-20260809_073344-42d5a82be86af9b5.csv,classified_csv,31118,40f1cc1e78430584061967ab48dc8e8c3459d85c1a071b1fc5378c1b428110fb
by_dataset\mnist_family\mnist\rbla\standard\mismatch\alpha_0.4\rbla_-train-20260809_091612-da3e70eea83618da.csv,classified_csv,31181,5283c7c3c51cc0507948cfaaefc48bbbd3b3a203043e4387d672ded51dd9e0ce
by_dataset\mnist_family\mnist\rbla\standard\mismatch\alpha_0.8\rbla_-train-20260809_105824-12a08eb73ab80bfc.csv,classified_csv,30957,07c8dc1358df35470f0dc8a54b9db121026eac42e9048cb756b16eb230ff157a
by_dataset\mnist_family\mnist\rbla\standard\mismatch\alpha_0.8\rbla_-train-20260809_123927-dcaf7d89a92a776a.csv,classified_csv,30950,aa43ab09d5b6345f3ef45ae4d95929448a9336066defb121364427bc9994d9c9
by_dataset\mnist_family\mnist\rbla\standard\mismatch\alpha_0.8\rbla_-train-20260809_142131-c1089b9dd849fbf6.csv,classified_csv,30954,24359980c1f1bb07795271775cdcd6b87831b1e5b1cd323c35f3698cee45d332
by_dataset\mnist_family\mnist\rbla_plus\standard\correct\alpha_0.1\rbla_plus_-train-20260803_074906-46c09d1d1a9a0671.csv,classified_csv,42099,2471cade8d731882a16d10e56216b95bba1b1c3f9cdb65679a39dbf034869ad7
by_dataset\mnist_family\mnist\rbla_plus\standard\correct\alpha_0.1\rbla_plus_-train-20260803_093621-285854685585ac9c.csv,classified_csv,42105,2febc808f20eaa345b72d5213af48a2fca3e1fb69fa5e463c4ce229b8eee24e8
by_dataset\mnist_family\mnist\rbla_plus\standard\correct\alpha_0.1\rbla_plus_-train-20260803_111513-1d7e69b7eaef94ba.csv,classified_csv,42084,0989b82460a6db7b98b9aadac5e2f75c2adcb32cf8873bdd0f23464592551327
by_dataset\mnist_family\mnist\rbla_plus\standard\correct\alpha_0.4\rbla_plus_-train-20260803_125553-af4b27d64ea7ab5a.csv,classified_csv,42295,db854d53f6e30bb2182dd7119520e1839e32b2a57e61aca52058ce8753cd34d4
by_dataset\mnist_family\mnist\rbla_plus\standard\correct\alpha_0.4\rbla_plus_-train-20260803_143331-0b37bb5e56464bed.csv,classified_csv,42238,64a00cfd799eb4b006f9272396657606b23e85d3b52d91518138cfb547257735
by_dataset\mnist_family\mnist\rbla_plus\standard\correct\alpha_0.4\rbla_plus_-train-20260803_161028-de5bfa0c692d3cd8.csv,classified_csv,42407,ccb10f19e483bbaa73f9336c454c4542a81bb49da3df789cad66f4c95dc24448
by_dataset\mnist_family\mnist\rbla_plus\standard\correct\alpha_0.8\rbla_plus_-train-20260803_174528-b98c131e968c1649.csv,classified_csv,42161,5ba8771645d2ca0039fd281ec6dec04d2cb92c9ee677dd4f146aad189f8f53c2
by_dataset\mnist_family\mnist\rbla_plus\standard\correct\alpha_0.8\rbla_plus_-train-20260803_192225-38a44bd98c60d002.csv,classified_csv,42199,fa6c054a434dc42c3695db23fc0d54fd05db0b8ffe2ee9a2f212492c433f3682
by_dataset\mnist_family\mnist\rbla_plus\standard\correct\alpha_0.8\rbla_plus_-train-20260803_205959-3624df8ceca5a280.csv,classified_csv,42114,41e5ef0e56fbd48ba5c55afbe68cf805a9fb797601b01c24bff644b1e5b9de83
by_dataset\mnist_family\mnist\rbla_plus\standard\medium\alpha_0.1\rbla_plus_-train-20260806_041029-da226779104e3cc1.csv,classified_csv,42129,d50a31514dec6ca3da4bc72e9a0d9474e5d9c9797e006a44a5b8d17ae66e32cf
by_dataset\mnist_family\mnist\rbla_plus\standard\medium\alpha_0.1\rbla_plus_-train-20260806_055102-a5d790ec7d7e0b74.csv,classified_csv,42106,53d2293abc75b9eb2edb8694d6375887aae825871cbdfa54ad278724e33eb8d4
by_dataset\mnist_family\mnist\rbla_plus\standard\medium\alpha_0.1\rbla_plus_-train-20260806_073157-4da4f16e1e07ffc5.csv,classified_csv,42110,7866ef60a961c026c15e47a1c344542799c95ff6f7819b1508f78565be0a3e1a
by_dataset\mnist_family\mnist\rbla_plus\standard\medium\alpha_0.4\rbla_plus_-train-20260806_091430-dc2e55749a328ee9.csv,classified_csv,42373,a6824e5ec86318002d1f3d8cd28411493704087c52ed3d194eaf88c071a4c0ed
by_dataset\mnist_family\mnist\rbla_plus\standard\medium\alpha_0.4\rbla_plus_-train-20260806_105550-dc8a9cedd77edcb6.csv,classified_csv,42249,3de8f39bb431ea2c4520637022b6bc73adf3db42c4ad076b3cece284c08a2919
by_dataset\mnist_family\mnist\rbla_plus\standard\medium\alpha_0.4\rbla_plus_-train-20260806_123628-d55ffe210f0572cd.csv,classified_csv,42386,9b64a28ebd58c0c590c468cdb8d5273b069c4ec6654e4e87df3665ae6d78f1c3
by_dataset\mnist_family\mnist\rbla_plus\standard\medium\alpha_0.8\rbla_plus_-train-20260806_141713-66e8dfcf9dd32fe3.csv,classified_csv,42204,baefbf7acac902004e88c6ae04306a190e0a82a88132934ff0dcf3912aae0d68
by_dataset\mnist_family\mnist\rbla_plus\standard\medium\alpha_0.8\rbla_plus_-train-20260806_155944-ab75562935ddf4df.csv,classified_csv,42139,385fb87e02eab00095008312736b54d8274a6ee9ea93d6cfc3e8ad989cc981ed
by_dataset\mnist_family\mnist\rbla_plus\standard\medium\alpha_0.8\rbla_plus_-train-20260806_173945-b90423ae58648099.csv,classified_csv,42106,80475bd5988de3ce686123617d28f4ceea3c74e12863dcd2b11fdd270ac8cec1
by_dataset\mnist_family\mnist\rbla_plus\standard\mismatch\alpha_0.1\rbla_plus_-train-20260809_011656-de3f5aa625c3326c.csv,classified_csv,42256,d3fd790880f62289ce9238ca329cc9eb183c600c317f083974aafb333c528af1
by_dataset\mnist_family\mnist\rbla_plus\standard\mismatch\alpha_0.1\rbla_plus_-train-20260809_025620-3e1a7b964bfceb90.csv,classified_csv,42189,c6edf5ac1786fda17a0211859bb1f8efd01eb861d6e319c96afbed84cf034a45
by_dataset\mnist_family\mnist\rbla_plus\standard\mismatch\alpha_0.1\rbla_plus_-train-20260809_043545-11dedda11396bdb1.csv,classified_csv,42148,2c9a8bd91f35a94adc86cbe80fb7b388c70215415b8d0759756e84586f709876
by_dataset\mnist_family\mnist\rbla_plus\standard\mismatch\alpha_0.4\rbla_plus_-train-20260809_061700-2865ae10d02eb736.csv,classified_csv,42339,4302770d6a1e7ffdc175120c16b27535d9f383c775f1fb897d41ea350fbd51ca
by_dataset\mnist_family\mnist\rbla_plus\standard\mismatch\alpha_0.4\rbla_plus_-train-20260809_075847-7b20b8bf3ce05f8a.csv,classified_csv,42363,bb702b2d52beae6122cca739be923dd978e1abdd490ac6c09444c13cc6da7c85
by_dataset\mnist_family\mnist\rbla_plus\standard\mismatch\alpha_0.4\rbla_plus_-train-20260809_094220-63cf628e503b4560.csv,classified_csv,42336,4cdb7f0a54185ad81e481880b97872ab2e19a9d8ea73b2d327f845ba41e29539
by_dataset\mnist_family\mnist\rbla_plus\standard\mismatch\alpha_0.8\rbla_plus_-train-20260809_112347-ac6fe85966f115ed.csv,classified_csv,42165,c8289e2ad5689b56ccecae81eed68f5fff87a224d5bb58e433441a043b500420
by_dataset\mnist_family\mnist\rbla_plus\standard\mismatch\alpha_0.8\rbla_plus_-train-20260809_130505-592a16c24cd197b0.csv,classified_csv,42098,a71d9710b96dc124fc3d6546d84eb2235af72f315a82be34c534dfe834acf258
by_dataset\mnist_family\mnist\rbla_plus\standard\mismatch\alpha_0.8\rbla_plus_-train-20260809_144719-bcb7345d37e64ec4.csv,classified_csv,42123,aab1ae4dcfae3651b5bfdab011c118ef73b5f285fb4d9112756a3e8a419f7c94
by_dataset\mnist_family\mnist\sp\standard\correct\alpha_0.1\sp_-train-20260803_081732-8166ffededd9dd2d.csv,classified_csv,30284,ad407b2d1789c05e569120fe6340b48a041c25ce1f259a7cca0f9f07767b7695
by_dataset\mnist_family\mnist\sp\standard\correct\alpha_0.1\sp_-train-20260803_100111-61e142d76bc336d6.csv,classified_csv,27800,375748a66e3b1db3036ad7520979368ca3f20a01a8e1a8442ca8b5171eb66a7f
by_dataset\mnist_family\mnist\sp\standard\correct\alpha_0.1\sp_-train-20260803_114103-8c75ea70b20af35d.csv,classified_csv,28987,316544b59484be36b021b41021ecacd577a68b7070ffd580b74c337e7477e6e2
by_dataset\mnist_family\mnist\sp\standard\correct\alpha_0.4\sp_-train-20260803_132037-9708bfc5d1f930eb.csv,classified_csv,28416,ddf91d46797ac9d78e2e3223b2e80c8ba4f97bb5a371cebe47709d5a88f723a5
by_dataset\mnist_family\mnist\sp\standard\correct\alpha_0.4\sp_-train-20260803_145807-3f9a40aa0ba75ce8.csv,classified_csv,27812,4939a5a5532094ef04409e995518788565847a06c8dc84d564501f7b9818f09c
by_dataset\mnist_family\mnist\sp\standard\correct\alpha_0.4\sp_-train-20260803_163427-bc9a716042e6fe8a.csv,classified_csv,28531,76a6bd010cf64778d9a7d347c80c6c42b36d45f0f545451622d89a4b77d856d1
by_dataset\mnist_family\mnist\sp\standard\correct\alpha_0.8\sp_-train-20260803_180925-eda4fc72d912bce6.csv,classified_csv,30732,3b3e1da3deeae469d5359d20b277c27754f567d777a5ff6aa54feadf2ad44def
by_dataset\mnist_family\mnist\sp\standard\correct\alpha_0.8\sp_-train-20260803_194644-5c9c4c2f60fcdda5.csv,classified_csv,25297,2e27bdf4fcdfedda5762f6350a097eeed760fd4f2baf3d991588cd38888d911a
by_dataset\mnist_family\mnist\sp\standard\correct\alpha_0.8\sp_-train-20260803_212415-273b6003f89908d9.csv,classified_csv,30534,1ecceb117ca9fa26ef5ddce1ec20a9941b2b544518c0261fd68cb799b773f76c
by_dataset\mnist_family\mnist\sp\standard\medium\alpha_0.1\sp_-train-20260806_043539-415bdb34efd27d05.csv,classified_csv,30215,7e1b0b67b8c3ac045df6960bbf3bbe4149f9a07abc1784d8ecdcd20c100b6705
by_dataset\mnist_family\mnist\sp\standard\medium\alpha_0.1\sp_-train-20260806_061617-53bee4966c0ed8d9.csv,classified_csv,27673,86b9a21e9b9a11466f3142c13be3969fdb974f3a9aace8464d99145f284d1e9b
by_dataset\mnist_family\mnist\sp\standard\medium\alpha_0.1\sp_-train-20260806_075740-13e0e8de9a7e1cb9.csv,classified_csv,29136,f094a18c4610aeb9d0db740a0e2a86b7c03c52ac8de1ba96d918a22c00a17b44
by_dataset\mnist_family\mnist\sp\standard\medium\alpha_0.4\sp_-train-20260806_093942-71de9c0ea7effd06.csv,classified_csv,28512,83fc868f1208bafdaf6aa1360c89525b6dbfdaa62dcc8554d32f0719af83c847
by_dataset\mnist_family\mnist\sp\standard\medium\alpha_0.4\sp_-train-20260806_112105-4df6b5c146b31350.csv,classified_csv,28082,b520a2fd6aa0fd637e47605d89d44b0e6f899279457646d273ab47395d05cda3
by_dataset\mnist_family\mnist\sp\standard\medium\alpha_0.4\sp_-train-20260806_130113-e9e8a9628e22fc79.csv,classified_csv,28556,95e89e44063e6863da3899eb3639fafe98225bb3d812a2220ffe3999773f7045
by_dataset\mnist_family\mnist\sp\standard\medium\alpha_0.8\sp_-train-20260806_144301-c917feb33fe832d4.csv,classified_csv,30897,d2b04568cd45a655bbe80ff6dd261c36b99a7e869c69168f1ca28132193733cf
by_dataset\mnist_family\mnist\sp\standard\medium\alpha_0.8\sp_-train-20260806_162549-67f9c70d184fac64.csv,classified_csv,24698,25f8baf759a658ed0b1d628ef393fd8e7eb7cf0e0b6eac35f1ccf8aa5f4d34ec
by_dataset\mnist_family\mnist\sp\standard\medium\alpha_0.8\sp_-train-20260806_180401-99b50f3140751e7d.csv,classified_csv,30539,3e344dff0c8e85a8059bca6dea98d430596b6b23df01dea110fc45278574c28a
by_dataset\mnist_family\mnist\sp\standard\mismatch\alpha_0.1\sp_-train-20260809_014153-d15d974b61692081.csv,classified_csv,30457,f45965f02fe0f904ada4fd592e0c8a6c50704bba610a5e84bdbf8093896589c2
by_dataset\mnist_family\mnist\sp\standard\mismatch\alpha_0.1\sp_-train-20260809_032115-ed2e9a32eb1d69dd.csv,classified_csv,28609,2b8d729733dec6b97eff859892284439d6539a23ffed311b569ba79fd4ce0388
by_dataset\mnist_family\mnist\sp\standard\mismatch\alpha_0.1\sp_-train-20260809_050120-a3e2e69b6df1dddc.csv,classified_csv,29169,9081a4e7fc724f648b8e7c5ac422b8897eab43b8983b22a061754bc014568c5b
by_dataset\mnist_family\mnist\sp\standard\mismatch\alpha_0.4\sp_-train-20260809_064238-bc5e0a2ac48b239f.csv,classified_csv,28405,a88e4500d7146777453aeec6a14f04b24bf6e06c3a69a6dfcf821d446160a44f
by_dataset\mnist_family\mnist\sp\standard\mismatch\alpha_0.4\sp_-train-20260809_082417-9a6c2d88059105ce.csv,classified_csv,27919,13e8bb5b98b193f18eeed08b59145cbd49310e19a3bf31f580142dd341d6e7cf
by_dataset\mnist_family\mnist\sp\standard\mismatch\alpha_0.4\sp_-train-20260809_100802-48eca908fb7fff4b.csv,classified_csv,28022,bc0dd20ae04754b9e56e184f9f05ed435fb6b641015f84637e6e02290d63f16c
by_dataset\mnist_family\mnist\sp\standard\mismatch\alpha_0.8\sp_-train-20260809_114935-875657289cf5262f.csv,classified_csv,30540,ec3468e5fcaa1dd4cd527471df590aaef762efb9ba588972bdc6d56c388136e0
by_dataset\mnist_family\mnist\sp\standard\mismatch\alpha_0.8\sp_-train-20260809_133026-178a74693ca4b9c3.csv,classified_csv,25413,b3ee462374d4f9560f15e41ab141e9e358e27a48a6b8b1c65013418e062a3cd7
by_dataset\mnist_family\mnist\sp\standard\mismatch\alpha_0.8\sp_-train-20260809_151244-77b05ba5ac6d998f.csv,classified_csv,30550,abde0f4306f081599e961f1574e2d5ef6bb1a208165f6b518c3305a22ecb3b2d
by_dataset\mnist_family\mnist\zeropadding\standard\correct\alpha_0.1\zeropadding_-train-20260803_084356-1e45be7aeb8f7ee8.csv,classified_csv,30713,37f9c53f31dd9c548e3870a3aca98d6ee69092c8a1c1c3d9f32e0895d4de34e4
by_dataset\mnist_family\mnist\zeropadding\standard\correct\alpha_0.1\zeropadding_-train-20260803_102538-877de7afe57c0d70.csv,classified_csv,30564,f2a1bd755ac299fea8424c64c9cd760560a6410a5ba7f219fca01d0359c1cf97
by_dataset\mnist_family\mnist\zeropadding\standard\correct\alpha_0.1\zeropadding_-train-20260803_120642-9322594f6d4a8a72.csv,classified_csv,30714,e7b07e3fe76cddece5490e214cf4de46c47d54b5b9282ef517ea0fb68d66eec8
by_dataset\mnist_family\mnist\zeropadding\standard\correct\alpha_0.4\zeropadding_-train-20260803_134504-3ab1371d6fae3d31.csv,classified_csv,30898,105738d7fb93e08cf6bc536b56ba0727ff6d71caba45ad73f06b1422eae154dc
by_dataset\mnist_family\mnist\zeropadding\standard\correct\alpha_0.4\zeropadding_-train-20260803_152208-cb2c1e5a07702164.csv,classified_csv,30901,91536ddbf2e95e2ad33539bbc89d0df3bc500e384e76eab35b7ceffa968d2459
by_dataset\mnist_family\mnist\zeropadding\standard\correct\alpha_0.4\zeropadding_-train-20260803_165813-44422f58c584ea34.csv,classified_csv,30978,fdd5914784b239c405407b63cc399ce7a0250eefdf353965bf83ab2b8657250d
by_dataset\mnist_family\mnist\zeropadding\standard\correct\alpha_0.8\zeropadding_-train-20260803_183318-49a80d36f9471c2c.csv,classified_csv,30724,291f25b7386762088aa2acc60d9c3ee03b33e8bf4f1ae2145946531a45d614e7
by_dataset\mnist_family\mnist\zeropadding\standard\correct\alpha_0.8\zeropadding_-train-20260803_201103-0ddb9b9281a98fa1.csv,classified_csv,30753,19ac2528d4e2329edc441400c2386f3723e3b66bbef229fe3b86fcb3cae37eac
by_dataset\mnist_family\mnist\zeropadding\standard\correct\alpha_0.8\zeropadding_-train-20260803_214912-dd56785753efe20e.csv,classified_csv,30686,693779f2f8fe49c3a512510d682d18d808c6984eb42e8992e1671cdffc1fae60
by_dataset\mnist_family\mnist\zeropadding\standard\medium\alpha_0.1\zeropadding_-train-20260806_050105-5b1f381be5fd055b.csv,classified_csv,30733,953482ae3b5a7ee53c6a9a86e22663183baac8380c8d039c6ae574f9e03c1c6b
by_dataset\mnist_family\mnist\zeropadding\standard\medium\alpha_0.1\zeropadding_-train-20260806_064129-1d439b55b3d824dc.csv,classified_csv,30585,0245593a3ea9ab266041b910f6aa552c79855214c52856d0d901b2b25479a077
by_dataset\mnist_family\mnist\zeropadding\standard\medium\alpha_0.1\zeropadding_-train-20260806_082320-db51b5885dade5bb.csv,classified_csv,30733,799c3e6e79a4590ccb1696a72c22d67133b8effeb000752ec908035d455f4ca1
by_dataset\mnist_family\mnist\zeropadding\standard\medium\alpha_0.4\zeropadding_-train-20260806_100516-7976fe31cc6cbd73.csv,classified_csv,30878,3a0ee8883d9dcf46dd6fe580ee7a7aab00ea3cd088a30fd4e444860e7dd9d475
by_dataset\mnist_family\mnist\zeropadding\standard\medium\alpha_0.4\zeropadding_-train-20260806_114614-5ddb1cfcba024e1d.csv,classified_csv,30865,588388a03ad987006c2acac7562753dfd8b516d259576d59dbf8d9934ee70812
by_dataset\mnist_family\mnist\zeropadding\standard\medium\alpha_0.4\zeropadding_-train-20260806_132635-51fc6a8966b376ca.csv,classified_csv,30965,37bfaad4375f35c1b86412f8b03afb017db7c0633dbf88bc599834fdcdf2a333
by_dataset\mnist_family\mnist\zeropadding\standard\medium\alpha_0.8\zeropadding_-train-20260806_150819-e556bbeab61e8832.csv,classified_csv,30725,f8da250f01c39e69c35d8127acf7d7875af31b64257c6a8047897a2bf43a84d7
by_dataset\mnist_family\mnist\zeropadding\standard\medium\alpha_0.8\zeropadding_-train-20260806_165041-099221c601d8351f.csv,classified_csv,30726,86f377f2af745afe27f1abfaeae3304926425f955df78a4f5921398ade27cc60
by_dataset\mnist_family\mnist\zeropadding\standard\medium\alpha_0.8\zeropadding_-train-20260806_182932-22405b83efdabebb.csv,classified_csv,30694,05689f3835f1197d84d9c4a7704d0c402e6cdcfff89b66902ffab43581643147
by_dataset\mnist_family\mnist\zeropadding\standard\mismatch\alpha_0.1\zeropadding_-train-20260809_020658-855118e8cdfed5a1.csv,classified_csv,30750,569e9781e4718a33f5fac4810d58858d6d2aa4c54f0cddb1d75b64ac990d2193
by_dataset\mnist_family\mnist\zeropadding\standard\mismatch\alpha_0.1\zeropadding_-train-20260809_034603-8bb155f56fb29d1c.csv,classified_csv,30539,70171a9292f734b777611fe6b4b18bf0f102e41bca264b9f6694d3c5a86a3dae
by_dataset\mnist_family\mnist\zeropadding\standard\mismatch\alpha_0.1\zeropadding_-train-20260809_052613-aa83e17df0fcbb6c.csv,classified_csv,30629,10a1a3a9c7ad424dc1f7b87fa8ecaa355b296df9517346812f34e8826d41249b
by_dataset\mnist_family\mnist\zeropadding\standard\mismatch\alpha_0.4\zeropadding_-train-20260809_070837-7ba5d7fc1d8d3e0e.csv,classified_csv,30875,763111bdb780f9de4e6a0c8bedcfdffd2f594323f5c53c40011b9275dd9100ed
by_dataset\mnist_family\mnist\zeropadding\standard\mismatch\alpha_0.4\zeropadding_-train-20260809_085002-622d7ee34f7da366.csv,classified_csv,30856,caad6719f3cbabb71c9d796202b002766e01d699aadd1aa06b7825f22b2804b4
by_dataset\mnist_family\mnist\zeropadding\standard\mismatch\alpha_0.4\zeropadding_-train-20260809_103248-b51d3401907a96e2.csv,classified_csv,30895,48e0f7ce0bde5deb3fd006279e36c6ce1d4739ca7959518e6cf43349232c51a8
by_dataset\mnist_family\mnist\zeropadding\standard\mismatch\alpha_0.8\zeropadding_-train-20260809_121419-823a431724dbbee9.csv,classified_csv,30750,f045378ae28f70471f335df90436809d33f6f6ae534f8365d787bab5aebcde2f
by_dataset\mnist_family\mnist\zeropadding\standard\mismatch\alpha_0.8\zeropadding_-train-20260809_135552-27e116eb61877a39.csv,classified_csv,30701,1409243252bc351762eb829e1d20ad1550788768975cdb510536fe4a99ba43d8
by_dataset\mnist_family\mnist\zeropadding\standard\mismatch\alpha_0.8\zeropadding_-train-20260809_153737-dfa9304b4dfa34b1.csv,classified_csv,30702,26ca748a392a27f88f60ef435e620db8cd6d72ae8ef025e60268da65f936bc60
by_dataset\mnist_family\qmnist\flora\corrected\correct\alpha_0.4\qmnist_dirichlet_0_4_rank_correct_flora_correct_-train-20260815_215737-24ddcbd33c3955a6.csv,classified_csv,32088,dd8dc184a556b214301823f89ecfd37a9f0ec26792ae20d9fd62a71effb0e037
by_dataset\mnist_family\qmnist\flora\corrected\medium\alpha_0.4\qmnist_dirichlet_0_4_rank_medium_flora_correct_-train-20260816_151516-4971b875da17c833.csv,classified_csv,32127,ec507f8f03f1f20e79e1a572261e444458ff7a68e72303bcf5b235eb4b23bf87
by_dataset\mnist_family\qmnist\flora\corrected\mismatch\alpha_0.4\qmnist_dirichlet_0_4_rank_mismatch_cost_matched_flora_correct_-train-20260816_164942-19d50a82a00e3787.csv,classified_csv,32059,57c8cd00a893954869620146effc8869eaaf7dba9ecead96ee2a516a66b3ef25
by_dataset\mnist_family\qmnist\flora\unspecified\correct\alpha_0.1\flora_-train-20260813_220355-df030a7a2361b81f.csv,classified_csv,31905,2cc73c14433c89896c81d93b6011f1dd2de9878c7eaca63dca558851805d3c72
by_dataset\mnist_family\qmnist\flora\unspecified\correct\alpha_0.1\flora_-train-20260813_224110-ce1e5c6d7f542853.csv,classified_csv,32018,ed3f4c8cdb95d601a9ae3a4f092a295b8172b33f1ba457cb8cbd18bccdc80618
by_dataset\mnist_family\qmnist\flora\unspecified\correct\alpha_0.1\flora_-train-20260813_232028-eb3a40f002036f61.csv,classified_csv,32836,1cd249ae8475d17ba530aca2ad0473ddc2f5a799d166aa7629ab2e3aa6e0e714
by_dataset\mnist_family\qmnist\flora\unspecified\correct\alpha_0.4\flora_-train-20260813_235908-7951e9a5a2819047.csv,classified_csv,32869,3f15ee2e3e4627ad5c40fb5eff8b4dafbf5703c79e300cda862344b62a2a03d4
by_dataset\mnist_family\qmnist\flora\unspecified\correct\alpha_0.4\flora_-train-20260814_003915-cbdfb75edcfa938a.csv,classified_csv,32664,0f30a83e01f28de27cebeb02e5b12a29aff80f29e9262dba34c259909ebd8975
by_dataset\mnist_family\qmnist\flora\unspecified\correct\alpha_0.4\flora_-train-20260814_012014-6224f446b41f7b45.csv,classified_csv,31971,a4fb2e88a4a50d3db546e7600164cb1802e840c69cfcc0516304fe3c61ca448f
by_dataset\mnist_family\qmnist\flora\unspecified\correct\alpha_0.4\qmnist_dirichlet_0_4_rank_correct_flora_-train-20260813_091532-9736f354ef096fb4.csv,classified_csv,33289,b28c44da765c815120a458a3d60204af8125e41efde6b1ac9c7ce38864e2519c
by_dataset\mnist_family\qmnist\flora\unspecified\correct\alpha_0.8\flora_-train-20260814_020237-472aecc196b5fa26.csv,classified_csv,31811,ec50fe7c5406a426becc4527222587b3e6c841a0160bab6f28e0c80ab54b4327
by_dataset\mnist_family\qmnist\flora\unspecified\correct\alpha_0.8\flora_-train-20260814_024529-8fac4310ae028e7a.csv,classified_csv,33326,5b3997beefe3695f09116d3994f2ca52ad010deb86eab83fbd823d318976bbeb
by_dataset\mnist_family\qmnist\flora\unspecified\correct\alpha_0.8\flora_-train-20260814_032826-11f25ae6f8e23cdb.csv,classified_csv,31817,8344ae9fc79ff58901811022fb0a802ad5232584b87e217805ac0786cfc701cc
by_dataset\mnist_family\qmnist\flora\unspecified\medium\alpha_0.1\flora_-train-20260814_152802-df1f19433a8ecc7b.csv,classified_csv,32915,5fe92e20f1b35d80bc2e04abeb8330e9d2f35ae4f1d52a3d25b5fd421b2b3579
by_dataset\mnist_family\qmnist\flora\unspecified\medium\alpha_0.1\flora_-train-20260814_161027-b35c64d2e59fe9fe.csv,classified_csv,32826,64898de071394f0bfc082799878499ffa6764db56fa9871ab6b550ddb6cb82a0
by_dataset\mnist_family\qmnist\flora\unspecified\medium\alpha_0.1\flora_-train-20260814_165238-667ba01cd0d72b78.csv,classified_csv,32836,84119c9c0042e9b28cdf8a80806bb0416078dc97a978741e73136bbfe8a52b78
by_dataset\mnist_family\qmnist\flora\unspecified\medium\alpha_0.4\flora_-train-20260814_173455-e65beb8b172f4dca.csv,classified_csv,32061,773610856215d6f1504ea85c147305df81b2553277a65239a4d8331912230459
by_dataset\mnist_family\qmnist\flora\unspecified\medium\alpha_0.4\flora_-train-20260814_181719-e9432a7e51238c7b.csv,classified_csv,31856,cd728d1e0a92337e41a1c0bb57505de626f25a305dbd0fe19b1645b47c916b2e
by_dataset\mnist_family\qmnist\flora\unspecified\medium\alpha_0.4\flora_-train-20260814_190002-ca9c1fbaff11f808.csv,classified_csv,31062,135901f8568b63301d3ce5ef351b5ac6242b71988e1e8d81b3a38df84a452c21
by_dataset\mnist_family\qmnist\flora\unspecified\medium\alpha_0.4\qmnist_dirichlet_0_4_rank_medium_flora_-train-20260814_023445-5336267a205a605d.csv,classified_csv,32379,ff908a635699462885dc11e432eb25f9dd0858c0724bcce6d524540d92fa07d7
by_dataset\mnist_family\qmnist\flora\unspecified\medium\alpha_0.8\flora_-train-20260814_194202-d55b20dba5b32fc5.csv,classified_csv,33023,099a1d162ffe5ff49b79523c2b17257a0e7b0a922802c9f7f12edc6277996810
by_dataset\mnist_family\qmnist\flora\unspecified\medium\alpha_0.8\flora_-train-20260814_202432-8c5d99319225b994.csv,classified_csv,33023,e853a1fb3c73e8cc3074399dbb3959e78a04cf5a968de22ec9d62e011ab5d97b
by_dataset\mnist_family\qmnist\flora\unspecified\medium\alpha_0.8\flora_-train-20260814_210622-2ea3a29fa4ec71f0.csv,classified_csv,33130,6a3666110c95b64ec6776bd58c135eaa88565aed98608103a7121dd721ddc105
by_dataset\mnist_family\qmnist\flora\unspecified\mismatch\alpha_0.1\flora_-train-20260815_085139-194f537a6af447f6.csv,classified_csv,32208,8eaed5e85be5795ed0d7e1677d977ba4a03b86c3a486217c3abb65cc380e5c44
by_dataset\mnist_family\qmnist\flora\unspecified\mismatch\alpha_0.1\flora_-train-20260815_093401-7740fec4a775e45f.csv,classified_csv,33028,146a3011e5bb945d5c58a9762c9747a8caf5cd42e0cb2d5c91bf3d969c04b1fe
by_dataset\mnist_family\qmnist\flora\unspecified\mismatch\alpha_0.1\flora_-train-20260815_101458-6ec11b46f2c8b067.csv,classified_csv,33139,0d83f0511518af259ffeb017fe4c499cada1df8836f086b25e8913db341bdef2
by_dataset\mnist_family\qmnist\flora\unspecified\mismatch\alpha_0.4\flora_-train-20260815_105605-18817549c10ddb24.csv,classified_csv,33374,707abf961181d9232afa54ed17e502cd916c5505ac02fd80b5cb2fee0f395fab
by_dataset\mnist_family\qmnist\flora\unspecified\mismatch\alpha_0.4\flora_-train-20260815_113749-a516f7a03dbb9011.csv,classified_csv,32967,feaa4ab1f45d7a00698df86ae934e1b75496aefb2c11fd1d029e24819161fc9d
by_dataset\mnist_family\qmnist\flora\unspecified\mismatch\alpha_0.4\flora_-train-20260815_121944-dc2b44e395a829fa.csv,classified_csv,32375,1b4e48298adb7f4928b50a3bf15954e832cc8250b8f5709132daef2d09faa285
by_dataset\mnist_family\qmnist\flora\unspecified\mismatch\alpha_0.4\qmnist_dirichlet_0_4_rank_mismatch_cost_matched_flora_-train-20260814_040914-038f770103b16038.csv,classified_csv,33101,36d9f07bbb7b13bd98459e930a1ba750d173e61087d218e96f0ef4403367df58
by_dataset\mnist_family\qmnist\flora\unspecified\mismatch\alpha_0.8\flora_-train-20260815_130102-3beb1203000a15ae.csv,classified_csv,32720,8e078f30a8c5345a5f88f31885c42354875216c1181136806f2f91d9be4c9063
by_dataset\mnist_family\qmnist\flora\unspecified\mismatch\alpha_0.8\flora_-train-20260815_134237-71ca42650d6e32b7.csv,classified_csv,31912,5600b0aaecdb8798a945bef1bcea9582d2915c39166082470c56e1bcaef69e8f
by_dataset\mnist_family\qmnist\flora\unspecified\mismatch\alpha_0.8\flora_-train-20260815_142357-4c41766428d7da8d.csv,classified_csv,33029,138a0f8514b973d78905314656cdbb7f8d75c2a14939c2d1463200e2e0e7adc8
by_dataset\mnist_family\qmnist\rbla\standard\correct\alpha_0.1\rbla_-train-20260805_041617-da691f33622af8d5.csv,classified_csv,31929,f7e3d5cacfa2a0f1e8b7c6e6a8aa271f6e872430eadfee84545f053e13a3144c
by_dataset\mnist_family\qmnist\rbla\standard\correct\alpha_0.1\rbla_-train-20260805_065059-864ddf20c9100cde.csv,classified_csv,31958,f32b7b2e951c75a0a20b470c823284b2a732b801d01e30ab5d18c6a013d53b56
by_dataset\mnist_family\qmnist\rbla\standard\correct\alpha_0.1\rbla_-train-20260805_092830-1dc9caf53d90736b.csv,classified_csv,32025,7604d071d0e9e8afdcf12876a44f05f68d4047bb0d24bdea58b7aa630a749d22
by_dataset\mnist_family\qmnist\rbla\standard\correct\alpha_0.4\rbla_-train-20260805_120848-ce1dd10948596055.csv,classified_csv,32164,35cc69938fe596aa7d589a5e07b553764e5efb6a06f161279ace8ee933d6171b
by_dataset\mnist_family\qmnist\rbla\standard\correct\alpha_0.4\rbla_-train-20260805_144412-31eaa01bb6ee05ec.csv,classified_csv,32147,3d0754b00495777a50b72b347f903efbb5344dd476bdbba51483ab2cdfa84208
by_dataset\mnist_family\qmnist\rbla\standard\correct\alpha_0.4\rbla_-train-20260805_171848-3104b6be85503b8c.csv,classified_csv,32255,bb61f01335dc1e787fa09fcf6cf274bb566aa6e9e8f14d8a4ac0e8ea05d95ef9
by_dataset\mnist_family\qmnist\rbla\standard\correct\alpha_0.8\rbla_-train-20260805_195516-8b0fc0d1525eff81.csv,classified_csv,32025,871ba40e3bc5a6956a7162acc309cd782c3b62fda49e85bf0c71062a1c17340f
by_dataset\mnist_family\qmnist\rbla\standard\correct\alpha_0.8\rbla_-train-20260805_222841-18309958d1417ca1.csv,classified_csv,32096,3a996215aab35bcecb83294e60ac8968a02b3f062baf78453136dc0620be51ea
by_dataset\mnist_family\qmnist\rbla\standard\correct\alpha_0.8\rbla_-train-20260806_010920-2556fab0ba02d4c3.csv,classified_csv,31935,d26c3a1bd67a85b3ada8f5dc92b191b7ef3aacf2f894660a32927f04ff4db1fb
by_dataset\mnist_family\qmnist\rbla\standard\medium\alpha_0.1\rbla_-train-20260808_005444-ddebff4f3114bcdc.csv,classified_csv,31958,e034d9f47ce8f4d604ae64e547138009f909a99c55a5131aa96919a1941422d9
by_dataset\mnist_family\qmnist\rbla\standard\medium\alpha_0.1\rbla_-train-20260808_033106-4e70f9e7af26cf67.csv,classified_csv,32080,f3eb5ebe2c9f99470eb1e15ae85afc3a92f8f0ac18b550639fa5f49ee7f487f7
by_dataset\mnist_family\qmnist\rbla\standard\medium\alpha_0.1\rbla_-train-20260808_061747-3c44a83df0a21cbe.csv,classified_csv,32052,c8634bfb6f560aa5c2b99bedd1f40e7e7d7f85900b3c542f1e52032714ec1f73
by_dataset\mnist_family\qmnist\rbla\standard\medium\alpha_0.4\rbla_-train-20260808_085955-e397bf9b7d2bf37e.csv,classified_csv,32161,ee3df6a606dbcf47d4781b12e98dd5d99515a511564fd72efedf55128d768052
by_dataset\mnist_family\qmnist\rbla\standard\medium\alpha_0.4\rbla_-train-20260808_113710-0d51429cbad21688.csv,classified_csv,32200,13d61675e48818f9b6b9d69b651175057e8861541da9ac161af187222f30f3c2
by_dataset\mnist_family\qmnist\rbla\standard\medium\alpha_0.4\rbla_-train-20260808_141610-9eea060b44a25d86.csv,classified_csv,32196,3ffd03493f0c0e9823b3881219b110ba64d41003cc8c8b531edf63eb08af386a
by_dataset\mnist_family\qmnist\rbla\standard\medium\alpha_0.8\rbla_-train-20260808_165606-07a8eb02e288e01c.csv,classified_csv,32038,aec69d2330ff7944efae049b38d4632017acc7601f5f175917b2a763f439b518
by_dataset\mnist_family\qmnist\rbla\standard\medium\alpha_0.8\rbla_-train-20260808_193420-c26dfb085d2b90f8.csv,classified_csv,32106,dd66668e1e781ee18a024f7265163182d57857a99e70076aae00e44d6334e788
by_dataset\mnist_family\qmnist\rbla\standard\medium\alpha_0.8\rbla_-train-20260808_221105-bd81e5faf3116205.csv,classified_csv,31991,0df1284541bb1e4b728a97a57f7936b8bb8733fb979088d7e0c3a0195db6a434
by_dataset\mnist_family\qmnist\rbla\standard\mismatch\alpha_0.1\rbla_-train-20260810_214347-16708ef2bb01dfad.csv,classified_csv,32018,3e21c47f3c5a1316da3355411d8cfed2b9b110562f47e36e247b5fb0e9b37e2b
by_dataset\mnist_family\qmnist\rbla\standard\mismatch\alpha_0.1\rbla_-train-20260811_001733-1ee9f87cf01dd3ae.csv,classified_csv,31956,0d947b7cda1ca20840304d27b80df1bcc5ce7dc4cb6a5322b489067461ab9175
by_dataset\mnist_family\qmnist\rbla\standard\mismatch\alpha_0.1\rbla_-train-20260811_025203-290c0ed0bd3bbdea.csv,classified_csv,32008,39ad324c3bd040a34d85600c9a0519fa214131215d1733e79acff7cf6440ca96
by_dataset\mnist_family\qmnist\rbla\standard\mismatch\alpha_0.4\rbla_-train-20260811_052637-a37b1d514f20eee9.csv,classified_csv,32228,fbfce15afad301cce570cce2aadb2f74acc10bea8258c1a350981c33be0a11b8
by_dataset\mnist_family\qmnist\rbla\standard\mismatch\alpha_0.4\rbla_-train-20260811_080026-4d234951a4bbfd74.csv,classified_csv,32227,3269befd89f4412a8873c1da3b9b4b2cca666ba54a5bb176e9dc087d014ec8af
by_dataset\mnist_family\qmnist\rbla\standard\mismatch\alpha_0.4\rbla_-train-20260811_103358-476507a1f1a7f216.csv,classified_csv,32251,e0a81c865ac3cb49f55046014f993397fbdb97d009f918ab4d6904520d42ccab
by_dataset\mnist_family\qmnist\rbla\standard\mismatch\alpha_0.8\rbla_-train-20260811_130834-c0329529b4d37436.csv,classified_csv,31987,c4c03995623bf7c642f1c5a40b063c2917fe43bd09ef1de7a77565c8aa8c0ec7
by_dataset\mnist_family\qmnist\rbla\standard\mismatch\alpha_0.8\rbla_-train-20260811_154206-eb4126d7cb91035b.csv,classified_csv,32013,e96ef13c0ba8988970af98ff1be0a3bcfbd2b5444e7c040f9fdc632597256087
by_dataset\mnist_family\qmnist\rbla\standard\mismatch\alpha_0.8\rbla_-train-20260811_181739-98f175384f959cee.csv,classified_csv,31987,b581358ddc4c57b202190ad0a391f18379ef95063e3f265492fc03ff6dfb8421
by_dataset\mnist_family\qmnist\rbla_plus\standard\correct\alpha_0.1\rbla_plus_-train-20260805_045430-a6c57fe406693ec3.csv,classified_csv,43041,40936f385d85f116f24c89171f307582e9cf4618ba5e94b3e41421e06acd61df
by_dataset\mnist_family\qmnist\rbla_plus\standard\correct\alpha_0.1\rbla_plus_-train-20260805_072935-e802a7d44d9b80ee.csv,classified_csv,43157,ff7888b36a9d64596b42cb2d4c6c5e03fdc5854cfbf1b52cbc534f6ca86d7fa8
by_dataset\mnist_family\qmnist\rbla_plus\standard\correct\alpha_0.1\rbla_plus_-train-20260805_100807-c39b8494e50ac2ae.csv,classified_csv,43201,3fc58466a686bbfb61c9ed0d1421ede32c07eb3a6155fceb0b790676fcfd7ec0
by_dataset\mnist_family\qmnist\rbla_plus\standard\correct\alpha_0.4\rbla_plus_-train-20260805_124625-4e7a317614fd4079.csv,classified_csv,43482,af1b6de89a0defbb837331005f78522a5a6a344bc7c8edbd1fb3bb4f610791f3
by_dataset\mnist_family\qmnist\rbla_plus\standard\correct\alpha_0.4\rbla_plus_-train-20260805_152333-e4d62c2bf8c64c54.csv,classified_csv,43365,c750c7632f9aeb721c8da6c201955e5e85a7a5a8c1e02ee5e3b3832d5ee7c114
by_dataset\mnist_family\qmnist\rbla_plus\standard\correct\alpha_0.4\rbla_plus_-train-20260805_175804-eef18e0b2c30e747.csv,classified_csv,43382,0884bd75d0d3d5cc123f1bafb2fbc5a515bfb3cd44ce86cade084e4067ee6331
by_dataset\mnist_family\qmnist\rbla_plus\standard\correct\alpha_0.8\rbla_plus_-train-20260805_203357-940366d8d247b2cf.csv,classified_csv,43362,86b1399f5a72267d53b5d5680f56448a8ed6663bc4f901a6eabdee4b6daaa09a
by_dataset\mnist_family\qmnist\rbla_plus\standard\correct\alpha_0.8\rbla_plus_-train-20260805_230825-60db31492f4e9a89.csv,classified_csv,43210,7621619bfccc9d26ac13f789d2261859007a5b6d0279fc086f943560a34d2cda
by_dataset\mnist_family\qmnist\rbla_plus\standard\correct\alpha_0.8\rbla_plus_-train-20260806_015003-b532504142c12658.csv,classified_csv,43311,1141d60f5379db7ef729996ac8b7e6bdfb15bb6d75671ed69b185febe094fe51
by_dataset\mnist_family\qmnist\rbla_plus\standard\medium\alpha_0.1\rbla_plus_-train-20260808_013325-f0ae211fee47438d.csv,classified_csv,43039,39ed18105025c1ea00f49ec5e482a4a17420f11ad34c0e0462abf62b683a2f3f
by_dataset\mnist_family\qmnist\rbla_plus\standard\medium\alpha_0.1\rbla_plus_-train-20260808_041015-2ac7894598ab6705.csv,classified_csv,43157,93f2975d133196705fd1eda9989aafdcd6be34749b67d28adb053f5679764a66
by_dataset\mnist_family\qmnist\rbla_plus\standard\medium\alpha_0.1\rbla_plus_-train-20260808_070042-3ead37ac8750dde1.csv,classified_csv,43215,726327b61149d891ceababe1f0d2981601636e88e3cd65ac1e9adaa22d50e2e1
by_dataset\mnist_family\qmnist\rbla_plus\standard\medium\alpha_0.4\rbla_plus_-train-20260808_093920-f505f80054d90c2f.csv,classified_csv,43162,280e65002ad43ef0e590faf44c20e5f10955e2b87095f89c757b40abf1352de6
by_dataset\mnist_family\qmnist\rbla_plus\standard\medium\alpha_0.4\rbla_plus_-train-20260808_121659-a5009eff2dd63862.csv,classified_csv,43485,46bd42691abd265acff96d8d4ec8ac93bd5b4f5a4ca91261346e93b05f2798a9
by_dataset\mnist_family\qmnist\rbla_plus\standard\medium\alpha_0.4\rbla_plus_-train-20260808_145629-bf60b16bef90fc96.csv,classified_csv,43430,4b97bd1c0fbc3f15e646b5c9d0262a8b187d8bfb290bc001966cedfa6fb8083a
by_dataset\mnist_family\qmnist\rbla_plus\standard\medium\alpha_0.8\rbla_plus_-train-20260808_173534-be53f0f78845e040.csv,classified_csv,43180,47609d11b690234416bbb4be6cca6c50bc7e2cd6dcdc03b3f01fbb5d350e2484
by_dataset\mnist_family\qmnist\rbla_plus\standard\medium\alpha_0.8\rbla_plus_-train-20260808_201258-16f4c0201edd8c9f.csv,classified_csv,43210,7ff56d13a3e0a55eeceae6c07b4ef6f439e95862310ce69e11262cbe0fe5ddc4
by_dataset\mnist_family\qmnist\rbla_plus\standard\medium\alpha_0.8\rbla_plus_-train-20260808_225044-62938029ac9cc674.csv,classified_csv,43158,044b403e88ddf6e9a51155a4af1a1f9188456537154f20d65d3cdfd6c3dfe6cd
by_dataset\mnist_family\qmnist\rbla_plus\standard\mismatch\alpha_0.1\rbla_plus_-train-20260810_222149-9043a572121f9484.csv,classified_csv,43273,bfe4175941633782827bb1508f95794ba60f42f478436f9980ccf9a425a44eee
by_dataset\mnist_family\qmnist\rbla_plus\standard\mismatch\alpha_0.1\rbla_plus_-train-20260811_005625-374dd7cbbd1588f5.csv,classified_csv,43251,b7b434ff06993a3b186bad2b4ad0f36fb95571d34f470c303c5d0f09bbdd0636
by_dataset\mnist_family\qmnist\rbla_plus\standard\mismatch\alpha_0.1\rbla_plus_-train-20260811_033052-814ad227525431d5.csv,classified_csv,43350,6dcd7e18fa9c952d7fc9535bd3a98c1c3927a2e51091b04a3d53fe94b3ea9098
by_dataset\mnist_family\qmnist\rbla_plus\standard\mismatch\alpha_0.4\rbla_plus_-train-20260811_060444-bdb11583cfde66b3.csv,classified_csv,43372,e03b2835740bcf5e3ef74b41e9df1fe5a8a36da904f3a92cdd1c9b0da604288e
by_dataset\mnist_family\qmnist\rbla_plus\standard\mismatch\alpha_0.4\rbla_plus_-train-20260811_083910-8e3e0aa2fd9fbf58.csv,classified_csv,43347,38e9502d92f67a5d7f3f6d00f0c98bf6ca285ffced8ce187eee1255a41e297d7
by_dataset\mnist_family\qmnist\rbla_plus\standard\mismatch\alpha_0.4\rbla_plus_-train-20260811_111257-f84c23dc4efcf675.csv,classified_csv,43302,57fc54aa6c6646a970100622fcfe1c9405b67f1fcf791c828748b9eef74f98fb
by_dataset\mnist_family\qmnist\rbla_plus\standard\mismatch\alpha_0.8\rbla_plus_-train-20260811_134656-df45b4ee18c2cd44.csv,classified_csv,43189,0c6e181e7c0111a839f0fe05aef9fb6e2d7352b8255c5dd9061695dbc6e31ce3
by_dataset\mnist_family\qmnist\rbla_plus\standard\mismatch\alpha_0.8\rbla_plus_-train-20260811_162056-340e77b91f184c3f.csv,classified_csv,43305,c6705ca19af98525d6fa1bfe1c663ba46a6c2e4f1d86e1157358b3c84f72ef27
by_dataset\mnist_family\qmnist\rbla_plus\standard\mismatch\alpha_0.8\rbla_plus_-train-20260811_185521-287e9d6fd8d51dd1.csv,classified_csv,43298,35860be51cc12a6c1be50b2e4c2d92a090a50aefcccdbee38c57a0cd6d39fbfe
by_dataset\mnist_family\qmnist\sp\standard\correct\alpha_0.1\sp_-train-20260805_053316-f1a44d6255437d15.csv,classified_csv,31343,5a45d9a3b120d9928d3bc30c7e854e934941516d20bb6e63b08869a3060f9fd9
by_dataset\mnist_family\qmnist\sp\standard\correct\alpha_0.1\sp_-train-20260805_080930-e7c9a9789f7ace50.csv,classified_csv,29854,622e982327a1fa84c5c385902ac634227e5effd3cdc80ee6893c984283eec040
by_dataset\mnist_family\qmnist\sp\standard\correct\alpha_0.1\sp_-train-20260805_104825-64acc7249c070608.csv,classified_csv,29692,36e93ef5d9a1c278aded0985c11127a52eab46ac08c039987007e0cb8c56f360
by_dataset\mnist_family\qmnist\sp\standard\correct\alpha_0.4\sp_-train-20260805_132516-1132f33ffe2f3c60.csv,classified_csv,30473,97d8565259dc846bfa491ff85bc7f3d2445e792a9c3ca4ed094d05801ebe15a2
by_dataset\mnist_family\qmnist\sp\standard\correct\alpha_0.4\sp_-train-20260805_160207-6a562f36325d9116.csv,classified_csv,27914,46c5bc910ad1783bae6efbd052245b8c9dfd039141b1538717dd85ea6a078481
by_dataset\mnist_family\qmnist\sp\standard\correct\alpha_0.4\sp_-train-20260805_183750-b9697cc7cf0dc677.csv,classified_csv,30580,4334d04ae8dc7bdad69f4e81ce91ab9bde6285f6da76b6514816f5faf5bbdfb0
by_dataset\mnist_family\qmnist\sp\standard\correct\alpha_0.8\sp_-train-20260805_211233-96562c534f1ce89e.csv,classified_csv,32165,9d09a5d8810c2597d7b6a873b8db1f96995efa644454ecc3b28675264ce6e48c
by_dataset\mnist_family\qmnist\sp\standard\correct\alpha_0.8\sp_-train-20260805_234834-594aec4887522d97.csv,classified_csv,28377,e8f2724f6f6f6aad7f9eae6600dbc3a249bf8b3a370b499968b2b8ae5b7ce228
by_dataset\mnist_family\qmnist\sp\standard\correct\alpha_0.8\sp_-train-20260806_022906-b1246e8811ad1143.csv,classified_csv,32099,474adceb308eab015fe1063839e180ed8f905cb1660f0b659d3060ee94825e98
by_dataset\mnist_family\qmnist\sp\standard\medium\alpha_0.1\sp_-train-20260808_021225-b9cb3ecb299ea0ef.csv,classified_csv,31546,ac81b9348612e5234bb446a8fe8c4a5d6cf596f7c0be887b90c278f8d93150f2
by_dataset\mnist_family\qmnist\sp\standard\medium\alpha_0.1\sp_-train-20260808_045059-94c52fc48458ba26.csv,classified_csv,30048,52111840f5ef5e26f1ee3a59b451943980a42909c906eff53c532625c4eeca5a
by_dataset\mnist_family\qmnist\sp\standard\medium\alpha_0.1\sp_-train-20260808_074040-55df02fe7adba3ed.csv,classified_csv,29831,3dc10ddb57da75267ce2b99d37c0c011b90fcb3ac7d1e436c3c2acbcb75d05ea
by_dataset\mnist_family\qmnist\sp\standard\medium\alpha_0.4\sp_-train-20260808_101847-364044fee11fb16a.csv,classified_csv,30562,4513cdf6a24aed735a91a1ba86a5084e08864ccff6e968c57b98bc084b253f54
by_dataset\mnist_family\qmnist\sp\standard\medium\alpha_0.4\sp_-train-20260808_125640-68e48484c703f06b.csv,classified_csv,28180,6f5d41679901783b39ec960ef18bf24526bf70caa4d4a48249bf91ba702fb129
by_dataset\mnist_family\qmnist\sp\standard\medium\alpha_0.4\sp_-train-20260808_153646-0ea6ba7ac94266c7.csv,classified_csv,30609,e0135ffcf21b18b65476c5ad403d3260fa4e566ee0a1e07d5fae15366e71ba70
by_dataset\mnist_family\qmnist\sp\standard\medium\alpha_0.8\sp_-train-20260808_181402-2d037a06505551f3.csv,classified_csv,32349,ac54ff9a5783f81db5e74f23a3ce33bab88c8fa17157e1b04b2400aed96d9534
by_dataset\mnist_family\qmnist\sp\standard\medium\alpha_0.8\sp_-train-20260808_205201-47b7aea5e334ce10.csv,classified_csv,28054,a74b7f534b60ecb257fe8d2b41e0f69a1f5f8a1eca9a3ed706d8be95890b8775
by_dataset\mnist_family\qmnist\sp\standard\medium\alpha_0.8\sp_-train-20260808_233022-79806e7f5a8304c5.csv,classified_csv,32086,f5df323dedcf5279292880d7ac23393cda4911ab2705527af84d55691fd34b17
by_dataset\mnist_family\qmnist\sp\standard\mismatch\alpha_0.1\sp_-train-20260810_230029-0d53f7264fafa023.csv,classified_csv,31679,748c205a2aef800df8ac01d1543b747dcbe4a189eba505d9a4b6904806a112a9
by_dataset\mnist_family\qmnist\sp\standard\mismatch\alpha_0.1\sp_-train-20260811_013523-f664be5843dd965d.csv,classified_csv,30356,e5b26edbf72f4a2b989ece2a3fb386a2533ea57553a0fe7f2be1db0aca91a387
by_dataset\mnist_family\qmnist\sp\standard\mismatch\alpha_0.1\sp_-train-20260811_040934-28cdffbf279aca04.csv,classified_csv,29748,e42dddbc3b73c350c33cf2e92d977ea81acf4d328e03027f97128d601ce428fe
by_dataset\mnist_family\qmnist\sp\standard\mismatch\alpha_0.4\sp_-train-20260811_064245-e3e4ff67d17e056a.csv,classified_csv,30565,febd71d6501b404c075cc0c0d26ab191146fce67096dcceb6406fa2d73d405bc
by_dataset\mnist_family\qmnist\sp\standard\mismatch\alpha_0.4\sp_-train-20260811_091747-a79d235954cb25f3.csv,classified_csv,27993,a4db2c7f93317ac7cab19808fdae7a16ac474dc8e507ddabec49ed5d92bef1ad
by_dataset\mnist_family\qmnist\sp\standard\mismatch\alpha_0.4\sp_-train-20260811_115124-df9867827edbc158.csv,classified_csv,30271,3d87d08dc11b6ad815af338aeae9a6235acbbed0b5c45edae5a4c55b0f849b95
by_dataset\mnist_family\qmnist\sp\standard\mismatch\alpha_0.8\sp_-train-20260811_142533-8517c29f1f23f0da.csv,classified_csv,31992,e3441787883c26dc08a94468b3b39dbead759b444fcfdf25878e7ef6d5212eec
by_dataset\mnist_family\qmnist\sp\standard\mismatch\alpha_0.8\sp_-train-20260811_165936-f86d7a6324da6793.csv,classified_csv,28504,15b48bd2e432b29307445dbfb04a73bc5431bf042fa7934683007a73b092f46f
by_dataset\mnist_family\qmnist\sp\standard\mismatch\alpha_0.8\sp_-train-20260811_193358-b7aeeef279e980bf.csv,classified_csv,32006,85ca96368fc5de883c68f26c68dd02b318c5f8f24f7e57e0ac442a885e4cffee
by_dataset\mnist_family\qmnist\zeropadding\standard\correct\alpha_0.1\zeropadding_-train-20260805_061228-26a71f752a169d9c.csv,classified_csv,31625,8815db6e57e051d2d4a7329a51320eab66e17c73cb57d986924d540033b4869f
by_dataset\mnist_family\qmnist\zeropadding\standard\correct\alpha_0.1\zeropadding_-train-20260805_084916-e98a2467e5bb1578.csv,classified_csv,31673,38cbc1f4bb8f02b02039dadf4aa684db50234f55811219494c3e6fd1935767d6
by_dataset\mnist_family\qmnist\zeropadding\standard\correct\alpha_0.1\zeropadding_-train-20260805_112845-51b7ec7a4a74ee04.csv,classified_csv,31815,e28fc2cd9d921558c97a8e28d5f7c94c2761052a70d7e32e5c0fa26ecfd8014f
by_dataset\mnist_family\qmnist\zeropadding\standard\correct\alpha_0.4\zeropadding_-train-20260805_140424-0990492aa10f09d1.csv,classified_csv,31919,0bcf2b1b9a5f3d2a6ca86600986cadda8f68362ccd04b58b13a53652897fa133
by_dataset\mnist_family\qmnist\zeropadding\standard\correct\alpha_0.4\zeropadding_-train-20260805_164045-f484f521b99ae0f9.csv,classified_csv,31974,1e594b4ddd4e4a4588fcbd2943e718f276a5ed14d288d5ad6a60f85becc235e7
by_dataset\mnist_family\qmnist\zeropadding\standard\correct\alpha_0.4\zeropadding_-train-20260805_191647-156662424174592f.csv,classified_csv,31893,08b8531bccb4fd9f7ab895660c2a914f5481b0301412c1d7ea8467bc9aaf9f58
by_dataset\mnist_family\qmnist\zeropadding\standard\correct\alpha_0.8\zeropadding_-train-20260805_215030-03346c0605a24f30.csv,classified_csv,31799,3d106298dfa9339117ec1045ae4d8b000620a41af6923b7c6b4acc66a2488f92
by_dataset\mnist_family\qmnist\zeropadding\standard\correct\alpha_0.8\zeropadding_-train-20260806_002833-c81260fc3ed408bb.csv,classified_csv,31839,2c4b5c2fe02e3d619f0a99829b9ea3d6facbc4ba661081b46d04d0733e23a649
by_dataset\mnist_family\qmnist\zeropadding\standard\correct\alpha_0.8\zeropadding_-train-20260806_030722-a7511f3a7d2955ae.csv,classified_csv,31706,6a763f66668fd782e1df525fc51dddcd143cde502d7cd215f565c761ff4b2c1e
by_dataset\mnist_family\qmnist\zeropadding\standard\medium\alpha_0.1\zeropadding_-train-20260808_025157-b0d2cd01a40af885.csv,classified_csv,31699,332c5f46a73890863158999ae7c3e414e06986e6f807bfcaaf01dc81b0ae3fa5
by_dataset\mnist_family\qmnist\zeropadding\standard\medium\alpha_0.1\zeropadding_-train-20260808_053456-99fe1dd359a08e4f.csv,classified_csv,31812,3684766eaa06196581703b687fa94e2fbe8c84d360887c79b587840f8f490a5d
by_dataset\mnist_family\qmnist\zeropadding\standard\medium\alpha_0.1\zeropadding_-train-20260808_082013-46c256f1bbf3ea94.csv,classified_csv,31738,27911b4efa36bdabac27b4930a8a4782a828f6b47405b663626271a9fb732eee
by_dataset\mnist_family\qmnist\zeropadding\standard\medium\alpha_0.4\zeropadding_-train-20260808_105759-cf1470f2e74bd9c9.csv,classified_csv,31898,397778230f57570992cfab79ff918604fcc706fd46dda0e9368ed6864d119a70
by_dataset\mnist_family\qmnist\zeropadding\standard\medium\alpha_0.4\zeropadding_-train-20260808_133625-7e162b57b4ca1e5a.csv,classified_csv,31990,6a7fafee631574041fa2fc7528bc32c081c5d9e0992816e3ada72d4a7890e49c
by_dataset\mnist_family\qmnist\zeropadding\standard\medium\alpha_0.4\zeropadding_-train-20260808_161610-88cc232a0c1b1c2f.csv,classified_csv,31896,0e66d585b1d1665e8483a189cd90ced796dff246989f11a0648666285da6de65
by_dataset\mnist_family\qmnist\zeropadding\standard\medium\alpha_0.8\zeropadding_-train-20260808_185413-be28d9803b815db2.csv,classified_csv,31719,395ed16f8a8399a574008fe3fc20510fbfb58829757afc5a1da3133e33533e1b
by_dataset\mnist_family\qmnist\zeropadding\standard\medium\alpha_0.8\zeropadding_-train-20260808_213125-cd27be2f2f47b6c1.csv,classified_csv,31734,543d8b2825437fc666ee2cfe6c8fa680722e35ae9233e931970b4f220b40ec4c
by_dataset\mnist_family\qmnist\zeropadding\standard\medium\alpha_0.8\zeropadding_-train-20260809_001158-4fcd43f69878d2b3.csv,classified_csv,31627,548fc97703061f128eb348734ed230065d9d3d541b5b88e4a7aafd574ba4d680
by_dataset\mnist_family\qmnist\zeropadding\standard\mismatch\alpha_0.1\zeropadding_-train-20260810_233857-d5de799de670ace8.csv,classified_csv,31889,c116292a69856a81cac9917f96505c328647380f6972379d59a7b74801eae773
by_dataset\mnist_family\qmnist\zeropadding\standard\mismatch\alpha_0.1\zeropadding_-train-20260811_021350-dccd95a4a679526d.csv,classified_csv,31581,639b737956d3aba333ab3f7280e401bea9439247946d0607b39e56bc7b28fb79
by_dataset\mnist_family\qmnist\zeropadding\standard\mismatch\alpha_0.1\zeropadding_-train-20260811_044809-0b496ee40bea5b71.csv,classified_csv,31858,7eb4b02834f5f601ef17ff338cb0272d8ea0f1ba9cd6738ce605b8fb500792ed
by_dataset\mnist_family\qmnist\zeropadding\standard\mismatch\alpha_0.4\zeropadding_-train-20260811_072154-5bab8a8c6012d78b.csv,classified_csv,31978,fed927489a55e441b095caebd87aacf198e190ac8007e1eabb327ad63f61ad35
by_dataset\mnist_family\qmnist\zeropadding\standard\mismatch\alpha_0.4\zeropadding_-train-20260811_095552-29f57412251f7ac7.csv,classified_csv,31904,335c2aca3faa489ff16c1301dcac1f5435e3dcbc1a2359e6585aedb4c24d04c9
by_dataset\mnist_family\qmnist\zeropadding\standard\mismatch\alpha_0.4\zeropadding_-train-20260811_122947-250d9c77bb933117.csv,classified_csv,31895,78b87926c3b56266cf7918d5d67f3088dd359d917cf20e4d82f61277a3e71d8a
by_dataset\mnist_family\qmnist\zeropadding\standard\mismatch\alpha_0.8\zeropadding_-train-20260811_150402-d9a5055de6f6cfd2.csv,classified_csv,31850,9a041a24c331a84d50e6b482b5d9dcf54cce8362b28587f51192553874932330
by_dataset\mnist_family\qmnist\zeropadding\standard\mismatch\alpha_0.8\zeropadding_-train-20260811_173837-bd6d63bcc1ea147f.csv,classified_csv,31883,e7bc4b42d9d485d71b9f56e8877d719d1e807660303a5443a6098ecb56356d78
by_dataset\mnist_family\qmnist\zeropadding\standard\mismatch\alpha_0.8\zeropadding_-train-20260811_201203-a3aa0137a15ee906.csv,classified_csv,31731,26832e0dda9700d7beae5b092c29c514b3b387a0eb1daf4088f7c9955064f1ba
by_dataset\nlp\agnews\flora\corrected\correct\alpha_0.4\agnews_dirichlet_0_4_rank_correct_flora_correct_-train-20260816_125257-f5667df17babe378.csv,classified_csv,34052,817807222191edf8c31a01c0d64c4b1753925b06037d15e320719e7ccecb8c04
by_dataset\nlp\agnews\flora\corrected\mismatch\alpha_0.4\agnews_dirichlet_0_4_rank_mismatch_flora_correct_-train-20260817_074210-ba4904827c11c1a0.csv,classified_csv,34090,631b65764d8b00cfceded99b5368ab1686f409e6ee2f3dc65ed7e64c7958be1e
by_dataset\nlp\agnews\flora\unspecified\correct\alpha_0.4\agnews_dirichlet_0_4_rank_correct_flora_-train-20260814_001232-77a81403cd6c77a9.csv,classified_csv,34337,da501f46a99115fdef261328492c96d570aa29f1a6dcb689fc66c7b668e8443c
by_dataset\nlp\agnews\flora\unspecified\mismatch\alpha_0.4\agnews_dirichlet_0_4_rank_mismatch_flora_-train-20260814_190508-6a2ec528d7332fff.csv,classified_csv,34750,4ee41ba96f5f5189c66dd603a2b353a20ee7118fe2b50833ef1671037d518913
by_dataset\nlp\agnews\rbla\standard\correct\alpha_0.4\agnews_dirichlet_0_4_rank_correct_rbla_-train-20260805_100618-10250cbd233845bd.csv,classified_csv,34358,b7458593e77ed132a255fb9d1f4cc9d1c42add9ca026ef1c7ba529e145ce5bcb
by_dataset\nlp\agnews\rbla\standard\mismatch\alpha_0.4\agnews_dirichlet_0_4_rank_mismatch_rbla_-train-20260812_235110-3c6fd30675f5a279.csv,classified_csv,34267,59aaa1cdd8188aa18209574d037eca81972cc897c25ca8a1a3e32e15642bd0af
by_dataset\nlp\agnews\rbla_plus\standard\correct\alpha_0.4\agnews_dirichlet_0_4_rank_correct_rbla_plus_-train-20260805_113023-880bccddb94fd2be.csv,classified_csv,43785,a08390eda31b53dd651961ffd02e4372d88019d157bef07b9b207e01a6135c28
by_dataset\nlp\agnews\rbla_plus\standard\mismatch\alpha_0.4\agnews_dirichlet_0_4_rank_mismatch_rbla_plus_-train-20260813_011518-9bb2eb6f839edfa9.csv,classified_csv,43644,4c824318e22cc0d7aa7d0a91476fdff00ff1e1baa3d523c2abfca86c3762802e
by_dataset\nlp\agnews\sp\standard\correct\alpha_0.4\agnews_dirichlet_0_4_rank_correct_sp_-train-20260805_125433-d852633aff4c9201.csv,classified_csv,33939,c7b6e97e71813ad05bb212f54931b2594ea0931baf6456ad26fb23ea3a4b4e29
by_dataset\nlp\agnews\sp\standard\mismatch\alpha_0.4\agnews_dirichlet_0_4_rank_mismatch_sp_-train-20260813_023927-91acbf32fec781c1.csv,classified_csv,34081,1a2ab85eb2143e1261477cbc16b482297c843f765f46006a370fb033050d3f20
by_dataset\nlp\agnews\zeropadding\standard\correct\alpha_0.4\agnews_dirichlet_0_4_rank_correct_zeropadding_-train-20260805_141916-b1b2faaae9be3b1a.csv,classified_csv,34082,a1912e4f83bea8499fdbfba1e2f477c8135c1e95bbaccbe3adeb131a7c65425b
by_dataset\nlp\agnews\zeropadding\standard\mismatch\alpha_0.4\agnews_dirichlet_0_4_rank_mismatch_zeropadding_-train-20260813_040405-6382515fb36cb104.csv,classified_csv,34106,1600c0613ef42302d8e9a1fba1eb27f37f96942753800e143878f5789dc37a2e
by_dataset\nlp\imdb\flora\corrected\correct\alpha_0.4\imdb_dirichlet_0_4_rank_correct_flora_correct_-train-20260816_121241-4ab73bebf458208f.csv,classified_csv,32326,fc0049b4160edd9e8eb0de7a5a4086c8e4effb2fc0334bcd04a15736ba01acaa
by_dataset\nlp\imdb\flora\corrected\mismatch\alpha_0.4\imdb_dirichlet_0_4_rank_mismatch_flora_correct_-train-20260817_070153-1f8c7cada5552c3e.csv,classified_csv,32147,9a170624e11c31d12c5188b44bd29400c38e81889cc77b5356794325da29c9ec
by_dataset\nlp\imdb\flora\unspecified\correct\alpha_0.4\imdb_dirichlet_0_4_rank_correct_flora_-train-20260813_233156-dc12f76ec0ee5930.csv,classified_csv,32572,aa192fc91e1e855c158f18a5f60f63dc22527ee420c2bef51275bfa99d660c78
by_dataset\nlp\imdb\flora\unspecified\mismatch\alpha_0.4\imdb_dirichlet_0_4_rank_mismatch_flora_-train-20260814_182433-9b4abaa5019fcbb4.csv,classified_csv,31807,d554e35bcb855303a74652d2ed3ebb25f80ec9a04dfa73e91162560af6181bb0
by_dataset\nlp\imdb\rbla\standard\correct\alpha_0.4\imdb_dirichlet_0_4_rank_correct_rbla_-train-20260805_072011-8667cbf05c94bd09.csv,classified_csv,32363,1d172844f65834cca241dda27949f005cabcddc3c5f577b2a42e6fd2c43c775a
by_dataset\nlp\imdb\rbla\standard\mismatch\alpha_0.4\imdb_dirichlet_0_4_rank_mismatch_rbla_-train-20260812_210458-aeff1ef66e04df90.csv,classified_csv,32453,1733f46175992bd7153bd6d0838271ad29295de72be96cc6a16d447073d7522f
by_dataset\nlp\imdb\rbla_plus\standard\correct\alpha_0.4\imdb_dirichlet_0_4_rank_correct_rbla_plus_-train-20260805_080142-8605ba97eeae5647.csv,classified_csv,41887,eb222132203e43eac7698c7ee9ec5af4005396a418e6c873baace61a9591b21e
by_dataset\nlp\imdb\rbla_plus\standard\mismatch\alpha_0.4\imdb_dirichlet_0_4_rank_mismatch_rbla_plus_-train-20260812_214623-8ac377ab29d18c10.csv,classified_csv,41685,fa3a3dad5ad4d999d01b3b968d98d0a750fe6759d72d0b250fda97039bf61090
by_dataset\nlp\imdb\sp\standard\correct\alpha_0.4\imdb_dirichlet_0_4_rank_correct_sp_-train-20260805_084257-7efa2ab5288de8d5.csv,classified_csv,32146,c0e270d4e7924ef687057eb122138acae8e1ceeb986e3980f2892cadd1d52e78
by_dataset\nlp\imdb\sp\standard\mismatch\alpha_0.4\imdb_dirichlet_0_4_rank_mismatch_sp_-train-20260812_222750-af274ac5a7e99bc2.csv,classified_csv,32112,e49516aa182bed6d980e110dbb61bbbcb2f97ffd86c5d599a3b557a6f0960de6
by_dataset\nlp\imdb\zeropadding\standard\correct\alpha_0.4\imdb_dirichlet_0_4_rank_correct_zeropadding_-train-20260805_092446-f8a3e7be87502950.csv,classified_csv,32201,d9f90698654532e514d2c76bf0c8429502b6d070023070e1104d0d913cab0f11
by_dataset\nlp\imdb\zeropadding\standard\mismatch\alpha_0.4\imdb_dirichlet_0_4_rank_mismatch_zeropadding_-train-20260812_230945-480a50d7a0d8dc44.csv,classified_csv,32202,c2316bb41e8d7d1298169f3699d0292d0a78714b9e8c9b927f4aac69c187fc1c
by_dataset\nlp\mnli\flora\corrected\correct\alpha_0.4\mnli_dirichlet_0_4_rank_correct_flora_correct_-train-20260816_080520-c7dbe849fc6ae7ab.csv,classified_csv,37086,c641feb20422ea68f87936df943556784db99cf777a332cec5557d6adf67dd90
by_dataset\nlp\mnli\flora\corrected\mismatch\alpha_0.4\mnli_dirichlet_0_4_rank_mismatch_flora_correct_-train-20260817_025500-2ed613c03ec8931b.csv,classified_csv,37095,2f7f223feea320593b9744276e727e1afce2b15a4a95c8da36f3e3022b686d77
by_dataset\nlp\mnli\flora\unspecified\correct\alpha_0.4\mnli_dirichlet_0_4_rank_correct_flora_-train-20260813_192440-20505c43ab8d9462.csv,classified_csv,37809,84777b5e674e5ad77f5c87f5e3ab29620a3aeaf90336ca0163c6fd9983647563
by_dataset\nlp\mnli\flora\unspecified\mismatch\alpha_0.4\mnli_dirichlet_0_4_rank_mismatch_flora_-train-20260814_141755-25c056b9bf0c8edf.csv,classified_csv,37514,4a2aae9cd9c2629de9b5156dc72b8006be73de9e8689ad57f59baff0818e4bff
by_dataset\nlp\mnli\rbla\standard\correct\alpha_0.4\mnli_dirichlet_0_4_rank_correct_rbla_-train-20260805_154433-0a5ec1a44000a89c.csv,classified_csv,37445,05f1ad6e45ad84dc6a1487295fd1ee3f87384365789b11d8c72c21bf7d18fe2f
by_dataset\nlp\mnli\rbla\standard\mismatch\alpha_0.4\mnli_dirichlet_0_4_rank_mismatch_rbla_-train-20260812_035105-ab3f05110ff4477d.csv,classified_csv,37583,6bd271ae6033fa80231930af8017b21fdd78d59c1c1f8a1294ce6b3123cb6e4b
by_dataset\nlp\mnli\rbla_plus\standard\correct\alpha_0.4\mnli_dirichlet_0_4_rank_correct_rbla_plus_-train-20260805_200341-087df6e45310afec.csv,classified_csv,46572,5edf65af75a339fbcce8c87a8b2f92201f5c79dd1f43e96e3e889334900ca3ce
by_dataset\nlp\mnli\rbla_plus\standard\mismatch\alpha_0.4\mnli_dirichlet_0_4_rank_mismatch_rbla_plus_-train-20260812_080957-8088910697a516e4.csv,classified_csv,46728,3c9eae1d10770a030d194e7bf534ce8a3c4ab820274bb2ee6a3132107c066940
by_dataset\nlp\mnli\sp\standard\correct\alpha_0.4\mnli_dirichlet_0_4_rank_correct_sp_-train-20260806_002259-944e364e7eeedc2b.csv,classified_csv,36934,1cdb51c86ad65e382b5223c6c4de9ccf1f16d4bf9f35a8abb42934df497b4154
by_dataset\nlp\mnli\sp\standard\mismatch\alpha_0.4\mnli_dirichlet_0_4_rank_mismatch_sp_-train-20260812_122837-455774db4df59b98.csv,classified_csv,37252,34077f4269a19b31d26e1dc77115e9e2d28965e7595aa60729c267563eb35636
by_dataset\nlp\mnli\zeropadding\standard\correct\alpha_0.4\mnli_dirichlet_0_4_rank_correct_zeropadding_-train-20260806_044246-5eec21ff6bcf6572.csv,classified_csv,36939,fc033cd5f222bbc725cb1f4a005a9e9df3fbcac1a29e5166716264f57f3b5432
by_dataset\nlp\mnli\zeropadding\standard\mismatch\alpha_0.4\mnli_dirichlet_0_4_rank_mismatch_zeropadding_-train-20260812_164742-ac06a65d0dcba234.csv,classified_csv,37368,11238c8935cfc336ae4a46843fe160c5a213073696f06dac1d2c84725611625c
by_dataset\nlp\mrpc\flora\corrected\correct\alpha_0.4\mrpc_dirichlet_0_4_rank_correct_flora_correct_-train-20260816_075334-1208abda368f4116.csv,classified_csv,35007,cfa405ee3d3010e0b15dc72c3c36e0a092df91d9091b6523ea04918f650dc4e9
by_dataset\nlp\mrpc\flora\corrected\mismatch\alpha_0.4\mrpc_dirichlet_0_4_rank_mismatch_flora_correct_-train-20260817_024312-7e4b70dffa57fd18.csv,classified_csv,35525,c948745a78d6b022ed63480845c54ddbfce19a340cf9ccac8b61d79f99d3f97d
by_dataset\nlp\mrpc\flora\unspecified\correct\alpha_0.4\mrpc_dirichlet_0_4_rank_correct_flora_-train-20260813_191257-27ae5cc059f886be.csv,classified_csv,36995,580dd532fd468f1af806780ebf53f58b1aafc0c96874c06676f2d65bc57a165d
by_dataset\nlp\mrpc\flora\unspecified\mismatch\alpha_0.4\mrpc_dirichlet_0_4_rank_mismatch_flora_-train-20260814_140607-46ed36ca4700b6a9.csv,classified_csv,37197,c58c37e9cf6d449c3fc1527a1c11121189008731a70fd0ca259a5c88e6eacffb
by_dataset\nlp\mrpc\rbla\standard\correct\alpha_0.4\mrpc_dirichlet_0_4_rank_correct_rbla_-train-20260805_063658-6fc32fcea09afb94.csv,classified_csv,36806,d2cc87c7262bea760a8d552d575ed9340b4ced885f886a3cfe6ab14c70840242
by_dataset\nlp\mrpc\rbla\standard\mismatch\alpha_0.4\mrpc_dirichlet_0_4_rank_mismatch_rbla_-train-20260812_030613-cef84da33fcf5b04.csv,classified_csv,36694,095b0aa8a60b6ae94b97a2915fd52905ab4dbf07d9beb7e9244dc65dd2c7c7ee
by_dataset\nlp\mrpc\rbla_plus\standard\correct\alpha_0.4\mrpc_dirichlet_0_4_rank_correct_rbla_plus_-train-20260805_064736-ff9188e272cecf1f.csv,classified_csv,45292,6f3c6da99342a83c319e8eeb830eefbc46be8dced2c28fd8333a15bb93829577
by_dataset\nlp\mrpc\rbla_plus\standard\mismatch\alpha_0.4\mrpc_dirichlet_0_4_rank_mismatch_rbla_plus_-train-20260812_031659-aafd5f5f07dd0759.csv,classified_csv,46010,606a556ed9fae61b2567f65e2dad6f9afc586c9084f444295931e397f8ff6aad
by_dataset\nlp\mrpc\sp\standard\correct\alpha_0.4\mrpc_dirichlet_0_4_rank_correct_sp_-train-20260805_065811-0641df2007c33a74.csv,classified_csv,35344,1954c318883f47ef0f99b17bf031bdde17fdca04215ac7232b9fc0d33f5fe115
by_dataset\nlp\mrpc\sp\standard\mismatch\alpha_0.4\mrpc_dirichlet_0_4_rank_mismatch_sp_-train-20260812_032744-16d293add5d84092.csv,classified_csv,36563,85b27b43631b832d9b9948b813fd2472979c0425e97dcab826687539fb3a00c4
by_dataset\nlp\mrpc\zeropadding\standard\correct\alpha_0.4\mrpc_dirichlet_0_4_rank_correct_zeropadding_-train-20260805_070919-8f959fcb658f2155.csv,classified_csv,36254,e9b15723ff6ec92d2e0d84b8b72f40c1bc59630623cdb12d3647cc0f0aeb0c3f
by_dataset\nlp\mrpc\zeropadding\standard\mismatch\alpha_0.4\mrpc_dirichlet_0_4_rank_mismatch_zeropadding_-train-20260812_033857-7205d3f3091216a2.csv,classified_csv,36737,71043da3e7380b989720dca9272148fe87e13d6716d1e8a50790e636d4c4a06c
by_dataset\nlp\qqp\flora\corrected\correct\alpha_0.4\qqp_dirichlet_0_4_rank_correct_flora_correct_-train-20260816_034755-07d2b9c4260eac0f.csv,classified_csv,36970,1391a974c2bd734665a228d4137125b49e5678eb3a70ec55b0a54251bf197124
by_dataset\nlp\qqp\flora\corrected\mismatch\alpha_0.4\qqp_dirichlet_0_4_rank_mismatch_flora_correct_-train-20260816_223808-11b6306ea677885a.csv,classified_csv,36977,5d3c67eacace6687180c7b40b87ea36e60a3408f9a04c37c59f01aa0b583b7fd
by_dataset\nlp\qqp\flora\unspecified\correct\alpha_0.4\qqp_dirichlet_0_4_rank_correct_flora_-train-20260813_150723-9d9a29d62e5c5689.csv,classified_csv,37331,303da0b48466638fbd25ffce7aebd8b1df3ea46edff67e494ef6e9be29c99c1e
by_dataset\nlp\qqp\flora\unspecified\mismatch\alpha_0.4\qqp_dirichlet_0_4_rank_mismatch_flora_-train-20260814_100103-9d31bf7efb36884e.csv,classified_csv,37033,fc33215e021d0960418ebd62f46bea64ff6513b757d5d813b83582b7f4d75f41
by_dataset\nlp\qqp\rbla\standard\correct\alpha_0.4\qqp_dirichlet_0_4_rank_correct_rbla_-train-20260803_100115-a04cda277b5ca4f5.csv,classified_csv,37255,34b6742da813b4646cc680ebdfedd2045557ea79e77912edb224599034eeedd5
by_dataset\nlp\qqp\rbla\standard\mismatch\alpha_0.4\qqp_dirichlet_0_4_rank_mismatch_rbla_-train-20260811_095952-81b664d6842c862e.csv,classified_csv,37246,0be1a542eb11bfc93f5f725db0e2fe0afb7373af20b66bb461df4929aa258d5e
by_dataset\nlp\qqp\rbla_plus\standard\correct\alpha_0.4\qqp_dirichlet_0_4_rank_correct_rbla_plus_-train-20260803_140728-a7e29b31043a1428.csv,classified_csv,16764,b8ad07f2e5a099e4f07543073b08aed0a018368ed098b53fbe06843110a4aa26
by_dataset\nlp\qqp\rbla_plus\standard\correct\alpha_0.4\qqp_dirichlet_0_4_rank_correct_rbla_plus_-train-20260804_100118-8d6731dc8a05a445.csv,classified_csv,46595,e45731f88fa76230e94a759a55e8550a78639db84d82bf74f9dd71c47f30e7aa
by_dataset\nlp\qqp\rbla_plus\standard\mismatch\alpha_0.4\qqp_dirichlet_0_4_rank_mismatch_rbla_plus_-train-20260811_140550-48c3771295a533e3.csv,classified_csv,46571,8b88c2b7c9920af30bf5589cef2bd2794b0816485fe18e4abc06419d527b7ef0
by_dataset\nlp\qqp\sp\standard\correct\alpha_0.4\qqp_dirichlet_0_4_rank_correct_sp_-train-20260803_141140-de7e98e40cf3c9c5.csv,classified_csv,36932,96f5fde3b978f61a7cfc10e86e03f43522270d3ab58901ec6ae1a50633db4482
by_dataset\nlp\qqp\sp\standard\mismatch\alpha_0.4\qqp_dirichlet_0_4_rank_mismatch_sp_-train-20260811_181157-ee6458de77bc63b3.csv,classified_csv,36923,7278807e16b9b4b38095d0afc3442c6ce656f577c9ec2d76692fe06a8256a688
by_dataset\nlp\qqp\zeropadding\standard\correct\alpha_0.4\qqp_dirichlet_0_4_rank_correct_zeropadding_-train-20260803_181815-eb39deae68580955.csv,classified_csv,36952,8f9f281da0ff7e301d7656a9379b5bf4a727d2f855ec09db56138c72a9479cf9
by_dataset\nlp\qqp\zeropadding\standard\mismatch\alpha_0.4\qqp_dirichlet_0_4_rank_mismatch_zeropadding_-train-20260811_221833-8701461e3330b0a8.csv,classified_csv,37020,bb56bb6b1be5a035a1f2fde2e754ec529ad13185ba1030b8de1a73b8904be88f
by_dataset\nlp\rte\flora\corrected\correct\alpha_0.4\rte_dirichlet_0_4_rank_correct_flora_correct_-train-20260816_074313-a06da3d4daacc8ad.csv,classified_csv,37834,1f9a6398a1775cb87701e8eab0a13c9dbafaaade869d77788b2bbc5d32c9a383
by_dataset\nlp\rte\flora\corrected\mismatch\alpha_0.4\rte_dirichlet_0_4_rank_mismatch_flora_correct_-train-20260817_023252-921a38e1fbaef2d8.csv,classified_csv,37970,743dfd9df1f51e6b933cc57dbb923eae2f9d17e6d8162bee2125cc7f4b4c11f8
by_dataset\nlp\rte\flora\unspecified\correct\alpha_0.4\rte_dirichlet_0_4_rank_correct_flora_-train-20260813_190239-fe24d6e10d8f5c34.csv,classified_csv,37951,0d5f4ff3b15313174569d83bc72b053ef4d12e384d666b5c7c952f82642d2927
by_dataset\nlp\rte\flora\unspecified\mismatch\alpha_0.4\rte_dirichlet_0_4_rank_mismatch_flora_-train-20260814_135548-cdd727dde39f4c38.csv,classified_csv,37754,792b020a66399fa0887386b1dd75abf6efd771535b0730aabf6e91301a8343d8
by_dataset\nlp\rte\rbla\standard\correct\alpha_0.4\rte_dirichlet_0_4_rank_correct_rbla_-train-20260803_222322-0374ee0551f6ec16.csv,classified_csv,38038,d9c0bc8fd1d1e18fbefd0353ce04cfca860ca15a2d1f3446506aeda6954a1b40
by_dataset\nlp\rte\rbla\standard\correct\alpha_0.4\rte_dirichlet_0_4_rank_correct_rbla_-train-20260817_131954-a6c478fd9a90926a.csv,classified_csv,37590,3480c0d6f69871e05371a5e1e73b792940b1b43811f278bfa17257aeb044fc74
by_dataset\nlp\rte\rbla\standard\mismatch\alpha_0.4\rte_dirichlet_0_4_rank_mismatch_rbla_-train-20260812_022253-6b716c3e4e9fb473.csv,classified_csv,38122,e88ce0626703c1eb8ecf5171b86cf03232de8718e57d15d6a56544aba04ea5ac
by_dataset\nlp\rte\rbla_plus\standard\correct\alpha_0.4\rte_dirichlet_0_4_rank_correct_rbla_plus_-train-20260803_223404-ffc1ff95ff0656d6.csv,classified_csv,17290,35c09b93d08e27b8dd20b50d3e986e2c4168c02a6e3a05edf50842eafca8d149
by_dataset\nlp\rte\rbla_plus\standard\correct\alpha_0.4\rte_dirichlet_0_4_rank_correct_rbla_plus_-train-20260804_140629-58b29037a7cdd8f3.csv,classified_csv,47568,c0bea4a142e4baa66858b584882cf3815081f612499dd041ef9351fce1b841f2
by_dataset\nlp\rte\rbla_plus\standard\correct\alpha_0.4\rte_dirichlet_0_4_rank_correct_rbla_plus_-train-20260817_133039-f37f3add962d215a.csv,classified_csv,46231,9076066d3b6a0c52bdcbdb3ad43eaf9f841ae31893a5c12ec216cd0defec1dbc
by_dataset\nlp\rte\rbla_plus\standard\mismatch\alpha_0.4\rte_dirichlet_0_4_rank_mismatch_rbla_plus_-train-20260812_023337-0a17fd1846542b93.csv,classified_csv,47137,70e77638b611bbcb01acc46d4979482203e934512b7e25eb26c7469e104ec6ab
by_dataset\nlp\rte\sp\standard\correct\alpha_0.4\rte_dirichlet_0_4_rank_correct_sp_-train-20260803_223453-513d197e2da98110.csv,classified_csv,37503,93ceb6245f640a57e0668849cb9b36e49efbf8ad83c5c5fdc7f0b764db24ea46
by_dataset\nlp\rte\sp\standard\correct\alpha_0.4\rte_dirichlet_0_4_rank_correct_sp_-train-20260817_134122-8a1a0c1a92ffba7d.csv,classified_csv,36197,50f9cb1ac555fa3460e16c78c2a0603d056ca8e7a1c4148df94bd0aed18cd318
by_dataset\nlp\rte\sp\standard\mismatch\alpha_0.4\rte_dirichlet_0_4_rank_mismatch_sp_-train-20260812_024422-e4e746855d6ef705.csv,classified_csv,37362,a714b8a5f6c8ecd93f3c9bfa55d0d3e39a92a1f7318f4483675cb4688475b92a
by_dataset\nlp\rte\zeropadding\standard\correct\alpha_0.4\rte_dirichlet_0_4_rank_correct_zeropadding_-train-20260803_224610-382c900aa5193732.csv,classified_csv,37526,a4687efc977c3349c339b75076dcc26e903e1355d5a6158e8429772a28bc1482
by_dataset\nlp\rte\zeropadding\standard\correct\alpha_0.4\rte_dirichlet_0_4_rank_correct_zeropadding_-train-20260817_135239-0a9b6e9aacdd62cb.csv,classified_csv,37522,ea43915dd5f06ea735176d568c862ab4413f889e54757af974b7dc9454a0d3f9
by_dataset\nlp\rte\zeropadding\standard\mismatch\alpha_0.4\rte_dirichlet_0_4_rank_mismatch_zeropadding_-train-20260812_025539-8dc0501f4f42edd1.csv,classified_csv,37535,1f8b073f344cdada461d7b1018e6865f61c5cbc33e4d047c28da3ae270b23bfe
by_dataset\nlp\sst2\flora\corrected\correct\alpha_0.4\sst2_dirichlet_0_4_rank_correct_flora_correct_-train-20260816_023829-94ef1c7ad269e9c4.csv,classified_csv,36703,f9d4466c4e148d94a253f69c16c62e0ec8ed17d0a20e7279bd230cc7ed9b5dc7
by_dataset\nlp\sst2\flora\corrected\mismatch\alpha_0.4\sst2_dirichlet_0_4_rank_mismatch_flora_correct_-train-20260816_212905-2c4f83191d967607.csv,classified_csv,36656,beee299c13291c2942fb5ecc7114a534125d8fbc23583f69a1577d481070e82c
by_dataset\nlp\sst2\flora\unspecified\correct\alpha_0.4\sst2_dirichlet_0_4_rank_correct_flora_-train-20260813_135755-38c71688e50e77ed.csv,classified_csv,37022,ba41a770e0edd8ddc1907c84b7a1c297c19253ed1626601587e64818bc124da5
by_dataset\nlp\sst2\flora\unspecified\mismatch\alpha_0.4\sst2_dirichlet_0_4_rank_mismatch_flora_-train-20260814_085154-1b6ac1d1b4e9d381.csv,classified_csv,36818,8c0a5a6f440a7f99431b4a7170dcea5d5e1fa929ec9150af27c0c418256b6da3
by_dataset\nlp\sst2\rbla\standard\correct\alpha_0.4\sst2_dirichlet_0_4_rank_correct_rbla_-train-20260804_051121-8f15e7a267505a83.csv,classified_csv,36947,929b68269f6da17ff3ce5fdf8ee10fd83e9649e8dcfd17b9051ed5da810a94dd
by_dataset\nlp\sst2\rbla\standard\mismatch\alpha_0.4\sst2_dirichlet_0_4_rank_mismatch_rbla_-train-20260811_050726-b31875c14fe13d9f.csv,classified_csv,36942,12d385a7211035cc43c7ef58e959d6771aaa6e30a5cad40e886e235c0e269612
by_dataset\nlp\sst2\rbla_plus\standard\correct\alpha_0.4\sst2_dirichlet_0_4_rank_correct_rbla_plus_-train-20260804_062330-61ffb73e61d951e2.csv,classified_csv,46154,55caf4dcdf38fce4ffcc38f4934b32018d34535e1e233c9b6949b6563773f172
by_dataset\nlp\sst2\rbla_plus\standard\mismatch\alpha_0.4\sst2_dirichlet_0_4_rank_mismatch_rbla_plus_-train-20260811_062005-8b48d26bf8d664f8.csv,classified_csv,46334,7761f2baba9afddc3d3889dee2148b4457d5997bdce8987abde5164c20b19ce3
by_dataset\nlp\sst2\sp\standard\correct\alpha_0.4\sst2_dirichlet_0_4_rank_correct_sp_-train-20260804_073533-0d30cea97f3526a4.csv,classified_csv,36718,c33f4aa93d15b4f79b5ef4bee363fecd4a3d3ac8e9ed7e0f1d75a4fbf3fb427f
by_dataset\nlp\sst2\sp\standard\mismatch\alpha_0.4\sst2_dirichlet_0_4_rank_mismatch_sp_-train-20260811_073255-86d373be5746dbbd.csv,classified_csv,36721,8327bd96475140dca6cf41e5ed4dbd9562d5e25654893f08d7cea35485f6da3b
by_dataset\nlp\sst2\zeropadding\standard\correct\alpha_0.4\sst2_dirichlet_0_4_rank_correct_zeropadding_-train-20260804_084806-c715de5d5dcf687b.csv,classified_csv,36780,66cd586c03fc16254d116c9c7e8a7a9d08a641fdde821a9095d168ce38d19221
by_dataset\nlp\sst2\zeropadding\standard\mismatch\alpha_0.4\sst2_dirichlet_0_4_rank_mismatch_zeropadding_-train-20260811_084614-ae4419dc8d41fae2.csv,classified_csv,36704,83e62a66c4d5e2c2c2dd06d1be999de8e81c99888686d8b0b129e3fb10c7b945
metadata\source.txt,metadata,199,21f7deaeecc9328aa215e16c2c2756d3ee9bf497cd94794954601962cec16e6b
raw\agnews_dirichlet_0_4_rank_correct_flora_-train-20260814_001232-77a81403cd6c77a9.csv,raw_csv,34337,da501f46a99115fdef261328492c96d570aa29f1a6dcb689fc66c7b668e8443c
raw\agnews_dirichlet_0_4_rank_correct_flora_correct_-train-20260816_125257-f5667df17babe378.csv,raw_csv,34052,817807222191edf8c31a01c0d64c4b1753925b06037d15e320719e7ccecb8c04
raw\agnews_dirichlet_0_4_rank_correct_rbla_-train-20260805_100618-10250cbd233845bd.csv,raw_csv,34358,b7458593e77ed132a255fb9d1f4cc9d1c42add9ca026ef1c7ba529e145ce5bcb
raw\agnews_dirichlet_0_4_rank_correct_rbla_plus_-train-20260805_113023-880bccddb94fd2be.csv,raw_csv,43785,a08390eda31b53dd651961ffd02e4372d88019d157bef07b9b207e01a6135c28
raw\agnews_dirichlet_0_4_rank_correct_sp_-train-20260805_125433-d852633aff4c9201.csv,raw_csv,33939,c7b6e97e71813ad05bb212f54931b2594ea0931baf6456ad26fb23ea3a4b4e29
raw\agnews_dirichlet_0_4_rank_correct_zeropadding_-train-20260805_141916-b1b2faaae9be3b1a.csv,raw_csv,34082,a1912e4f83bea8499fdbfba1e2f477c8135c1e95bbaccbe3adeb131a7c65425b
raw\agnews_dirichlet_0_4_rank_mismatch_flora_-train-20260814_190508-6a2ec528d7332fff.csv,raw_csv,34750,4ee41ba96f5f5189c66dd603a2b353a20ee7118fe2b50833ef1671037d518913
raw\agnews_dirichlet_0_4_rank_mismatch_flora_correct_-train-20260817_074210-ba4904827c11c1a0.csv,raw_csv,34090,631b65764d8b00cfceded99b5368ab1686f409e6ee2f3dc65ed7e64c7958be1e
raw\agnews_dirichlet_0_4_rank_mismatch_rbla_-train-20260812_235110-3c6fd30675f5a279.csv,raw_csv,34267,59aaa1cdd8188aa18209574d037eca81972cc897c25ca8a1a3e32e15642bd0af
raw\agnews_dirichlet_0_4_rank_mismatch_rbla_plus_-train-20260813_011518-9bb2eb6f839edfa9.csv,raw_csv,43644,4c824318e22cc0d7aa7d0a91476fdff00ff1e1baa3d523c2abfca86c3762802e
raw\agnews_dirichlet_0_4_rank_mismatch_sp_-train-20260813_023927-91acbf32fec781c1.csv,raw_csv,34081,1a2ab85eb2143e1261477cbc16b482297c843f765f46006a370fb033050d3f20
raw\agnews_dirichlet_0_4_rank_mismatch_zeropadding_-train-20260813_040405-6382515fb36cb104.csv,raw_csv,34106,1600c0613ef42302d8e9a1fba1eb27f37f96942753800e143878f5789dc37a2e
raw\cifar10_dirichlet_0_4_rank_correct_flora_-train-20260813_094828-a61a9d664da39c2b.csv,raw_csv,32022,2308e46a0ec903eb3cb558b1559976c83136352c18199319dc32e0f7f0366957
raw\cifar10_dirichlet_0_4_rank_correct_flora_correct_-train-20260815_223027-8f24c4a56991f7da.csv,raw_csv,31904,618f77e6b212baf073ba6c08726477d6eecf585d597ec4e814a54d0c8afda954
raw\cifar10_dirichlet_0_4_rank_correct_rbla_-train-20260807_074826-40759e2107afed32.csv,raw_csv,32264,1a8ec6f92085a11c1004810c60b15c0ed19d8134e93fe393c9f279d1ee082412
raw\cifar10_dirichlet_0_4_rank_correct_rbla_plus_-train-20260807_084017-3abd855adee994bc.csv,raw_csv,41406,af021e0f4e7df5178104de217eba6779f15aeb8ec3586b88875fd63db2979d3a
raw\cifar10_dirichlet_0_4_rank_correct_sp_-train-20260807_093157-9da441f808630b57.csv,raw_csv,31817,23bf6fa77711275394076bebc618a9a40a4186ca93190f9af8107e4c65c34ac9
raw\cifar10_dirichlet_0_4_rank_correct_zeropadding_-train-20260807_102348-ecbb46d613e36efc.csv,raw_csv,31861,2a1e336f1dcb3e17ff5482d6e1da860484472b1a72ba6f69728a26c7d365b394
raw\cifar10_dirichlet_0_4_rank_mismatch_flora_-train-20260814_044157-b8f59126a2fad1ba.csv,raw_csv,31911,4851729f093a9b858f48f4e66db3d0903b7da1e7a5a9fe298fc4a89e834e8c59
raw\cifar10_dirichlet_0_4_rank_mismatch_flora_correct_-train-20260816_172236-2ff125270e70d4f8.csv,raw_csv,31822,2ca5ff57d5d87eae457618d00826d1ffba8a63a4d4f0d2027f9fa615446b597f
raw\cifar10_dirichlet_0_4_rank_mismatch_rbla_-train-20260810_110634-2880717d2f5543ff.csv,raw_csv,32194,d966428ad80b3bc1b4f6a39a7e96601387fa98af311c5d656344b243dacc8ad4
raw\cifar10_dirichlet_0_4_rank_mismatch_rbla_plus_-train-20260810_115818-1caefa68815d261f.csv,raw_csv,41585,3342e0110a136f8594bb4e0e2ae3fbaeb55337cba98b37833b4421f2ca478d89
raw\cifar10_dirichlet_0_4_rank_mismatch_sp_-train-20260810_125016-8211598e4d49a8e1.csv,raw_csv,31856,bd8dbd8d4a412d730e56963fe6a5c60c6562fa1241cd7ae6193d31a7da8dfed8
raw\cifar10_dirichlet_0_4_rank_mismatch_zeropadding_-train-20260810_134146-f34d2e5e2d7b2550.csv,raw_csv,31867,722afb272bc4a1406eb16bfdc95832b481676ab0b5ac9716f852da5cde0d5600
raw\cinic10_dirichlet_0_4_rank_correct_flora_-train-20260813_103528-955afc9a18ffc024.csv,raw_csv,33510,9784572eefadf64b12f0d4a6fe7e6ab13dc2dd033f1752fc5b333b444be849af
raw\cinic10_dirichlet_0_4_rank_correct_flora_correct_-train-20260815_231716-1ddc53d99122f0b0.csv,raw_csv,33103,9d04457bfc017b8d1ff6b39faaf10c88a2c4bcd870486af6f56027d49a6d76d5
raw\cinic10_dirichlet_0_4_rank_correct_rbla_-train-20260807_111703-6228b57329e6e679.csv,raw_csv,33830,9db7bd5ea1e1e500a5334dc5ee0c5bb01720e5111909cb20c4ee5cee7f5092f6
raw\cinic10_dirichlet_0_4_rank_correct_rbla_plus_-train-20260807_132750-2cbdf6d449b43542.csv,raw_csv,42716,6b4abbd6faffd29d5ae06a53b62cb94c3c57dff0937f1f1edb1f4af6a6e7f7f7
raw\cinic10_dirichlet_0_4_rank_correct_sp_-train-20260807_153814-74ad6a286d870317.csv,raw_csv,33032,ad05b7f080af76c4aa7d9caf027eca03b1f306c5fcd7fd1b1c74ba40fb30c50e
raw\cinic10_dirichlet_0_4_rank_correct_zeropadding_-train-20260807_174856-6cd7f9886810d6f6.csv,raw_csv,33128,a6bee2b541683006892b2db56079bac6eb2898e663a252c23a83763878e8a215
raw\cinic10_dirichlet_0_4_rank_mismatch_flora_-train-20260814_052851-a120020c5e4108d8.csv,raw_csv,34005,eba564c8ef882a7a4cd0c435c585d5ae2ddf57eb903fd71ae369ba5df27b2507
raw\cinic10_dirichlet_0_4_rank_mismatch_flora_correct_-train-20260816_180909-ee9c7b3de9f2504b.csv,raw_csv,33136,cd59a3fe8da5490905f2c071a4f14483c0b9f01fc76e0bb37c77b42f6cef2add
raw\cinic10_dirichlet_0_4_rank_mismatch_rbla_-train-20260810_143348-fae2ea9fac0660ac.csv,raw_csv,33753,7e5dcf451a2d76d203605e5c67e3fe5b290279b27918c2066114d0528dc758c2
raw\cinic10_dirichlet_0_4_rank_mismatch_rbla_plus_-train-20260810_164327-b84e284057947491.csv,raw_csv,42756,678783ea53d23dd815bae8160e14873916306a9ce4c6fd56a866e5b00396bcc4
raw\cinic10_dirichlet_0_4_rank_mismatch_sp_-train-20260810_185356-28f9301c06159874.csv,raw_csv,32954,cb92d02deb3e9ae25cf508825a28ddab9c741b4f2a533a8420791c60f3e45c4e
raw\cinic10_dirichlet_0_4_rank_mismatch_zeropadding_-train-20260810_210311-efdd7a211ce61728.csv,raw_csv,33089,825809b2daee886f47ba99f7c55af20ba0a5b071659bcb3723797061ee50da06
raw\flora_-train-20260813_110303-bb32086ef66f54d1.csv,raw_csv,30949,2c7f16e0de19e16a9386bb77b3a57c1e216ce344300f1327b2e5ac1fd9eb942a
raw\flora_-train-20260813_112644-fa9c1a62fca71f94.csv,raw_csv,30961,428c78bb246505a2ace149eb89c0ee19f8dd69cbe29392b9022fd62b81f9a98a
raw\flora_-train-20260813_115047-150301a5d79ed68f.csv,raw_csv,31072,a60d72b77cc810fbdec61944701af62bfbd3e9d45718396824aa53e806275ac0
raw\flora_-train-20260813_121600-e5cabd121eeb73dd.csv,raw_csv,31004,d07c03fbfb42db72ef8ac427da6dcc5ba0f8e230f567bba13cbf30a4d20047c6
raw\flora_-train-20260813_124129-cce66a3906796f21.csv,raw_csv,30900,855c07440aa87bacb1e0e7a6880d098c287ca1d395f7529accd218cbadc70c48
raw\flora_-train-20260813_130622-1799a61b5ef844ad.csv,raw_csv,31419,6fe401a38caa1b86a5e580827abf4a85e7337a60ce6cae88b0b828daa0d4bef4
raw\flora_-train-20260813_133101-5e93d2dc7bbbc48f.csv,raw_csv,31158,f1a70b81fe01fac86a049fb990389afdc9ccd17a613f98e32d9c6c53871ca815
raw\flora_-train-20260813_135555-e7ee7f6fc0078e31.csv,raw_csv,31158,f5712004271af3f7536ada9607d88c185e67c4d7b298ca92cc145c2e2a37e6d8
raw\flora_-train-20260813_142058-c9089d1491cd3148.csv,raw_csv,31265,554c0c3aa35fbe63180cd4fe340f22f9657dee174bbe3fe1896f10e1570a3605
raw\flora_-train-20260813_144533-53adceca81150f12.csv,raw_csv,30793,2b17d1161ee9a14e275b6cb055ba804147a269c37f0bd4101054e61b3c6269f7
raw\flora_-train-20260813_151023-869bf6aa60e6ebc2.csv,raw_csv,29489,e5ad1bc2d88621a32f4ca813f5053bd778f4b725494ec73d93b1af17baab3e2b
raw\flora_-train-20260813_153538-32ebe1b467de0a7e.csv,raw_csv,30609,f76a3121775537574b51d41b2bae523a359b375b9cee904baae4f358ecbf3660
raw\flora_-train-20260813_160046-834f54e0214d8f5f.csv,raw_csv,29935,47a3e2969929bcea5b271eb2bb3be32be1a9be6e53cac74377def9332b4cf312
raw\flora_-train-20260813_162549-4e52e5bbf019f2d6.csv,raw_csv,31256,13a2c34959bf6af8a110de2b12d2f9652068e751d6ec23973a4d214ab34e5bf1
raw\flora_-train-20260813_165034-dc53722458792560.csv,raw_csv,29744,3771df200088c145e3d66b492a6db4637b8795c64fcede15732d22aad5c44759
raw\flora_-train-20260813_171510-2acbe56571a5880f.csv,raw_csv,29699,2b5eb6740e26fded49518dbb23c6407330a2da7a20620e8f01be2bb1138881b3
raw\flora_-train-20260813_173949-669096f62aea820a.csv,raw_csv,29894,df5c46ddd7eabb40865633042d841859c9c5511fa7aac4a58fba16c475e9c91d
raw\flora_-train-20260813_180433-04c4283453305ae2.csv,raw_csv,30912,66ff9bcf774894a816ec73430243f16cbb6b8d58e8fffd13ac73c8594e72feda
raw\flora_-train-20260813_182913-5cbd9b42c1e1fbaf.csv,raw_csv,30995,5daf9364ab7621a5e04be737ef0ac4f929a090f7b651142a7fb2fb333388b733
raw\flora_-train-20260813_185348-6e1153647473e537.csv,raw_csv,30499,c1a8d2d7c065d187dbfef121b9db1f5408e1b7e1e2ee1bc94039f3b1ca868698
raw\flora_-train-20260813_191756-1829541689330e78.csv,raw_csv,29498,bd993911bc7f8d8c4e6c2a43fb84b1da49efaa56cf8a7f241b551d00d6bd6ad7
raw\flora_-train-20260813_194206-a6a9c1b14793b370.csv,raw_csv,30743,4e42a29ee8c63ad271f136a850d42f7a82681a0cb3365393f4b5f4774c67ecdc
raw\flora_-train-20260813_200632-5ec4b88d553c6097.csv,raw_csv,29943,5e90bfc5c4741a9b02b04915b5b999863d41d27aba89cac0e87853a56be708e5
raw\flora_-train-20260813_203000-24799fc801c27800.csv,raw_csv,30047,f38dd0ee5868f80217bd73773e364885ae71182c8b633a880425136c3ca76ff2
raw\flora_-train-20260813_205249-cb15ffe60062adfb.csv,raw_csv,31315,ec36b733d23ecf0b40bc81f3cf2a3f56c658be3551a55950acb9420e2c8dfcac
raw\flora_-train-20260813_211611-1cdc1a8ac23bfdb3.csv,raw_csv,31106,806af3e7ca781c5d8253584e1817c6349ad681466c084ed3b3cabf5c035210ba
raw\flora_-train-20260813_214007-45b8d1540f8c9195.csv,raw_csv,31114,bcfdbf87ce7fb8488445d455d6beb99018eacb9ddc3c1c427d052aa487ff1ec4
raw\flora_-train-20260813_220355-df030a7a2361b81f.csv,raw_csv,31905,2cc73c14433c89896c81d93b6011f1dd2de9878c7eaca63dca558851805d3c72
raw\flora_-train-20260813_224110-ce1e5c6d7f542853.csv,raw_csv,32018,ed3f4c8cdb95d601a9ae3a4f092a295b8172b33f1ba457cb8cbd18bccdc80618
raw\flora_-train-20260813_232028-eb3a40f002036f61.csv,raw_csv,32836,1cd249ae8475d17ba530aca2ad0473ddc2f5a799d166aa7629ab2e3aa6e0e714
raw\flora_-train-20260813_235908-7951e9a5a2819047.csv,raw_csv,32869,3f15ee2e3e4627ad5c40fb5eff8b4dafbf5703c79e300cda862344b62a2a03d4
raw\flora_-train-20260814_003915-cbdfb75edcfa938a.csv,raw_csv,32664,0f30a83e01f28de27cebeb02e5b12a29aff80f29e9262dba34c259909ebd8975
raw\flora_-train-20260814_012014-6224f446b41f7b45.csv,raw_csv,31971,a4fb2e88a4a50d3db546e7600164cb1802e840c69cfcc0516304fe3c61ca448f
raw\flora_-train-20260814_020237-472aecc196b5fa26.csv,raw_csv,31811,ec50fe7c5406a426becc4527222587b3e6c841a0160bab6f28e0c80ab54b4327
raw\flora_-train-20260814_024529-8fac4310ae028e7a.csv,raw_csv,33326,5b3997beefe3695f09116d3994f2ca52ad010deb86eab83fbd823d318976bbeb
raw\flora_-train-20260814_032826-11f25ae6f8e23cdb.csv,raw_csv,31817,8344ae9fc79ff58901811022fb0a802ad5232584b87e217805ac0786cfc701cc
raw\flora_-train-20260814_041028-012646ecfe96d8ad.csv,raw_csv,31151,c16dffffc3d4911b2dc290587519e0441617409331fbc672ad3f0f991f872387
raw\flora_-train-20260814_043521-f8e2d6a1c42a0e44.csv,raw_csv,31264,ae5f1695c62e7e2255cac2aaf833b951dd84ab194557f846608895d5fe2ea1f8
raw\flora_-train-20260814_045954-4597568529ee6af6.csv,raw_csv,30971,a0a9c14713e6539fcf8e18059ac5f66b5257fcbffed9e331c8637c9434de2de9
raw\flora_-train-20260814_052506-3ebd373e6fe83512.csv,raw_csv,31206,f27496d4228c0c5dbe9f7c1cf4dd2c6eba1ff49b8526e722eda0ae6f0d3f86f6
raw\flora_-train-20260814_055020-f751aeb70bda93f9.csv,raw_csv,31203,13104db99da48c4ba41cfc2b527e937dd0eed6397cab1c8750e560b0bd312516
raw\flora_-train-20260814_061514-2f77523f332bf5df.csv,raw_csv,30914,8c8ed298ea6bd06153355511a040884971c9979599be3199cf10674822ab6d15
raw\flora_-train-20260814_063959-1dd6983b05a13971.csv,raw_csv,31259,e5c8f6f3ce225ca6125072c080d2b7234f0e9e9a6b7dfaae20798a02a87c2689
raw\flora_-train-20260814_070549-48c013c20788d3f3.csv,raw_csv,30956,23b94b00e0c4e1ccb6faeda60cd991309c8494dacc0dc1c055a91d7853542468
raw\flora_-train-20260814_073124-6682f5942555fc0f.csv,raw_csv,31164,f413f83d0e75635aac1f84c9807b3d5f5770948cb23255924902934d15dd8fc0
raw\flora_-train-20260814_075637-8399f0d4caaa2d18.csv,raw_csv,30894,e1b8463656f3f430e31817098949bd82cc0c474610e800cc56906d3643002c69
raw\flora_-train-20260814_082112-1cc5133397f5f871.csv,raw_csv,30701,97f877429c4da3d4b7e0427edbf72bfab9d497ed3bb5fdc54325e02ef5fcfc58
raw\flora_-train-20260814_084607-be31f4e057798d4f.csv,raw_csv,29397,b525a0ddf879e35950c1355815b1264aa4a133dc442a720fe33ad7dbf4437abd
raw\flora_-train-20260814_091147-d2086e68d1fbeac8.csv,raw_csv,31046,de9d0ac91f3475221fdc59d7b9a7f4d24878b09728a06b0184f37220d9ad636f
raw\flora_-train-20260814_093731-8f6b3f9157ba2e73.csv,raw_csv,31256,fb77602823fca59dbf31cfdc37eb2963aa4909e2b35491b074315dd6d2833834
raw\flora_-train-20260814_100221-ce64b2786a773016.csv,raw_csv,31057,35207da65b8df62597bcdb38bb4d4eb5554b7ac44af22c9cd8773e2002844de4
raw\flora_-train-20260814_102644-48a9947383a7a86f.csv,raw_csv,31214,827d43c1875816c88065b5c06ada5b7b0b118207c6dfff2377ab6fc7899969d8
raw\flora_-train-20260814_105130-d6fae66f2f7159a4.csv,raw_csv,31106,073110d2a4005f058d66ae1e5ffda8b3c002c527a31f30b34d56a8db1869db78
raw\flora_-train-20260814_111610-176f46870e6dba45.csv,raw_csv,30609,1cd86d0b3998e72e70debc8a86043a1e71bfdb3d3085d882726c6192dc8e80d3
raw\flora_-train-20260814_114038-0003cf1bbb042426.csv,raw_csv,31197,04da362f7f03e56bf712b2986b83ea252bd7eb25f5bb317fb03708f7def5f9e1
raw\flora_-train-20260814_120526-c445e21885aa6a73.csv,raw_csv,30903,09cd326a1c63770d5779c03704c1a8aa3b18e4783eb5a9859628f455b63e5036
raw\flora_-train-20260814_123002-3d989a4647736074.csv,raw_csv,30912,e53aef21e84b55ee91c3c902e09f276b9a6544fa8e858bf07176da3f6d0a6b7b
raw\flora_-train-20260814_125537-7944e1f2181e4c39.csv,raw_csv,31349,c6504b981fc2430baf2727a2da2ed2f0bfdceb6bf033ae4006b3e47c5d246b6b
raw\flora_-train-20260814_132103-9f472d1d92c96892.csv,raw_csv,31357,ea1adbf90304de835e32403b161c014a5189a1b79a12c901d8fc6cbb23379693
raw\flora_-train-20260814_134637-135ae75b72cc8f05.csv,raw_csv,31461,3a453c9807a8fb6d4620971892fa301cebfc034be0d8a4e88661e6dca8bf7aa4
raw\flora_-train-20260814_141205-960d9fe1d2ae462c.csv,raw_csv,30911,eb5bc09393aa242db208e5028191940fec377016fedbd08fde02789a6b48d486
raw\flora_-train-20260814_143731-cb87e75283f0a3ec.csv,raw_csv,31207,e24b8d7f808ae410f84d7459f0030d4dcc589ff46b11f737beb2b7b1cfbb7a4b
raw\flora_-train-20260814_150249-bd88af8daabede0a.csv,raw_csv,31215,131bb0ba437a8e994fcc55d29102721bf91912f43bb4c2e0afe6d6fe49a2bc77
raw\flora_-train-20260814_152802-df1f19433a8ecc7b.csv,raw_csv,32915,5fe92e20f1b35d80bc2e04abeb8330e9d2f35ae4f1d52a3d25b5fd421b2b3579
raw\flora_-train-20260814_161027-b35c64d2e59fe9fe.csv,raw_csv,32826,64898de071394f0bfc082799878499ffa6764db56fa9871ab6b550ddb6cb82a0
raw\flora_-train-20260814_165238-667ba01cd0d72b78.csv,raw_csv,32836,84119c9c0042e9b28cdf8a80806bb0416078dc97a978741e73136bbfe8a52b78
raw\flora_-train-20260814_173455-e65beb8b172f4dca.csv,raw_csv,32061,773610856215d6f1504ea85c147305df81b2553277a65239a4d8331912230459
raw\flora_-train-20260814_181719-e9432a7e51238c7b.csv,raw_csv,31856,cd728d1e0a92337e41a1c0bb57505de626f25a305dbd0fe19b1645b47c916b2e
raw\flora_-train-20260814_190002-ca9c1fbaff11f808.csv,raw_csv,31062,135901f8568b63301d3ce5ef351b5ac6242b71988e1e8d81b3a38df84a452c21
raw\flora_-train-20260814_194202-d55b20dba5b32fc5.csv,raw_csv,33023,099a1d162ffe5ff49b79523c2b17257a0e7b0a922802c9f7f12edc6277996810
raw\flora_-train-20260814_202432-8c5d99319225b994.csv,raw_csv,33023,e853a1fb3c73e8cc3074399dbb3959e78a04cf5a968de22ec9d62e011ab5d97b
raw\flora_-train-20260814_210622-2ea3a29fa4ec71f0.csv,raw_csv,33130,6a3666110c95b64ec6776bd58c135eaa88565aed98608103a7121dd721ddc105
raw\flora_-train-20260814_214738-64666ee6094e5e8c.csv,raw_csv,31252,8f4642f41d1f337c593afe3bf39ee8609b547181b2fe16ff06e738bb57ab5c5a
raw\flora_-train-20260814_221219-bd4b353db3c18802.csv,raw_csv,30759,6c6e879a54dfbea78b04f085e5951c08da3efb306643505dc83747ee60befd6f
raw\flora_-train-20260814_223702-dd46475755d161fa.csv,raw_csv,31274,e1a754f871cffb885e2b306551d9df69d4a2aeaf812f7d3150810ea4eeaaa6d8
raw\flora_-train-20260814_230134-3456e0fc0652b582.csv,raw_csv,30802,c9c15bbc0610891776f2cda343acff932d9f693dbd4e88e4cba92d9cee901ae2
raw\flora_-train-20260814_232627-a321473457ee0baf.csv,raw_csv,30900,73fd81a69ce821be51c018b864aec0b3391abadc0de17fae9db0ed3f4728ee1d
raw\flora_-train-20260814_235045-2cbe82d66ec10513.csv,raw_csv,31217,87ba758a3232a473e2e3d0306ad24765882d5066f5229dd70b77045a6a67c96c
raw\flora_-train-20260815_001507-8eb5b307a364e232.csv,raw_csv,31764,57cdc9235612ee2447eccfeff3d9a1a18ea8ce1042b57ab89e698293e2a103be
raw\flora_-train-20260815_004011-a868bbe8c50cec52.csv,raw_csv,31360,33d5782d7b79e6525e1941462c0db09efea5691a68a6504a78272df8b0cd6bc5
raw\flora_-train-20260815_010428-44963145a60222d7.csv,raw_csv,31164,7afa6f2510b3519ab9b32a88765fc7687170cecadad8d5e63b93f4ecf617c9e0
raw\flora_-train-20260815_012850-6e0d733f2de64a6e.csv,raw_csv,30086,1d16da23f90eb8463b2f7e7182cecb4bc91c99a2d71b4c0dcedca4061825061a
raw\flora_-train-20260815_015244-6ddebcb8a7bddc1d.csv,raw_csv,29388,ebdb6e29fde12ef31315d1ae93a84a04ac144a17ec84ed711be218a0e7492448
raw\flora_-train-20260815_021657-ade9a0040f68413d.csv,raw_csv,30104,f961e52359e4ac7d22e60a70c6e506ee1a31a51b8aea4841757cba54a50d5e78
raw\flora_-train-20260815_024143-bbdca3b79140a563.csv,raw_csv,30945,2b96912fc1395c36fcdc69090cd8445af0372ed2307986762394090593297eb7
raw\flora_-train-20260815_030600-4342f752ea0d5b74.csv,raw_csv,31155,1381f102e856378184f083a79ee68ba541026d2c2f72218e21a6957a874dadaa
raw\flora_-train-20260815_033034-e27c610df53b02c2.csv,raw_csv,31360,011ba43ce420b0a6b4e0062e80b1183bf80b39c816c6b6d194ee03bfa0dca771
raw\flora_-train-20260815_035432-54c419f0aa6a793d.csv,raw_csv,30911,0b24f94c517e7e4842cde6aaf2e8641ccfa59ab17b9643a004d99bc8a56acb24
raw\flora_-train-20260815_041916-a4a520808cd292f9.csv,raw_csv,30601,97928564713d88e55ca444967e0ddc8d1fac1cc93d1fbe88af1b983b431bb13c
raw\flora_-train-20260815_044415-f6857ca7ef1558c2.csv,raw_csv,31013,1a997c78411e27a49d7680aae8822b1f76724a45c87447305b5613a943ee7a6c
raw\flora_-train-20260815_050855-0f20824b35c7cd4d.csv,raw_csv,30995,04c76fb73ada29dc58a67c407aea2ffb8f39c4a4ea96a2c05051d3b42395299f
raw\flora_-train-20260815_053314-c103bdb4c2476080.csv,raw_csv,30600,397507f3b2223d6a02c61e25247b081e5374e3305b0ea0794aad0c40904f88ad
raw\flora_-train-20260815_055752-efa46eef7b82b031.csv,raw_csv,30912,dd90ca3163cc7c475e2cebf7788b1d39d4fefa88c0164f4f67adcf618d5f3987
raw\flora_-train-20260815_062241-22f44cf9691f1c9d.csv,raw_csv,31349,d1bbaca59bedd5c9ffcc398e14606f3fdb8bc4ca36871fba55844aa0288e28bf
raw\flora_-train-20260815_064816-c1120bde5bba6b66.csv,raw_csv,29640,f9e89ceea83052a9b80dd5436cfbedda2fb3e914bf348c40f1b5b1f8edadf7e0
raw\flora_-train-20260815_071318-0a835c1ff629cf88.csv,raw_csv,30148,652431117b6598425601f5a694dd5640a1069f45e09325dda41bed2dbaf73811
raw\flora_-train-20260815_073716-33e522e087e0fdc2.csv,raw_csv,29396,c1bc56bb98a33680cdb387a7eb2526ee342523bae72783f45dd48f66468648f7
raw\flora_-train-20260815_080140-77e12531413e3a03.csv,raw_csv,29692,5951ccabe56657b695a7d339f1603a301fc24a246f1c3b051599c389763ea4f1
raw\flora_-train-20260815_082642-87b3393cda7d1097.csv,raw_csv,29498,a245f8f8ba76ae1abf5cd8a102671a6f3974c6519b8a6ade0cb1b814e0ee6b28
raw\flora_-train-20260815_085139-194f537a6af447f6.csv,raw_csv,32208,8eaed5e85be5795ed0d7e1677d977ba4a03b86c3a486217c3abb65cc380e5c44
raw\flora_-train-20260815_093401-7740fec4a775e45f.csv,raw_csv,33028,146a3011e5bb945d5c58a9762c9747a8caf5cd42e0cb2d5c91bf3d969c04b1fe
raw\flora_-train-20260815_101458-6ec11b46f2c8b067.csv,raw_csv,33139,0d83f0511518af259ffeb017fe4c499cada1df8836f086b25e8913db341bdef2
raw\flora_-train-20260815_105605-18817549c10ddb24.csv,raw_csv,33374,707abf961181d9232afa54ed17e502cd916c5505ac02fd80b5cb2fee0f395fab
raw\flora_-train-20260815_113749-a516f7a03dbb9011.csv,raw_csv,32967,feaa4ab1f45d7a00698df86ae934e1b75496aefb2c11fd1d029e24819161fc9d
raw\flora_-train-20260815_121944-dc2b44e395a829fa.csv,raw_csv,32375,1b4e48298adb7f4928b50a3bf15954e832cc8250b8f5709132daef2d09faa285
raw\flora_-train-20260815_130102-3beb1203000a15ae.csv,raw_csv,32720,8e078f30a8c5345a5f88f31885c42354875216c1181136806f2f91d9be4c9063
raw\flora_-train-20260815_134237-71ca42650d6e32b7.csv,raw_csv,31912,5600b0aaecdb8798a945bef1bcea9582d2915c39166082470c56e1bcaef69e8f
raw\flora_-train-20260815_142357-4c41766428d7da8d.csv,raw_csv,33029,138a0f8514b973d78905314656cdbb7f8d75c2a14939c2d1463200e2e0e7adc8
raw\fmnist_dirichlet_0_4_rank_correct_flora_-train-20260813_083416-c07216d3c25bfe52.csv,raw_csv,31072,30575aa07dcb3ca689c83f1c0872b233545298e627de345adb1091a37607612b
raw\fmnist_dirichlet_0_4_rank_correct_flora_correct_-train-20260815_211619-a561a27294353f72.csv,raw_csv,29967,05ae890c82dbe84725c005f7a46a03ee8b5dac10eccfa0d965e1d32a73058eec
raw\fmnist_dirichlet_0_4_rank_medium_flora_-train-20260814_015323-9ab9f2e2a99d9c54.csv,raw_csv,31071,fff813ca1dd72db641133dc748b9e0297ff109890c6ee971398d9aff0d1e0f41
raw\fmnist_dirichlet_0_4_rank_medium_flora_correct_-train-20260816_143347-6e406b1665ab6502.csv,raw_csv,29986,a0f862448ba3de287097bd86f7064ed733b1166005c4a8115b433f7834a4fb6b
raw\fmnist_dirichlet_0_4_rank_mismatch_cost_matched_flora_-train-20260814_032801-1d03d63b3e4c7b06.csv,raw_csv,30884,5450fcd11941d6fe565c33d88264b0d614f081411c3af57aae499a9122179e38
raw\fmnist_dirichlet_0_4_rank_mismatch_cost_matched_flora_correct_-train-20260816_160822-96dbb4e55eb7d111.csv,raw_csv,29935,6e2beaae179f8a182795622b363c2911f66d54820ac9d69bb77488321bdc91cc
raw\imdb_dirichlet_0_4_rank_correct_flora_-train-20260813_233156-dc12f76ec0ee5930.csv,raw_csv,32572,aa192fc91e1e855c158f18a5f60f63dc22527ee420c2bef51275bfa99d660c78
raw\imdb_dirichlet_0_4_rank_correct_flora_correct_-train-20260816_121241-4ab73bebf458208f.csv,raw_csv,32326,fc0049b4160edd9e8eb0de7a5a4086c8e4effb2fc0334bcd04a15736ba01acaa
raw\imdb_dirichlet_0_4_rank_correct_rbla_-train-20260805_072011-8667cbf05c94bd09.csv,raw_csv,32363,1d172844f65834cca241dda27949f005cabcddc3c5f577b2a42e6fd2c43c775a
raw\imdb_dirichlet_0_4_rank_correct_rbla_plus_-train-20260805_080142-8605ba97eeae5647.csv,raw_csv,41887,eb222132203e43eac7698c7ee9ec5af4005396a418e6c873baace61a9591b21e
raw\imdb_dirichlet_0_4_rank_correct_sp_-train-20260805_084257-7efa2ab5288de8d5.csv,raw_csv,32146,c0e270d4e7924ef687057eb122138acae8e1ceeb986e3980f2892cadd1d52e78
raw\imdb_dirichlet_0_4_rank_correct_zeropadding_-train-20260805_092446-f8a3e7be87502950.csv,raw_csv,32201,d9f90698654532e514d2c76bf0c8429502b6d070023070e1104d0d913cab0f11
raw\imdb_dirichlet_0_4_rank_mismatch_flora_-train-20260814_182433-9b4abaa5019fcbb4.csv,raw_csv,31807,d554e35bcb855303a74652d2ed3ebb25f80ec9a04dfa73e91162560af6181bb0
raw\imdb_dirichlet_0_4_rank_mismatch_flora_correct_-train-20260817_070153-1f8c7cada5552c3e.csv,raw_csv,32147,9a170624e11c31d12c5188b44bd29400c38e81889cc77b5356794325da29c9ec
raw\imdb_dirichlet_0_4_rank_mismatch_rbla_-train-20260812_210458-aeff1ef66e04df90.csv,raw_csv,32453,1733f46175992bd7153bd6d0838271ad29295de72be96cc6a16d447073d7522f
raw\imdb_dirichlet_0_4_rank_mismatch_rbla_plus_-train-20260812_214623-8ac377ab29d18c10.csv,raw_csv,41685,fa3a3dad5ad4d999d01b3b968d98d0a750fe6759d72d0b250fda97039bf61090
raw\imdb_dirichlet_0_4_rank_mismatch_sp_-train-20260812_222750-af274ac5a7e99bc2.csv,raw_csv,32112,e49516aa182bed6d980e110dbb61bbbcb2f97ffd86c5d599a3b557a6f0960de6
raw\imdb_dirichlet_0_4_rank_mismatch_zeropadding_-train-20260812_230945-480a50d7a0d8dc44.csv,raw_csv,32202,c2316bb41e8d7d1298169f3699d0292d0a78714b9e8c9b927f4aac69c187fc1c
raw\kmnist_dirichlet_0_4_rank_correct_flora_-train-20260813_085443-3ddf35a744642ccf.csv,raw_csv,31273,f5fe3bf04cbe76ba8b1aba3e0e535d6ff4fe1000bbdb013b616eb3a45e68c7bc
raw\kmnist_dirichlet_0_4_rank_correct_flora_correct_-train-20260815_213656-8780e15d29877154.csv,raw_csv,30303,7d8a03ccad68acd371340e784ddea3bde965f16b2441d2a76afe11ff3d6ca544
raw\kmnist_dirichlet_0_4_rank_medium_flora_-train-20260814_021358-7f499170184688ef.csv,raw_csv,31373,00c2c1d9056853d950272a6f4b7d8337f61d8204c276b980b1f1c07f8ee5ad92
raw\kmnist_dirichlet_0_4_rank_medium_flora_correct_-train-20260816_145426-424477d23624529a.csv,raw_csv,30194,29789e8496b8a66068d9953c2f8bff9a525021ba718b10276f50ddaf46ff04f9
raw\kmnist_dirichlet_0_4_rank_mismatch_cost_matched_flora_-train-20260814_034829-257a295e3b87bdd1.csv,raw_csv,31287,43c801958edd9d161e59071a1cc29a0e7a6e3eada899ac93ab829812bd45bebb
raw\kmnist_dirichlet_0_4_rank_mismatch_cost_matched_flora_correct_-train-20260816_162900-8bf9547f8c1abb84.csv,raw_csv,30390,00f6ebce53444aabfcab7ffba3e83d1b31f6318774d74051504cd6ceb8d540c5
raw\mnist_dirichlet_0_4_rank_correct_flora_-train-20260813_081334-4590ade8f44a0bb0.csv,raw_csv,30899,507cc26f81753fd366a3953b30c86cd38e46792b5ffe61947278fc8806c63486
raw\mnist_dirichlet_0_4_rank_correct_flora_correct_-train-20260815_205538-6efa94f5b1a85276.csv,raw_csv,30561,772a82fd41c3f7bf39df9e88b54f0a4a2af6fcb54e6735f7dac95c4bd3938ec8
raw\mnist_dirichlet_0_4_rank_medium_flora_-train-20260814_013242-5c896e6e283127cd.csv,raw_csv,31100,0315b1dbf071fa4b06833aad4a5a154281f8c8aa625371b0c6274e647771196a
raw\mnist_dirichlet_0_4_rank_medium_flora_correct_-train-20260816_141310-9dfc884c9a68830a.csv,raw_csv,30560,1b6435c2f7185243ab31bbdcaff137d3c95f7b7d3195d5c041f5c0144d20edcd
raw\mnist_dirichlet_0_4_rank_mismatch_cost_matched_flora_-train-20260814_030726-a8ab7062b23cfc8e.csv,raw_csv,31418,ca4df6a8db0472c839cb8c84aa7fe6d1348a837381e68f29e5d48962e49182e2
raw\mnist_dirichlet_0_4_rank_mismatch_cost_matched_flora_correct_-train-20260816_154747-08e574c0e7a5c841.csv,raw_csv,30497,f201f83609899152d6f9b2c6b5ec9f8a6ab2b92912438b2ad6c78b8273f762a9
raw\mnli_dirichlet_0_4_rank_correct_flora_-train-20260813_192440-20505c43ab8d9462.csv,raw_csv,37809,84777b5e674e5ad77f5c87f5e3ab29620a3aeaf90336ca0163c6fd9983647563
raw\mnli_dirichlet_0_4_rank_correct_flora_correct_-train-20260816_080520-c7dbe849fc6ae7ab.csv,raw_csv,37086,c641feb20422ea68f87936df943556784db99cf777a332cec5557d6adf67dd90
raw\mnli_dirichlet_0_4_rank_correct_rbla_-train-20260805_154433-0a5ec1a44000a89c.csv,raw_csv,37445,05f1ad6e45ad84dc6a1487295fd1ee3f87384365789b11d8c72c21bf7d18fe2f
raw\mnli_dirichlet_0_4_rank_correct_rbla_plus_-train-20260805_200341-087df6e45310afec.csv,raw_csv,46572,5edf65af75a339fbcce8c87a8b2f92201f5c79dd1f43e96e3e889334900ca3ce
raw\mnli_dirichlet_0_4_rank_correct_sp_-train-20260806_002259-944e364e7eeedc2b.csv,raw_csv,36934,1cdb51c86ad65e382b5223c6c4de9ccf1f16d4bf9f35a8abb42934df497b4154
raw\mnli_dirichlet_0_4_rank_correct_zeropadding_-train-20260806_044246-5eec21ff6bcf6572.csv,raw_csv,36939,fc033cd5f222bbc725cb1f4a005a9e9df3fbcac1a29e5166716264f57f3b5432
raw\mnli_dirichlet_0_4_rank_mismatch_flora_-train-20260814_141755-25c056b9bf0c8edf.csv,raw_csv,37514,4a2aae9cd9c2629de9b5156dc72b8006be73de9e8689ad57f59baff0818e4bff
raw\mnli_dirichlet_0_4_rank_mismatch_flora_correct_-train-20260817_025500-2ed613c03ec8931b.csv,raw_csv,37095,2f7f223feea320593b9744276e727e1afce2b15a4a95c8da36f3e3022b686d77
raw\mnli_dirichlet_0_4_rank_mismatch_rbla_-train-20260812_035105-ab3f05110ff4477d.csv,raw_csv,37583,6bd271ae6033fa80231930af8017b21fdd78d59c1c1f8a1294ce6b3123cb6e4b
raw\mnli_dirichlet_0_4_rank_mismatch_rbla_plus_-train-20260812_080957-8088910697a516e4.csv,raw_csv,46728,3c9eae1d10770a030d194e7bf534ce8a3c4ab820274bb2ee6a3132107c066940
raw\mnli_dirichlet_0_4_rank_mismatch_sp_-train-20260812_122837-455774db4df59b98.csv,raw_csv,37252,34077f4269a19b31d26e1dc77115e9e2d28965e7595aa60729c267563eb35636
raw\mnli_dirichlet_0_4_rank_mismatch_zeropadding_-train-20260812_164742-ac06a65d0dcba234.csv,raw_csv,37368,11238c8935cfc336ae4a46843fe160c5a213073696f06dac1d2c84725611625c
raw\mrpc_dirichlet_0_4_rank_correct_flora_-train-20260813_191257-27ae5cc059f886be.csv,raw_csv,36995,580dd532fd468f1af806780ebf53f58b1aafc0c96874c06676f2d65bc57a165d
raw\mrpc_dirichlet_0_4_rank_correct_flora_correct_-train-20260816_075334-1208abda368f4116.csv,raw_csv,35007,cfa405ee3d3010e0b15dc72c3c36e0a092df91d9091b6523ea04918f650dc4e9
raw\mrpc_dirichlet_0_4_rank_correct_rbla_-train-20260805_063658-6fc32fcea09afb94.csv,raw_csv,36806,d2cc87c7262bea760a8d552d575ed9340b4ced885f886a3cfe6ab14c70840242
raw\mrpc_dirichlet_0_4_rank_correct_rbla_plus_-train-20260805_064736-ff9188e272cecf1f.csv,raw_csv,45292,6f3c6da99342a83c319e8eeb830eefbc46be8dced2c28fd8333a15bb93829577
raw\mrpc_dirichlet_0_4_rank_correct_sp_-train-20260805_065811-0641df2007c33a74.csv,raw_csv,35344,1954c318883f47ef0f99b17bf031bdde17fdca04215ac7232b9fc0d33f5fe115
raw\mrpc_dirichlet_0_4_rank_correct_zeropadding_-train-20260805_070919-8f959fcb658f2155.csv,raw_csv,36254,e9b15723ff6ec92d2e0d84b8b72f40c1bc59630623cdb12d3647cc0f0aeb0c3f
raw\mrpc_dirichlet_0_4_rank_mismatch_flora_-train-20260814_140607-46ed36ca4700b6a9.csv,raw_csv,37197,c58c37e9cf6d449c3fc1527a1c11121189008731a70fd0ca259a5c88e6eacffb
raw\mrpc_dirichlet_0_4_rank_mismatch_flora_correct_-train-20260817_024312-7e4b70dffa57fd18.csv,raw_csv,35525,c948745a78d6b022ed63480845c54ddbfce19a340cf9ccac8b61d79f99d3f97d
raw\mrpc_dirichlet_0_4_rank_mismatch_rbla_-train-20260812_030613-cef84da33fcf5b04.csv,raw_csv,36694,095b0aa8a60b6ae94b97a2915fd52905ab4dbf07d9beb7e9244dc65dd2c7c7ee
raw\mrpc_dirichlet_0_4_rank_mismatch_rbla_plus_-train-20260812_031659-aafd5f5f07dd0759.csv,raw_csv,46010,606a556ed9fae61b2567f65e2dad6f9afc586c9084f444295931e397f8ff6aad
raw\mrpc_dirichlet_0_4_rank_mismatch_sp_-train-20260812_032744-16d293add5d84092.csv,raw_csv,36563,85b27b43631b832d9b9948b813fd2472979c0425e97dcab826687539fb3a00c4
raw\mrpc_dirichlet_0_4_rank_mismatch_zeropadding_-train-20260812_033857-7205d3f3091216a2.csv,raw_csv,36737,71043da3e7380b989720dca9272148fe87e13d6716d1e8a50790e636d4c4a06c
raw\qmnist_dirichlet_0_4_rank_correct_flora_-train-20260813_091532-9736f354ef096fb4.csv,raw_csv,33289,b28c44da765c815120a458a3d60204af8125e41efde6b1ac9c7ce38864e2519c
raw\qmnist_dirichlet_0_4_rank_correct_flora_correct_-train-20260815_215737-24ddcbd33c3955a6.csv,raw_csv,32088,dd8dc184a556b214301823f89ecfd37a9f0ec26792ae20d9fd62a71effb0e037
raw\qmnist_dirichlet_0_4_rank_medium_flora_-train-20260814_023445-5336267a205a605d.csv,raw_csv,32379,ff908a635699462885dc11e432eb25f9dd0858c0724bcce6d524540d92fa07d7
raw\qmnist_dirichlet_0_4_rank_medium_flora_correct_-train-20260816_151516-4971b875da17c833.csv,raw_csv,32127,ec507f8f03f1f20e79e1a572261e444458ff7a68e72303bcf5b235eb4b23bf87
raw\qmnist_dirichlet_0_4_rank_mismatch_cost_matched_flora_-train-20260814_040914-038f770103b16038.csv,raw_csv,33101,36d9f07bbb7b13bd98459e930a1ba750d173e61087d218e96f0ef4403367df58
raw\qmnist_dirichlet_0_4_rank_mismatch_cost_matched_flora_correct_-train-20260816_164942-19d50a82a00e3787.csv,raw_csv,32059,57c8cd00a893954869620146effc8869eaaf7dba9ecead96ee2a516a66b3ef25
raw\qqp_dirichlet_0_4_rank_correct_flora_-train-20260813_150723-9d9a29d62e5c5689.csv,raw_csv,37331,303da0b48466638fbd25ffce7aebd8b1df3ea46edff67e494ef6e9be29c99c1e
raw\qqp_dirichlet_0_4_rank_correct_flora_correct_-train-20260816_034755-07d2b9c4260eac0f.csv,raw_csv,36970,1391a974c2bd734665a228d4137125b49e5678eb3a70ec55b0a54251bf197124
raw\qqp_dirichlet_0_4_rank_correct_rbla_-train-20260803_100115-a04cda277b5ca4f5.csv,raw_csv,37255,34b6742da813b4646cc680ebdfedd2045557ea79e77912edb224599034eeedd5
raw\qqp_dirichlet_0_4_rank_correct_rbla_plus_-train-20260803_140728-a7e29b31043a1428.csv,raw_csv,16764,b8ad07f2e5a099e4f07543073b08aed0a018368ed098b53fbe06843110a4aa26
raw\qqp_dirichlet_0_4_rank_correct_rbla_plus_-train-20260804_100118-8d6731dc8a05a445.csv,raw_csv,46595,e45731f88fa76230e94a759a55e8550a78639db84d82bf74f9dd71c47f30e7aa
raw\qqp_dirichlet_0_4_rank_correct_sp_-train-20260803_141140-de7e98e40cf3c9c5.csv,raw_csv,36932,96f5fde3b978f61a7cfc10e86e03f43522270d3ab58901ec6ae1a50633db4482
raw\qqp_dirichlet_0_4_rank_correct_zeropadding_-train-20260803_181815-eb39deae68580955.csv,raw_csv,36952,8f9f281da0ff7e301d7656a9379b5bf4a727d2f855ec09db56138c72a9479cf9
raw\qqp_dirichlet_0_4_rank_mismatch_flora_-train-20260814_100103-9d31bf7efb36884e.csv,raw_csv,37033,fc33215e021d0960418ebd62f46bea64ff6513b757d5d813b83582b7f4d75f41
raw\qqp_dirichlet_0_4_rank_mismatch_flora_correct_-train-20260816_223808-11b6306ea677885a.csv,raw_csv,36977,5d3c67eacace6687180c7b40b87ea36e60a3408f9a04c37c59f01aa0b583b7fd
raw\qqp_dirichlet_0_4_rank_mismatch_rbla_-train-20260811_095952-81b664d6842c862e.csv,raw_csv,37246,0be1a542eb11bfc93f5f725db0e2fe0afb7373af20b66bb461df4929aa258d5e
raw\qqp_dirichlet_0_4_rank_mismatch_rbla_plus_-train-20260811_140550-48c3771295a533e3.csv,raw_csv,46571,8b88c2b7c9920af30bf5589cef2bd2794b0816485fe18e4abc06419d527b7ef0
raw\qqp_dirichlet_0_4_rank_mismatch_sp_-train-20260811_181157-ee6458de77bc63b3.csv,raw_csv,36923,7278807e16b9b4b38095d0afc3442c6ce656f577c9ec2d76692fe06a8256a688
raw\qqp_dirichlet_0_4_rank_mismatch_zeropadding_-train-20260811_221833-8701461e3330b0a8.csv,raw_csv,37020,bb56bb6b1be5a035a1f2fde2e754ec529ad13185ba1030b8de1a73b8904be88f
raw\rbla_-train-20260803_072422-94332a520ebc34f5.csv,raw_csv,30948,8d0f909bcbc0a9504ca90e703f43f932528dbea2dc9023f2c619bebe07aef0ab
raw\rbla_-train-20260803_091016-e3717fd862ad0077.csv,raw_csv,30808,df6a6ee1383d229582cc1406e442d8ce2b3968f4aa67cb23dce3e762e9eed6b2
raw\rbla_-train-20260803_105021-a4ded65d47482d8c.csv,raw_csv,30969,b5c68cb9e107e666ad1da3c5903095f4d3687ef7ed4728ffdcbbaa8fb2466f2c
raw\rbla_-train-20260803_123110-0f18c6fa4478a1f0.csv,raw_csv,31169,a921966bcd22a37ca2c007d038fd6715f0e1772f7f54b1d42778094a04281452
raw\rbla_-train-20260803_140914-fa22a6c389b18025.csv,raw_csv,31143,acabf247b7989413af29dcd5c37932498e7b562985586c6b88385dc23d31689b
raw\rbla_-train-20260803_154624-9e8143ac6255dbf5.csv,raw_csv,31196,a635c00c5c6a0cf498255f23c3e4ee22559b76907ee8528d0e767fb8a5126ebf
raw\rbla_-train-20260803_172142-f0fa88bdd3836308.csv,raw_csv,31034,09626e3c221fabfe1dde464d06bb461618ee114c0fb218192bc95eb83181953b
raw\rbla_-train-20260803_185741-fb392c03a0825d53.csv,raw_csv,31031,7196621958bccd9ef2a47db4d5a810eb868bda8c3390c5d13d8ad7c0413e8b8d
raw\rbla_-train-20260803_203530-620a2446d2cc8ee7.csv,raw_csv,30942,345378061afdb7577beace1ab6dbc52bc82a80fad6ba9406a12f2604a9aef810
raw\rbla_-train-20260803_221329-384a8f814729c96e.csv,raw_csv,30123,7ffb030467abc8cf51bb9b94e042e5bc1da0e5212c646e6e1d9f80d0043b6307
raw\rbla_-train-20260803_235155-d742dd712c67e134.csv,raw_csv,30206,6d298ec4f57b2f0da551253fdc6de0908bca03e6694c9a792bdee30c89f14306
raw\rbla_-train-20260804_013233-c2883d08b42d2df1.csv,raw_csv,30319,acfa902893e88e0125af1358d76cf3e00a53cb1c73a6c35ec6edfa405d9ba0ad
raw\rbla_-train-20260804_031206-5c3b541ed05829ec.csv,raw_csv,30364,037a35d4337c84a667530d643738bf7fafd9fa942c23dda96e21c6e2bfc1d9a3
raw\rbla_-train-20260804_045208-c1104e7a075e4296.csv,raw_csv,30503,849db876bdd2aed35054fb04430ef91754a730a0c1ca176eec93ee6bace9d25b
raw\rbla_-train-20260804_063246-0eb520ecc037d681.csv,raw_csv,30585,f9e880f44c63f9af25708d071f2f6eb6939da6a764230ca509bd0db8c77dca9b
raw\rbla_-train-20260804_081229-cc8ab29407664efd.csv,raw_csv,30235,8dcb40aeb17fda6fcc64a907c7cde34d0adf01fcb249cd002f8ed63fbb715fb4
raw\rbla_-train-20260804_095110-87ec5e5764f490d1.csv,raw_csv,30189,9f27916d05b301a9ff23926ebeea74da06ee965a68d22cec47388dea61d000fd
raw\rbla_-train-20260804_113058-14806cc4f2883e44.csv,raw_csv,30385,2b33783e5bd45c4b7b6834b6fa0583347ae56ce76ac43ec02ef9fb10cf183dee
raw\rbla_-train-20260804_130950-720909da1334cb13.csv,raw_csv,29654,18626f08c03e01b40e7b176873471f3ff0e75442cd14cd558d5897e4466d4c76
raw\rbla_-train-20260804_144918-f107a8bbf762320a.csv,raw_csv,30273,a3cb8c9e0a0200c4682e685ee04109d57aaad55e052be61e3284b1f94acdd3b3
raw\rbla_-train-20260804_163145-6c769aa0bfc9604d.csv,raw_csv,29550,bbe908494ca6c30a26ef101835eb003824ccb69dde4d02dbc4d2a15cd92177d0
raw\rbla_-train-20260804_181129-fc202b61870a1b45.csv,raw_csv,30433,051d6c38c575992e1c785086ffac525019343cd196df48e765ac6940314fc498
raw\rbla_-train-20260804_195058-5eedd6faf14d0271.csv,raw_csv,30602,340ca497c43bda04a29351585435172ca3c2d813fb93e1d1adbbad9f7ca70345
raw\rbla_-train-20260804_213428-38bf08c1e9b044cc.csv,raw_csv,30720,ab94c06c87d9b699aa49f2185feea03fb61d72503927c100a118a151d9d2ff7e
raw\rbla_-train-20260804_231750-cf9c652ca8c8e658.csv,raw_csv,30392,df33384dbaef331b7d1fcce5614a82e141d80aa139e9cd0a4697445e21e02ffa
raw\rbla_-train-20260805_005911-d1eeebd99198f483.csv,raw_csv,30372,c55c255d9929cd47925a3ae5cb73fed52f3d63281bb506ef3d00f59876bc114c
raw\rbla_-train-20260805_023852-54984d459f1f6a1b.csv,raw_csv,30375,7c8f679d532160a60b5a0e4755ab4f9f4e76d8cc2892f347667e1e74244b976d
raw\rbla_-train-20260805_041617-da691f33622af8d5.csv,raw_csv,31929,f7e3d5cacfa2a0f1e8b7c6e6a8aa271f6e872430eadfee84545f053e13a3144c
raw\rbla_-train-20260805_065059-864ddf20c9100cde.csv,raw_csv,31958,f32b7b2e951c75a0a20b470c823284b2a732b801d01e30ab5d18c6a013d53b56
raw\rbla_-train-20260805_092830-1dc9caf53d90736b.csv,raw_csv,32025,7604d071d0e9e8afdcf12876a44f05f68d4047bb0d24bdea58b7aa630a749d22
raw\rbla_-train-20260805_120848-ce1dd10948596055.csv,raw_csv,32164,35cc69938fe596aa7d589a5e07b553764e5efb6a06f161279ace8ee933d6171b
raw\rbla_-train-20260805_144412-31eaa01bb6ee05ec.csv,raw_csv,32147,3d0754b00495777a50b72b347f903efbb5344dd476bdbba51483ab2cdfa84208
raw\rbla_-train-20260805_171848-3104b6be85503b8c.csv,raw_csv,32255,bb61f01335dc1e787fa09fcf6cf274bb566aa6e9e8f14d8a4ac0e8ea05d95ef9
raw\rbla_-train-20260805_195516-8b0fc0d1525eff81.csv,raw_csv,32025,871ba40e3bc5a6956a7162acc309cd782c3b62fda49e85bf0c71062a1c17340f
raw\rbla_-train-20260805_222841-18309958d1417ca1.csv,raw_csv,32096,3a996215aab35bcecb83294e60ac8968a02b3f062baf78453136dc0620be51ea
raw\rbla_-train-20260806_010920-2556fab0ba02d4c3.csv,raw_csv,31935,d26c3a1bd67a85b3ada8f5dc92b191b7ef3aacf2f894660a32927f04ff4db1fb
raw\rbla_-train-20260806_034522-ccd991fc89944eb5.csv,raw_csv,30988,fe5f0823e724b2989386741e1a74a754cbb70863d1d9c061e1815be7ab45aa7c
raw\rbla_-train-20260806_052536-6df92d58842255d1.csv,raw_csv,30816,def2104e86f7cb04ab7f3ae64de2e05efb8ad15ce8aa74ff89d4577ec306b11e
raw\rbla_-train-20260806_070654-2ead07588906f259.csv,raw_csv,30958,496780fbe83d9c4f7201fed28000c3798d05bf53f47001b7e78544d15a1d2d20
raw\rbla_-train-20260806_084856-f25c40c7a4611847.csv,raw_csv,31134,c67b56b9399eab9a8fd11f6d7665f54c98c62ad91f265ebcda9db2aa1f4791d5
raw\rbla_-train-20260806_103033-d0845e5b3d873e42.csv,raw_csv,31155,7c46453b614468b687494cd1c7ba79f94b2d346b729e281a9d632079d6a71e41
raw\rbla_-train-20260806_121153-8256a6515e2f2b28.csv,raw_csv,31213,2d5f6dcb22479c209b66d9cf2ee967ec769d2f66c4a887a3892b3b84c4d8607a
raw\rbla_-train-20260806_135141-9110e2abdfb871bc.csv,raw_csv,30995,c99226f25be75f40baf819061054c50e1157e26538dbb661ed9d48b1a1c5f1a6
raw\rbla_-train-20260806_153352-b3f49dd03ad20f57.csv,raw_csv,30989,65a2d364470e1c143f5479a2ec7286545069a94decfe243f6cfed1ddca65613a
raw\rbla_-train-20260806_171525-2c99cc9d98a1acb3.csv,raw_csv,30955,46830e3ad00fcae673da1d34aa65330d70e78b98f9e4e03edd1462bd4aade299
raw\rbla_-train-20260806_185452-8c21e7dad1733789.csv,raw_csv,30131,36dc4758245d404487d69db15bc7233a7653027963d8656448d5f7754b0e088f
raw\rbla_-train-20260806_203626-da79aa21b0f72e00.csv,raw_csv,30175,932dc913c3a49d1054cc6cf448fe4bdb269b6ae285ae2d3d9d0fd6dd772961c3
raw\rbla_-train-20260806_221743-fb49787e410df91f.csv,raw_csv,30281,a45e05a06e25322a8519b39c50c8b818d7e3e66d173587990beec5165f5d12bb
raw\rbla_-train-20260806_235811-0e4a914cf0e80307.csv,raw_csv,30381,3a793a39b1518c9f485601a265fb7219bb7fe84536ef92f9dcd5840feba900be
raw\rbla_-train-20260807_013824-5858b27abe68d62e.csv,raw_csv,30488,8c4d391675d77706c50133db3aff74b72f69054c31dc94c7e4e9363ec4981192
raw\rbla_-train-20260807_032113-6c62c3c2b155c1a8.csv,raw_csv,30692,4fcf5e2116d1db24a9fe8e6e8c0cb9fa3431da86896f4141250ce745fadd1d1b
raw\rbla_-train-20260807_050205-54c15a5daa1c897d.csv,raw_csv,30153,26a99a83a4d4a0b95d13828f86e689fe5b4651a4b7b5d61ed9f1785581488f73
raw\rbla_-train-20260807_064206-f3b88bbcf8d2c279.csv,raw_csv,30219,d6abc60a5d38e2015a4ed1bc2ffe0371e243f61c178734886b8b73e503c03e7a
raw\rbla_-train-20260807_082203-59a516739209c689.csv,raw_csv,30223,29c3062956458920b944d12cd5794b9796b83aa979a1c51e2c33c4b7172763a7
raw\rbla_-train-20260807_100113-0a61a5debd83d810.csv,raw_csv,29677,ec53f89302642039482dc7948c171488e4b1509cc94fbe1d96de28ace64f9282
raw\rbla_-train-20260807_113937-3c04a8741d66cede.csv,raw_csv,30273,6058a49827f67e5e5093c3efc375f12c702560ced19e4bb1b8debc54cfe89ea9
raw\rbla_-train-20260807_131907-689bd3f9979c0c7a.csv,raw_csv,29516,207141fe6c2a8bd1166fe4eaea589760b557c926722b03a592ee5dace18661e0
raw\rbla_-train-20260807_145721-4677b0729f92fd34.csv,raw_csv,30368,b44ff9428ed96cc9bd582a23a64eb843ad4f19388c1bce0faeb103e6c7af9844
raw\rbla_-train-20260807_163634-b9113e432bff3bec.csv,raw_csv,30457,ffc46ad994f16d252fd21e6f0accb674d0f71b3a7867a1e18093bde221e6d691
raw\rbla_-train-20260807_181648-7b2bd4fd66650485.csv,raw_csv,30517,c7ee04de80d9909c23007431e541a35f15eeb63c0216b27ebdb0cb3d44fddff2
raw\rbla_-train-20260807_195526-373eb217291aa096.csv,raw_csv,30427,686c61f0f20ea78c73faf00b8ed8e655aebf1da3d29521931ea3124f5aa6502d
raw\rbla_-train-20260807_213356-0d0fe6ef65cecd41.csv,raw_csv,30359,9d001139b52a070db1c1eba0a999b45e42ad7af6afe28ea5813deea8490f879d
raw\rbla_-train-20260807_231415-662e44bdd992e2c8.csv,raw_csv,30322,a0c0aee8f236f4f4e39499dadb7f6ad6d02db5905af0b92c329270157f460c19
raw\rbla_-train-20260808_005444-ddebff4f3114bcdc.csv,raw_csv,31958,e034d9f47ce8f4d604ae64e547138009f909a99c55a5131aa96919a1941422d9
raw\rbla_-train-20260808_033106-4e70f9e7af26cf67.csv,raw_csv,32080,f3eb5ebe2c9f99470eb1e15ae85afc3a92f8f0ac18b550639fa5f49ee7f487f7
raw\rbla_-train-20260808_061747-3c44a83df0a21cbe.csv,raw_csv,32052,c8634bfb6f560aa5c2b99bedd1f40e7e7d7f85900b3c542f1e52032714ec1f73
raw\rbla_-train-20260808_085955-e397bf9b7d2bf37e.csv,raw_csv,32161,ee3df6a606dbcf47d4781b12e98dd5d99515a511564fd72efedf55128d768052
raw\rbla_-train-20260808_113710-0d51429cbad21688.csv,raw_csv,32200,13d61675e48818f9b6b9d69b651175057e8861541da9ac161af187222f30f3c2
raw\rbla_-train-20260808_141610-9eea060b44a25d86.csv,raw_csv,32196,3ffd03493f0c0e9823b3881219b110ba64d41003cc8c8b531edf63eb08af386a
raw\rbla_-train-20260808_165606-07a8eb02e288e01c.csv,raw_csv,32038,aec69d2330ff7944efae049b38d4632017acc7601f5f175917b2a763f439b518
raw\rbla_-train-20260808_193420-c26dfb085d2b90f8.csv,raw_csv,32106,dd66668e1e781ee18a024f7265163182d57857a99e70076aae00e44d6334e788
raw\rbla_-train-20260808_221105-bd81e5faf3116205.csv,raw_csv,31991,0df1284541bb1e4b728a97a57f7936b8bb8733fb979088d7e0c3a0195db6a434
raw\rbla_-train-20260809_005143-13f3cc42f62d5d6f.csv,raw_csv,31032,1f10e31b24f422882337f76306b462eac27541053a7cdfb568c6982fb09ce992
raw\rbla_-train-20260809_023130-b0751fa7e4328133.csv,raw_csv,30772,761270390919d044fde0a9110317d106a6d51c41deb9134168a36363405c0165
raw\rbla_-train-20260809_041048-952cd0dfc5b659e6.csv,raw_csv,30930,f15ea658c13e06e8fda2242500dd687f4b8b9716543f9e0ae62fba8082104d26
raw\rbla_-train-20260809_055128-dfe380fcc8cde681.csv,raw_csv,31125,100741add2ccddcd87147c480d7dd60e964a9a7b205b6a8c41ba8ee31e5e2539
raw\rbla_-train-20260809_073344-42d5a82be86af9b5.csv,raw_csv,31118,40f1cc1e78430584061967ab48dc8e8c3459d85c1a071b1fc5378c1b428110fb
raw\rbla_-train-20260809_091612-da3e70eea83618da.csv,raw_csv,31181,5283c7c3c51cc0507948cfaaefc48bbbd3b3a203043e4387d672ded51dd9e0ce
raw\rbla_-train-20260809_105824-12a08eb73ab80bfc.csv,raw_csv,30957,07c8dc1358df35470f0dc8a54b9db121026eac42e9048cb756b16eb230ff157a
raw\rbla_-train-20260809_123927-dcaf7d89a92a776a.csv,raw_csv,30950,aa43ab09d5b6345f3ef45ae4d95929448a9336066defb121364427bc9994d9c9
raw\rbla_-train-20260809_142131-c1089b9dd849fbf6.csv,raw_csv,30954,24359980c1f1bb07795271775cdcd6b87831b1e5b1cd323c35f3698cee45d332
raw\rbla_-train-20260809_160254-d662c4e434125ae5.csv,raw_csv,30255,89152adafed9484e3e772aecddd63d0eb3edbf3f87099f19d963fcdf69dcf030
raw\rbla_-train-20260809_174211-5e7f860786ac3e81.csv,raw_csv,30154,f6018a0f6fbc52f6467562f12ad0addf0c2d9ab06407a720fad12bd0af5f98e7
raw\rbla_-train-20260809_192042-78de4893fa515f74.csv,raw_csv,30318,c4215dbf8b089541cc87479fe3756f4dbbcb361ecc69476da44b72a56dbf618e
raw\rbla_-train-20260809_210052-8d49ec1104a64fc4.csv,raw_csv,30434,41dd4aee5418f5ba976511adad097972645dc66e764122b34ab71c406e1041d3
raw\rbla_-train-20260809_224013-bf4e600e965250f8.csv,raw_csv,30432,fa16297c1639c33a3f0f0edec3a727e3eb67543b617cd6fbbaa01f9bcfb93a3d
raw\rbla_-train-20260810_002023-b8b36d7583fc2d1a.csv,raw_csv,30560,e107ae7d84e58b691435c1d45cf5cd11a28b31e126417e0945086c0cb313a14f
raw\rbla_-train-20260810_015903-02e536a05d5a5091.csv,raw_csv,30238,2630210fda9c7d03c617217ddcfec9f62ed578f2d1b2128c30f6d2286030ca67
raw\rbla_-train-20260810_033903-14cf32ff2fb62ae0.csv,raw_csv,30227,be96cfb081fef2557e27d785b94917ec9af69301608d93cc14d3e7a278a4a71e
raw\rbla_-train-20260810_051943-1b3d1e0ed1f4f797.csv,raw_csv,30303,a01f3e64d388922aadf4125677fba8f0e1945dc9e77bafce55fa0ac541105eb7
raw\rbla_-train-20260810_065905-e77d99c2c699449f.csv,raw_csv,30368,d9cc6939e86a65f150e87f2d3f043ca81435c2cd6c387638d276ceab66a05a8f
raw\rbla_-train-20260810_083818-03d7cad6bd0cd70b.csv,raw_csv,30252,e302ed11d2383a898c46be3921f6fab8b22f36fff1de00b1f528922730f2c744
raw\rbla_-train-20260810_101756-79ab88ffd0ec7ad2.csv,raw_csv,29564,3f22c0f4c2f2412ff6108e347f7dda6646726abaa701d813a2291cdb6bef1555
raw\rbla_-train-20260810_115638-c94f3fea339aab75.csv,raw_csv,30320,00a12b6dd1e1ef29a9721c19ac9c95d9b45e4aafdeb033e209fcba803f93b147
raw\rbla_-train-20260810_133455-81a2d5c8c4885610.csv,raw_csv,30564,6151088f98560cc06053290063a4567a023c8de2ab0f76c724d34d1f27047559
raw\rbla_-train-20260810_151107-f624468ee2530d78.csv,raw_csv,30650,f7acf0292077a80ddf09ab4e8aa8a557567fffc593980cb4f584703a30bcca2a
raw\rbla_-train-20260810_164936-a741170be53063ea.csv,raw_csv,30287,05d701e8eca995dacc5c0090b98b0eb2dcc6ce4dac7cef9ff326903b8991838e
raw\rbla_-train-20260810_182837-7672668431b97b88.csv,raw_csv,30224,dfa1688448d92c72fc2c2387026873c60e5e7f96493a0f3e29f1ea9e3b611f6a
raw\rbla_-train-20260810_200609-06b98bb15cf352c2.csv,raw_csv,30397,4ee8ed9a24a742b897af511b0f71992b31bb964205d32f3f59390c72154470be
raw\rbla_-train-20260810_214347-16708ef2bb01dfad.csv,raw_csv,32018,3e21c47f3c5a1316da3355411d8cfed2b9b110562f47e36e247b5fb0e9b37e2b
raw\rbla_-train-20260811_001733-1ee9f87cf01dd3ae.csv,raw_csv,31956,0d947b7cda1ca20840304d27b80df1bcc5ce7dc4cb6a5322b489067461ab9175
raw\rbla_-train-20260811_025203-290c0ed0bd3bbdea.csv,raw_csv,32008,39ad324c3bd040a34d85600c9a0519fa214131215d1733e79acff7cf6440ca96
raw\rbla_-train-20260811_052637-a37b1d514f20eee9.csv,raw_csv,32228,fbfce15afad301cce570cce2aadb2f74acc10bea8258c1a350981c33be0a11b8
raw\rbla_-train-20260811_080026-4d234951a4bbfd74.csv,raw_csv,32227,3269befd89f4412a8873c1da3b9b4b2cca666ba54a5bb176e9dc087d014ec8af
raw\rbla_-train-20260811_103358-476507a1f1a7f216.csv,raw_csv,32251,e0a81c865ac3cb49f55046014f993397fbdb97d009f918ab4d6904520d42ccab
raw\rbla_-train-20260811_130834-c0329529b4d37436.csv,raw_csv,31987,c4c03995623bf7c642f1c5a40b063c2917fe43bd09ef1de7a77565c8aa8c0ec7
raw\rbla_-train-20260811_154206-eb4126d7cb91035b.csv,raw_csv,32013,e96ef13c0ba8988970af98ff1be0a3bcfbd2b5444e7c040f9fdc632597256087
raw\rbla_-train-20260811_181739-98f175384f959cee.csv,raw_csv,31987,b581358ddc4c57b202190ad0a391f18379ef95063e3f265492fc03ff6dfb8421
raw\rbla_plus_-train-20260803_074906-46c09d1d1a9a0671.csv,raw_csv,42099,2471cade8d731882a16d10e56216b95bba1b1c3f9cdb65679a39dbf034869ad7
raw\rbla_plus_-train-20260803_093621-285854685585ac9c.csv,raw_csv,42105,2febc808f20eaa345b72d5213af48a2fca3e1fb69fa5e463c4ce229b8eee24e8
raw\rbla_plus_-train-20260803_111513-1d7e69b7eaef94ba.csv,raw_csv,42084,0989b82460a6db7b98b9aadac5e2f75c2adcb32cf8873bdd0f23464592551327
raw\rbla_plus_-train-20260803_125553-af4b27d64ea7ab5a.csv,raw_csv,42295,db854d53f6e30bb2182dd7119520e1839e32b2a57e61aca52058ce8753cd34d4
raw\rbla_plus_-train-20260803_143331-0b37bb5e56464bed.csv,raw_csv,42238,64a00cfd799eb4b006f9272396657606b23e85d3b52d91518138cfb547257735
raw\rbla_plus_-train-20260803_161028-de5bfa0c692d3cd8.csv,raw_csv,42407,ccb10f19e483bbaa73f9336c454c4542a81bb49da3df789cad66f4c95dc24448
raw\rbla_plus_-train-20260803_174528-b98c131e968c1649.csv,raw_csv,42161,5ba8771645d2ca0039fd281ec6dec04d2cb92c9ee677dd4f146aad189f8f53c2
raw\rbla_plus_-train-20260803_192225-38a44bd98c60d002.csv,raw_csv,42199,fa6c054a434dc42c3695db23fc0d54fd05db0b8ffe2ee9a2f212492c433f3682
raw\rbla_plus_-train-20260803_205959-3624df8ceca5a280.csv,raw_csv,42114,41e5ef0e56fbd48ba5c55afbe68cf805a9fb797601b01c24bff644b1e5b9de83
raw\rbla_plus_-train-20260803_223725-2cdd2467fad8c92e.csv,raw_csv,41250,622e6cb9bfeac4308ec3fa14720d883bb2065a849b991878961a77a611db28ad
raw\rbla_plus_-train-20260804_001719-36a5b58cc6215504.csv,raw_csv,41352,770e88af97aac1272a6a92e451e7c2e25b230f7a76c5472e7e6e0821ecc25271
raw\rbla_plus_-train-20260804_015734-2cc1e375d4970ca5.csv,raw_csv,41344,29f2bde6f72e0a308c026c499dcd07fac30f274426472913a83989d2ccf78cb7
raw\rbla_plus_-train-20260804_033700-e88ed182035df842.csv,raw_csv,41508,94c95d92c3ea261b80d2eeb43e36d6158f3f588da5bdba68bf9c9b114cb2567d
raw\rbla_plus_-train-20260804_051742-ca4aed633eb4b28b.csv,raw_csv,41488,b363e40e8e9d2d372ed964945fe43f50379bcfac44b4b5de7fef25ce11a25a5d
raw\rbla_plus_-train-20260804_065736-4edd9c141640f984.csv,raw_csv,41715,736952eab73d7ffc10819e1f903e8dcedddc7ebf8532f48da1bacc5fcffa67fd
raw\rbla_plus_-train-20260804_083706-258838b518b1f62b.csv,raw_csv,41414,30e8c84f7bfaf616ef0800d41359560be036d40724d49129a37db30f4052ebac
raw\rbla_plus_-train-20260804_101616-d2caa62ad92db3e1.csv,raw_csv,41384,af1109a63408d26fc3f8d5f8e4fe59efa01ba8feebf3ae3f98b04124b549c6cb
raw\rbla_plus_-train-20260804_115543-0ee6649cac1e5974.csv,raw_csv,41472,3f88d87436202cded2e7d8b738e6b088f7f143c027c64a8d5d2dc2f3d6b89265
raw\rbla_plus_-train-20260804_133448-06c05e874d5647c9.csv,raw_csv,41403,828c7a693bf50d86155547050ff570e19f0010e7b38606c591a2ffeb358e0a46
raw\rbla_plus_-train-20260804_151424-9982980cf617a4d5.csv,raw_csv,41474,7bf6d8af81faa7ea563dfda660c423a96b7fbe396af18c886b6755bf1cfe78b1
raw\rbla_plus_-train-20260804_165648-777bc106a64f0771.csv,raw_csv,41376,3c2354edef329f100de2aee8eb65f2b801ce26c25f7b4eac60f88c3db60343d7
raw\rbla_plus_-train-20260804_183646-0c6e39f4165083a0.csv,raw_csv,41728,ccb4bf472ef5cb4d06322425bde2f7aa6f3bc29ba8721d6cb29f6fcb1e731604
raw\rbla_plus_-train-20260804_201549-e9f021fa43ebc103.csv,raw_csv,41676,106d35fc6e4efcd25cb1e10040c68cbbdc99e4405e53b038a02c2cf8015c7e12
raw\rbla_plus_-train-20260804_220009-4356ea2ab574445e.csv,raw_csv,41696,8364f10fc3fe283f16658313fe11b568689df7bc51d75287c721821d2b1f194a
raw\rbla_plus_-train-20260804_234239-1bf84eae15b355de.csv,raw_csv,41434,3debb42872327779bc36a72249a0ee01f432910a21e910c5f162ce6ceef9a233
raw\rbla_plus_-train-20260805_012434-ea112c3920b8bdc2.csv,raw_csv,41442,c62b4f520178bc7c54e6913465bd9eae9bb91d29e51468ef863b9101d05aa1c3
raw\rbla_plus_-train-20260805_030302-66240e143cad188b.csv,raw_csv,41499,47725a2981440e81f31dcf8be96bfbf91efc1491e1ba4d37b8db277f5b4e8b5c
raw\rbla_plus_-train-20260805_045430-a6c57fe406693ec3.csv,raw_csv,43041,40936f385d85f116f24c89171f307582e9cf4618ba5e94b3e41421e06acd61df
raw\rbla_plus_-train-20260805_072935-e802a7d44d9b80ee.csv,raw_csv,43157,ff7888b36a9d64596b42cb2d4c6c5e03fdc5854cfbf1b52cbc534f6ca86d7fa8
raw\rbla_plus_-train-20260805_100807-c39b8494e50ac2ae.csv,raw_csv,43201,3fc58466a686bbfb61c9ed0d1421ede32c07eb3a6155fceb0b790676fcfd7ec0
raw\rbla_plus_-train-20260805_124625-4e7a317614fd4079.csv,raw_csv,43482,af1b6de89a0defbb837331005f78522a5a6a344bc7c8edbd1fb3bb4f610791f3
raw\rbla_plus_-train-20260805_152333-e4d62c2bf8c64c54.csv,raw_csv,43365,c750c7632f9aeb721c8da6c201955e5e85a7a5a8c1e02ee5e3b3832d5ee7c114
raw\rbla_plus_-train-20260805_175804-eef18e0b2c30e747.csv,raw_csv,43382,0884bd75d0d3d5cc123f1bafb2fbc5a515bfb3cd44ce86cade084e4067ee6331
raw\rbla_plus_-train-20260805_203357-940366d8d247b2cf.csv,raw_csv,43362,86b1399f5a72267d53b5d5680f56448a8ed6663bc4f901a6eabdee4b6daaa09a
raw\rbla_plus_-train-20260805_230825-60db31492f4e9a89.csv,raw_csv,43210,7621619bfccc9d26ac13f789d2261859007a5b6d0279fc086f943560a34d2cda
raw\rbla_plus_-train-20260806_015003-b532504142c12658.csv,raw_csv,43311,1141d60f5379db7ef729996ac8b7e6bdfb15bb6d75671ed69b185febe094fe51
raw\rbla_plus_-train-20260806_041029-da226779104e3cc1.csv,raw_csv,42129,d50a31514dec6ca3da4bc72e9a0d9474e5d9c9797e006a44a5b8d17ae66e32cf
raw\rbla_plus_-train-20260806_055102-a5d790ec7d7e0b74.csv,raw_csv,42106,53d2293abc75b9eb2edb8694d6375887aae825871cbdfa54ad278724e33eb8d4
raw\rbla_plus_-train-20260806_073157-4da4f16e1e07ffc5.csv,raw_csv,42110,7866ef60a961c026c15e47a1c344542799c95ff6f7819b1508f78565be0a3e1a
raw\rbla_plus_-train-20260806_091430-dc2e55749a328ee9.csv,raw_csv,42373,a6824e5ec86318002d1f3d8cd28411493704087c52ed3d194eaf88c071a4c0ed
raw\rbla_plus_-train-20260806_105550-dc8a9cedd77edcb6.csv,raw_csv,42249,3de8f39bb431ea2c4520637022b6bc73adf3db42c4ad076b3cece284c08a2919
raw\rbla_plus_-train-20260806_123628-d55ffe210f0572cd.csv,raw_csv,42386,9b64a28ebd58c0c590c468cdb8d5273b069c4ec6654e4e87df3665ae6d78f1c3
raw\rbla_plus_-train-20260806_141713-66e8dfcf9dd32fe3.csv,raw_csv,42204,baefbf7acac902004e88c6ae04306a190e0a82a88132934ff0dcf3912aae0d68
raw\rbla_plus_-train-20260806_155944-ab75562935ddf4df.csv,raw_csv,42139,385fb87e02eab00095008312736b54d8274a6ee9ea93d6cfc3e8ad989cc981ed
raw\rbla_plus_-train-20260806_173945-b90423ae58648099.csv,raw_csv,42106,80475bd5988de3ce686123617d28f4ceea3c74e12863dcd2b11fdd270ac8cec1
raw\rbla_plus_-train-20260806_192041-35a4bff61cd9b4d2.csv,raw_csv,41524,dafaec891ee1bb774ccd0eb072e319da817b2b968ed73438b37ee5ae7f68611c
raw\rbla_plus_-train-20260806_210138-b875702d537ba732.csv,raw_csv,41402,6861c52a425d24b1e8eb2d0aa763b7e8f7bfde0fdc52c48b8651d9ee8f59a2ea
raw\rbla_plus_-train-20260806_224257-07a99f15707a6a6b.csv,raw_csv,41480,e2554c3fd3c6048b52acf771131025144c24d562098d01adc5f5927c04c2dd59
raw\rbla_plus_-train-20260807_002332-b8d349afa186fe88.csv,raw_csv,39784,e442a86731508338e5f4613b94c34bea7bdd91d3489226ef841631cadb0ee3bf
raw\rbla_plus_-train-20260807_020323-2bd5bbf81848a475.csv,raw_csv,41715,fc4ca4b77210b3adb435db68a439e905cf986389585c5651d0356fe72729f270
raw\rbla_plus_-train-20260807_034628-d0b0e9463dabf9aa.csv,raw_csv,41841,55343f45e6fcdf172f148ca3a760a1a8c4b514b3f18de30b8f87c4b47d0b57a9
raw\rbla_plus_-train-20260807_052654-e7e5125e7183dc22.csv,raw_csv,41218,fe17abfa1ade78bde219ffb53c03df116898eedd001191582f5207394fddb9c3
raw\rbla_plus_-train-20260807_070712-9dada89394111576.csv,raw_csv,41360,71d5dfc972f4e9721bbf1b38c45a86b494e97c5ae908eb9488ddb99caabaacba
raw\rbla_plus_-train-20260807_084709-b5e5d2ef55ccceaa.csv,raw_csv,41449,619ac56857aaa760cd2ab07fb1be334682a286cf5630d3205c6de29930dc47f3
raw\rbla_plus_-train-20260807_102532-160caeb66b685ed2.csv,raw_csv,41581,07274ce3eda1140f80491bcf737ef347fe2f1c91a0e7883537eb435e13a4af1e
raw\rbla_plus_-train-20260807_120422-0de09ac08f4f92e8.csv,raw_csv,39700,6d05aaa5f7bdf8f7aa45c9bc6fd58ad458b97ed1ac23fe600a6cd1f378f47859
raw\rbla_plus_-train-20260807_134331-824b56f2524b649d.csv,raw_csv,41304,5570b214a1a9e58aa97cb953454040c82f44fed2beabb1ecb332905380ab071a
raw\rbla_plus_-train-20260807_152207-64df0b7d985a20fd.csv,raw_csv,41566,fa189125dc813f28e59ae5efdac3e55c97aad4cc9f097c48735ce3093028dd8e
raw\rbla_plus_-train-20260807_170120-4a7db00c53b6ecf2.csv,raw_csv,41807,96c4402db6a246374659e6337f8d055cb3e741aeb1d5f3b448bca2b866ae609e
raw\rbla_plus_-train-20260807_184117-835c82141270945d.csv,raw_csv,41864,447db6dc4566517239173c20d34370ba6b32a8fcb6fdbf95f7fdd4c86daf35da
raw\rbla_plus_-train-20260807_202009-0631bb99008ba5dd.csv,raw_csv,41495,e6390764608fa1c8aa7350314239c50116084d5bd7615572646de727afa990e1
raw\rbla_plus_-train-20260807_215847-c59a5885a9c9b5bf.csv,raw_csv,41603,39f0d62015f05b4f5b0afb144ecf0e3833438d19f5f2449332946929e72ddce5
raw\rbla_plus_-train-20260807_233917-0c35378309e67094.csv,raw_csv,41629,8793f28a490bb642565dc78fd22fb10791334d12b1b190019d8220cda1345a12
raw\rbla_plus_-train-20260808_013325-f0ae211fee47438d.csv,raw_csv,43039,39ed18105025c1ea00f49ec5e482a4a17420f11ad34c0e0462abf62b683a2f3f
raw\rbla_plus_-train-20260808_041015-2ac7894598ab6705.csv,raw_csv,43157,93f2975d133196705fd1eda9989aafdcd6be34749b67d28adb053f5679764a66
raw\rbla_plus_-train-20260808_070042-3ead37ac8750dde1.csv,raw_csv,43215,726327b61149d891ceababe1f0d2981601636e88e3cd65ac1e9adaa22d50e2e1
raw\rbla_plus_-train-20260808_093920-f505f80054d90c2f.csv,raw_csv,43162,280e65002ad43ef0e590faf44c20e5f10955e2b87095f89c757b40abf1352de6
raw\rbla_plus_-train-20260808_121659-a5009eff2dd63862.csv,raw_csv,43485,46bd42691abd265acff96d8d4ec8ac93bd5b4f5a4ca91261346e93b05f2798a9
raw\rbla_plus_-train-20260808_145629-bf60b16bef90fc96.csv,raw_csv,43430,4b97bd1c0fbc3f15e646b5c9d0262a8b187d8bfb290bc001966cedfa6fb8083a
raw\rbla_plus_-train-20260808_173534-be53f0f78845e040.csv,raw_csv,43180,47609d11b690234416bbb4be6cca6c50bc7e2cd6dcdc03b3f01fbb5d350e2484
raw\rbla_plus_-train-20260808_201258-16f4c0201edd8c9f.csv,raw_csv,43210,7ff56d13a3e0a55eeceae6c07b4ef6f439e95862310ce69e11262cbe0fe5ddc4
raw\rbla_plus_-train-20260808_225044-62938029ac9cc674.csv,raw_csv,43158,044b403e88ddf6e9a51155a4af1a1f9188456537154f20d65d3cdfd6c3dfe6cd
raw\rbla_plus_-train-20260809_011656-de3f5aa625c3326c.csv,raw_csv,42256,d3fd790880f62289ce9238ca329cc9eb183c600c317f083974aafb333c528af1
raw\rbla_plus_-train-20260809_025620-3e1a7b964bfceb90.csv,raw_csv,42189,c6edf5ac1786fda17a0211859bb1f8efd01eb861d6e319c96afbed84cf034a45
raw\rbla_plus_-train-20260809_043545-11dedda11396bdb1.csv,raw_csv,42148,2c9a8bd91f35a94adc86cbe80fb7b388c70215415b8d0759756e84586f709876
raw\rbla_plus_-train-20260809_061700-2865ae10d02eb736.csv,raw_csv,42339,4302770d6a1e7ffdc175120c16b27535d9f383c775f1fb897d41ea350fbd51ca
raw\rbla_plus_-train-20260809_075847-7b20b8bf3ce05f8a.csv,raw_csv,42363,bb702b2d52beae6122cca739be923dd978e1abdd490ac6c09444c13cc6da7c85
raw\rbla_plus_-train-20260809_094220-63cf628e503b4560.csv,raw_csv,42336,4cdb7f0a54185ad81e481880b97872ab2e19a9d8ea73b2d327f845ba41e29539
raw\rbla_plus_-train-20260809_112347-ac6fe85966f115ed.csv,raw_csv,42165,c8289e2ad5689b56ccecae81eed68f5fff87a224d5bb58e433441a043b500420
raw\rbla_plus_-train-20260809_130505-592a16c24cd197b0.csv,raw_csv,42098,a71d9710b96dc124fc3d6546d84eb2235af72f315a82be34c534dfe834acf258
raw\rbla_plus_-train-20260809_144719-bcb7345d37e64ec4.csv,raw_csv,42123,aab1ae4dcfae3651b5bfdab011c118ef73b5f285fb4d9112756a3e8a419f7c94
raw\rbla_plus_-train-20260809_162734-d6ff68146cc9d015.csv,raw_csv,41488,8d4e6797e8e6c9d5364b098534292dd65a4cf3897370c3bf063a50e8c1d443d7
raw\rbla_plus_-train-20260809_180708-c674136a8b11bdd1.csv,raw_csv,41568,5acb50e3f1bd3b8656aad0c7185532d2d14d0aa34fea220d6d4a0df9737133cb
raw\rbla_plus_-train-20260809_194530-08680ffd8ebb8b40.csv,raw_csv,41551,80c42681d2cb2b95aacba9ef467870068c4e95396aa06dcdd42b45cbc8885237
raw\rbla_plus_-train-20260809_212548-3a5e411dd85b5c62.csv,raw_csv,41650,12bff2960589fc143b0e197bc2c16436546d1f4549a134f4add764a71d94e14e
raw\rbla_plus_-train-20260809_230530-90ed46e561cb3f8d.csv,raw_csv,41447,071af8296d2c715029883e14ad20689441c8809893065f63636c8db095ade4a4
raw\rbla_plus_-train-20260810_004519-3535a0f866087a06.csv,raw_csv,41894,832bd53d85f5c33359912ce13ab6bdbd35d547103f8498dfac05d90563af1c45
raw\rbla_plus_-train-20260810_022341-0db5f915296f1c93.csv,raw_csv,41551,8d65e7b5177eb7714c2ca5f72603f52c1e304627fd2c1f2e60e6576f0bd7cc57
raw\rbla_plus_-train-20260810_040414-01e1039d3eb35c0c.csv,raw_csv,41493,307cf85d880a5ec8929496843f3fd776e35c67ed1759cda74600882082661a45
raw\rbla_plus_-train-20260810_054415-e091ea2384f7d08b.csv,raw_csv,39535,750987f369d53f9adc91aab533365a93efc2e6efd1c1e1d28427ddfb579414cc
raw\rbla_plus_-train-20260810_072356-e0a9d3fc378e39eb.csv,raw_csv,41653,c55824f668c41481ba740d7bfe02da0b75e6bfb090b0c26ef181cda475e79a53
raw\rbla_plus_-train-20260810_090250-090360e8158b8346.csv,raw_csv,41480,147aab00118ec6b3a549925f39e2aa0607189d7592ffb4b3949c6529b7102db6
raw\rbla_plus_-train-20260810_104241-b1ea301e43f297f8.csv,raw_csv,41303,3227436c3d908f17cf6d0eb8c153b7756ff7bb8a343c0543957a94f4efd48a91
raw\rbla_plus_-train-20260810_122109-34624a5216cef24c.csv,raw_csv,41628,ac5a712e8ff41ade0c6c0c72be56a269ec37a770cfd7e72bfe258759d9cb4492
raw\rbla_plus_-train-20260810_135909-d1fbb86730903e2b.csv,raw_csv,41632,5da72bd1970074092ba0e7275ac2e3bd4a298ea382e0e08d7a34717dca66e6d9
raw\rbla_plus_-train-20260810_153536-7e80acae0c13e720.csv,raw_csv,41819,d323b2679a28eba75df7b3c276366f0646fef9e793f0379df9854336fed33ba1
raw\rbla_plus_-train-20260810_171421-7dba87a045718b9e.csv,raw_csv,41446,bbbf5043b56526d8a3eb460cd20f94dcc0f37c65a93b5de5e0c56f61edea731f
raw\rbla_plus_-train-20260810_185305-2ba774c8059ad9ac.csv,raw_csv,41478,afa58dc8073ef7df09b96fc4360782e98331b93f71f2854fd1daa271b5ce075c
raw\rbla_plus_-train-20260810_203022-e18b0d6b066edea8.csv,raw_csv,41464,923d49823965fc1927325fd018954d8104c1b6f95de5e405753286c688aad46d
raw\rbla_plus_-train-20260810_222149-9043a572121f9484.csv,raw_csv,43273,bfe4175941633782827bb1508f95794ba60f42f478436f9980ccf9a425a44eee
raw\rbla_plus_-train-20260811_005625-374dd7cbbd1588f5.csv,raw_csv,43251,b7b434ff06993a3b186bad2b4ad0f36fb95571d34f470c303c5d0f09bbdd0636
raw\rbla_plus_-train-20260811_033052-814ad227525431d5.csv,raw_csv,43350,6dcd7e18fa9c952d7fc9535bd3a98c1c3927a2e51091b04a3d53fe94b3ea9098
raw\rbla_plus_-train-20260811_060444-bdb11583cfde66b3.csv,raw_csv,43372,e03b2835740bcf5e3ef74b41e9df1fe5a8a36da904f3a92cdd1c9b0da604288e
raw\rbla_plus_-train-20260811_083910-8e3e0aa2fd9fbf58.csv,raw_csv,43347,38e9502d92f67a5d7f3f6d00f0c98bf6ca285ffced8ce187eee1255a41e297d7
raw\rbla_plus_-train-20260811_111257-f84c23dc4efcf675.csv,raw_csv,43302,57fc54aa6c6646a970100622fcfe1c9405b67f1fcf791c828748b9eef74f98fb
raw\rbla_plus_-train-20260811_134656-df45b4ee18c2cd44.csv,raw_csv,43189,0c6e181e7c0111a839f0fe05aef9fb6e2d7352b8255c5dd9061695dbc6e31ce3
raw\rbla_plus_-train-20260811_162056-340e77b91f184c3f.csv,raw_csv,43305,c6705ca19af98525d6fa1bfe1c663ba46a6c2e4f1d86e1157358b3c84f72ef27
raw\rbla_plus_-train-20260811_185521-287e9d6fd8d51dd1.csv,raw_csv,43298,35860be51cc12a6c1be50b2e4c2d92a090a50aefcccdbee38c57a0cd6d39fbfe
raw\rte_dirichlet_0_4_rank_correct_flora_-train-20260813_190239-fe24d6e10d8f5c34.csv,raw_csv,37951,0d5f4ff3b15313174569d83bc72b053ef4d12e384d666b5c7c952f82642d2927
raw\rte_dirichlet_0_4_rank_correct_flora_correct_-train-20260816_074313-a06da3d4daacc8ad.csv,raw_csv,37834,1f9a6398a1775cb87701e8eab0a13c9dbafaaade869d77788b2bbc5d32c9a383
raw\rte_dirichlet_0_4_rank_correct_rbla_-train-20260803_222322-0374ee0551f6ec16.csv,raw_csv,38038,d9c0bc8fd1d1e18fbefd0353ce04cfca860ca15a2d1f3446506aeda6954a1b40
raw\rte_dirichlet_0_4_rank_correct_rbla_-train-20260817_131954-a6c478fd9a90926a.csv,raw_csv,37590,3480c0d6f69871e05371a5e1e73b792940b1b43811f278bfa17257aeb044fc74
raw\rte_dirichlet_0_4_rank_correct_rbla_plus_-train-20260803_223404-ffc1ff95ff0656d6.csv,raw_csv,17290,35c09b93d08e27b8dd20b50d3e986e2c4168c02a6e3a05edf50842eafca8d149
raw\rte_dirichlet_0_4_rank_correct_rbla_plus_-train-20260804_140629-58b29037a7cdd8f3.csv,raw_csv,47568,c0bea4a142e4baa66858b584882cf3815081f612499dd041ef9351fce1b841f2
raw\rte_dirichlet_0_4_rank_correct_rbla_plus_-train-20260817_133039-f37f3add962d215a.csv,raw_csv,46231,9076066d3b6a0c52bdcbdb3ad43eaf9f841ae31893a5c12ec216cd0defec1dbc
raw\rte_dirichlet_0_4_rank_correct_sp_-train-20260803_223453-513d197e2da98110.csv,raw_csv,37503,93ceb6245f640a57e0668849cb9b36e49efbf8ad83c5c5fdc7f0b764db24ea46
raw\rte_dirichlet_0_4_rank_correct_sp_-train-20260817_134122-8a1a0c1a92ffba7d.csv,raw_csv,36197,50f9cb1ac555fa3460e16c78c2a0603d056ca8e7a1c4148df94bd0aed18cd318
raw\rte_dirichlet_0_4_rank_correct_zeropadding_-train-20260803_224610-382c900aa5193732.csv,raw_csv,37526,a4687efc977c3349c339b75076dcc26e903e1355d5a6158e8429772a28bc1482
raw\rte_dirichlet_0_4_rank_correct_zeropadding_-train-20260817_135239-0a9b6e9aacdd62cb.csv,raw_csv,37522,ea43915dd5f06ea735176d568c862ab4413f889e54757af974b7dc9454a0d3f9
raw\rte_dirichlet_0_4_rank_mismatch_flora_-train-20260814_135548-cdd727dde39f4c38.csv,raw_csv,37754,792b020a66399fa0887386b1dd75abf6efd771535b0730aabf6e91301a8343d8
raw\rte_dirichlet_0_4_rank_mismatch_flora_correct_-train-20260817_023252-921a38e1fbaef2d8.csv,raw_csv,37970,743dfd9df1f51e6b933cc57dbb923eae2f9d17e6d8162bee2125cc7f4b4c11f8
raw\rte_dirichlet_0_4_rank_mismatch_rbla_-train-20260812_022253-6b716c3e4e9fb473.csv,raw_csv,38122,e88ce0626703c1eb8ecf5171b86cf03232de8718e57d15d6a56544aba04ea5ac
raw\rte_dirichlet_0_4_rank_mismatch_rbla_plus_-train-20260812_023337-0a17fd1846542b93.csv,raw_csv,47137,70e77638b611bbcb01acc46d4979482203e934512b7e25eb26c7469e104ec6ab
raw\rte_dirichlet_0_4_rank_mismatch_sp_-train-20260812_024422-e4e746855d6ef705.csv,raw_csv,37362,a714b8a5f6c8ecd93f3c9bfa55d0d3e39a92a1f7318f4483675cb4688475b92a
raw\rte_dirichlet_0_4_rank_mismatch_zeropadding_-train-20260812_025539-8dc0501f4f42edd1.csv,raw_csv,37535,1f8b073f344cdada461d7b1018e6865f61c5cbc33e4d047c28da3ae270b23bfe
raw\sp_-train-20260803_081732-8166ffededd9dd2d.csv,raw_csv,30284,ad407b2d1789c05e569120fe6340b48a041c25ce1f259a7cca0f9f07767b7695
raw\sp_-train-20260803_100111-61e142d76bc336d6.csv,raw_csv,27800,375748a66e3b1db3036ad7520979368ca3f20a01a8e1a8442ca8b5171eb66a7f
raw\sp_-train-20260803_114103-8c75ea70b20af35d.csv,raw_csv,28987,316544b59484be36b021b41021ecacd577a68b7070ffd580b74c337e7477e6e2
raw\sp_-train-20260803_132037-9708bfc5d1f930eb.csv,raw_csv,28416,ddf91d46797ac9d78e2e3223b2e80c8ba4f97bb5a371cebe47709d5a88f723a5
raw\sp_-train-20260803_145807-3f9a40aa0ba75ce8.csv,raw_csv,27812,4939a5a5532094ef04409e995518788565847a06c8dc84d564501f7b9818f09c
raw\sp_-train-20260803_163427-bc9a716042e6fe8a.csv,raw_csv,28531,76a6bd010cf64778d9a7d347c80c6c42b36d45f0f545451622d89a4b77d856d1
raw\sp_-train-20260803_180925-eda4fc72d912bce6.csv,raw_csv,30732,3b3e1da3deeae469d5359d20b277c27754f567d777a5ff6aa54feadf2ad44def
raw\sp_-train-20260803_194644-5c9c4c2f60fcdda5.csv,raw_csv,25297,2e27bdf4fcdfedda5762f6350a097eeed760fd4f2baf3d991588cd38888d911a
raw\sp_-train-20260803_212415-273b6003f89908d9.csv,raw_csv,30534,1ecceb117ca9fa26ef5ddce1ec20a9941b2b544518c0261fd68cb799b773f76c
raw\sp_-train-20260803_230139-9022f16e0b4cb87a.csv,raw_csv,29782,8dc939cc362dfcbaa76f10fc669da1d96ab276b3f36623ae4d8633dfe9fdbfcd
raw\sp_-train-20260804_004228-dd6ec1fb3705c700.csv,raw_csv,28178,46c6a06c42a1103d9b4e479be2413f967fb41a0ad5b14f5af4c359a6a80e8c19
raw\sp_-train-20260804_022238-842dcfb0cb827a21.csv,raw_csv,29077,8105210e28fe810484379bc3d9f06f1f1fbfd8ea339f75f6cbfb9a0f9c797b60
raw\sp_-train-20260804_040209-f8583bd25e8f00a9.csv,raw_csv,27341,7e6306bbd429696b60364472bc37409a2148d86df7c32e2afadcc0df80ab10b0
raw\sp_-train-20260804_054307-221e40dcc16250a9.csv,raw_csv,30222,641ee85ae70f409ed524fef1725e373ae1a4b0ce34c56f26ed18343d84aa356a
raw\sp_-train-20260804_072318-92285def19b17e2a.csv,raw_csv,27672,69e9c6abb5cd44344a7d54256359602d674ced3d2d20d7e6ca337463d68b1c80
raw\sp_-train-20260804_090123-a8bc679caf6e6225.csv,raw_csv,29474,9fcc470251fbadb34e2c4e5b94ee24877613d24c58b31354826d442effc2bdf3
raw\sp_-train-20260804_104108-d2edc45f8b8b15f6.csv,raw_csv,29777,a1107b6e05f67915eebbce0f0ca7a1beb47a09baa9e104b78c2ffabc184439e0
raw\sp_-train-20260804_122051-cdeb751cab84bd4c.csv,raw_csv,29304,f5246a32885f5eeb362bc51893fcc7e2243f1281ebe25861f76faa37035cc8b8
raw\sp_-train-20260804_135940-357541ac29d4c287.csv,raw_csv,27962,40c4136e9b66d51c61e85511223fc2debf71c31e9fef9d5a3d748d431234f319
raw\sp_-train-20260804_154001-f8a18556098c00ad.csv,raw_csv,26819,e13f90aaa7b83af81b20b474ad36272083e9b5eb0c3ca046b723a47cc31a2780
raw\sp_-train-20260804_172159-255259d597323d0e.csv,raw_csv,27411,df97cac9c61f294bd8f882c870c22a2317fd2aa7d5f84f2b4d8b0a92c7e0c723
raw\sp_-train-20260804_190147-ea6c77d48427c353.csv,raw_csv,25716,38ade9e46234569899bda416b65b62f641889158d7c71937293e03cb95b4878e
raw\sp_-train-20260804_204204-41f925506d611b97.csv,raw_csv,30087,db73558d4ba236dde265671317449f7213ef883261c81d45982c424d7f86981f
raw\sp_-train-20260804_222621-7f48d3b70f0e85e6.csv,raw_csv,26548,cd6de0ee8e4e3cd6c59b8c7a6160d7b9c4964e65d95f043df0c351f1dbf1210c
raw\sp_-train-20260805_000801-cef185517f643572.csv,raw_csv,30228,d012ebdf7a937ce3d3ed2494fa9b523d0563ac348ded966f47400a68f32a96bf
raw\sp_-train-20260805_014908-d7fd57e00ebc074e.csv,raw_csv,29839,da30af981c0193ef5e63b28b47f225f18f32e3365c36ae4cb248430fedef3bea
raw\sp_-train-20260805_032719-e42a6061edcf26e0.csv,raw_csv,29189,de51dbb895ce7cbd89d88d4f61d2040cc7917085ad12a230346e24253a1ea03d
raw\sp_-train-20260805_053316-f1a44d6255437d15.csv,raw_csv,31343,5a45d9a3b120d9928d3bc30c7e854e934941516d20bb6e63b08869a3060f9fd9
raw\sp_-train-20260805_080930-e7c9a9789f7ace50.csv,raw_csv,29854,622e982327a1fa84c5c385902ac634227e5effd3cdc80ee6893c984283eec040
raw\sp_-train-20260805_104825-64acc7249c070608.csv,raw_csv,29692,36e93ef5d9a1c278aded0985c11127a52eab46ac08c039987007e0cb8c56f360
raw\sp_-train-20260805_132516-1132f33ffe2f3c60.csv,raw_csv,30473,97d8565259dc846bfa491ff85bc7f3d2445e792a9c3ca4ed094d05801ebe15a2
raw\sp_-train-20260805_160207-6a562f36325d9116.csv,raw_csv,27914,46c5bc910ad1783bae6efbd052245b8c9dfd039141b1538717dd85ea6a078481
raw\sp_-train-20260805_183750-b9697cc7cf0dc677.csv,raw_csv,30580,4334d04ae8dc7bdad69f4e81ce91ab9bde6285f6da76b6514816f5faf5bbdfb0
raw\sp_-train-20260805_211233-96562c534f1ce89e.csv,raw_csv,32165,9d09a5d8810c2597d7b6a873b8db1f96995efa644454ecc3b28675264ce6e48c
raw\sp_-train-20260805_234834-594aec4887522d97.csv,raw_csv,28377,e8f2724f6f6f6aad7f9eae6600dbc3a249bf8b3a370b499968b2b8ae5b7ce228
raw\sp_-train-20260806_022906-b1246e8811ad1143.csv,raw_csv,32099,474adceb308eab015fe1063839e180ed8f905cb1660f0b659d3060ee94825e98
raw\sp_-train-20260806_043539-415bdb34efd27d05.csv,raw_csv,30215,7e1b0b67b8c3ac045df6960bbf3bbe4149f9a07abc1784d8ecdcd20c100b6705
raw\sp_-train-20260806_061617-53bee4966c0ed8d9.csv,raw_csv,27673,86b9a21e9b9a11466f3142c13be3969fdb974f3a9aace8464d99145f284d1e9b
raw\sp_-train-20260806_075740-13e0e8de9a7e1cb9.csv,raw_csv,29136,f094a18c4610aeb9d0db740a0e2a86b7c03c52ac8de1ba96d918a22c00a17b44
raw\sp_-train-20260806_093942-71de9c0ea7effd06.csv,raw_csv,28512,83fc868f1208bafdaf6aa1360c89525b6dbfdaa62dcc8554d32f0719af83c847
raw\sp_-train-20260806_112105-4df6b5c146b31350.csv,raw_csv,28082,b520a2fd6aa0fd637e47605d89d44b0e6f899279457646d273ab47395d05cda3
raw\sp_-train-20260806_130113-e9e8a9628e22fc79.csv,raw_csv,28556,95e89e44063e6863da3899eb3639fafe98225bb3d812a2220ffe3999773f7045
raw\sp_-train-20260806_144301-c917feb33fe832d4.csv,raw_csv,30897,d2b04568cd45a655bbe80ff6dd261c36b99a7e869c69168f1ca28132193733cf
raw\sp_-train-20260806_162549-67f9c70d184fac64.csv,raw_csv,24698,25f8baf759a658ed0b1d628ef393fd8e7eb7cf0e0b6eac35f1ccf8aa5f4d34ec
raw\sp_-train-20260806_180401-99b50f3140751e7d.csv,raw_csv,30539,3e344dff0c8e85a8059bca6dea98d430596b6b23df01dea110fc45278574c28a
raw\sp_-train-20260806_194612-dc21c9338cf00159.csv,raw_csv,29863,85c29ef1131e2ae184b67673ac0e72efe07366d1a7e1948e5d3574b6b31569a5
raw\sp_-train-20260806_212737-46d5f822196454bc.csv,raw_csv,27772,78edf080fbc8ac326ef9d03dca3bb3680d2d567a0243888c72d9d27357e68e6f
raw\sp_-train-20260806_230805-8f73a809fa4fc3f3.csv,raw_csv,29955,bb720522a8363db2c8e852b8b8f7fbb55fec9665d6d14ca87f08df5f38399511
raw\sp_-train-20260807_004825-6a0d479e06e86d28.csv,raw_csv,27553,22186349bf3bb19318f6554ffa2d5fc35f1e7a0b1bfc689c6495a78ed6dcc850
raw\sp_-train-20260807_022954-88d53b593a680ea4.csv,raw_csv,30119,aa4f2c065584be2db29d246f16389f3e3b5deb86fdf01b8c8b173ea520362673
raw\sp_-train-20260807_041116-b2cc964602946a46.csv,raw_csv,28460,d81ea70899677dc21669bf4448fb72c5aaedb01e504c656f092bf6705fe482f1
raw\sp_-train-20260807_055217-953ac0eb60ae406a.csv,raw_csv,29460,e9af81a74919e76f620494fb97f16fab042f70d2bb2db2e98ae00d9c2a12aa5d
raw\sp_-train-20260807_073157-bef0c62d2e3bf8c6.csv,raw_csv,29908,989d2d925af170b7a9e3f79fdd7c80288342ba9f28273109206c3e3e8a8431e0
raw\sp_-train-20260807_091149-320032a989319770.csv,raw_csv,26427,44d2242f59f89df75c43a9f07d00270e87210a81ed467d7c2bd44236c2034408
raw\sp_-train-20260807_105044-572f1d0299a7806c.csv,raw_csv,29957,468b249fa61dbed99a83f3711d24c9101ee3e38edb474ac76279c94bea02451c
raw\sp_-train-20260807_122910-dc2ea9eac06a6e51.csv,raw_csv,26903,809aaf70ba445103a4a8daad0db54aed8a473206b82d3460424eb93bd7ec9530
raw\sp_-train-20260807_140756-7f47062a0200d1b5.csv,raw_csv,27566,ecd934fc584de5d1f92c5d56b862d4442f4eab9a9da6e36db826b4100cdf6034
raw\sp_-train-20260807_154653-3c2fd878fc33a518.csv,raw_csv,26174,3bf32e8f743e8b9981f7966b039cb1b75df6609ebe7cd75b52acc2bee95487f0
raw\sp_-train-20260807_172627-684b4fd2a15eb38b.csv,raw_csv,29490,5ea6f5fdf0ad6e156e89bbbb02005ea411b262cbee6bede95c377d08e7ad84a9
raw\sp_-train-20260807_190535-3d44fdc9a7cd71b6.csv,raw_csv,27143,119a62ee39d10c46c131022f34c097b7817108c5e2e41ed9abfa5f7a31c7c3ec
raw\sp_-train-20260807_204427-21c9907d8ff2cc67.csv,raw_csv,29793,8821bc499eb48b8ae7ce8845c0bb44cae481f9269201f9f95f66ae176dbcee8a
raw\sp_-train-20260807_222410-d083085fd3baefcb.csv,raw_csv,29907,ee2a6a5bf6446ad9a1715ee1ddbeedc40cb6217cdd4ed5c2df533168c613a7d2
raw\sp_-train-20260808_000426-31645b9c88b4a07c.csv,raw_csv,26841,1ed1a38d565cd63bdda01350a43d5bcb410af461809355473e3aceebec570a90
raw\sp_-train-20260808_021225-b9cb3ecb299ea0ef.csv,raw_csv,31546,ac81b9348612e5234bb446a8fe8c4a5d6cf596f7c0be887b90c278f8d93150f2
raw\sp_-train-20260808_045059-94c52fc48458ba26.csv,raw_csv,30048,52111840f5ef5e26f1ee3a59b451943980a42909c906eff53c532625c4eeca5a
raw\sp_-train-20260808_074040-55df02fe7adba3ed.csv,raw_csv,29831,3dc10ddb57da75267ce2b99d37c0c011b90fcb3ac7d1e436c3c2acbcb75d05ea
raw\sp_-train-20260808_101847-364044fee11fb16a.csv,raw_csv,30562,4513cdf6a24aed735a91a1ba86a5084e08864ccff6e968c57b98bc084b253f54
raw\sp_-train-20260808_125640-68e48484c703f06b.csv,raw_csv,28180,6f5d41679901783b39ec960ef18bf24526bf70caa4d4a48249bf91ba702fb129
raw\sp_-train-20260808_153646-0ea6ba7ac94266c7.csv,raw_csv,30609,e0135ffcf21b18b65476c5ad403d3260fa4e566ee0a1e07d5fae15366e71ba70
raw\sp_-train-20260808_181402-2d037a06505551f3.csv,raw_csv,32349,ac54ff9a5783f81db5e74f23a3ce33bab88c8fa17157e1b04b2400aed96d9534
raw\sp_-train-20260808_205201-47b7aea5e334ce10.csv,raw_csv,28054,a74b7f534b60ecb257fe8d2b41e0f69a1f5f8a1eca9a3ed706d8be95890b8775
raw\sp_-train-20260808_233022-79806e7f5a8304c5.csv,raw_csv,32086,f5df323dedcf5279292880d7ac23393cda4911ab2705527af84d55691fd34b17
raw\sp_-train-20260809_014153-d15d974b61692081.csv,raw_csv,30457,f45965f02fe0f904ada4fd592e0c8a6c50704bba610a5e84bdbf8093896589c2
raw\sp_-train-20260809_032115-ed2e9a32eb1d69dd.csv,raw_csv,28609,2b8d729733dec6b97eff859892284439d6539a23ffed311b569ba79fd4ce0388
raw\sp_-train-20260809_050120-a3e2e69b6df1dddc.csv,raw_csv,29169,9081a4e7fc724f648b8e7c5ac422b8897eab43b8983b22a061754bc014568c5b
raw\sp_-train-20260809_064238-bc5e0a2ac48b239f.csv,raw_csv,28405,a88e4500d7146777453aeec6a14f04b24bf6e06c3a69a6dfcf821d446160a44f
raw\sp_-train-20260809_082417-9a6c2d88059105ce.csv,raw_csv,27919,13e8bb5b98b193f18eeed08b59145cbd49310e19a3bf31f580142dd341d6e7cf
raw\sp_-train-20260809_100802-48eca908fb7fff4b.csv,raw_csv,28022,bc0dd20ae04754b9e56e184f9f05ed435fb6b641015f84637e6e02290d63f16c
raw\sp_-train-20260809_114935-875657289cf5262f.csv,raw_csv,30540,ec3468e5fcaa1dd4cd527471df590aaef762efb9ba588972bdc6d56c388136e0
raw\sp_-train-20260809_133026-178a74693ca4b9c3.csv,raw_csv,25413,b3ee462374d4f9560f15e41ab141e9e358e27a48a6b8b1c65013418e062a3cd7
raw\sp_-train-20260809_151244-77b05ba5ac6d998f.csv,raw_csv,30550,abde0f4306f081599e961f1574e2d5ef6bb1a208165f6b518c3305a22ecb3b2d
raw\sp_-train-20260809_165223-cbeaf3078d0a972c.csv,raw_csv,29902,f8cbff264dfa196589d77c886e2f7f1bcedb5e822360d1e59171c93b0b1b1de0
raw\sp_-train-20260809_183152-bb38f8fcce345e63.csv,raw_csv,27558,798b68343a8e43edd3d0d874f452773e0881eaacfdc15b139516cd0ddf97e4b4
raw\sp_-train-20260809_201029-0d51657bc7a375d8.csv,raw_csv,29851,34717181ec92b2492ec57a0946f54e841685d44584d95602c63de9729c60988a
raw\sp_-train-20260809_215051-8eb7cf8a0922822f.csv,raw_csv,27017,98445bbc698484b495aa2acb40285e80286f339e8181ec3fec8777ddbca03f26
raw\sp_-train-20260809_233043-7e3e4c8f1f8007cc.csv,raw_csv,30068,b09f162398c9ca7f45dca1adf7b5e7a285b96b2a5cf79583c5403ac962d01f69
raw\sp_-train-20260810_011019-674b4785b2a8550a.csv,raw_csv,28471,bf4010f8610266e0424edaa14c552bc5ef95d34d0be64a6495cad7751d094290
raw\sp_-train-20260810_024850-081b3427f01c1f45.csv,raw_csv,29552,01e255693182320755c867028bbce7758f6aa83d8e19ea0ada3febf21f7dafc4
raw\sp_-train-20260810_042950-081417b59408fb24.csv,raw_csv,30006,853f80503bd76d34f4519051ef378ed6836721518136e6fe10f2fbd92869fffd
raw\sp_-train-20260810_060902-9d07c4afdbd50fa5.csv,raw_csv,28281,ac0ce8c21a80819c164d07f8be59d0b330d5a4e4e67889d68230418ff37385b1
raw\sp_-train-20260810_074841-c3ba28b3031bf3ce.csv,raw_csv,29404,90f16e51d4f8f1294eaa370b870b388038b638ed95bfb0f7d46a12b0e150219d
raw\sp_-train-20260810_092734-5ad5ec04fd536418.csv,raw_csv,26979,66a0114422b9be425a97ac77e093d1ce85e75197fb4519f5aecab2c8b8cc99f9
raw\sp_-train-20260810_110721-d32addbe897c86a0.csv,raw_csv,29031,a18e7ac32757b1e5eda6586cac443e2e0f290fe3f38e424cd51072ebec8b2b66
raw\sp_-train-20260810_124610-b89d93b2fb2378c8.csv,raw_csv,25747,d07dc22e06d394c750bd6bea135adb77dfe3e84a4de93dc6629a5e5864d16d1c
raw\sp_-train-20260810_142303-193a9228b4b5be6b.csv,raw_csv,30094,1205fbda2806ea6cae78788b04f543ab3a97a2ffa93e9b218eec46ed3f1054a7
raw\sp_-train-20260810_160005-80dab89732fc6d11.csv,raw_csv,27265,c92e2bc787c87ab363fec5f5703d390f65f2db42036f6d4afbdd7a345fd1cbe3
raw\sp_-train-20260810_173857-e433ad65aca6c6eb.csv,raw_csv,30056,a7d7550141f0df26e08c2074fbd094f086b5316d0aa353e725b094f86337fcf7
raw\sp_-train-20260810_191722-e27ebe75d8dea405.csv,raw_csv,29800,acb6ade8806c8827e313cb0a438ba9e8678c79b8ce0843fe7d531de1be7eb56b
raw\sp_-train-20260810_205445-4067ff0c4c5e0174.csv,raw_csv,26987,835825ae2fec48eb7413d07d9bf230d61bc4ad163eed38d351095808c1b2f575
raw\sp_-train-20260810_230029-0d53f7264fafa023.csv,raw_csv,31679,748c205a2aef800df8ac01d1543b747dcbe4a189eba505d9a4b6904806a112a9
raw\sp_-train-20260811_013523-f664be5843dd965d.csv,raw_csv,30356,e5b26edbf72f4a2b989ece2a3fb386a2533ea57553a0fe7f2be1db0aca91a387
raw\sp_-train-20260811_040934-28cdffbf279aca04.csv,raw_csv,29748,e42dddbc3b73c350c33cf2e92d977ea81acf4d328e03027f97128d601ce428fe
raw\sp_-train-20260811_064245-e3e4ff67d17e056a.csv,raw_csv,30565,febd71d6501b404c075cc0c0d26ab191146fce67096dcceb6406fa2d73d405bc
raw\sp_-train-20260811_091747-a79d235954cb25f3.csv,raw_csv,27993,a4db2c7f93317ac7cab19808fdae7a16ac474dc8e507ddabec49ed5d92bef1ad
raw\sp_-train-20260811_115124-df9867827edbc158.csv,raw_csv,30271,3d87d08dc11b6ad815af338aeae9a6235acbbed0b5c45edae5a4c55b0f849b95
raw\sp_-train-20260811_142533-8517c29f1f23f0da.csv,raw_csv,31992,e3441787883c26dc08a94468b3b39dbead759b444fcfdf25878e7ef6d5212eec
raw\sp_-train-20260811_165936-f86d7a6324da6793.csv,raw_csv,28504,15b48bd2e432b29307445dbfb04a73bc5431bf042fa7934683007a73b092f46f
raw\sp_-train-20260811_193358-b7aeeef279e980bf.csv,raw_csv,32006,85ca96368fc5de883c68f26c68dd02b318c5f8f24f7e57e0ac442a885e4cffee
raw\sst2_dirichlet_0_4_rank_correct_flora_-train-20260813_135755-38c71688e50e77ed.csv,raw_csv,37022,ba41a770e0edd8ddc1907c84b7a1c297c19253ed1626601587e64818bc124da5
raw\sst2_dirichlet_0_4_rank_correct_flora_correct_-train-20260816_023829-94ef1c7ad269e9c4.csv,raw_csv,36703,f9d4466c4e148d94a253f69c16c62e0ec8ed17d0a20e7279bd230cc7ed9b5dc7
raw\sst2_dirichlet_0_4_rank_correct_rbla_-train-20260804_051121-8f15e7a267505a83.csv,raw_csv,36947,929b68269f6da17ff3ce5fdf8ee10fd83e9649e8dcfd17b9051ed5da810a94dd
raw\sst2_dirichlet_0_4_rank_correct_rbla_plus_-train-20260804_062330-61ffb73e61d951e2.csv,raw_csv,46154,55caf4dcdf38fce4ffcc38f4934b32018d34535e1e233c9b6949b6563773f172
raw\sst2_dirichlet_0_4_rank_correct_sp_-train-20260804_073533-0d30cea97f3526a4.csv,raw_csv,36718,c33f4aa93d15b4f79b5ef4bee363fecd4a3d3ac8e9ed7e0f1d75a4fbf3fb427f
raw\sst2_dirichlet_0_4_rank_correct_zeropadding_-train-20260804_084806-c715de5d5dcf687b.csv,raw_csv,36780,66cd586c03fc16254d116c9c7e8a7a9d08a641fdde821a9095d168ce38d19221
raw\sst2_dirichlet_0_4_rank_mismatch_flora_-train-20260814_085154-1b6ac1d1b4e9d381.csv,raw_csv,36818,8c0a5a6f440a7f99431b4a7170dcea5d5e1fa929ec9150af27c0c418256b6da3
raw\sst2_dirichlet_0_4_rank_mismatch_flora_correct_-train-20260816_212905-2c4f83191d967607.csv,raw_csv,36656,beee299c13291c2942fb5ecc7114a534125d8fbc23583f69a1577d481070e82c
raw\sst2_dirichlet_0_4_rank_mismatch_rbla_-train-20260811_050726-b31875c14fe13d9f.csv,raw_csv,36942,12d385a7211035cc43c7ef58e959d6771aaa6e30a5cad40e886e235c0e269612
raw\sst2_dirichlet_0_4_rank_mismatch_rbla_plus_-train-20260811_062005-8b48d26bf8d664f8.csv,raw_csv,46334,7761f2baba9afddc3d3889dee2148b4457d5997bdce8987abde5164c20b19ce3
raw\sst2_dirichlet_0_4_rank_mismatch_sp_-train-20260811_073255-86d373be5746dbbd.csv,raw_csv,36721,8327bd96475140dca6cf41e5ed4dbd9562d5e25654893f08d7cea35485f6da3b
raw\sst2_dirichlet_0_4_rank_mismatch_zeropadding_-train-20260811_084614-ae4419dc8d41fae2.csv,raw_csv,36704,83e62a66c4d5e2c2c2dd06d1be999de8e81c99888686d8b0b129e3fb10c7b945
raw\svhn_dirichlet_0_4_rank_correct_flora_-train-20260813_123602-05b21712ac0a3e48.csv,raw_csv,33581,16baf704c15b67ce8c74ee52e1ebf83f5344c747e685c0b7dea329d34ea37542
raw\svhn_dirichlet_0_4_rank_correct_flora_correct_-train-20260816_011747-1e282c832daa4aa2.csv,raw_csv,33289,8a34d9b1a29c07af63668b200b0b85a65ac43eaad23bf9b0af8953f2ad4e663f
raw\svhn_dirichlet_0_4_rank_correct_rbla_-train-20260807_195917-0b565d8702592757.csv,raw_csv,33487,a41fb2557310518a17b89176d1a2ea20c88d0660b848c84293e23825e6b88b9e
raw\svhn_dirichlet_0_4_rank_correct_rbla_plus_-train-20260807_212758-c3111fc3a4d81dff.csv,raw_csv,42972,4994db9b302281f112dc98a88171e9255c3253551cee4eeba4975f3a4f52d0ae
raw\svhn_dirichlet_0_4_rank_correct_sp_-train-20260807_225622-8d814a30b4392c8a.csv,raw_csv,33274,d79bfb5c48c7d9254f85ae24a7b030f9b74215e32fa979501f379c9d5ec44b8e
raw\svhn_dirichlet_0_4_rank_correct_zeropadding_-train-20260808_002614-b65b524b2fc5d638.csv,raw_csv,33333,de4c85861afc533b18ae38f68499154a2237eebb7b64a39448875248d9da9fab
raw\svhn_dirichlet_0_4_rank_mismatch_flora_-train-20260814_072952-12f5759759b53a5a.csv,raw_csv,34333,09a7651c2ba937757ce04facddf27cc3afe8fa47ccf0800cf9ac57d1c6d8ec2c
raw\svhn_dirichlet_0_4_rank_mismatch_flora_correct_-train-20260816_200849-19a04fadaca62549.csv,raw_csv,33275,37d240384d27074160c6b2e25b7bd2c69c2e73559179ef03cd642d6e8caea66d
raw\svhn_dirichlet_0_4_rank_mismatch_rbla_-train-20260810_231217-4d99bc5561c2136a.csv,raw_csv,33468,078a7fa2c44b17b853b453ba3356fbfe191a8a2be9cd15d1cf648236d450eeb1
raw\svhn_dirichlet_0_4_rank_mismatch_rbla_plus_-train-20260811_004052-c1bec1b6c8f18a26.csv,raw_csv,43015,78997767c0e29fddae9ff84af54cc8f48f7a1f04e91cce91293f40670e6152db
raw\svhn_dirichlet_0_4_rank_mismatch_sp_-train-20260811_020902-593b1885cf147c15.csv,raw_csv,33275,411590c2e910b6a468bd7f7099345bef1d40d54a1cf55b20532c5889972b9078
raw\svhn_dirichlet_0_4_rank_mismatch_zeropadding_-train-20260811_033810-d7b8232662d0be29.csv,raw_csv,33313,4975fe90b6d53ca0d4f682282dc8c4ad13a615fae5f60b36670e6719a4f771ab
raw\zeropadding_-train-20260803_084356-1e45be7aeb8f7ee8.csv,raw_csv,30713,37f9c53f31dd9c548e3870a3aca98d6ee69092c8a1c1c3d9f32e0895d4de34e4
raw\zeropadding_-train-20260803_102538-877de7afe57c0d70.csv,raw_csv,30564,f2a1bd755ac299fea8424c64c9cd760560a6410a5ba7f219fca01d0359c1cf97
raw\zeropadding_-train-20260803_120642-9322594f6d4a8a72.csv,raw_csv,30714,e7b07e3fe76cddece5490e214cf4de46c47d54b5b9282ef517ea0fb68d66eec8
raw\zeropadding_-train-20260803_134504-3ab1371d6fae3d31.csv,raw_csv,30898,105738d7fb93e08cf6bc536b56ba0727ff6d71caba45ad73f06b1422eae154dc
raw\zeropadding_-train-20260803_152208-cb2c1e5a07702164.csv,raw_csv,30901,91536ddbf2e95e2ad33539bbc89d0df3bc500e384e76eab35b7ceffa968d2459
raw\zeropadding_-train-20260803_165813-44422f58c584ea34.csv,raw_csv,30978,fdd5914784b239c405407b63cc399ce7a0250eefdf353965bf83ab2b8657250d
raw\zeropadding_-train-20260803_183318-49a80d36f9471c2c.csv,raw_csv,30724,291f25b7386762088aa2acc60d9c3ee03b33e8bf4f1ae2145946531a45d614e7
raw\zeropadding_-train-20260803_201103-0ddb9b9281a98fa1.csv,raw_csv,30753,19ac2528d4e2329edc441400c2386f3723e3b66bbef229fe3b86fcb3cae37eac
raw\zeropadding_-train-20260803_214912-dd56785753efe20e.csv,raw_csv,30686,693779f2f8fe49c3a512510d682d18d808c6984eb42e8992e1671cdffc1fae60
raw\zeropadding_-train-20260803_232616-2b6157d42ecb05f0.csv,raw_csv,30121,aba2f1e48b533d68967d9d4a3a314c2e7ee3cb60810194f0ce5fa70c31e50fae
raw\zeropadding_-train-20260804_010745-7bd2fd7627f6fb59.csv,raw_csv,29944,8bdf44026fc5409521269ed7ab8b6b42573b5614dd19bb4e80a832302dea95d3
raw\zeropadding_-train-20260804_024736-1fab3b87b57d8028.csv,raw_csv,30059,da44093af955379a0b994156e781d36386268deb1061cf6a3438ebe73a0c4aae
raw\zeropadding_-train-20260804_042708-4031027cc113f219.csv,raw_csv,30200,7973e01206f33d0f5b6b8ac47c7a3915de37b43a8a9e79b0e00d818c603fa7b1
raw\zeropadding_-train-20260804_060825-54e0513b7f709415.csv,raw_csv,30252,43442dae23f88bc9ec51260006ede573d4535aeef71aae372e97386107a19488
raw\zeropadding_-train-20260804_074755-77023463fdf4121b.csv,raw_csv,30249,840b66411585e20801e337d9bd2e74ac22bb760b9f63f161aaf77517c307ec14
raw\zeropadding_-train-20260804_092613-045ee90774f3aa18.csv,raw_csv,30088,aa41748041844937aa409bafa54cb74b4a1d3a557fdcf00fc36b9a1aa5bd7f00
raw\zeropadding_-train-20260804_110605-befe769b6e85bc9d.csv,raw_csv,29911,f3f9cae32e59196ac2871bcf78c4f1c2fa009f59f6047717fc5007aa8c0809e0
raw\zeropadding_-train-20260804_124517-3a2a77ef998d0697.csv,raw_csv,29955,2b181353e2087ee9fb95f56c7c4f7d8ca2729d725fae819d2c48f2c6921c4951
raw\zeropadding_-train-20260804_142451-59266a1e92fef02d.csv,raw_csv,29542,f8279d6e7b389c9a5b68306ef9f799d476e1f7e21792ff940debcf37accbe5b4
raw\zeropadding_-train-20260804_160641-933b0283ce99e7ee.csv,raw_csv,29989,d88121c1e67df991a89d48cf219f7261124046f51add190f046c0a09e8d38fba
raw\zeropadding_-train-20260804_174639-ec2f5966a737dd66.csv,raw_csv,29180,8b0f26d346382ef0ff039e9f96d2929a86f3f9dd6051095945b67324abf3fa7b
raw\zeropadding_-train-20260804_192626-46d3d78b69ae6705.csv,raw_csv,30038,6af19a1229052f567e599659680e22cfd74e22dcf34f7cbd2477db586147f4aa
raw\zeropadding_-train-20260804_210829-ee5ccd5e7d258ce2.csv,raw_csv,30199,36ba16554fe33792cd7b30c5d78495d2fdf61c1ac06fb6b8b04cad0876eed202
raw\zeropadding_-train-20260804_225255-7d6dd24762cfe3da.csv,raw_csv,30357,c11e459b96cca73d5e5edab9915649698f4546cd92da06239c45e1c672b805c0
raw\zeropadding_-train-20260805_003335-96a9e6a9b84266de.csv,raw_csv,30138,c7b8e148f4b2f821b7ef0bdff6a2eec0254f9c9b82401df0c45c576000ef7b14
raw\zeropadding_-train-20260805_021351-55566f8cf5a504df.csv,raw_csv,30068,ed78058fa1be324d9326d6b626bd46669cbec9fd26ba31ce62f26fc308e80582
raw\zeropadding_-train-20260805_035140-0453500a0c7b45ee.csv,raw_csv,30183,a1fb9e02bde63a9fa9b4fd392a78b4bef9eaddddc390b3f9825dbb634883da00
raw\zeropadding_-train-20260805_061228-26a71f752a169d9c.csv,raw_csv,31625,8815db6e57e051d2d4a7329a51320eab66e17c73cb57d986924d540033b4869f
raw\zeropadding_-train-20260805_084916-e98a2467e5bb1578.csv,raw_csv,31673,38cbc1f4bb8f02b02039dadf4aa684db50234f55811219494c3e6fd1935767d6
raw\zeropadding_-train-20260805_112845-51b7ec7a4a74ee04.csv,raw_csv,31815,e28fc2cd9d921558c97a8e28d5f7c94c2761052a70d7e32e5c0fa26ecfd8014f
raw\zeropadding_-train-20260805_140424-0990492aa10f09d1.csv,raw_csv,31919,0bcf2b1b9a5f3d2a6ca86600986cadda8f68362ccd04b58b13a53652897fa133
raw\zeropadding_-train-20260805_164045-f484f521b99ae0f9.csv,raw_csv,31974,1e594b4ddd4e4a4588fcbd2943e718f276a5ed14d288d5ad6a60f85becc235e7
raw\zeropadding_-train-20260805_191647-156662424174592f.csv,raw_csv,31893,08b8531bccb4fd9f7ab895660c2a914f5481b0301412c1d7ea8467bc9aaf9f58
raw\zeropadding_-train-20260805_215030-03346c0605a24f30.csv,raw_csv,31799,3d106298dfa9339117ec1045ae4d8b000620a41af6923b7c6b4acc66a2488f92
raw\zeropadding_-train-20260806_002833-c81260fc3ed408bb.csv,raw_csv,31839,2c4b5c2fe02e3d619f0a99829b9ea3d6facbc4ba661081b46d04d0733e23a649
raw\zeropadding_-train-20260806_030722-a7511f3a7d2955ae.csv,raw_csv,31706,6a763f66668fd782e1df525fc51dddcd143cde502d7cd215f565c761ff4b2c1e
raw\zeropadding_-train-20260806_050105-5b1f381be5fd055b.csv,raw_csv,30733,953482ae3b5a7ee53c6a9a86e22663183baac8380c8d039c6ae574f9e03c1c6b
raw\zeropadding_-train-20260806_064129-1d439b55b3d824dc.csv,raw_csv,30585,0245593a3ea9ab266041b910f6aa552c79855214c52856d0d901b2b25479a077
raw\zeropadding_-train-20260806_082320-db51b5885dade5bb.csv,raw_csv,30733,799c3e6e79a4590ccb1696a72c22d67133b8effeb000752ec908035d455f4ca1
raw\zeropadding_-train-20260806_100516-7976fe31cc6cbd73.csv,raw_csv,30878,3a0ee8883d9dcf46dd6fe580ee7a7aab00ea3cd088a30fd4e444860e7dd9d475
raw\zeropadding_-train-20260806_114614-5ddb1cfcba024e1d.csv,raw_csv,30865,588388a03ad987006c2acac7562753dfd8b516d259576d59dbf8d9934ee70812
raw\zeropadding_-train-20260806_132635-51fc6a8966b376ca.csv,raw_csv,30965,37bfaad4375f35c1b86412f8b03afb017db7c0633dbf88bc599834fdcdf2a333
raw\zeropadding_-train-20260806_150819-e556bbeab61e8832.csv,raw_csv,30725,f8da250f01c39e69c35d8127acf7d7875af31b64257c6a8047897a2bf43a84d7
raw\zeropadding_-train-20260806_165041-099221c601d8351f.csv,raw_csv,30726,86f377f2af745afe27f1abfaeae3304926425f955df78a4f5921398ade27cc60
raw\zeropadding_-train-20260806_182932-22405b83efdabebb.csv,raw_csv,30694,05689f3835f1197d84d9c4a7704d0c402e6cdcfff89b66902ffab43581643147
raw\zeropadding_-train-20260806_201107-7bc6d88a8a8fb2ba.csv,raw_csv,29854,0b5fa23942da6439b1f64373bed3e39519a92359472831be98e41b4b073f4989
raw\zeropadding_-train-20260806_215259-7deff78f34553e5b.csv,raw_csv,29981,ab3f1320106a071dcd93ab04c184fb7c4a315c50d4dd77eb80e33b5a7d174e2e
raw\zeropadding_-train-20260806_233326-8adf80671a5a819a.csv,raw_csv,30076,9ecb0c483ddaba80bcb061fb35883f11f72280e58f8ab552084e773acf90b860
raw\zeropadding_-train-20260807_011324-52b138e022bff93b.csv,raw_csv,30147,7a69773b5712dc5acf35a95f98bb13a3d5f616dc76989620188efd39479e2c02
raw\zeropadding_-train-20260807_025531-6c2330dbb7feca0d.csv,raw_csv,30188,b4397d2030b4b5eef5041382cebd313d97cfcf75e6dac281a786bea187a69d48
raw\zeropadding_-train-20260807_043659-4903fbbf1476d059.csv,raw_csv,30387,d0a175cca7a306f72fdd56ddb3de1b7cb3f5af2f8c95112aa19e5fe309128c28
raw\zeropadding_-train-20260807_061728-34577c26faac258b.csv,raw_csv,29999,54180f006dfdc946901e21404bf8795ab27e29a8633c987474561267e8541aa5
raw\zeropadding_-train-20260807_075707-c09ebd811d948189.csv,raw_csv,30116,bfd9b57d066756dbcce2f8053856b690cb4f62f9486e61a4beb0af7d01b1111f
raw\zeropadding_-train-20260807_093628-7be7bef331a74c07.csv,raw_csv,30049,ba0462fffc0c82f268a0ad0db69610e4ed59c9018fc58ea38df7d38aea9049aa
raw\zeropadding_-train-20260807_111507-d29c3862fa6ae810.csv,raw_csv,29414,441e41d6bf275003510563115e6ca4634d0603990ed9aeac4f5bcd2956be535e
raw\zeropadding_-train-20260807_125421-79a33152901ceedf.csv,raw_csv,29996,7425c88063a3b437b73b15f4a3ab4d48edb2731c820413169dc7121754c48aaa
raw\zeropadding_-train-20260807_143238-53319016421d5a79.csv,raw_csv,29185,d90fb8468b8b32e66a66babae667483eb41b0ec7a64557a855841d9ab5ec574c
raw\zeropadding_-train-20260807_161145-7fd2f0ca6640645d.csv,raw_csv,30123,66a9c12905f08f2160f083bab45df0b1e0b323f41053803294a5e1d18444bebe
raw\zeropadding_-train-20260807_175143-c235c25833427ec8.csv,raw_csv,30244,bdd13f4b7c0cd6540c71461cc5b3e3782e030dcd16c1c72947488f14c85f654d
raw\zeropadding_-train-20260807_193011-e889693f45e02a55.csv,raw_csv,30340,633988292df31277ac253c00da2b2e8be8d97f61cb35fbf0e7d7e22b5dc4b54c
raw\zeropadding_-train-20260807_210905-5d705fa05936d8af.csv,raw_csv,30025,a834f6bd0a91d7fcfb15d5c74f4afe4d17208e6ce932b533a4d1d7357636d8a2
raw\zeropadding_-train-20260807_224920-18050d9dae08b9ed.csv,raw_csv,30064,fa2bbbb129d9e60f352d346749e92f9fa29d6d8a8d82ef4c8c2454b76fdfbc52
raw\zeropadding_-train-20260808_002925-0133a3304522849a.csv,raw_csv,30116,c90d7216b4da5263807c951e9c46b6743da1e2081e2147850990fd4682c68c73
raw\zeropadding_-train-20260808_025157-b0d2cd01a40af885.csv,raw_csv,31699,332c5f46a73890863158999ae7c3e414e06986e6f807bfcaaf01dc81b0ae3fa5
raw\zeropadding_-train-20260808_053456-99fe1dd359a08e4f.csv,raw_csv,31812,3684766eaa06196581703b687fa94e2fbe8c84d360887c79b587840f8f490a5d
raw\zeropadding_-train-20260808_082013-46c256f1bbf3ea94.csv,raw_csv,31738,27911b4efa36bdabac27b4930a8a4782a828f6b47405b663626271a9fb732eee
raw\zeropadding_-train-20260808_105759-cf1470f2e74bd9c9.csv,raw_csv,31898,397778230f57570992cfab79ff918604fcc706fd46dda0e9368ed6864d119a70
raw\zeropadding_-train-20260808_133625-7e162b57b4ca1e5a.csv,raw_csv,31990,6a7fafee631574041fa2fc7528bc32c081c5d9e0992816e3ada72d4a7890e49c
raw\zeropadding_-train-20260808_161610-88cc232a0c1b1c2f.csv,raw_csv,31896,0e66d585b1d1665e8483a189cd90ced796dff246989f11a0648666285da6de65
raw\zeropadding_-train-20260808_185413-be28d9803b815db2.csv,raw_csv,31719,395ed16f8a8399a574008fe3fc20510fbfb58829757afc5a1da3133e33533e1b
raw\zeropadding_-train-20260808_213125-cd27be2f2f47b6c1.csv,raw_csv,31734,543d8b2825437fc666ee2cfe6c8fa680722e35ae9233e931970b4f220b40ec4c
raw\zeropadding_-train-20260809_001158-4fcd43f69878d2b3.csv,raw_csv,31627,548fc97703061f128eb348734ed230065d9d3d541b5b88e4a7aafd574ba4d680
raw\zeropadding_-train-20260809_020658-855118e8cdfed5a1.csv,raw_csv,30750,569e9781e4718a33f5fac4810d58858d6d2aa4c54f0cddb1d75b64ac990d2193
raw\zeropadding_-train-20260809_034603-8bb155f56fb29d1c.csv,raw_csv,30539,70171a9292f734b777611fe6b4b18bf0f102e41bca264b9f6694d3c5a86a3dae
raw\zeropadding_-train-20260809_052613-aa83e17df0fcbb6c.csv,raw_csv,30629,10a1a3a9c7ad424dc1f7b87fa8ecaa355b296df9517346812f34e8826d41249b
raw\zeropadding_-train-20260809_070837-7ba5d7fc1d8d3e0e.csv,raw_csv,30875,763111bdb780f9de4e6a0c8bedcfdffd2f594323f5c53c40011b9275dd9100ed
raw\zeropadding_-train-20260809_085002-622d7ee34f7da366.csv,raw_csv,30856,caad6719f3cbabb71c9d796202b002766e01d699aadd1aa06b7825f22b2804b4
raw\zeropadding_-train-20260809_103248-b51d3401907a96e2.csv,raw_csv,30895,48e0f7ce0bde5deb3fd006279e36c6ce1d4739ca7959518e6cf43349232c51a8
raw\zeropadding_-train-20260809_121419-823a431724dbbee9.csv,raw_csv,30750,f045378ae28f70471f335df90436809d33f6f6ae534f8365d787bab5aebcde2f
raw\zeropadding_-train-20260809_135552-27e116eb61877a39.csv,raw_csv,30701,1409243252bc351762eb829e1d20ad1550788768975cdb510536fe4a99ba43d8
raw\zeropadding_-train-20260809_153737-dfa9304b4dfa34b1.csv,raw_csv,30702,26ca748a392a27f88f60ef435e620db8cd6d72ae8ef025e60268da65f936bc60
raw\zeropadding_-train-20260809_171704-18b47c6b562cbf92.csv,raw_csv,30088,bd7398321c0516cb335b1dbc626d9d633820477f800af397f7810ed67fdea063
raw\zeropadding_-train-20260809_185604-20efccd984aa3fc5.csv,raw_csv,29963,954fc6ae1541effe8d44ee32e00c04a9b5636f82933e13e2fbcd2e10032a46e9
raw\zeropadding_-train-20260809_203546-299a60522a55ae3d.csv,raw_csv,29969,89759893fc57319ade1103de5012a12e94689081705c23ef2ba5fa3f03b2893f
raw\zeropadding_-train-20260809_221539-d8403f528a1d2d0f.csv,raw_csv,30175,5db80b9b881c31e27ec3e65f5b5058fab53240899a74be2b24f355351d68847c
raw\zeropadding_-train-20260809_235537-f9e7d93bb96d6618.csv,raw_csv,30121,cbcf2d4186842c3589fcccc0c1b0cc84df55e6498f2b95260a08ba0499c28e91
raw\zeropadding_-train-20260810_013434-53e0f31eb14fb756.csv,raw_csv,30404,31048ea7d6e207a7f1a6714eb534f936e5b5114141503ba994e4555300e5cfeb
raw\zeropadding_-train-20260810_031356-deb35d26ae9f384e.csv,raw_csv,30103,ff703c6ae69a0e8ae129c0bb24a23293d181d5bd77cd300c235c80a482dcceb5
raw\zeropadding_-train-20260810_045507-0baa41e9640445cd.csv,raw_csv,30199,077a03d901b97b451beb3a8c467abe0744275b5c2aad3d9a76c4ca04b28800c0
raw\zeropadding_-train-20260810_063423-290a168c8846d15d.csv,raw_csv,29995,edf4d15c72dde76e33a2eddc97ec58dfe0aa36fea189c587d0a9a94564905214
raw\zeropadding_-train-20260810_081316-1acc11a9897f04c9.csv,raw_csv,30297,7399058d34551bf56c1afa770b8015dcef292916785ce3d06772a4d36469ebf8
raw\zeropadding_-train-20260810_095216-fb1af23249c5382c.csv,raw_csv,30013,6c888b33b31a96d22a8f4aa9f0c459b0fe4156529031aaa03217966ab7033bd9
raw\zeropadding_-train-20260810_113155-5e5f8b5c2e4b8344.csv,raw_csv,29348,9ca6812e42c44d395d8b4c6353722ace67daed74f8eec62d84ecc5be9029b371
raw\zeropadding_-train-20260810_131037-45a28f0751d2f755.csv,raw_csv,30146,87767eb9a73f9e7464d85bdf513ccbc8bad78122659ce7e39a5227df719c95ab
raw\zeropadding_-train-20260810_144639-d082470b9817e0c1.csv,raw_csv,30165,fbc32edcbf90c8bae4342c76879568e8d411db88ed2b0f4b1d01c78c2011b4bd
raw\zeropadding_-train-20260810_162434-9bb4a6a47cef88d1.csv,raw_csv,30225,e2fcc7dc30badac3a4723c8a3ea9c45ecd2137c6706cdb4a750619191dd8140a
raw\zeropadding_-train-20260810_180341-90b831bc8e2e20eb.csv,raw_csv,30065,0325f04ca774e29a6253a2ec59a40f863f227ba14f31dae6a8be2548c77f4ae5
raw\zeropadding_-train-20260810_194157-892254bdc6e5df1a.csv,raw_csv,29947,5b089a9251c4d406ae1b221cfe4290725c01805048f947f1f06c08dd0f86079a
raw\zeropadding_-train-20260810_211912-a17664561dedf4a0.csv,raw_csv,30119,a84ba27cee20288f98f0d5375c11088c0f7ffb968aca593a8b193ff076315bd0
raw\zeropadding_-train-20260810_233857-d5de799de670ace8.csv,raw_csv,31889,c116292a69856a81cac9917f96505c328647380f6972379d59a7b74801eae773
raw\zeropadding_-train-20260811_021350-dccd95a4a679526d.csv,raw_csv,31581,639b737956d3aba333ab3f7280e401bea9439247946d0607b39e56bc7b28fb79
raw\zeropadding_-train-20260811_044809-0b496ee40bea5b71.csv,raw_csv,31858,7eb4b02834f5f601ef17ff338cb0272d8ea0f1ba9cd6738ce605b8fb500792ed
raw\zeropadding_-train-20260811_072154-5bab8a8c6012d78b.csv,raw_csv,31978,fed927489a55e441b095caebd87aacf198e190ac8007e1eabb327ad63f61ad35
raw\zeropadding_-train-20260811_095552-29f57412251f7ac7.csv,raw_csv,31904,335c2aca3faa489ff16c1301dcac1f5435e3dcbc1a2359e6585aedb4c24d04c9
raw\zeropadding_-train-20260811_122947-250d9c77bb933117.csv,raw_csv,31895,78b87926c3b56266cf7918d5d67f3088dd359d917cf20e4d82f61277a3e71d8a
raw\zeropadding_-train-20260811_150402-d9a5055de6f6cfd2.csv,raw_csv,31850,9a041a24c331a84d50e6b482b5d9dcf54cce8362b28587f51192553874932330
raw\zeropadding_-train-20260811_173837-bd6d63bcc1ea147f.csv,raw_csv,31883,e7bc4b42d9d485d71b9f56e8877d719d1e807660303a5443a6098ecb56356d78
raw\zeropadding_-train-20260811_201203-a3aa0137a15ee906.csv,raw_csv,31731,26832e0dda9700d7beae5b092c29c514b3b387a0eb1daf4088f7c9955064f1ba
README.md,metadata,1895,c396cb07921aab4e0c4836a02914016efb94ff5683a241abc73424c67897848e
results_manifest.csv,metadata,445329,f1ab856a68d180a0a507b37c9bde4441e3d00ad3345b270b556bbf558a0a81f1
summary_by_group.csv,metadata,30073,c28710de3dc7268990464e2f09249864889abaf664406ef183761aeca2ef81b3
