filename,dataset,dataset_raw,family,method,method_variant,aggregation_raw,strategy,model,distribution,distribution_type,alpha,seed,rank_assignment,rank_assignment_source,rank_spearman,rank_ratio_list,training_rounds,local_epochs,metric_status,evaluated_rows,peak_accuracy,peak_round,final_accuracy,final_round,timestamp,run_id,source_relative_path,raw_archive_path,classified_archive_path,bytes,sha256
agnews_dirichlet_0_4_rank_correct_flora_-train-20260814_001232-77a81403cd6c77a9.csv,agnews,agnews,nlp,flora,unspecified,flora,flora,tiny_bert_lora,agnews_dirichlet_0_4,dirichlet,0.4,,correct,explicit_name,,0.9201;0.5731;0.522;1;0.357;0.25;0.3425;0.5403;0.4502;0.7986,100,1,complete,101,0.498289473684,3,0.498289473684,100,20260814_001232,77a81403cd6c77a9,agnews_dirichlet_0_4_rank_correct_flora_-train-20260814_001232-77a81403cd6c77a9.csv,raw\agnews_dirichlet_0_4_rank_correct_flora_-train-20260814_001232-77a81403cd6c77a9.csv,by_dataset\nlp\agnews\flora\unspecified\correct\alpha_0.4\agnews_dirichlet_0_4_rank_correct_flora_-train-20260814_001232-77a81403cd6c77a9.csv,34337,da501f46a99115fdef261328492c96d570aa29f1a6dcb689fc66c7b668e8443c
agnews_dirichlet_0_4_rank_correct_flora_correct_-train-20260816_125257-f5667df17babe378.csv,agnews,agnews,nlp,flora,corrected,flora,flora,tiny_bert_lora,agnews_dirichlet_0_4,dirichlet,0.4,,correct,explicit_name,,0.9201;0.5731;0.522;1;0.357;0.25;0.3425;0.5403;0.4502;0.7986,100,1,complete,101,0.913947368421,35,0.905789473684,100,20260816_125257,f5667df17babe378,agnews_dirichlet_0_4_rank_correct_flora_correct_-train-20260816_125257-f5667df17babe378.csv,raw\agnews_dirichlet_0_4_rank_correct_flora_correct_-train-20260816_125257-f5667df17babe378.csv,by_dataset\nlp\agnews\flora\corrected\correct\alpha_0.4\agnews_dirichlet_0_4_rank_correct_flora_correct_-train-20260816_125257-f5667df17babe378.csv,34052,817807222191edf8c31a01c0d64c4b1753925b06037d15e320719e7ccecb8c04
agnews_dirichlet_0_4_rank_correct_rbla_-train-20260805_100618-10250cbd233845bd.csv,agnews,agnews,nlp,rbla,standard,rbla,rbla,tiny_bert_lora,agnews_dirichlet_0_4,dirichlet,0.4,,correct,explicit_name,,0.9201;0.5731;0.522;1;0.357;0.25;0.3425;0.5403;0.4502;0.7986,100,1,complete,101,0.906842105263,4,0.83,100,20260805_100618,10250cbd233845bd,agnews_dirichlet_0_4_rank_correct_rbla_-train-20260805_100618-10250cbd233845bd.csv,raw\agnews_dirichlet_0_4_rank_correct_rbla_-train-20260805_100618-10250cbd233845bd.csv,by_dataset\nlp\agnews\rbla\standard\correct\alpha_0.4\agnews_dirichlet_0_4_rank_correct_rbla_-train-20260805_100618-10250cbd233845bd.csv,34358,b7458593e77ed132a255fb9d1f4cc9d1c42add9ca026ef1c7ba529e145ce5bcb
agnews_dirichlet_0_4_rank_correct_rbla_plus_-train-20260805_113023-880bccddb94fd2be.csv,agnews,agnews,nlp,rbla_plus,standard,sp_plus,sp_plus,tiny_bert_lora,agnews_dirichlet_0_4,dirichlet,0.4,,correct,explicit_name,,0.9201;0.5731;0.522;1;0.357;0.25;0.3425;0.5403;0.4502;0.7986,100,1,complete,101,0.909868421053,15,0.887236842105,100,20260805_113023,880bccddb94fd2be,agnews_dirichlet_0_4_rank_correct_rbla_plus_-train-20260805_113023-880bccddb94fd2be.csv,raw\agnews_dirichlet_0_4_rank_correct_rbla_plus_-train-20260805_113023-880bccddb94fd2be.csv,by_dataset\nlp\agnews\rbla_plus\standard\correct\alpha_0.4\agnews_dirichlet_0_4_rank_correct_rbla_plus_-train-20260805_113023-880bccddb94fd2be.csv,43785,a08390eda31b53dd651961ffd02e4372d88019d157bef07b9b207e01a6135c28
agnews_dirichlet_0_4_rank_correct_sp_-train-20260805_125433-d852633aff4c9201.csv,agnews,agnews,nlp,sp,standard,sp,sp,tiny_bert_lora,agnews_dirichlet_0_4,dirichlet,0.4,,correct,explicit_name,,0.9201;0.5731;0.522;1;0.357;0.25;0.3425;0.5403;0.4502;0.7986,100,1,complete,101,0.9075,30,0.896710526316,100,20260805_125433,d852633aff4c9201,agnews_dirichlet_0_4_rank_correct_sp_-train-20260805_125433-d852633aff4c9201.csv,raw\agnews_dirichlet_0_4_rank_correct_sp_-train-20260805_125433-d852633aff4c9201.csv,by_dataset\nlp\agnews\sp\standard\correct\alpha_0.4\agnews_dirichlet_0_4_rank_correct_sp_-train-20260805_125433-d852633aff4c9201.csv,33939,c7b6e97e71813ad05bb212f54931b2594ea0931baf6456ad26fb23ea3a4b4e29
agnews_dirichlet_0_4_rank_correct_zeropadding_-train-20260805_141916-b1b2faaae9be3b1a.csv,agnews,agnews,nlp,zeropadding,standard,zeropadding,rbla,tiny_bert_lora,agnews_dirichlet_0_4,dirichlet,0.4,,correct,explicit_name,,0.9201;0.5731;0.522;1;0.357;0.25;0.3425;0.5403;0.4502;0.7986,100,1,complete,101,0.895,28,0.887763157895,100,20260805_141916,b1b2faaae9be3b1a,agnews_dirichlet_0_4_rank_correct_zeropadding_-train-20260805_141916-b1b2faaae9be3b1a.csv,raw\agnews_dirichlet_0_4_rank_correct_zeropadding_-train-20260805_141916-b1b2faaae9be3b1a.csv,by_dataset\nlp\agnews\zeropadding\standard\correct\alpha_0.4\agnews_dirichlet_0_4_rank_correct_zeropadding_-train-20260805_141916-b1b2faaae9be3b1a.csv,34082,a1912e4f83bea8499fdbfba1e2f477c8135c1e95bbaccbe3adeb131a7c65425b
agnews_dirichlet_0_4_rank_mismatch_flora_-train-20260814_190508-6a2ec528d7332fff.csv,agnews,agnews,nlp,flora,unspecified,flora,flora,tiny_bert_lora,agnews_dirichlet_0_4,dirichlet,0.4,,mismatch,explicit_name,,0.3299;0.6769;0.728;0.25;0.893;1;0.9075;0.7097;0.7998;0.4514,100,1,complete,101,0.287894736842,2,0.287894736842,100,20260814_190508,6a2ec528d7332fff,agnews_dirichlet_0_4_rank_mismatch_flora_-train-20260814_190508-6a2ec528d7332fff.csv,raw\agnews_dirichlet_0_4_rank_mismatch_flora_-train-20260814_190508-6a2ec528d7332fff.csv,by_dataset\nlp\agnews\flora\unspecified\mismatch\alpha_0.4\agnews_dirichlet_0_4_rank_mismatch_flora_-train-20260814_190508-6a2ec528d7332fff.csv,34750,4ee41ba96f5f5189c66dd603a2b353a20ee7118fe2b50833ef1671037d518913
agnews_dirichlet_0_4_rank_mismatch_flora_correct_-train-20260817_074210-ba4904827c11c1a0.csv,agnews,agnews,nlp,flora,corrected,flora,flora,tiny_bert_lora,agnews_dirichlet_0_4,dirichlet,0.4,,mismatch,explicit_name,,0.3299;0.6769;0.728;0.25;0.893;1;0.9075;0.7097;0.7998;0.4514,100,1,complete,101,0.918552631579,89,0.916973684211,100,20260817_074210,ba4904827c11c1a0,agnews_dirichlet_0_4_rank_mismatch_flora_correct_-train-20260817_074210-ba4904827c11c1a0.csv,raw\agnews_dirichlet_0_4_rank_mismatch_flora_correct_-train-20260817_074210-ba4904827c11c1a0.csv,by_dataset\nlp\agnews\flora\corrected\mismatch\alpha_0.4\agnews_dirichlet_0_4_rank_mismatch_flora_correct_-train-20260817_074210-ba4904827c11c1a0.csv,34090,631b65764d8b00cfceded99b5368ab1686f409e6ee2f3dc65ed7e64c7958be1e
agnews_dirichlet_0_4_rank_mismatch_rbla_-train-20260812_235110-3c6fd30675f5a279.csv,agnews,agnews,nlp,rbla,standard,rbla,rbla,tiny_bert_lora,agnews_dirichlet_0_4,dirichlet,0.4,,mismatch,explicit_name,,0.3299;0.6769;0.728;0.25;0.893;1;0.9075;0.7097;0.7998;0.4514,100,1,complete,101,0.902763157895,12,0.784078947368,100,20260812_235110,3c6fd30675f5a279,agnews_dirichlet_0_4_rank_mismatch_rbla_-train-20260812_235110-3c6fd30675f5a279.csv,raw\agnews_dirichlet_0_4_rank_mismatch_rbla_-train-20260812_235110-3c6fd30675f5a279.csv,by_dataset\nlp\agnews\rbla\standard\mismatch\alpha_0.4\agnews_dirichlet_0_4_rank_mismatch_rbla_-train-20260812_235110-3c6fd30675f5a279.csv,34267,59aaa1cdd8188aa18209574d037eca81972cc897c25ca8a1a3e32e15642bd0af
agnews_dirichlet_0_4_rank_mismatch_rbla_plus_-train-20260813_011518-9bb2eb6f839edfa9.csv,agnews,agnews,nlp,rbla_plus,standard,sp_plus,sp_plus,tiny_bert_lora,agnews_dirichlet_0_4,dirichlet,0.4,,mismatch,explicit_name,,0.3299;0.6769;0.728;0.25;0.893;1;0.9075;0.7097;0.7998;0.4514,100,1,complete,101,0.905,28,0.890921052632,100,20260813_011518,9bb2eb6f839edfa9,agnews_dirichlet_0_4_rank_mismatch_rbla_plus_-train-20260813_011518-9bb2eb6f839edfa9.csv,raw\agnews_dirichlet_0_4_rank_mismatch_rbla_plus_-train-20260813_011518-9bb2eb6f839edfa9.csv,by_dataset\nlp\agnews\rbla_plus\standard\mismatch\alpha_0.4\agnews_dirichlet_0_4_rank_mismatch_rbla_plus_-train-20260813_011518-9bb2eb6f839edfa9.csv,43644,4c824318e22cc0d7aa7d0a91476fdff00ff1e1baa3d523c2abfca86c3762802e
agnews_dirichlet_0_4_rank_mismatch_sp_-train-20260813_023927-91acbf32fec781c1.csv,agnews,agnews,nlp,sp,standard,sp,sp,tiny_bert_lora,agnews_dirichlet_0_4,dirichlet,0.4,,mismatch,explicit_name,,0.3299;0.6769;0.728;0.25;0.893;1;0.9075;0.7097;0.7998;0.4514,100,1,complete,101,0.893157894737,45,0.886447368421,100,20260813_023927,91acbf32fec781c1,agnews_dirichlet_0_4_rank_mismatch_sp_-train-20260813_023927-91acbf32fec781c1.csv,raw\agnews_dirichlet_0_4_rank_mismatch_sp_-train-20260813_023927-91acbf32fec781c1.csv,by_dataset\nlp\agnews\sp\standard\mismatch\alpha_0.4\agnews_dirichlet_0_4_rank_mismatch_sp_-train-20260813_023927-91acbf32fec781c1.csv,34081,1a2ab85eb2143e1261477cbc16b482297c843f765f46006a370fb033050d3f20
agnews_dirichlet_0_4_rank_mismatch_zeropadding_-train-20260813_040405-6382515fb36cb104.csv,agnews,agnews,nlp,zeropadding,standard,zeropadding,rbla,tiny_bert_lora,agnews_dirichlet_0_4,dirichlet,0.4,,mismatch,explicit_name,,0.3299;0.6769;0.728;0.25;0.893;1;0.9075;0.7097;0.7998;0.4514,100,1,complete,101,0.853552631579,77,0.841578947368,100,20260813_040405,6382515fb36cb104,agnews_dirichlet_0_4_rank_mismatch_zeropadding_-train-20260813_040405-6382515fb36cb104.csv,raw\agnews_dirichlet_0_4_rank_mismatch_zeropadding_-train-20260813_040405-6382515fb36cb104.csv,by_dataset\nlp\agnews\zeropadding\standard\mismatch\alpha_0.4\agnews_dirichlet_0_4_rank_mismatch_zeropadding_-train-20260813_040405-6382515fb36cb104.csv,34106,1600c0613ef42302d8e9a1fba1eb27f37f96942753800e143878f5789dc37a2e
cifar10_dirichlet_0_4_rank_correct_flora_-train-20260813_094828-a61a9d664da39c2b.csv,cifar10,cifar10,cnn,flora,unspecified,flora,flora,cifar_lora_cnn,cifar10_dirichlet_0_4,dirichlet,0.4,,correct,explicit_name,,0.25;0.873;0.47;0.6598;1;0.3289;0.7633;0.2786;0.4741;0.683,100,5,complete,101,0.2153,39,0.2113,100,20260813_094828,a61a9d664da39c2b,cifar10_dirichlet_0_4_rank_correct_flora_-train-20260813_094828-a61a9d664da39c2b.csv,raw\cifar10_dirichlet_0_4_rank_correct_flora_-train-20260813_094828-a61a9d664da39c2b.csv,by_dataset\cnn\cifar10\flora\unspecified\correct\alpha_0.4\cifar10_dirichlet_0_4_rank_correct_flora_-train-20260813_094828-a61a9d664da39c2b.csv,32022,2308e46a0ec903eb3cb558b1559976c83136352c18199319dc32e0f7f0366957
cifar10_dirichlet_0_4_rank_correct_flora_correct_-train-20260815_223027-8f24c4a56991f7da.csv,cifar10,cifar10,cnn,flora,corrected,flora,flora,cifar_lora_cnn,cifar10_dirichlet_0_4,dirichlet,0.4,,correct,explicit_name,,0.25;0.873;0.47;0.6598;1;0.3289;0.7633;0.2786;0.4741;0.683,100,5,complete,101,0.7725,78,0.7684,100,20260815_223027,8f24c4a56991f7da,cifar10_dirichlet_0_4_rank_correct_flora_correct_-train-20260815_223027-8f24c4a56991f7da.csv,raw\cifar10_dirichlet_0_4_rank_correct_flora_correct_-train-20260815_223027-8f24c4a56991f7da.csv,by_dataset\cnn\cifar10\flora\corrected\correct\alpha_0.4\cifar10_dirichlet_0_4_rank_correct_flora_correct_-train-20260815_223027-8f24c4a56991f7da.csv,31904,618f77e6b212baf073ba6c08726477d6eecf585d597ec4e814a54d0c8afda954
cifar10_dirichlet_0_4_rank_correct_rbla_-train-20260807_074826-40759e2107afed32.csv,cifar10,cifar10,cnn,rbla,standard,rbla,rbla,cifar_lora_cnn,cifar10_dirichlet_0_4,dirichlet,0.4,,correct,explicit_name,,0.25;0.873;0.47;0.6598;1;0.3289;0.7633;0.2786;0.4741;0.683,100,5,complete,101,0.3833,67,0.3663,100,20260807_074826,40759e2107afed32,cifar10_dirichlet_0_4_rank_correct_rbla_-train-20260807_074826-40759e2107afed32.csv,raw\cifar10_dirichlet_0_4_rank_correct_rbla_-train-20260807_074826-40759e2107afed32.csv,by_dataset\cnn\cifar10\rbla\standard\correct\alpha_0.4\cifar10_dirichlet_0_4_rank_correct_rbla_-train-20260807_074826-40759e2107afed32.csv,32264,1a8ec6f92085a11c1004810c60b15c0ed19d8134e93fe393c9f279d1ee082412
cifar10_dirichlet_0_4_rank_correct_rbla_plus_-train-20260807_084017-3abd855adee994bc.csv,cifar10,cifar10,cnn,rbla_plus,standard,sp_plus,sp_plus,cifar_lora_cnn,cifar10_dirichlet_0_4,dirichlet,0.4,,correct,explicit_name,,0.25;0.873;0.47;0.6598;1;0.3289;0.7633;0.2786;0.4741;0.683,100,5,complete,101,0.783,71,0.7752,100,20260807_084017,3abd855adee994bc,cifar10_dirichlet_0_4_rank_correct_rbla_plus_-train-20260807_084017-3abd855adee994bc.csv,raw\cifar10_dirichlet_0_4_rank_correct_rbla_plus_-train-20260807_084017-3abd855adee994bc.csv,by_dataset\cnn\cifar10\rbla_plus\standard\correct\alpha_0.4\cifar10_dirichlet_0_4_rank_correct_rbla_plus_-train-20260807_084017-3abd855adee994bc.csv,41406,af021e0f4e7df5178104de217eba6779f15aeb8ec3586b88875fd63db2979d3a
cifar10_dirichlet_0_4_rank_correct_sp_-train-20260807_093157-9da441f808630b57.csv,cifar10,cifar10,cnn,sp,standard,sp,sp,cifar_lora_cnn,cifar10_dirichlet_0_4,dirichlet,0.4,,correct,explicit_name,,0.25;0.873;0.47;0.6598;1;0.3289;0.7633;0.2786;0.4741;0.683,100,5,complete,101,0.7884,93,0.7829,100,20260807_093157,9da441f808630b57,cifar10_dirichlet_0_4_rank_correct_sp_-train-20260807_093157-9da441f808630b57.csv,raw\cifar10_dirichlet_0_4_rank_correct_sp_-train-20260807_093157-9da441f808630b57.csv,by_dataset\cnn\cifar10\sp\standard\correct\alpha_0.4\cifar10_dirichlet_0_4_rank_correct_sp_-train-20260807_093157-9da441f808630b57.csv,31817,23bf6fa77711275394076bebc618a9a40a4186ca93190f9af8107e4c65c34ac9
cifar10_dirichlet_0_4_rank_correct_zeropadding_-train-20260807_102348-ecbb46d613e36efc.csv,cifar10,cifar10,cnn,zeropadding,standard,zeropadding,rbla,cifar_lora_cnn,cifar10_dirichlet_0_4,dirichlet,0.4,,correct,explicit_name,,0.25;0.873;0.47;0.6598;1;0.3289;0.7633;0.2786;0.4741;0.683,100,5,complete,101,0.7839,77,0.7827,100,20260807_102348,ecbb46d613e36efc,cifar10_dirichlet_0_4_rank_correct_zeropadding_-train-20260807_102348-ecbb46d613e36efc.csv,raw\cifar10_dirichlet_0_4_rank_correct_zeropadding_-train-20260807_102348-ecbb46d613e36efc.csv,by_dataset\cnn\cifar10\zeropadding\standard\correct\alpha_0.4\cifar10_dirichlet_0_4_rank_correct_zeropadding_-train-20260807_102348-ecbb46d613e36efc.csv,31861,2a1e336f1dcb3e17ff5482d6e1da860484472b1a72ba6f69728a26c7d365b394
cifar10_dirichlet_0_4_rank_mismatch_flora_-train-20260814_044157-b8f59126a2fad1ba.csv,cifar10,cifar10,cnn,flora,unspecified,flora,flora,cifar_lora_cnn,cifar10_dirichlet_0_4,dirichlet,0.4,,mismatch,explicit_name,,1;0.377;0.78;0.5902;0.25;0.9211;0.4867;0.9714;0.7759;0.567,100,5,complete,101,0.1014,41,0.1009,100,20260814_044157,b8f59126a2fad1ba,cifar10_dirichlet_0_4_rank_mismatch_flora_-train-20260814_044157-b8f59126a2fad1ba.csv,raw\cifar10_dirichlet_0_4_rank_mismatch_flora_-train-20260814_044157-b8f59126a2fad1ba.csv,by_dataset\cnn\cifar10\flora\unspecified\mismatch\alpha_0.4\cifar10_dirichlet_0_4_rank_mismatch_flora_-train-20260814_044157-b8f59126a2fad1ba.csv,31911,4851729f093a9b858f48f4e66db3d0903b7da1e7a5a9fe298fc4a89e834e8c59
cifar10_dirichlet_0_4_rank_mismatch_flora_correct_-train-20260816_172236-2ff125270e70d4f8.csv,cifar10,cifar10,cnn,flora,corrected,flora,flora,cifar_lora_cnn,cifar10_dirichlet_0_4,dirichlet,0.4,,mismatch,explicit_name,,1;0.377;0.78;0.5902;0.25;0.9211;0.4867;0.9714;0.7759;0.567,100,5,complete,101,0.7829,91,0.7827,100,20260816_172236,2ff125270e70d4f8,cifar10_dirichlet_0_4_rank_mismatch_flora_correct_-train-20260816_172236-2ff125270e70d4f8.csv,raw\cifar10_dirichlet_0_4_rank_mismatch_flora_correct_-train-20260816_172236-2ff125270e70d4f8.csv,by_dataset\cnn\cifar10\flora\corrected\mismatch\alpha_0.4\cifar10_dirichlet_0_4_rank_mismatch_flora_correct_-train-20260816_172236-2ff125270e70d4f8.csv,31822,2ca5ff57d5d87eae457618d00826d1ffba8a63a4d4f0d2027f9fa615446b597f
cifar10_dirichlet_0_4_rank_mismatch_rbla_-train-20260810_110634-2880717d2f5543ff.csv,cifar10,cifar10,cnn,rbla,standard,rbla,rbla,cifar_lora_cnn,cifar10_dirichlet_0_4,dirichlet,0.4,,mismatch,explicit_name,,1;0.377;0.78;0.5902;0.25;0.9211;0.4867;0.9714;0.7759;0.567,100,5,complete,101,0.5763,4,0.3538,100,20260810_110634,2880717d2f5543ff,cifar10_dirichlet_0_4_rank_mismatch_rbla_-train-20260810_110634-2880717d2f5543ff.csv,raw\cifar10_dirichlet_0_4_rank_mismatch_rbla_-train-20260810_110634-2880717d2f5543ff.csv,by_dataset\cnn\cifar10\rbla\standard\mismatch\alpha_0.4\cifar10_dirichlet_0_4_rank_mismatch_rbla_-train-20260810_110634-2880717d2f5543ff.csv,32194,d966428ad80b3bc1b4f6a39a7e96601387fa98af311c5d656344b243dacc8ad4
cifar10_dirichlet_0_4_rank_mismatch_rbla_plus_-train-20260810_115818-1caefa68815d261f.csv,cifar10,cifar10,cnn,rbla_plus,standard,sp_plus,sp_plus,cifar_lora_cnn,cifar10_dirichlet_0_4,dirichlet,0.4,,mismatch,explicit_name,,1;0.377;0.78;0.5902;0.25;0.9211;0.4867;0.9714;0.7759;0.567,100,5,complete,101,0.7921,67,0.7874,100,20260810_115818,1caefa68815d261f,cifar10_dirichlet_0_4_rank_mismatch_rbla_plus_-train-20260810_115818-1caefa68815d261f.csv,raw\cifar10_dirichlet_0_4_rank_mismatch_rbla_plus_-train-20260810_115818-1caefa68815d261f.csv,by_dataset\cnn\cifar10\rbla_plus\standard\mismatch\alpha_0.4\cifar10_dirichlet_0_4_rank_mismatch_rbla_plus_-train-20260810_115818-1caefa68815d261f.csv,41585,3342e0110a136f8594bb4e0e2ae3fbaeb55337cba98b37833b4421f2ca478d89
cifar10_dirichlet_0_4_rank_mismatch_sp_-train-20260810_125016-8211598e4d49a8e1.csv,cifar10,cifar10,cnn,sp,standard,sp,sp,cifar_lora_cnn,cifar10_dirichlet_0_4,dirichlet,0.4,,mismatch,explicit_name,,1;0.377;0.78;0.5902;0.25;0.9211;0.4867;0.9714;0.7759;0.567,100,5,complete,101,0.7853,95,0.7819,100,20260810_125016,8211598e4d49a8e1,cifar10_dirichlet_0_4_rank_mismatch_sp_-train-20260810_125016-8211598e4d49a8e1.csv,raw\cifar10_dirichlet_0_4_rank_mismatch_sp_-train-20260810_125016-8211598e4d49a8e1.csv,by_dataset\cnn\cifar10\sp\standard\mismatch\alpha_0.4\cifar10_dirichlet_0_4_rank_mismatch_sp_-train-20260810_125016-8211598e4d49a8e1.csv,31856,bd8dbd8d4a412d730e56963fe6a5c60c6562fa1241cd7ae6193d31a7da8dfed8
cifar10_dirichlet_0_4_rank_mismatch_zeropadding_-train-20260810_134146-f34d2e5e2d7b2550.csv,cifar10,cifar10,cnn,zeropadding,standard,zeropadding,rbla,cifar_lora_cnn,cifar10_dirichlet_0_4,dirichlet,0.4,,mismatch,explicit_name,,1;0.377;0.78;0.5902;0.25;0.9211;0.4867;0.9714;0.7759;0.567,100,5,complete,101,0.7822,92,0.7776,100,20260810_134146,f34d2e5e2d7b2550,cifar10_dirichlet_0_4_rank_mismatch_zeropadding_-train-20260810_134146-f34d2e5e2d7b2550.csv,raw\cifar10_dirichlet_0_4_rank_mismatch_zeropadding_-train-20260810_134146-f34d2e5e2d7b2550.csv,by_dataset\cnn\cifar10\zeropadding\standard\mismatch\alpha_0.4\cifar10_dirichlet_0_4_rank_mismatch_zeropadding_-train-20260810_134146-f34d2e5e2d7b2550.csv,31867,722afb272bc4a1406eb16bfdc95832b481676ab0b5ac9716f852da5cde0d5600
cinic10_dirichlet_0_4_rank_correct_flora_-train-20260813_103528-955afc9a18ffc024.csv,cinic10,cinic10,cnn,flora,unspecified,flora,flora,cifar_lora_cnn,cinic10_dirichlet_0_4,dirichlet,0.4,,correct,explicit_name,,0.25;0.8728;0.4696;0.6596;1;0.3285;0.7632;0.2784;0.4739;0.6826,100,5,complete,101,0.226777777778,53,0.2262,100,20260813_103528,955afc9a18ffc024,cinic10_dirichlet_0_4_rank_correct_flora_-train-20260813_103528-955afc9a18ffc024.csv,raw\cinic10_dirichlet_0_4_rank_correct_flora_-train-20260813_103528-955afc9a18ffc024.csv,by_dataset\cnn\cinic10\flora\unspecified\correct\alpha_0.4\cinic10_dirichlet_0_4_rank_correct_flora_-train-20260813_103528-955afc9a18ffc024.csv,33510,9784572eefadf64b12f0d4a6fe7e6ab13dc2dd033f1752fc5b333b444be849af
cinic10_dirichlet_0_4_rank_correct_flora_correct_-train-20260815_231716-1ddc53d99122f0b0.csv,cinic10,cinic10,cnn,flora,corrected,flora,flora,cifar_lora_cnn,cinic10_dirichlet_0_4,dirichlet,0.4,,correct,explicit_name,,0.25;0.8728;0.4696;0.6596;1;0.3285;0.7632;0.2784;0.4739;0.6826,100,5,complete,101,0.6851,76,0.680588888889,100,20260815_231716,1ddc53d99122f0b0,cinic10_dirichlet_0_4_rank_correct_flora_correct_-train-20260815_231716-1ddc53d99122f0b0.csv,raw\cinic10_dirichlet_0_4_rank_correct_flora_correct_-train-20260815_231716-1ddc53d99122f0b0.csv,by_dataset\cnn\cinic10\flora\corrected\correct\alpha_0.4\cinic10_dirichlet_0_4_rank_correct_flora_correct_-train-20260815_231716-1ddc53d99122f0b0.csv,33103,9d04457bfc017b8d1ff6b39faaf10c88a2c4bcd870486af6f56027d49a6d76d5
cinic10_dirichlet_0_4_rank_correct_rbla_-train-20260807_111703-6228b57329e6e679.csv,cinic10,cinic10,cnn,rbla,standard,rbla,rbla,cifar_lora_cnn,cinic10_dirichlet_0_4,dirichlet,0.4,,correct,explicit_name,,0.25;0.8728;0.4696;0.6596;1;0.3285;0.7632;0.2784;0.4739;0.6826,100,5,complete,101,0.315444444444,1,0.195633333333,100,20260807_111703,6228b57329e6e679,cinic10_dirichlet_0_4_rank_correct_rbla_-train-20260807_111703-6228b57329e6e679.csv,raw\cinic10_dirichlet_0_4_rank_correct_rbla_-train-20260807_111703-6228b57329e6e679.csv,by_dataset\cnn\cinic10\rbla\standard\correct\alpha_0.4\cinic10_dirichlet_0_4_rank_correct_rbla_-train-20260807_111703-6228b57329e6e679.csv,33830,9db7bd5ea1e1e500a5334dc5ee0c5bb01720e5111909cb20c4ee5cee7f5092f6
cinic10_dirichlet_0_4_rank_correct_rbla_plus_-train-20260807_132750-2cbdf6d449b43542.csv,cinic10,cinic10,cnn,rbla_plus,standard,sp_plus,sp_plus,cifar_lora_cnn,cinic10_dirichlet_0_4,dirichlet,0.4,,correct,explicit_name,,0.25;0.8728;0.4696;0.6596;1;0.3285;0.7632;0.2784;0.4739;0.6826,100,5,complete,101,0.691255555556,67,0.687866666667,100,20260807_132750,2cbdf6d449b43542,cinic10_dirichlet_0_4_rank_correct_rbla_plus_-train-20260807_132750-2cbdf6d449b43542.csv,raw\cinic10_dirichlet_0_4_rank_correct_rbla_plus_-train-20260807_132750-2cbdf6d449b43542.csv,by_dataset\cnn\cinic10\rbla_plus\standard\correct\alpha_0.4\cinic10_dirichlet_0_4_rank_correct_rbla_plus_-train-20260807_132750-2cbdf6d449b43542.csv,42716,6b4abbd6faffd29d5ae06a53b62cb94c3c57dff0937f1f1edb1f4af6a6e7f7f7
cinic10_dirichlet_0_4_rank_correct_sp_-train-20260807_153814-74ad6a286d870317.csv,cinic10,cinic10,cnn,sp,standard,sp,sp,cifar_lora_cnn,cinic10_dirichlet_0_4,dirichlet,0.4,,correct,explicit_name,,0.25;0.8728;0.4696;0.6596;1;0.3285;0.7632;0.2784;0.4739;0.6826,100,5,complete,101,0.693266666667,85,0.689444444444,100,20260807_153814,74ad6a286d870317,cinic10_dirichlet_0_4_rank_correct_sp_-train-20260807_153814-74ad6a286d870317.csv,raw\cinic10_dirichlet_0_4_rank_correct_sp_-train-20260807_153814-74ad6a286d870317.csv,by_dataset\cnn\cinic10\sp\standard\correct\alpha_0.4\cinic10_dirichlet_0_4_rank_correct_sp_-train-20260807_153814-74ad6a286d870317.csv,33032,ad05b7f080af76c4aa7d9caf027eca03b1f306c5fcd7fd1b1c74ba40fb30c50e
cinic10_dirichlet_0_4_rank_correct_zeropadding_-train-20260807_174856-6cd7f9886810d6f6.csv,cinic10,cinic10,cnn,zeropadding,standard,zeropadding,rbla,cifar_lora_cnn,cinic10_dirichlet_0_4,dirichlet,0.4,,correct,explicit_name,,0.25;0.8728;0.4696;0.6596;1;0.3285;0.7632;0.2784;0.4739;0.6826,100,5,complete,101,0.680577777778,98,0.674088888889,100,20260807_174856,6cd7f9886810d6f6,cinic10_dirichlet_0_4_rank_correct_zeropadding_-train-20260807_174856-6cd7f9886810d6f6.csv,raw\cinic10_dirichlet_0_4_rank_correct_zeropadding_-train-20260807_174856-6cd7f9886810d6f6.csv,by_dataset\cnn\cinic10\zeropadding\standard\correct\alpha_0.4\cinic10_dirichlet_0_4_rank_correct_zeropadding_-train-20260807_174856-6cd7f9886810d6f6.csv,33128,a6bee2b541683006892b2db56079bac6eb2898e663a252c23a83763878e8a215
cinic10_dirichlet_0_4_rank_mismatch_flora_-train-20260814_052851-a120020c5e4108d8.csv,cinic10,cinic10,cnn,flora,unspecified,flora,flora,cifar_lora_cnn,cinic10_dirichlet_0_4,dirichlet,0.4,,mismatch,explicit_name,,1;0.3772;0.7804;0.5904;0.25;0.9215;0.4868;0.9716;0.7761;0.5674,100,5,complete,101,0.101166666667,26,0.100866666667,100,20260814_052851,a120020c5e4108d8,cinic10_dirichlet_0_4_rank_mismatch_flora_-train-20260814_052851-a120020c5e4108d8.csv,raw\cinic10_dirichlet_0_4_rank_mismatch_flora_-train-20260814_052851-a120020c5e4108d8.csv,by_dataset\cnn\cinic10\flora\unspecified\mismatch\alpha_0.4\cinic10_dirichlet_0_4_rank_mismatch_flora_-train-20260814_052851-a120020c5e4108d8.csv,34005,eba564c8ef882a7a4cd0c435c585d5ae2ddf57eb903fd71ae369ba5df27b2507
cinic10_dirichlet_0_4_rank_mismatch_flora_correct_-train-20260816_180909-ee9c7b3de9f2504b.csv,cinic10,cinic10,cnn,flora,corrected,flora,flora,cifar_lora_cnn,cinic10_dirichlet_0_4,dirichlet,0.4,,mismatch,explicit_name,,1;0.3772;0.7804;0.5904;0.25;0.9215;0.4868;0.9716;0.7761;0.5674,100,5,complete,101,0.686133333333,88,0.6788,100,20260816_180909,ee9c7b3de9f2504b,cinic10_dirichlet_0_4_rank_mismatch_flora_correct_-train-20260816_180909-ee9c7b3de9f2504b.csv,raw\cinic10_dirichlet_0_4_rank_mismatch_flora_correct_-train-20260816_180909-ee9c7b3de9f2504b.csv,by_dataset\cnn\cinic10\flora\corrected\mismatch\alpha_0.4\cinic10_dirichlet_0_4_rank_mismatch_flora_correct_-train-20260816_180909-ee9c7b3de9f2504b.csv,33136,cd59a3fe8da5490905f2c071a4f14483c0b9f01fc76e0bb37c77b42f6cef2add
cinic10_dirichlet_0_4_rank_mismatch_rbla_-train-20260810_143348-fae2ea9fac0660ac.csv,cinic10,cinic10,cnn,rbla,standard,rbla,rbla,cifar_lora_cnn,cinic10_dirichlet_0_4,dirichlet,0.4,,mismatch,explicit_name,,1;0.3772;0.7804;0.5904;0.25;0.9215;0.4868;0.9716;0.7761;0.5674,100,5,complete,101,0.421022222222,5,0.165344444444,100,20260810_143348,fae2ea9fac0660ac,cinic10_dirichlet_0_4_rank_mismatch_rbla_-train-20260810_143348-fae2ea9fac0660ac.csv,raw\cinic10_dirichlet_0_4_rank_mismatch_rbla_-train-20260810_143348-fae2ea9fac0660ac.csv,by_dataset\cnn\cinic10\rbla\standard\mismatch\alpha_0.4\cinic10_dirichlet_0_4_rank_mismatch_rbla_-train-20260810_143348-fae2ea9fac0660ac.csv,33753,7e5dcf451a2d76d203605e5c67e3fe5b290279b27918c2066114d0528dc758c2
cinic10_dirichlet_0_4_rank_mismatch_rbla_plus_-train-20260810_164327-b84e284057947491.csv,cinic10,cinic10,cnn,rbla_plus,standard,sp_plus,sp_plus,cifar_lora_cnn,cinic10_dirichlet_0_4,dirichlet,0.4,,mismatch,explicit_name,,1;0.3772;0.7804;0.5904;0.25;0.9215;0.4868;0.9716;0.7761;0.5674,100,5,complete,101,0.692544444444,91,0.689533333333,100,20260810_164327,b84e284057947491,cinic10_dirichlet_0_4_rank_mismatch_rbla_plus_-train-20260810_164327-b84e284057947491.csv,raw\cinic10_dirichlet_0_4_rank_mismatch_rbla_plus_-train-20260810_164327-b84e284057947491.csv,by_dataset\cnn\cinic10\rbla_plus\standard\mismatch\alpha_0.4\cinic10_dirichlet_0_4_rank_mismatch_rbla_plus_-train-20260810_164327-b84e284057947491.csv,42756,678783ea53d23dd815bae8160e14873916306a9ce4c6fd56a866e5b00396bcc4
cinic10_dirichlet_0_4_rank_mismatch_sp_-train-20260810_185356-28f9301c06159874.csv,cinic10,cinic10,cnn,sp,standard,sp,sp,cifar_lora_cnn,cinic10_dirichlet_0_4,dirichlet,0.4,,mismatch,explicit_name,,1;0.3772;0.7804;0.5904;0.25;0.9215;0.4868;0.9716;0.7761;0.5674,100,5,complete,101,0.683277777778,93,0.680555555556,100,20260810_185356,28f9301c06159874,cinic10_dirichlet_0_4_rank_mismatch_sp_-train-20260810_185356-28f9301c06159874.csv,raw\cinic10_dirichlet_0_4_rank_mismatch_sp_-train-20260810_185356-28f9301c06159874.csv,by_dataset\cnn\cinic10\sp\standard\mismatch\alpha_0.4\cinic10_dirichlet_0_4_rank_mismatch_sp_-train-20260810_185356-28f9301c06159874.csv,32954,cb92d02deb3e9ae25cf508825a28ddab9c741b4f2a533a8420791c60f3e45c4e
cinic10_dirichlet_0_4_rank_mismatch_zeropadding_-train-20260810_210311-efdd7a211ce61728.csv,cinic10,cinic10,cnn,zeropadding,standard,zeropadding,rbla,cifar_lora_cnn,cinic10_dirichlet_0_4,dirichlet,0.4,,mismatch,explicit_name,,1;0.3772;0.7804;0.5904;0.25;0.9215;0.4868;0.9716;0.7761;0.5674,100,5,complete,101,0.684611111111,74,0.670877777778,100,20260810_210311,efdd7a211ce61728,cinic10_dirichlet_0_4_rank_mismatch_zeropadding_-train-20260810_210311-efdd7a211ce61728.csv,raw\cinic10_dirichlet_0_4_rank_mismatch_zeropadding_-train-20260810_210311-efdd7a211ce61728.csv,by_dataset\cnn\cinic10\zeropadding\standard\mismatch\alpha_0.4\cinic10_dirichlet_0_4_rank_mismatch_zeropadding_-train-20260810_210311-efdd7a211ce61728.csv,33089,825809b2daee886f47ba99f7c55af20ba0a5b071659bcb3723797061ee50da06
flora_-train-20260813_110303-bb32086ef66f54d1.csv,mnist,mnist,mnist_family,flora,unspecified,flora,flora,simple_lora_mlp,mnist_dirichlet_0_1_seed_1,dirichlet,0.1,1,correct,inferred_spearman,1,0.5;1;0.1;0.9;0.7;0.6;0.2;0.8;0.4;0.3,100,5,complete,101,0.0888,0,0.0888,100,20260813_110303,bb32086ef66f54d1,flora_-train-20260813_110303-bb32086ef66f54d1.csv,raw\flora_-train-20260813_110303-bb32086ef66f54d1.csv,by_dataset\mnist_family\mnist\flora\unspecified\correct\alpha_0.1\flora_-train-20260813_110303-bb32086ef66f54d1.csv,30949,2c7f16e0de19e16a9386bb77b3a57c1e216ce344300f1327b2e5ac1fd9eb942a
flora_-train-20260813_112644-fa9c1a62fca71f94.csv,mnist,mnist,mnist_family,flora,unspecified,flora,flora,simple_lora_mlp,mnist_dirichlet_0_1_seed_2,dirichlet,0.1,2,correct,inferred_spearman,1,0.4;0.5;0.3;0.2;0.8;0.6;0.7;0.1;0.9;1,100,5,complete,101,0.0887,0,0.0887,100,20260813_112644,fa9c1a62fca71f94,flora_-train-20260813_112644-fa9c1a62fca71f94.csv,raw\flora_-train-20260813_112644-fa9c1a62fca71f94.csv,by_dataset\mnist_family\mnist\flora\unspecified\correct\alpha_0.1\flora_-train-20260813_112644-fa9c1a62fca71f94.csv,30961,428c78bb246505a2ace149eb89c0ee19f8dd69cbe29392b9022fd62b81f9a98a
flora_-train-20260813_115047-150301a5d79ed68f.csv,mnist,mnist,mnist_family,flora,unspecified,flora,flora,simple_lora_mlp,mnist_dirichlet_0_1_seed_3,dirichlet,0.1,3,correct,inferred_spearman,1,0.3;0.7;0.9;0.2;0.1;0.5;1;0.6;0.8;0.4,100,5,complete,101,0.0905,0,0.0905,100,20260813_115047,150301a5d79ed68f,flora_-train-20260813_115047-150301a5d79ed68f.csv,raw\flora_-train-20260813_115047-150301a5d79ed68f.csv,by_dataset\mnist_family\mnist\flora\unspecified\correct\alpha_0.1\flora_-train-20260813_115047-150301a5d79ed68f.csv,31072,a60d72b77cc810fbdec61944701af62bfbd3e9d45718396824aa53e806275ac0
flora_-train-20260813_121600-e5cabd121eeb73dd.csv,mnist,mnist,mnist_family,flora,unspecified,flora,flora,simple_lora_mlp,mnist_dirichlet_0_4_seed_1,dirichlet,0.4,1,correct,inferred_spearman,1,0.9024;1;0.4493;0.8313;0.4495;0.25;0.2706;0.5291;0.5789;0.5256,100,5,complete,101,0.0978,0,0.0978,100,20260813_121600,e5cabd121eeb73dd,flora_-train-20260813_121600-e5cabd121eeb73dd.csv,raw\flora_-train-20260813_121600-e5cabd121eeb73dd.csv,by_dataset\mnist_family\mnist\flora\unspecified\correct\alpha_0.4\flora_-train-20260813_121600-e5cabd121eeb73dd.csv,31004,d07c03fbfb42db72ef8ac427da6dcc5ba0f8e230f567bba13cbf30a4d20047c6
flora_-train-20260813_124129-cce66a3906796f21.csv,mnist,mnist,mnist_family,flora,unspecified,flora,flora,simple_lora_mlp,mnist_dirichlet_0_4_seed_2,dirichlet,0.4,2,correct,inferred_spearman,1,0.8646;0.2795;0.3406;0.3957;0.2887;0.6918;0.25;0.2679;1;0.6099,100,5,complete,101,0.0983,0,0.0983,100,20260813_124129,cce66a3906796f21,flora_-train-20260813_124129-cce66a3906796f21.csv,raw\flora_-train-20260813_124129-cce66a3906796f21.csv,by_dataset\mnist_family\mnist\flora\unspecified\correct\alpha_0.4\flora_-train-20260813_124129-cce66a3906796f21.csv,30900,855c07440aa87bacb1e0e7a6880d098c287ca1d395f7529accd218cbadc70c48
flora_-train-20260813_130622-1799a61b5ef844ad.csv,mnist,mnist,mnist_family,flora,unspecified,flora,flora,simple_lora_mlp,mnist_dirichlet_0_4_seed_3,dirichlet,0.4,3,correct,inferred_spearman,1,0.3144;0.5548;1;0.7367;0.4077;0.4083;0.25;0.3179;0.3221;0.5282,100,5,complete,101,0.0954,0,0.0954,100,20260813_130622,1799a61b5ef844ad,flora_-train-20260813_130622-1799a61b5ef844ad.csv,raw\flora_-train-20260813_130622-1799a61b5ef844ad.csv,by_dataset\mnist_family\mnist\flora\unspecified\correct\alpha_0.4\flora_-train-20260813_130622-1799a61b5ef844ad.csv,31419,6fe401a38caa1b86a5e580827abf4a85e7337a60ce6cae88b0b828daa0d4bef4
flora_-train-20260813_133101-5e93d2dc7bbbc48f.csv,mnist,mnist,mnist_family,flora,unspecified,flora,flora,simple_lora_mlp,mnist_dirichlet_0_8_seed_1,dirichlet,0.8,1,correct,inferred_spearman,1,0.5;1;0.8;0.4;0.1;0.7;0.6;0.3;0.2;0.9,100,5,complete,101,0.0921,0,0.0921,100,20260813_133101,5e93d2dc7bbbc48f,flora_-train-20260813_133101-5e93d2dc7bbbc48f.csv,raw\flora_-train-20260813_133101-5e93d2dc7bbbc48f.csv,by_dataset\mnist_family\mnist\flora\unspecified\correct\alpha_0.8\flora_-train-20260813_133101-5e93d2dc7bbbc48f.csv,31158,f1a70b81fe01fac86a049fb990389afdc9ccd17a613f98e32d9c6c53871ca815
flora_-train-20260813_135555-e7ee7f6fc0078e31.csv,mnist,mnist,mnist_family,flora,unspecified,flora,flora,simple_lora_mlp,mnist_dirichlet_0_8_seed_2,dirichlet,0.8,2,correct,inferred_spearman,1,0.3;0.8;0.7;0.4;0.1;0.2;0.9;0.6;1;0.5,100,5,complete,101,0.0931,0,0.0931,100,20260813_135555,e7ee7f6fc0078e31,flora_-train-20260813_135555-e7ee7f6fc0078e31.csv,raw\flora_-train-20260813_135555-e7ee7f6fc0078e31.csv,by_dataset\mnist_family\mnist\flora\unspecified\correct\alpha_0.8\flora_-train-20260813_135555-e7ee7f6fc0078e31.csv,31158,f5712004271af3f7536ada9607d88c185e67c4d7b298ca92cc145c2e2a37e6d8
flora_-train-20260813_142058-c9089d1491cd3148.csv,mnist,mnist,mnist_family,flora,unspecified,flora,flora,simple_lora_mlp,mnist_dirichlet_0_8_seed_3,dirichlet,0.8,3,correct,inferred_spearman,1,0.5;0.6;0.2;1;0.7;0.1;0.8;0.3;0.4;0.9,100,5,complete,101,0.0916,0,0.0916,100,20260813_142058,c9089d1491cd3148,flora_-train-20260813_142058-c9089d1491cd3148.csv,raw\flora_-train-20260813_142058-c9089d1491cd3148.csv,by_dataset\mnist_family\mnist\flora\unspecified\correct\alpha_0.8\flora_-train-20260813_142058-c9089d1491cd3148.csv,31265,554c0c3aa35fbe63180cd4fe340f22f9657dee174bbe3fe1896f10e1570a3605
flora_-train-20260813_144533-53adceca81150f12.csv,fmnist,fmnist,mnist_family,flora,unspecified,flora,flora,simple_lora_mlp,fmnist_dirichlet_0_1_seed_1,dirichlet,0.1,1,correct,inferred_spearman,1,0.6;1;0.1;0.8;0.7;0.9;0.3;0.5;0.4;0.2,100,5,complete,101,0.1089,0,0.1089,100,20260813_144533,53adceca81150f12,flora_-train-20260813_144533-53adceca81150f12.csv,raw\flora_-train-20260813_144533-53adceca81150f12.csv,by_dataset\mnist_family\fmnist\flora\unspecified\correct\alpha_0.1\flora_-train-20260813_144533-53adceca81150f12.csv,30793,2b17d1161ee9a14e275b6cb055ba804147a269c37f0bd4101054e61b3c6269f7
flora_-train-20260813_151023-869bf6aa60e6ebc2.csv,fmnist,fmnist,mnist_family,flora,unspecified,flora,flora,simple_lora_mlp,fmnist_dirichlet_0_1_seed_2,dirichlet,0.1,2,correct,inferred_spearman,1,0.2;0.3;0.8;0.4;0.6;0.7;0.1;0.5;0.9;1,100,5,complete,101,0.1071,0,0.1071,100,20260813_151023,869bf6aa60e6ebc2,flora_-train-20260813_151023-869bf6aa60e6ebc2.csv,raw\flora_-train-20260813_151023-869bf6aa60e6ebc2.csv,by_dataset\mnist_family\fmnist\flora\unspecified\correct\alpha_0.1\flora_-train-20260813_151023-869bf6aa60e6ebc2.csv,29489,e5ad1bc2d88621a32f4ca813f5053bd778f4b725494ec73d93b1af17baab3e2b
flora_-train-20260813_153538-32ebe1b467de0a7e.csv,fmnist,fmnist,mnist_family,flora,unspecified,flora,flora,simple_lora_mlp,fmnist_dirichlet_0_1_seed_3,dirichlet,0.1,3,correct,inferred_spearman,1,0.1;0.7;0.3;0.4;0.2;0.5;1;0.6;0.8;0.9,100,5,complete,101,0.109,0,0.109,100,20260813_153538,32ebe1b467de0a7e,flora_-train-20260813_153538-32ebe1b467de0a7e.csv,raw\flora_-train-20260813_153538-32ebe1b467de0a7e.csv,by_dataset\mnist_family\fmnist\flora\unspecified\correct\alpha_0.1\flora_-train-20260813_153538-32ebe1b467de0a7e.csv,30609,f76a3121775537574b51d41b2bae523a359b375b9cee904baae4f358ecbf3660
flora_-train-20260813_160046-834f54e0214d8f5f.csv,fmnist,fmnist,mnist_family,flora,unspecified,flora,flora,simple_lora_mlp,fmnist_dirichlet_0_4_seed_1,dirichlet,0.4,1,correct,inferred_spearman,1,0.4526;0.5244;0.62;0.25;0.3727;0.8765;0.7326;1;0.7391;0.7671,100,5,complete,101,0.1048,0,0.1048,100,20260813_160046,834f54e0214d8f5f,flora_-train-20260813_160046-834f54e0214d8f5f.csv,raw\flora_-train-20260813_160046-834f54e0214d8f5f.csv,by_dataset\mnist_family\fmnist\flora\unspecified\correct\alpha_0.4\flora_-train-20260813_160046-834f54e0214d8f5f.csv,29935,47a3e2969929bcea5b271eb2bb3be32be1a9be6e53cac74377def9332b4cf312
flora_-train-20260813_162549-4e52e5bbf019f2d6.csv,fmnist,fmnist,mnist_family,flora,unspecified,flora,flora,simple_lora_mlp,fmnist_dirichlet_0_4_seed_2,dirichlet,0.4,2,correct,inferred_spearman,1,0.9552;0.8082;0.7228;0.25;0.3571;0.7636;0.5437;0.9035;1;0.7251,100,5,complete,101,0.1037,0,0.1037,100,20260813_162549,4e52e5bbf019f2d6,flora_-train-20260813_162549-4e52e5bbf019f2d6.csv,raw\flora_-train-20260813_162549-4e52e5bbf019f2d6.csv,by_dataset\mnist_family\fmnist\flora\unspecified\correct\alpha_0.4\flora_-train-20260813_162549-4e52e5bbf019f2d6.csv,31256,13a2c34959bf6af8a110de2b12d2f9652068e751d6ec23973a4d214ab34e5bf1
flora_-train-20260813_165034-dc53722458792560.csv,fmnist,fmnist,mnist_family,flora,unspecified,flora,flora,simple_lora_mlp,fmnist_dirichlet_0_4_seed_3,dirichlet,0.4,3,correct,inferred_spearman,1,0.2572;0.5829;1;0.8743;0.2725;0.3323;0.2596;0.2717;0.25;0.4386,100,5,complete,101,0.1076,0,0.1076,100,20260813_165034,dc53722458792560,flora_-train-20260813_165034-dc53722458792560.csv,raw\flora_-train-20260813_165034-dc53722458792560.csv,by_dataset\mnist_family\fmnist\flora\unspecified\correct\alpha_0.4\flora_-train-20260813_165034-dc53722458792560.csv,29744,3771df200088c145e3d66b492a6db4637b8795c64fcede15732d22aad5c44759
flora_-train-20260813_171510-2acbe56571a5880f.csv,fmnist,fmnist,mnist_family,flora,unspecified,flora,flora,simple_lora_mlp,fmnist_dirichlet_0_8_seed_1,dirichlet,0.8,1,correct,inferred_spearman,1,0.2;1;0.7;0.4;0.3;0.1;0.8;0.5;0.6;0.9,100,5,complete,101,0.1079,0,0.1079,100,20260813_171510,2acbe56571a5880f,flora_-train-20260813_171510-2acbe56571a5880f.csv,raw\flora_-train-20260813_171510-2acbe56571a5880f.csv,by_dataset\mnist_family\fmnist\flora\unspecified\correct\alpha_0.8\flora_-train-20260813_171510-2acbe56571a5880f.csv,29699,2b5eb6740e26fded49518dbb23c6407330a2da7a20620e8f01be2bb1138881b3
flora_-train-20260813_173949-669096f62aea820a.csv,fmnist,fmnist,mnist_family,flora,unspecified,flora,flora,simple_lora_mlp,fmnist_dirichlet_0_8_seed_2,dirichlet,0.8,2,correct,inferred_spearman,1,0.4;0.7;0.2;0.5;0.6;0.1;0.9;0.3;1;0.8,100,5,complete,101,0.1048,0,0.1048,100,20260813_173949,669096f62aea820a,flora_-train-20260813_173949-669096f62aea820a.csv,raw\flora_-train-20260813_173949-669096f62aea820a.csv,by_dataset\mnist_family\fmnist\flora\unspecified\correct\alpha_0.8\flora_-train-20260813_173949-669096f62aea820a.csv,29894,df5c46ddd7eabb40865633042d841859c9c5511fa7aac4a58fba16c475e9c91d
flora_-train-20260813_180433-04c4283453305ae2.csv,fmnist,fmnist,mnist_family,flora,unspecified,flora,flora,simple_lora_mlp,fmnist_dirichlet_0_8_seed_3,dirichlet,0.8,3,correct,inferred_spearman,1,0.9;1;0.1;0.4;0.7;0.2;0.8;0.6;0.3;0.5,100,5,complete,101,0.1112,0,0.1112,100,20260813_180433,04c4283453305ae2,flora_-train-20260813_180433-04c4283453305ae2.csv,raw\flora_-train-20260813_180433-04c4283453305ae2.csv,by_dataset\mnist_family\fmnist\flora\unspecified\correct\alpha_0.8\flora_-train-20260813_180433-04c4283453305ae2.csv,30912,66ff9bcf774894a816ec73430243f16cbb6b8d58e8fffd13ac73c8594e72feda
flora_-train-20260813_182913-5cbd9b42c1e1fbaf.csv,kmnist,kmnist,mnist_family,flora,unspecified,flora,flora,simple_lora_mlp,kmnist_dirichlet_0_1_seed_1,dirichlet,0.1,1,correct,inferred_spearman,1,0.6;1;0.1;0.8;0.7;0.9;0.3;0.5;0.4;0.2,100,5,complete,101,0.0944,0,0.0944,100,20260813_182913,5cbd9b42c1e1fbaf,flora_-train-20260813_182913-5cbd9b42c1e1fbaf.csv,raw\flora_-train-20260813_182913-5cbd9b42c1e1fbaf.csv,by_dataset\mnist_family\kmnist\flora\unspecified\correct\alpha_0.1\flora_-train-20260813_182913-5cbd9b42c1e1fbaf.csv,30995,5daf9364ab7621a5e04be737ef0ac4f929a090f7b651142a7fb2fb333388b733
flora_-train-20260813_185348-6e1153647473e537.csv,kmnist,kmnist,mnist_family,flora,unspecified,flora,flora,simple_lora_mlp,kmnist_dirichlet_0_1_seed_2,dirichlet,0.1,2,correct,inferred_spearman,1,0.2;0.3;0.8;0.4;0.6;0.7;0.1;0.5;0.9;1,100,5,complete,101,0.1107,0,0.1107,100,20260813_185348,6e1153647473e537,flora_-train-20260813_185348-6e1153647473e537.csv,raw\flora_-train-20260813_185348-6e1153647473e537.csv,by_dataset\mnist_family\kmnist\flora\unspecified\correct\alpha_0.1\flora_-train-20260813_185348-6e1153647473e537.csv,30499,c1a8d2d7c065d187dbfef121b9db1f5408e1b7e1e2ee1bc94039f3b1ca868698
flora_-train-20260813_191756-1829541689330e78.csv,kmnist,kmnist,mnist_family,flora,unspecified,flora,flora,simple_lora_mlp,kmnist_dirichlet_0_1_seed_3,dirichlet,0.1,3,correct,inferred_spearman,1,0.1;0.7;0.3;0.4;0.2;0.5;1;0.6;0.8;0.9,100,5,complete,101,0.1121,0,0.1121,100,20260813_191756,1829541689330e78,flora_-train-20260813_191756-1829541689330e78.csv,raw\flora_-train-20260813_191756-1829541689330e78.csv,by_dataset\mnist_family\kmnist\flora\unspecified\correct\alpha_0.1\flora_-train-20260813_191756-1829541689330e78.csv,29498,bd993911bc7f8d8c4e6c2a43fb84b1da49efaa56cf8a7f241b551d00d6bd6ad7
flora_-train-20260813_194206-a6a9c1b14793b370.csv,kmnist,kmnist,mnist_family,flora,unspecified,flora,flora,simple_lora_mlp,kmnist_dirichlet_0_4_seed_1,dirichlet,0.4,1,correct,inferred_spearman,1,0.4526;0.5244;0.62;0.25;0.3727;0.8765;0.7326;1;0.7391;0.7671,100,5,complete,101,0.11,0,0.11,100,20260813_194206,a6a9c1b14793b370,flora_-train-20260813_194206-a6a9c1b14793b370.csv,raw\flora_-train-20260813_194206-a6a9c1b14793b370.csv,by_dataset\mnist_family\kmnist\flora\unspecified\correct\alpha_0.4\flora_-train-20260813_194206-a6a9c1b14793b370.csv,30743,4e42a29ee8c63ad271f136a850d42f7a82681a0cb3365393f4b5f4774c67ecdc
flora_-train-20260813_200632-5ec4b88d553c6097.csv,kmnist,kmnist,mnist_family,flora,unspecified,flora,flora,simple_lora_mlp,kmnist_dirichlet_0_4_seed_2,dirichlet,0.4,2,correct,inferred_spearman,1,0.9552;0.8082;0.7228;0.25;0.3571;0.7636;0.5437;0.9035;1;0.7251,100,5,complete,101,0.1056,0,0.1056,100,20260813_200632,5ec4b88d553c6097,flora_-train-20260813_200632-5ec4b88d553c6097.csv,raw\flora_-train-20260813_200632-5ec4b88d553c6097.csv,by_dataset\mnist_family\kmnist\flora\unspecified\correct\alpha_0.4\flora_-train-20260813_200632-5ec4b88d553c6097.csv,29943,5e90bfc5c4741a9b02b04915b5b999863d41d27aba89cac0e87853a56be708e5
flora_-train-20260813_203000-24799fc801c27800.csv,kmnist,kmnist,mnist_family,flora,unspecified,flora,flora,simple_lora_mlp,kmnist_dirichlet_0_4_seed_3,dirichlet,0.4,3,correct,inferred_spearman,1,0.2572;0.5829;1;0.8743;0.2725;0.3323;0.2596;0.2717;0.25;0.4386,100,5,complete,101,0.1065,0,0.1065,100,20260813_203000,24799fc801c27800,flora_-train-20260813_203000-24799fc801c27800.csv,raw\flora_-train-20260813_203000-24799fc801c27800.csv,by_dataset\mnist_family\kmnist\flora\unspecified\correct\alpha_0.4\flora_-train-20260813_203000-24799fc801c27800.csv,30047,f38dd0ee5868f80217bd73773e364885ae71182c8b633a880425136c3ca76ff2
flora_-train-20260813_205249-cb15ffe60062adfb.csv,kmnist,kmnist,mnist_family,flora,unspecified,flora,flora,simple_lora_mlp,kmnist_dirichlet_0_8_seed_1,dirichlet,0.8,1,correct,inferred_spearman,1,0.2;1;0.7;0.4;0.3;0.1;0.8;0.5;0.6;0.9,100,5,complete,101,0.1048,0,0.1048,100,20260813_205249,cb15ffe60062adfb,flora_-train-20260813_205249-cb15ffe60062adfb.csv,raw\flora_-train-20260813_205249-cb15ffe60062adfb.csv,by_dataset\mnist_family\kmnist\flora\unspecified\correct\alpha_0.8\flora_-train-20260813_205249-cb15ffe60062adfb.csv,31315,ec36b733d23ecf0b40bc81f3cf2a3f56c658be3551a55950acb9420e2c8dfcac
flora_-train-20260813_211611-1cdc1a8ac23bfdb3.csv,kmnist,kmnist,mnist_family,flora,unspecified,flora,flora,simple_lora_mlp,kmnist_dirichlet_0_8_seed_2,dirichlet,0.8,2,correct,inferred_spearman,1,0.4;0.7;0.2;0.5;0.6;0.1;0.9;0.3;1;0.8,100,5,complete,101,0.105,0,0.105,100,20260813_211611,1cdc1a8ac23bfdb3,flora_-train-20260813_211611-1cdc1a8ac23bfdb3.csv,raw\flora_-train-20260813_211611-1cdc1a8ac23bfdb3.csv,by_dataset\mnist_family\kmnist\flora\unspecified\correct\alpha_0.8\flora_-train-20260813_211611-1cdc1a8ac23bfdb3.csv,31106,806af3e7ca781c5d8253584e1817c6349ad681466c084ed3b3cabf5c035210ba
flora_-train-20260813_214007-45b8d1540f8c9195.csv,kmnist,kmnist,mnist_family,flora,unspecified,flora,flora,simple_lora_mlp,kmnist_dirichlet_0_8_seed_3,dirichlet,0.8,3,correct,inferred_spearman,1,0.9;1;0.1;0.4;0.7;0.2;0.8;0.6;0.3;0.5,100,5,complete,101,0.1049,0,0.1049,100,20260813_214007,45b8d1540f8c9195,flora_-train-20260813_214007-45b8d1540f8c9195.csv,raw\flora_-train-20260813_214007-45b8d1540f8c9195.csv,by_dataset\mnist_family\kmnist\flora\unspecified\correct\alpha_0.8\flora_-train-20260813_214007-45b8d1540f8c9195.csv,31114,bcfdbf87ce7fb8488445d455d6beb99018eacb9ddc3c1c427d052aa487ff1ec4
flora_-train-20260813_220355-df030a7a2361b81f.csv,qmnist,qmnist,mnist_family,flora,unspecified,flora,flora,simple_lora_mlp,qmnist_dirichlet_0_1_seed_1,dirichlet,0.1,1,correct,inferred_spearman,1,0.5;1;0.1;0.9;0.7;0.6;0.2;0.8;0.4;0.3,100,5,complete,101,0.08685,0,0.08685,100,20260813_220355,df030a7a2361b81f,flora_-train-20260813_220355-df030a7a2361b81f.csv,raw\flora_-train-20260813_220355-df030a7a2361b81f.csv,by_dataset\mnist_family\qmnist\flora\unspecified\correct\alpha_0.1\flora_-train-20260813_220355-df030a7a2361b81f.csv,31905,2cc73c14433c89896c81d93b6011f1dd2de9878c7eaca63dca558851805d3c72
flora_-train-20260813_224110-ce1e5c6d7f542853.csv,qmnist,qmnist,mnist_family,flora,unspecified,flora,flora,simple_lora_mlp,qmnist_dirichlet_0_1_seed_2,dirichlet,0.1,2,correct,inferred_spearman,1,0.4;0.5;0.3;0.2;0.8;0.6;0.7;0.1;0.9;1,100,5,complete,101,0.0870666666667,0,0.0870666666667,100,20260813_224110,ce1e5c6d7f542853,flora_-train-20260813_224110-ce1e5c6d7f542853.csv,raw\flora_-train-20260813_224110-ce1e5c6d7f542853.csv,by_dataset\mnist_family\qmnist\flora\unspecified\correct\alpha_0.1\flora_-train-20260813_224110-ce1e5c6d7f542853.csv,32018,ed3f4c8cdb95d601a9ae3a4f092a295b8172b33f1ba457cb8cbd18bccdc80618
flora_-train-20260813_232028-eb3a40f002036f61.csv,qmnist,qmnist,mnist_family,flora,unspecified,flora,flora,simple_lora_mlp,qmnist_dirichlet_0_1_seed_3,dirichlet,0.1,3,correct,inferred_spearman,1,0.3;0.7;0.9;0.2;0.1;0.5;1;0.6;0.8;0.4,100,5,complete,101,0.0882833333333,0,0.0882833333333,100,20260813_232028,eb3a40f002036f61,flora_-train-20260813_232028-eb3a40f002036f61.csv,raw\flora_-train-20260813_232028-eb3a40f002036f61.csv,by_dataset\mnist_family\qmnist\flora\unspecified\correct\alpha_0.1\flora_-train-20260813_232028-eb3a40f002036f61.csv,32836,1cd249ae8475d17ba530aca2ad0473ddc2f5a799d166aa7629ab2e3aa6e0e714
flora_-train-20260813_235908-7951e9a5a2819047.csv,qmnist,qmnist,mnist_family,flora,unspecified,flora,flora,simple_lora_mlp,qmnist_dirichlet_0_4_seed_1,dirichlet,0.4,1,correct,inferred_spearman,1,0.9024;1;0.4493;0.8313;0.4495;0.25;0.2706;0.5291;0.5789;0.5256,100,5,complete,101,0.0965333333333,0,0.0965333333333,100,20260813_235908,7951e9a5a2819047,flora_-train-20260813_235908-7951e9a5a2819047.csv,raw\flora_-train-20260813_235908-7951e9a5a2819047.csv,by_dataset\mnist_family\qmnist\flora\unspecified\correct\alpha_0.4\flora_-train-20260813_235908-7951e9a5a2819047.csv,32869,3f15ee2e3e4627ad5c40fb5eff8b4dafbf5703c79e300cda862344b62a2a03d4
flora_-train-20260814_003915-cbdfb75edcfa938a.csv,qmnist,qmnist,mnist_family,flora,unspecified,flora,flora,simple_lora_mlp,qmnist_dirichlet_0_4_seed_2,dirichlet,0.4,2,correct,inferred_spearman,1,0.8646;0.2795;0.3406;0.3957;0.2887;0.6918;0.25;0.2679;1;0.6099,100,5,complete,101,0.0954166666667,0,0.0954166666667,100,20260814_003915,cbdfb75edcfa938a,flora_-train-20260814_003915-cbdfb75edcfa938a.csv,raw\flora_-train-20260814_003915-cbdfb75edcfa938a.csv,by_dataset\mnist_family\qmnist\flora\unspecified\correct\alpha_0.4\flora_-train-20260814_003915-cbdfb75edcfa938a.csv,32664,0f30a83e01f28de27cebeb02e5b12a29aff80f29e9262dba34c259909ebd8975
flora_-train-20260814_012014-6224f446b41f7b45.csv,qmnist,qmnist,mnist_family,flora,unspecified,flora,flora,simple_lora_mlp,qmnist_dirichlet_0_4_seed_3,dirichlet,0.4,3,correct,inferred_spearman,1,0.3144;0.5548;1;0.7367;0.4077;0.4083;0.25;0.3179;0.3221;0.5282,100,5,complete,101,0.0941,0,0.0941,100,20260814_012014,6224f446b41f7b45,flora_-train-20260814_012014-6224f446b41f7b45.csv,raw\flora_-train-20260814_012014-6224f446b41f7b45.csv,by_dataset\mnist_family\qmnist\flora\unspecified\correct\alpha_0.4\flora_-train-20260814_012014-6224f446b41f7b45.csv,31971,a4fb2e88a4a50d3db546e7600164cb1802e840c69cfcc0516304fe3c61ca448f
flora_-train-20260814_020237-472aecc196b5fa26.csv,qmnist,qmnist,mnist_family,flora,unspecified,flora,flora,simple_lora_mlp,qmnist_dirichlet_0_8_seed_1,dirichlet,0.8,1,correct,inferred_spearman,1,0.5;1;0.8;0.4;0.1;0.7;0.6;0.3;0.2;0.9,100,5,complete,101,0.0899,0,0.0899,100,20260814_020237,472aecc196b5fa26,flora_-train-20260814_020237-472aecc196b5fa26.csv,raw\flora_-train-20260814_020237-472aecc196b5fa26.csv,by_dataset\mnist_family\qmnist\flora\unspecified\correct\alpha_0.8\flora_-train-20260814_020237-472aecc196b5fa26.csv,31811,ec50fe7c5406a426becc4527222587b3e6c841a0160bab6f28e0c80ab54b4327
flora_-train-20260814_024529-8fac4310ae028e7a.csv,qmnist,qmnist,mnist_family,flora,unspecified,flora,flora,simple_lora_mlp,qmnist_dirichlet_0_8_seed_2,dirichlet,0.8,2,correct,inferred_spearman,1,0.3;0.8;0.7;0.4;0.1;0.2;0.9;0.6;1;0.5,100,5,complete,101,0.0901166666667,0,0.0901166666667,100,20260814_024529,8fac4310ae028e7a,flora_-train-20260814_024529-8fac4310ae028e7a.csv,raw\flora_-train-20260814_024529-8fac4310ae028e7a.csv,by_dataset\mnist_family\qmnist\flora\unspecified\correct\alpha_0.8\flora_-train-20260814_024529-8fac4310ae028e7a.csv,33326,5b3997beefe3695f09116d3994f2ca52ad010deb86eab83fbd823d318976bbeb
flora_-train-20260814_032826-11f25ae6f8e23cdb.csv,qmnist,qmnist,mnist_family,flora,unspecified,flora,flora,simple_lora_mlp,qmnist_dirichlet_0_8_seed_3,dirichlet,0.8,3,correct,inferred_spearman,1,0.5;0.6;0.2;1;0.7;0.1;0.8;0.3;0.4;0.9,100,5,complete,101,0.0894,0,0.0894,100,20260814_032826,11f25ae6f8e23cdb,flora_-train-20260814_032826-11f25ae6f8e23cdb.csv,raw\flora_-train-20260814_032826-11f25ae6f8e23cdb.csv,by_dataset\mnist_family\qmnist\flora\unspecified\correct\alpha_0.8\flora_-train-20260814_032826-11f25ae6f8e23cdb.csv,31817,8344ae9fc79ff58901811022fb0a802ad5232584b87e217805ac0786cfc701cc
flora_-train-20260814_041028-012646ecfe96d8ad.csv,mnist,mnist,mnist_family,flora,unspecified,flora,flora,simple_lora_mlp,mnist_dirichlet_0_1_seed_1,dirichlet,0.1,1,medium,inferred_spearman,0.00606060606061,0.1;0.5;0.2;0.4;1;0.3;0.7;0.6;0.9;0.8,100,5,complete,101,0.0896,0,0.0896,100,20260814_041028,012646ecfe96d8ad,flora_-train-20260814_041028-012646ecfe96d8ad.csv,raw\flora_-train-20260814_041028-012646ecfe96d8ad.csv,by_dataset\mnist_family\mnist\flora\unspecified\medium\alpha_0.1\flora_-train-20260814_041028-012646ecfe96d8ad.csv,31151,c16dffffc3d4911b2dc290587519e0441617409331fbc672ad3f0f991f872387
flora_-train-20260814_043521-f8e2d6a1c42a0e44.csv,mnist,mnist,mnist_family,flora,unspecified,flora,flora,simple_lora_mlp,mnist_dirichlet_0_1_seed_2,dirichlet,0.1,2,medium,inferred_spearman,0.00606060606061,0.9;0.1;0.8;0.7;0.6;0.3;1;0.2;0.4;0.5,100,5,complete,101,0.0915,0,0.0915,100,20260814_043521,f8e2d6a1c42a0e44,flora_-train-20260814_043521-f8e2d6a1c42a0e44.csv,raw\flora_-train-20260814_043521-f8e2d6a1c42a0e44.csv,by_dataset\mnist_family\mnist\flora\unspecified\medium\alpha_0.1\flora_-train-20260814_043521-f8e2d6a1c42a0e44.csv,31264,ae5f1695c62e7e2255cac2aaf833b951dd84ab194557f846608895d5fe2ea1f8
flora_-train-20260814_045954-4597568529ee6af6.csv,mnist,mnist,mnist_family,flora,unspecified,flora,flora,simple_lora_mlp,mnist_dirichlet_0_1_seed_3,dirichlet,0.1,3,medium,inferred_spearman,0.00606060606061,0.8;1;0.4;0.7;0.2;0.1;0.5;0.3;0.6;0.9,100,5,complete,101,0.0878,0,0.0878,100,20260814_045954,4597568529ee6af6,flora_-train-20260814_045954-4597568529ee6af6.csv,raw\flora_-train-20260814_045954-4597568529ee6af6.csv,by_dataset\mnist_family\mnist\flora\unspecified\medium\alpha_0.1\flora_-train-20260814_045954-4597568529ee6af6.csv,30971,a0a9c14713e6539fcf8e18059ac5f66b5257fcbffed9e331c8637c9434de2de9
flora_-train-20260814_052506-3ebd373e6fe83512.csv,mnist,mnist,mnist_family,flora,unspecified,flora,flora,simple_lora_mlp,mnist_dirichlet_0_4_seed_1,dirichlet,0.4,1,medium,inferred_spearman,0.00606060606061,0.4495;0.5256;0.8313;0.5291;0.9024;0.2706;0.5789;0.4493;1;0.25,100,5,complete,101,0.0927,0,0.0927,100,20260814_052506,3ebd373e6fe83512,flora_-train-20260814_052506-3ebd373e6fe83512.csv,raw\flora_-train-20260814_052506-3ebd373e6fe83512.csv,by_dataset\mnist_family\mnist\flora\unspecified\medium\alpha_0.4\flora_-train-20260814_052506-3ebd373e6fe83512.csv,31206,f27496d4228c0c5dbe9f7c1cf4dd2c6eba1ff49b8526e722eda0ae6f0d3f86f6
flora_-train-20260814_055020-f751aeb70bda93f9.csv,mnist,mnist,mnist_family,flora,unspecified,flora,flora,simple_lora_mlp,mnist_dirichlet_0_4_seed_2,dirichlet,0.4,2,medium,inferred_spearman,0.00606060606061,0.2887;0.6918;0.25;0.2795;0.8646;0.3957;0.2679;0.6099;0.3406;1,100,5,complete,101,0.0986,0,0.0986,100,20260814_055020,f751aeb70bda93f9,flora_-train-20260814_055020-f751aeb70bda93f9.csv,raw\flora_-train-20260814_055020-f751aeb70bda93f9.csv,by_dataset\mnist_family\mnist\flora\unspecified\medium\alpha_0.4\flora_-train-20260814_055020-f751aeb70bda93f9.csv,31203,13104db99da48c4ba41cfc2b527e937dd0eed6397cab1c8750e560b0bd312516
flora_-train-20260814_061514-2f77523f332bf5df.csv,mnist,mnist,mnist_family,flora,unspecified,flora,flora,simple_lora_mlp,mnist_dirichlet_0_4_seed_3,dirichlet,0.4,3,medium,inferred_spearman,0.00606060606061,0.5282;0.4083;0.4077;0.3221;0.25;0.3179;0.3144;0.5548;0.7367;1,100,5,complete,101,0.0981,0,0.0981,100,20260814_061514,2f77523f332bf5df,flora_-train-20260814_061514-2f77523f332bf5df.csv,raw\flora_-train-20260814_061514-2f77523f332bf5df.csv,by_dataset\mnist_family\mnist\flora\unspecified\medium\alpha_0.4\flora_-train-20260814_061514-2f77523f332bf5df.csv,30914,8c8ed298ea6bd06153355511a040884971c9979599be3199cf10674822ab6d15
flora_-train-20260814_063959-1dd6983b05a13971.csv,mnist,mnist,mnist_family,flora,unspecified,flora,flora,simple_lora_mlp,mnist_dirichlet_0_8_seed_1,dirichlet,0.8,1,medium,inferred_spearman,0.00606060606061,0.1;0.5;0.6;0.9;0.2;1;0.3;0.8;0.7;0.4,100,5,complete,101,0.0908,0,0.0908,100,20260814_063959,1dd6983b05a13971,flora_-train-20260814_063959-1dd6983b05a13971.csv,raw\flora_-train-20260814_063959-1dd6983b05a13971.csv,by_dataset\mnist_family\mnist\flora\unspecified\medium\alpha_0.8\flora_-train-20260814_063959-1dd6983b05a13971.csv,31259,e5c8f6f3ce225ca6125072c080d2b7234f0e9e9a6b7dfaae20798a02a87c2689
flora_-train-20260814_070549-48c013c20788d3f3.csv,mnist,mnist,mnist_family,flora,unspecified,flora,flora,simple_lora_mlp,mnist_dirichlet_0_8_seed_2,dirichlet,0.8,2,medium,inferred_spearman,0.00606060606061,0.8;0.6;1;0.9;0.2;0.7;0.4;0.3;0.5;0.1,100,5,complete,101,0.0873,0,0.0873,100,20260814_070549,48c013c20788d3f3,flora_-train-20260814_070549-48c013c20788d3f3.csv,raw\flora_-train-20260814_070549-48c013c20788d3f3.csv,by_dataset\mnist_family\mnist\flora\unspecified\medium\alpha_0.8\flora_-train-20260814_070549-48c013c20788d3f3.csv,30956,23b94b00e0c4e1ccb6faeda60cd991309c8494dacc0dc1c055a91d7853542468
flora_-train-20260814_073124-6682f5942555fc0f.csv,mnist,mnist,mnist_family,flora,unspecified,flora,flora,simple_lora_mlp,mnist_dirichlet_0_8_seed_3,dirichlet,0.8,3,medium,inferred_spearman,0.00606060606061,0.1;0.3;0.7;0.5;1;0.2;0.6;0.8;0.9;0.4,100,5,complete,101,0.0904,0,0.0904,100,20260814_073124,6682f5942555fc0f,flora_-train-20260814_073124-6682f5942555fc0f.csv,raw\flora_-train-20260814_073124-6682f5942555fc0f.csv,by_dataset\mnist_family\mnist\flora\unspecified\medium\alpha_0.8\flora_-train-20260814_073124-6682f5942555fc0f.csv,31164,f413f83d0e75635aac1f84c9807b3d5f5770948cb23255924902934d15dd8fc0
flora_-train-20260814_075637-8399f0d4caaa2d18.csv,fmnist,fmnist,mnist_family,flora,unspecified,flora,flora,simple_lora_mlp,fmnist_dirichlet_0_1_seed_1,dirichlet,0.1,1,medium,inferred_spearman,0.00606060606061,0.3;0.5;0.2;0.6;1;0.4;0.8;0.1;0.9;0.7,100,5,complete,101,0.1082,0,0.1082,100,20260814_075637,8399f0d4caaa2d18,flora_-train-20260814_075637-8399f0d4caaa2d18.csv,raw\flora_-train-20260814_075637-8399f0d4caaa2d18.csv,by_dataset\mnist_family\fmnist\flora\unspecified\medium\alpha_0.1\flora_-train-20260814_075637-8399f0d4caaa2d18.csv,30894,e1b8463656f3f430e31817098949bd82cc0c474610e800cc56906d3643002c69
flora_-train-20260814_082112-1cc5133397f5f871.csv,fmnist,fmnist,mnist_family,flora,unspecified,flora,flora,simple_lora_mlp,fmnist_dirichlet_0_1_seed_2,dirichlet,0.1,2,medium,inferred_spearman,0.00606060606061,0.7;0.8;0.6;0.9;0.3;1;0.2;0.1;0.4;0.5,100,5,complete,101,0.1064,0,0.1064,100,20260814_082112,1cc5133397f5f871,flora_-train-20260814_082112-1cc5133397f5f871.csv,raw\flora_-train-20260814_082112-1cc5133397f5f871.csv,by_dataset\mnist_family\fmnist\flora\unspecified\medium\alpha_0.1\flora_-train-20260814_082112-1cc5133397f5f871.csv,30701,97f877429c4da3d4b7e0427edbf72bfab9d497ed3bb5fdc54325e02ef5fcfc58
flora_-train-20260814_084607-be31f4e057798d4f.csv,fmnist,fmnist,mnist_family,flora,unspecified,flora,flora,simple_lora_mlp,fmnist_dirichlet_0_1_seed_3,dirichlet,0.1,3,medium,inferred_spearman,0.00606060606061,0.2;1;0.8;0.9;0.7;0.1;0.5;0.3;0.6;0.4,100,5,complete,101,0.1093,0,0.1093,100,20260814_084607,be31f4e057798d4f,flora_-train-20260814_084607-be31f4e057798d4f.csv,raw\flora_-train-20260814_084607-be31f4e057798d4f.csv,by_dataset\mnist_family\fmnist\flora\unspecified\medium\alpha_0.1\flora_-train-20260814_084607-be31f4e057798d4f.csv,29397,b525a0ddf879e35950c1355815b1264aa4a133dc442a720fe33ad7dbf4437abd
flora_-train-20260814_091147-d2086e68d1fbeac8.csv,fmnist,fmnist,mnist_family,flora,unspecified,flora,flora,simple_lora_mlp,fmnist_dirichlet_0_4_seed_1,dirichlet,0.4,1,medium,inferred_spearman,0.00606060606061,0.7671;0.8765;0.25;0.3727;0.7391;0.5244;0.4526;0.62;1;0.7326,100,5,complete,101,0.102,0,0.102,100,20260814_091147,d2086e68d1fbeac8,flora_-train-20260814_091147-d2086e68d1fbeac8.csv,raw\flora_-train-20260814_091147-d2086e68d1fbeac8.csv,by_dataset\mnist_family\fmnist\flora\unspecified\medium\alpha_0.4\flora_-train-20260814_091147-d2086e68d1fbeac8.csv,31046,de9d0ac91f3475221fdc59d7b9a7f4d24878b09728a06b0184f37220d9ad636f
flora_-train-20260814_093731-8f6b3f9157ba2e73.csv,fmnist,fmnist,mnist_family,flora,unspecified,flora,flora,simple_lora_mlp,fmnist_dirichlet_0_4_seed_2,dirichlet,0.4,2,medium,inferred_spearman,0.00606060606061,0.7228;1;0.9552;0.3571;0.8082;0.5437;0.9035;0.7636;0.7251;0.25,100,5,complete,101,0.1054,0,0.1054,100,20260814_093731,8f6b3f9157ba2e73,flora_-train-20260814_093731-8f6b3f9157ba2e73.csv,raw\flora_-train-20260814_093731-8f6b3f9157ba2e73.csv,by_dataset\mnist_family\fmnist\flora\unspecified\medium\alpha_0.4\flora_-train-20260814_093731-8f6b3f9157ba2e73.csv,31256,fb77602823fca59dbf31cfdc37eb2963aa4909e2b35491b074315dd6d2833834
flora_-train-20260814_100221-ce64b2786a773016.csv,fmnist,fmnist,mnist_family,flora,unspecified,flora,flora,simple_lora_mlp,fmnist_dirichlet_0_4_seed_3,dirichlet,0.4,3,medium,inferred_spearman,0.00606060606061,0.4386;0.3323;0.2725;0.2717;0.25;0.2596;0.5829;0.8743;0.2572;1,100,5,complete,101,0.1058,0,0.1058,100,20260814_100221,ce64b2786a773016,flora_-train-20260814_100221-ce64b2786a773016.csv,raw\flora_-train-20260814_100221-ce64b2786a773016.csv,by_dataset\mnist_family\fmnist\flora\unspecified\medium\alpha_0.4\flora_-train-20260814_100221-ce64b2786a773016.csv,31057,35207da65b8df62597bcdb38bb4d4eb5554b7ac44af22c9cd8773e2002844de4
flora_-train-20260814_102644-48a9947383a7a86f.csv,fmnist,fmnist,mnist_family,flora,unspecified,flora,flora,simple_lora_mlp,fmnist_dirichlet_0_8_seed_1,dirichlet,0.8,1,medium,inferred_spearman,0.00606060606061,0.7;0.5;1;0.9;0.8;0.2;0.6;0.1;0.3;0.4,100,5,complete,101,0.1053,0,0.1053,100,20260814_102644,48a9947383a7a86f,flora_-train-20260814_102644-48a9947383a7a86f.csv,raw\flora_-train-20260814_102644-48a9947383a7a86f.csv,by_dataset\mnist_family\fmnist\flora\unspecified\medium\alpha_0.8\flora_-train-20260814_102644-48a9947383a7a86f.csv,31214,827d43c1875816c88065b5c06ada5b7b0b118207c6dfff2377ab6fc7899969d8
flora_-train-20260814_105130-d6fae66f2f7159a4.csv,fmnist,fmnist,mnist_family,flora,unspecified,flora,flora,simple_lora_mlp,fmnist_dirichlet_0_8_seed_2,dirichlet,0.8,2,medium,inferred_spearman,0.00606060606061,0.9;1;0.7;0.1;0.3;0.2;0.4;0.8;0.5;0.6,100,5,complete,101,0.1092,0,0.1092,100,20260814_105130,d6fae66f2f7159a4,flora_-train-20260814_105130-d6fae66f2f7159a4.csv,raw\flora_-train-20260814_105130-d6fae66f2f7159a4.csv,by_dataset\mnist_family\fmnist\flora\unspecified\medium\alpha_0.8\flora_-train-20260814_105130-d6fae66f2f7159a4.csv,31106,073110d2a4005f058d66ae1e5ffda8b3c002c527a31f30b34d56a8db1869db78
flora_-train-20260814_111610-176f46870e6dba45.csv,fmnist,fmnist,mnist_family,flora,unspecified,flora,flora,simple_lora_mlp,fmnist_dirichlet_0_8_seed_3,dirichlet,0.8,3,medium,inferred_spearman,0.00606060606061,0.4;0.5;0.2;0.9;1;0.7;0.6;0.3;0.8;0.1,100,5,complete,101,0.1024,0,0.1024,100,20260814_111610,176f46870e6dba45,flora_-train-20260814_111610-176f46870e6dba45.csv,raw\flora_-train-20260814_111610-176f46870e6dba45.csv,by_dataset\mnist_family\fmnist\flora\unspecified\medium\alpha_0.8\flora_-train-20260814_111610-176f46870e6dba45.csv,30609,1cd86d0b3998e72e70debc8a86043a1e71bfdb3d3085d882726c6192dc8e80d3
flora_-train-20260814_114038-0003cf1bbb042426.csv,kmnist,kmnist,mnist_family,flora,unspecified,flora,flora,simple_lora_mlp,kmnist_dirichlet_0_1_seed_1,dirichlet,0.1,1,medium,inferred_spearman,0.00606060606061,0.3;0.5;0.2;0.6;1;0.4;0.8;0.1;0.9;0.7,100,5,complete,101,0.1068,0,0.1068,100,20260814_114038,0003cf1bbb042426,flora_-train-20260814_114038-0003cf1bbb042426.csv,raw\flora_-train-20260814_114038-0003cf1bbb042426.csv,by_dataset\mnist_family\kmnist\flora\unspecified\medium\alpha_0.1\flora_-train-20260814_114038-0003cf1bbb042426.csv,31197,04da362f7f03e56bf712b2986b83ea252bd7eb25f5bb317fb03708f7def5f9e1
flora_-train-20260814_120526-c445e21885aa6a73.csv,kmnist,kmnist,mnist_family,flora,unspecified,flora,flora,simple_lora_mlp,kmnist_dirichlet_0_1_seed_2,dirichlet,0.1,2,medium,inferred_spearman,0.00606060606061,0.7;0.8;0.6;0.9;0.3;1;0.2;0.1;0.4;0.5,100,5,complete,101,0.1064,0,0.1064,100,20260814_120526,c445e21885aa6a73,flora_-train-20260814_120526-c445e21885aa6a73.csv,raw\flora_-train-20260814_120526-c445e21885aa6a73.csv,by_dataset\mnist_family\kmnist\flora\unspecified\medium\alpha_0.1\flora_-train-20260814_120526-c445e21885aa6a73.csv,30903,09cd326a1c63770d5779c03704c1a8aa3b18e4783eb5a9859628f455b63e5036
flora_-train-20260814_123002-3d989a4647736074.csv,kmnist,kmnist,mnist_family,flora,unspecified,flora,flora,simple_lora_mlp,kmnist_dirichlet_0_1_seed_3,dirichlet,0.1,3,medium,inferred_spearman,0.00606060606061,0.2;1;0.8;0.9;0.7;0.1;0.5;0.3;0.6;0.4,100,5,complete,101,0.1086,0,0.1086,100,20260814_123002,3d989a4647736074,flora_-train-20260814_123002-3d989a4647736074.csv,raw\flora_-train-20260814_123002-3d989a4647736074.csv,by_dataset\mnist_family\kmnist\flora\unspecified\medium\alpha_0.1\flora_-train-20260814_123002-3d989a4647736074.csv,30912,e53aef21e84b55ee91c3c902e09f276b9a6544fa8e858bf07176da3f6d0a6b7b
flora_-train-20260814_125537-7944e1f2181e4c39.csv,kmnist,kmnist,mnist_family,flora,unspecified,flora,flora,simple_lora_mlp,kmnist_dirichlet_0_4_seed_1,dirichlet,0.4,1,medium,inferred_spearman,0.00606060606061,0.7671;0.8765;0.25;0.3727;0.7391;0.5244;0.4526;0.62;1;0.7326,100,5,complete,101,0.1057,0,0.1057,100,20260814_125537,7944e1f2181e4c39,flora_-train-20260814_125537-7944e1f2181e4c39.csv,raw\flora_-train-20260814_125537-7944e1f2181e4c39.csv,by_dataset\mnist_family\kmnist\flora\unspecified\medium\alpha_0.4\flora_-train-20260814_125537-7944e1f2181e4c39.csv,31349,c6504b981fc2430baf2727a2da2ed2f0bfdceb6bf033ae4006b3e47c5d246b6b
flora_-train-20260814_132103-9f472d1d92c96892.csv,kmnist,kmnist,mnist_family,flora,unspecified,flora,flora,simple_lora_mlp,kmnist_dirichlet_0_4_seed_2,dirichlet,0.4,2,medium,inferred_spearman,0.00606060606061,0.7228;1;0.9552;0.3571;0.8082;0.5437;0.9035;0.7636;0.7251;0.25,100,5,complete,101,0.1036,0,0.1036,100,20260814_132103,9f472d1d92c96892,flora_-train-20260814_132103-9f472d1d92c96892.csv,raw\flora_-train-20260814_132103-9f472d1d92c96892.csv,by_dataset\mnist_family\kmnist\flora\unspecified\medium\alpha_0.4\flora_-train-20260814_132103-9f472d1d92c96892.csv,31357,ea1adbf90304de835e32403b161c014a5189a1b79a12c901d8fc6cbb23379693
flora_-train-20260814_134637-135ae75b72cc8f05.csv,kmnist,kmnist,mnist_family,flora,unspecified,flora,flora,simple_lora_mlp,kmnist_dirichlet_0_4_seed_3,dirichlet,0.4,3,medium,inferred_spearman,0.00606060606061,0.4386;0.3323;0.2725;0.2717;0.25;0.2596;0.5829;0.8743;0.2572;1,100,5,complete,101,0.1067,0,0.1067,100,20260814_134637,135ae75b72cc8f05,flora_-train-20260814_134637-135ae75b72cc8f05.csv,raw\flora_-train-20260814_134637-135ae75b72cc8f05.csv,by_dataset\mnist_family\kmnist\flora\unspecified\medium\alpha_0.4\flora_-train-20260814_134637-135ae75b72cc8f05.csv,31461,3a453c9807a8fb6d4620971892fa301cebfc034be0d8a4e88661e6dca8bf7aa4
flora_-train-20260814_141205-960d9fe1d2ae462c.csv,kmnist,kmnist,mnist_family,flora,unspecified,flora,flora,simple_lora_mlp,kmnist_dirichlet_0_8_seed_1,dirichlet,0.8,1,medium,inferred_spearman,0.00606060606061,0.7;0.5;1;0.9;0.8;0.2;0.6;0.1;0.3;0.4,100,5,complete,101,0.109,0,0.109,100,20260814_141205,960d9fe1d2ae462c,flora_-train-20260814_141205-960d9fe1d2ae462c.csv,raw\flora_-train-20260814_141205-960d9fe1d2ae462c.csv,by_dataset\mnist_family\kmnist\flora\unspecified\medium\alpha_0.8\flora_-train-20260814_141205-960d9fe1d2ae462c.csv,30911,eb5bc09393aa242db208e5028191940fec377016fedbd08fde02789a6b48d486
flora_-train-20260814_143731-cb87e75283f0a3ec.csv,kmnist,kmnist,mnist_family,flora,unspecified,flora,flora,simple_lora_mlp,kmnist_dirichlet_0_8_seed_2,dirichlet,0.8,2,medium,inferred_spearman,0.00606060606061,0.9;1;0.7;0.1;0.3;0.2;0.4;0.8;0.5;0.6,100,5,complete,101,0.1077,0,0.1077,100,20260814_143731,cb87e75283f0a3ec,flora_-train-20260814_143731-cb87e75283f0a3ec.csv,raw\flora_-train-20260814_143731-cb87e75283f0a3ec.csv,by_dataset\mnist_family\kmnist\flora\unspecified\medium\alpha_0.8\flora_-train-20260814_143731-cb87e75283f0a3ec.csv,31207,e24b8d7f808ae410f84d7459f0030d4dcc589ff46b11f737beb2b7b1cfbb7a4b
flora_-train-20260814_150249-bd88af8daabede0a.csv,kmnist,kmnist,mnist_family,flora,unspecified,flora,flora,simple_lora_mlp,kmnist_dirichlet_0_8_seed_3,dirichlet,0.8,3,medium,inferred_spearman,0.00606060606061,0.4;0.5;0.2;0.9;1;0.7;0.6;0.3;0.8;0.1,100,5,complete,101,0.1074,0,0.1074,100,20260814_150249,bd88af8daabede0a,flora_-train-20260814_150249-bd88af8daabede0a.csv,raw\flora_-train-20260814_150249-bd88af8daabede0a.csv,by_dataset\mnist_family\kmnist\flora\unspecified\medium\alpha_0.8\flora_-train-20260814_150249-bd88af8daabede0a.csv,31215,131bb0ba437a8e994fcc55d29102721bf91912f43bb4c2e0afe6d6fe49a2bc77
flora_-train-20260814_152802-df1f19433a8ecc7b.csv,qmnist,qmnist,mnist_family,flora,unspecified,flora,flora,simple_lora_mlp,qmnist_dirichlet_0_1_seed_1,dirichlet,0.1,1,medium,inferred_spearman,0.00606060606061,0.1;0.5;0.2;0.4;1;0.3;0.7;0.6;0.9;0.8,100,5,complete,101,0.0878333333333,0,0.0878333333333,100,20260814_152802,df1f19433a8ecc7b,flora_-train-20260814_152802-df1f19433a8ecc7b.csv,raw\flora_-train-20260814_152802-df1f19433a8ecc7b.csv,by_dataset\mnist_family\qmnist\flora\unspecified\medium\alpha_0.1\flora_-train-20260814_152802-df1f19433a8ecc7b.csv,32915,5fe92e20f1b35d80bc2e04abeb8330e9d2f35ae4f1d52a3d25b5fd421b2b3579
flora_-train-20260814_161027-b35c64d2e59fe9fe.csv,qmnist,qmnist,mnist_family,flora,unspecified,flora,flora,simple_lora_mlp,qmnist_dirichlet_0_1_seed_2,dirichlet,0.1,2,medium,inferred_spearman,0.00606060606061,0.9;0.1;0.8;0.7;0.6;0.3;1;0.2;0.4;0.5,100,5,complete,101,0.0908666666667,0,0.0908666666667,100,20260814_161027,b35c64d2e59fe9fe,flora_-train-20260814_161027-b35c64d2e59fe9fe.csv,raw\flora_-train-20260814_161027-b35c64d2e59fe9fe.csv,by_dataset\mnist_family\qmnist\flora\unspecified\medium\alpha_0.1\flora_-train-20260814_161027-b35c64d2e59fe9fe.csv,32826,64898de071394f0bfc082799878499ffa6764db56fa9871ab6b550ddb6cb82a0
flora_-train-20260814_165238-667ba01cd0d72b78.csv,qmnist,qmnist,mnist_family,flora,unspecified,flora,flora,simple_lora_mlp,qmnist_dirichlet_0_1_seed_3,dirichlet,0.1,3,medium,inferred_spearman,0.00606060606061,0.8;1;0.4;0.7;0.2;0.1;0.5;0.3;0.6;0.9,100,5,complete,101,0.0866833333333,0,0.0866833333333,100,20260814_165238,667ba01cd0d72b78,flora_-train-20260814_165238-667ba01cd0d72b78.csv,raw\flora_-train-20260814_165238-667ba01cd0d72b78.csv,by_dataset\mnist_family\qmnist\flora\unspecified\medium\alpha_0.1\flora_-train-20260814_165238-667ba01cd0d72b78.csv,32836,84119c9c0042e9b28cdf8a80806bb0416078dc97a978741e73136bbfe8a52b78
flora_-train-20260814_173455-e65beb8b172f4dca.csv,qmnist,qmnist,mnist_family,flora,unspecified,flora,flora,simple_lora_mlp,qmnist_dirichlet_0_4_seed_1,dirichlet,0.4,1,medium,inferred_spearman,0.00606060606061,0.4495;0.5256;0.8313;0.5291;0.9024;0.2706;0.5789;0.4493;1;0.25,100,5,complete,101,0.0895,0,0.0895,100,20260814_173455,e65beb8b172f4dca,flora_-train-20260814_173455-e65beb8b172f4dca.csv,raw\flora_-train-20260814_173455-e65beb8b172f4dca.csv,by_dataset\mnist_family\qmnist\flora\unspecified\medium\alpha_0.4\flora_-train-20260814_173455-e65beb8b172f4dca.csv,32061,773610856215d6f1504ea85c147305df81b2553277a65239a4d8331912230459
flora_-train-20260814_181719-e9432a7e51238c7b.csv,qmnist,qmnist,mnist_family,flora,unspecified,flora,flora,simple_lora_mlp,qmnist_dirichlet_0_4_seed_2,dirichlet,0.4,2,medium,inferred_spearman,0.00606060606061,0.2887;0.6918;0.25;0.2795;0.8646;0.3957;0.2679;0.6099;0.3406;1,100,5,complete,101,0.0971,0,0.0971,100,20260814_181719,e9432a7e51238c7b,flora_-train-20260814_181719-e9432a7e51238c7b.csv,raw\flora_-train-20260814_181719-e9432a7e51238c7b.csv,by_dataset\mnist_family\qmnist\flora\unspecified\medium\alpha_0.4\flora_-train-20260814_181719-e9432a7e51238c7b.csv,31856,cd728d1e0a92337e41a1c0bb57505de626f25a305dbd0fe19b1645b47c916b2e
flora_-train-20260814_190002-ca9c1fbaff11f808.csv,qmnist,qmnist,mnist_family,flora,unspecified,flora,flora,simple_lora_mlp,qmnist_dirichlet_0_4_seed_3,dirichlet,0.4,3,medium,inferred_spearman,0.00606060606061,0.5282;0.4083;0.4077;0.3221;0.25;0.3179;0.3144;0.5548;0.7367;1,100,5,complete,101,0.09765,0,0.09765,100,20260814_190002,ca9c1fbaff11f808,flora_-train-20260814_190002-ca9c1fbaff11f808.csv,raw\flora_-train-20260814_190002-ca9c1fbaff11f808.csv,by_dataset\mnist_family\qmnist\flora\unspecified\medium\alpha_0.4\flora_-train-20260814_190002-ca9c1fbaff11f808.csv,31062,135901f8568b63301d3ce5ef351b5ac6242b71988e1e8d81b3a38df84a452c21
flora_-train-20260814_194202-d55b20dba5b32fc5.csv,qmnist,qmnist,mnist_family,flora,unspecified,flora,flora,simple_lora_mlp,qmnist_dirichlet_0_8_seed_1,dirichlet,0.8,1,medium,inferred_spearman,0.00606060606061,0.1;0.5;0.6;0.9;0.2;1;0.3;0.8;0.7;0.4,100,5,complete,101,0.0884166666667,0,0.0884166666667,100,20260814_194202,d55b20dba5b32fc5,flora_-train-20260814_194202-d55b20dba5b32fc5.csv,raw\flora_-train-20260814_194202-d55b20dba5b32fc5.csv,by_dataset\mnist_family\qmnist\flora\unspecified\medium\alpha_0.8\flora_-train-20260814_194202-d55b20dba5b32fc5.csv,33023,099a1d162ffe5ff49b79523c2b17257a0e7b0a922802c9f7f12edc6277996810
flora_-train-20260814_202432-8c5d99319225b994.csv,qmnist,qmnist,mnist_family,flora,unspecified,flora,flora,simple_lora_mlp,qmnist_dirichlet_0_8_seed_2,dirichlet,0.8,2,medium,inferred_spearman,0.00606060606061,0.8;0.6;1;0.9;0.2;0.7;0.4;0.3;0.5;0.1,100,5,complete,101,0.0869333333333,0,0.0869333333333,100,20260814_202432,8c5d99319225b994,flora_-train-20260814_202432-8c5d99319225b994.csv,raw\flora_-train-20260814_202432-8c5d99319225b994.csv,by_dataset\mnist_family\qmnist\flora\unspecified\medium\alpha_0.8\flora_-train-20260814_202432-8c5d99319225b994.csv,33023,e853a1fb3c73e8cc3074399dbb3959e78a04cf5a968de22ec9d62e011ab5d97b
flora_-train-20260814_210622-2ea3a29fa4ec71f0.csv,qmnist,qmnist,mnist_family,flora,unspecified,flora,flora,simple_lora_mlp,qmnist_dirichlet_0_8_seed_3,dirichlet,0.8,3,medium,inferred_spearman,0.00606060606061,0.1;0.3;0.7;0.5;1;0.2;0.6;0.8;0.9;0.4,100,5,complete,101,0.0881833333333,0,0.0881833333333,100,20260814_210622,2ea3a29fa4ec71f0,flora_-train-20260814_210622-2ea3a29fa4ec71f0.csv,raw\flora_-train-20260814_210622-2ea3a29fa4ec71f0.csv,by_dataset\mnist_family\qmnist\flora\unspecified\medium\alpha_0.8\flora_-train-20260814_210622-2ea3a29fa4ec71f0.csv,33130,6a3666110c95b64ec6776bd58c135eaa88565aed98608103a7121dd721ddc105
flora_-train-20260814_214738-64666ee6094e5e8c.csv,mnist,mnist,mnist_family,flora,unspecified,flora,flora,simple_lora_mlp,mnist_dirichlet_0_1_seed_1,dirichlet,0.1,1,mismatch,inferred_spearman,-1,0.6;0.1;1;0.2;0.4;0.5;0.9;0.3;0.7;0.8,100,5,complete,101,0.0895,0,0.0895,100,20260814_214738,64666ee6094e5e8c,flora_-train-20260814_214738-64666ee6094e5e8c.csv,raw\flora_-train-20260814_214738-64666ee6094e5e8c.csv,by_dataset\mnist_family\mnist\flora\unspecified\mismatch\alpha_0.1\flora_-train-20260814_214738-64666ee6094e5e8c.csv,31252,8f4642f41d1f337c593afe3bf39ee8609b547181b2fe16ff06e738bb57ab5c5a
flora_-train-20260814_221219-bd4b353db3c18802.csv,mnist,mnist,mnist_family,flora,unspecified,flora,flora,simple_lora_mlp,mnist_dirichlet_0_1_seed_2,dirichlet,0.1,2,mismatch,inferred_spearman,-1,0.7;0.6;0.8;0.9;0.3;0.5;0.4;1;0.2;0.1,100,5,complete,101,0.0891,0,0.0891,100,20260814_221219,bd4b353db3c18802,flora_-train-20260814_221219-bd4b353db3c18802.csv,raw\flora_-train-20260814_221219-bd4b353db3c18802.csv,by_dataset\mnist_family\mnist\flora\unspecified\mismatch\alpha_0.1\flora_-train-20260814_221219-bd4b353db3c18802.csv,30759,6c6e879a54dfbea78b04f085e5951c08da3efb306643505dc83747ee60befd6f
flora_-train-20260814_223702-dd46475755d161fa.csv,mnist,mnist,mnist_family,flora,unspecified,flora,flora,simple_lora_mlp,mnist_dirichlet_0_1_seed_3,dirichlet,0.1,3,mismatch,inferred_spearman,-1,0.8;0.4;0.2;0.9;1;0.6;0.1;0.5;0.3;0.7,100,5,complete,101,0.0895,0,0.0895,100,20260814_223702,dd46475755d161fa,flora_-train-20260814_223702-dd46475755d161fa.csv,raw\flora_-train-20260814_223702-dd46475755d161fa.csv,by_dataset\mnist_family\mnist\flora\unspecified\mismatch\alpha_0.1\flora_-train-20260814_223702-dd46475755d161fa.csv,31274,e1a754f871cffb885e2b306551d9df69d4a2aeaf812f7d3150810ea4eeaaa6d8
flora_-train-20260814_230134-3456e0fc0652b582.csv,mnist,mnist,mnist_family,flora,unspecified,flora,flora,simple_lora_mlp,mnist_dirichlet_0_4_seed_1,dirichlet,0.4,1,mismatch,inferred_spearman,-1,0.2706;0.25;0.8313;0.4493;0.5789;1;0.9024;0.5256;0.4495;0.5291,100,5,complete,101,0.0954,0,0.0954,100,20260814_230134,3456e0fc0652b582,flora_-train-20260814_230134-3456e0fc0652b582.csv,raw\flora_-train-20260814_230134-3456e0fc0652b582.csv,by_dataset\mnist_family\mnist\flora\unspecified\mismatch\alpha_0.4\flora_-train-20260814_230134-3456e0fc0652b582.csv,30802,c9c15bbc0610891776f2cda343acff932d9f693dbd4e88e4cba92d9cee901ae2
flora_-train-20260814_232627-a321473457ee0baf.csv,mnist,mnist,mnist_family,flora,unspecified,flora,flora,simple_lora_mlp,mnist_dirichlet_0_4_seed_2,dirichlet,0.4,2,mismatch,inferred_spearman,-1,0.2679;0.6918;0.3957;0.3406;0.6099;0.2795;1;0.8646;0.25;0.2887,100,5,complete,101,0.096,0,0.096,100,20260814_232627,a321473457ee0baf,flora_-train-20260814_232627-a321473457ee0baf.csv,raw\flora_-train-20260814_232627-a321473457ee0baf.csv,by_dataset\mnist_family\mnist\flora\unspecified\mismatch\alpha_0.4\flora_-train-20260814_232627-a321473457ee0baf.csv,30900,73fd81a69ce821be51c018b864aec0b3391abadc0de17fae9db0ed3f4728ee1d
flora_-train-20260814_235045-2cbe82d66ec10513.csv,mnist,mnist,mnist_family,flora,unspecified,flora,flora,simple_lora_mlp,mnist_dirichlet_0_4_seed_3,dirichlet,0.4,3,mismatch,inferred_spearman,-1,0.7367;0.3179;0.25;0.3144;0.4083;0.4077;1;0.5548;0.5282;0.3221,100,5,complete,101,0.0939,0,0.0939,100,20260814_235045,2cbe82d66ec10513,flora_-train-20260814_235045-2cbe82d66ec10513.csv,raw\flora_-train-20260814_235045-2cbe82d66ec10513.csv,by_dataset\mnist_family\mnist\flora\unspecified\mismatch\alpha_0.4\flora_-train-20260814_235045-2cbe82d66ec10513.csv,31217,87ba758a3232a473e2e3d0306ad24765882d5066f5229dd70b77045a6a67c96c
flora_-train-20260815_001507-8eb5b307a364e232.csv,mnist,mnist,mnist_family,flora,unspecified,flora,flora,simple_lora_mlp,mnist_dirichlet_0_8_seed_1,dirichlet,0.8,1,mismatch,inferred_spearman,-1,0.6;0.1;0.3;0.7;1;0.4;0.5;0.8;0.9;0.2,100,5,complete,101,0.0923,0,0.0923,100,20260815_001507,8eb5b307a364e232,flora_-train-20260815_001507-8eb5b307a364e232.csv,raw\flora_-train-20260815_001507-8eb5b307a364e232.csv,by_dataset\mnist_family\mnist\flora\unspecified\mismatch\alpha_0.8\flora_-train-20260815_001507-8eb5b307a364e232.csv,31764,57cdc9235612ee2447eccfeff3d9a1a18ea8ce1042b57ab89e698293e2a103be
flora_-train-20260815_004011-a868bbe8c50cec52.csv,mnist,mnist,mnist_family,flora,unspecified,flora,flora,simple_lora_mlp,mnist_dirichlet_0_8_seed_2,dirichlet,0.8,2,mismatch,inferred_spearman,-1,0.8;0.3;0.4;0.7;1;0.9;0.2;0.5;0.1;0.6,100,5,complete,101,0.0884,0,0.0884,100,20260815_004011,a868bbe8c50cec52,flora_-train-20260815_004011-a868bbe8c50cec52.csv,raw\flora_-train-20260815_004011-a868bbe8c50cec52.csv,by_dataset\mnist_family\mnist\flora\unspecified\mismatch\alpha_0.8\flora_-train-20260815_004011-a868bbe8c50cec52.csv,31360,33d5782d7b79e6525e1941462c0db09efea5691a68a6504a78272df8b0cd6bc5
flora_-train-20260815_010428-44963145a60222d7.csv,mnist,mnist,mnist_family,flora,unspecified,flora,flora,simple_lora_mlp,mnist_dirichlet_0_8_seed_3,dirichlet,0.8,3,mismatch,inferred_spearman,-1,0.6;0.5;0.9;0.1;0.4;1;0.3;0.8;0.7;0.2,100,5,complete,101,0.0922,0,0.0922,100,20260815_010428,44963145a60222d7,flora_-train-20260815_010428-44963145a60222d7.csv,raw\flora_-train-20260815_010428-44963145a60222d7.csv,by_dataset\mnist_family\mnist\flora\unspecified\mismatch\alpha_0.8\flora_-train-20260815_010428-44963145a60222d7.csv,31164,7afa6f2510b3519ab9b32a88765fc7687170cecadad8d5e63b93f4ecf617c9e0
flora_-train-20260815_012850-6e0d733f2de64a6e.csv,fmnist,fmnist,mnist_family,flora,unspecified,flora,flora,simple_lora_mlp,fmnist_dirichlet_0_1_seed_1,dirichlet,0.1,1,mismatch,inferred_spearman,-1,0.5;0.1;1;0.3;0.4;0.2;0.8;0.6;0.7;0.9,100,5,complete,101,0.0974,0,0.0974,100,20260815_012850,6e0d733f2de64a6e,flora_-train-20260815_012850-6e0d733f2de64a6e.csv,raw\flora_-train-20260815_012850-6e0d733f2de64a6e.csv,by_dataset\mnist_family\fmnist\flora\unspecified\mismatch\alpha_0.1\flora_-train-20260815_012850-6e0d733f2de64a6e.csv,30086,1d16da23f90eb8463b2f7e7182cecb4bc91c99a2d71b4c0dcedca4061825061a
flora_-train-20260815_015244-6ddebcb8a7bddc1d.csv,fmnist,fmnist,mnist_family,flora,unspecified,flora,flora,simple_lora_mlp,fmnist_dirichlet_0_1_seed_2,dirichlet,0.1,2,mismatch,inferred_spearman,-1,0.9;0.8;0.3;0.7;0.5;0.4;1;0.6;0.2;0.1,100,5,complete,101,0.101,0,0.101,100,20260815_015244,6ddebcb8a7bddc1d,flora_-train-20260815_015244-6ddebcb8a7bddc1d.csv,raw\flora_-train-20260815_015244-6ddebcb8a7bddc1d.csv,by_dataset\mnist_family\fmnist\flora\unspecified\mismatch\alpha_0.1\flora_-train-20260815_015244-6ddebcb8a7bddc1d.csv,29388,ebdb6e29fde12ef31315d1ae93a84a04ac144a17ec84ed711be218a0e7492448
flora_-train-20260815_021657-ade9a0040f68413d.csv,fmnist,fmnist,mnist_family,flora,unspecified,flora,flora,simple_lora_mlp,fmnist_dirichlet_0_1_seed_3,dirichlet,0.1,3,mismatch,inferred_spearman,-1,1;0.4;0.8;0.7;0.9;0.6;0.1;0.5;0.3;0.2,100,5,complete,101,0.0997,0,0.0997,100,20260815_021657,ade9a0040f68413d,flora_-train-20260815_021657-ade9a0040f68413d.csv,raw\flora_-train-20260815_021657-ade9a0040f68413d.csv,by_dataset\mnist_family\fmnist\flora\unspecified\mismatch\alpha_0.1\flora_-train-20260815_021657-ade9a0040f68413d.csv,30104,f961e52359e4ac7d22e60a70c6e506ee1a31a51b8aea4841757cba54a50d5e78
flora_-train-20260815_024143-bbdca3b79140a563.csv,fmnist,fmnist,mnist_family,flora,unspecified,flora,flora,simple_lora_mlp,fmnist_dirichlet_0_4_seed_1,dirichlet,0.4,1,mismatch,inferred_spearman,-1,0.7671;0.7391;0.7326;1;0.8765;0.3727;0.62;0.25;0.5244;0.4526,100,5,complete,101,0.1037,0,0.1037,100,20260815_024143,bbdca3b79140a563,flora_-train-20260815_024143-bbdca3b79140a563.csv,raw\flora_-train-20260815_024143-bbdca3b79140a563.csv,by_dataset\mnist_family\fmnist\flora\unspecified\mismatch\alpha_0.4\flora_-train-20260815_024143-bbdca3b79140a563.csv,30945,2b96912fc1395c36fcdc69090cd8445af0372ed2307986762394090593297eb7
flora_-train-20260815_030600-4342f752ea0d5b74.csv,fmnist,fmnist,mnist_family,flora,unspecified,flora,flora,simple_lora_mlp,fmnist_dirichlet_0_4_seed_2,dirichlet,0.4,2,mismatch,inferred_spearman,-1,0.3571;0.7228;0.8082;1;0.9552;0.7251;0.9035;0.5437;0.25;0.7636,100,5,complete,101,0.1025,0,0.1025,100,20260815_030600,4342f752ea0d5b74,flora_-train-20260815_030600-4342f752ea0d5b74.csv,raw\flora_-train-20260815_030600-4342f752ea0d5b74.csv,by_dataset\mnist_family\fmnist\flora\unspecified\mismatch\alpha_0.4\flora_-train-20260815_030600-4342f752ea0d5b74.csv,31155,1381f102e856378184f083a79ee68ba541026d2c2f72218e21a6957a874dadaa
flora_-train-20260815_033034-e27c610df53b02c2.csv,fmnist,fmnist,mnist_family,flora,unspecified,flora,flora,simple_lora_mlp,fmnist_dirichlet_0_4_seed_3,dirichlet,0.4,3,mismatch,inferred_spearman,-1,0.8743;0.2596;0.25;0.2572;0.3323;0.2725;0.5829;0.4386;1;0.2717,100,5,complete,101,0.1076,0,0.1076,100,20260815_033034,e27c610df53b02c2,flora_-train-20260815_033034-e27c610df53b02c2.csv,raw\flora_-train-20260815_033034-e27c610df53b02c2.csv,by_dataset\mnist_family\fmnist\flora\unspecified\mismatch\alpha_0.4\flora_-train-20260815_033034-e27c610df53b02c2.csv,31360,011ba43ce420b0a6b4e0062e80b1183bf80b39c816c6b6d194ee03bfa0dca771
flora_-train-20260815_035432-54c419f0aa6a793d.csv,fmnist,fmnist,mnist_family,flora,unspecified,flora,flora,simple_lora_mlp,fmnist_dirichlet_0_8_seed_1,dirichlet,0.8,1,mismatch,inferred_spearman,-1,0.9;0.1;0.4;0.7;0.8;1;0.3;0.6;0.5;0.2,100,5,complete,101,0.103,0,0.103,100,20260815_035432,54c419f0aa6a793d,flora_-train-20260815_035432-54c419f0aa6a793d.csv,raw\flora_-train-20260815_035432-54c419f0aa6a793d.csv,by_dataset\mnist_family\fmnist\flora\unspecified\mismatch\alpha_0.8\flora_-train-20260815_035432-54c419f0aa6a793d.csv,30911,0b24f94c517e7e4842cde6aaf2e8641ccfa59ab17b9643a004d99bc8a56acb24
flora_-train-20260815_041916-a4a520808cd292f9.csv,fmnist,fmnist,mnist_family,flora,unspecified,flora,flora,simple_lora_mlp,fmnist_dirichlet_0_8_seed_2,dirichlet,0.8,2,mismatch,inferred_spearman,-1,0.7;0.4;0.9;0.6;0.5;1;0.2;0.8;0.1;0.3,100,5,complete,101,0.1017,0,0.1017,100,20260815_041916,a4a520808cd292f9,flora_-train-20260815_041916-a4a520808cd292f9.csv,raw\flora_-train-20260815_041916-a4a520808cd292f9.csv,by_dataset\mnist_family\fmnist\flora\unspecified\mismatch\alpha_0.8\flora_-train-20260815_041916-a4a520808cd292f9.csv,30601,97928564713d88e55ca444967e0ddc8d1fac1cc93d1fbe88af1b983b431bb13c
flora_-train-20260815_044415-f6857ca7ef1558c2.csv,fmnist,fmnist,mnist_family,flora,unspecified,flora,flora,simple_lora_mlp,fmnist_dirichlet_0_8_seed_3,dirichlet,0.8,3,mismatch,inferred_spearman,-1,0.2;0.1;1;0.7;0.4;0.9;0.3;0.5;0.8;0.6,100,5,complete,101,0.1063,0,0.1063,100,20260815_044415,f6857ca7ef1558c2,flora_-train-20260815_044415-f6857ca7ef1558c2.csv,raw\flora_-train-20260815_044415-f6857ca7ef1558c2.csv,by_dataset\mnist_family\fmnist\flora\unspecified\mismatch\alpha_0.8\flora_-train-20260815_044415-f6857ca7ef1558c2.csv,31013,1a997c78411e27a49d7680aae8822b1f76724a45c87447305b5613a943ee7a6c
flora_-train-20260815_050855-0f20824b35c7cd4d.csv,kmnist,kmnist,mnist_family,flora,unspecified,flora,flora,simple_lora_mlp,kmnist_dirichlet_0_1_seed_1,dirichlet,0.1,1,mismatch,inferred_spearman,-1,0.5;0.1;1;0.3;0.4;0.2;0.8;0.6;0.7;0.9,100,5,complete,101,0.1097,0,0.1097,100,20260815_050855,0f20824b35c7cd4d,flora_-train-20260815_050855-0f20824b35c7cd4d.csv,raw\flora_-train-20260815_050855-0f20824b35c7cd4d.csv,by_dataset\mnist_family\kmnist\flora\unspecified\mismatch\alpha_0.1\flora_-train-20260815_050855-0f20824b35c7cd4d.csv,30995,04c76fb73ada29dc58a67c407aea2ffb8f39c4a4ea96a2c05051d3b42395299f
flora_-train-20260815_053314-c103bdb4c2476080.csv,kmnist,kmnist,mnist_family,flora,unspecified,flora,flora,simple_lora_mlp,kmnist_dirichlet_0_1_seed_2,dirichlet,0.1,2,mismatch,inferred_spearman,-1,0.9;0.8;0.3;0.7;0.5;0.4;1;0.6;0.2;0.1,100,5,complete,101,0.1072,0,0.1072,100,20260815_053314,c103bdb4c2476080,flora_-train-20260815_053314-c103bdb4c2476080.csv,raw\flora_-train-20260815_053314-c103bdb4c2476080.csv,by_dataset\mnist_family\kmnist\flora\unspecified\mismatch\alpha_0.1\flora_-train-20260815_053314-c103bdb4c2476080.csv,30600,397507f3b2223d6a02c61e25247b081e5374e3305b0ea0794aad0c40904f88ad
flora_-train-20260815_055752-efa46eef7b82b031.csv,kmnist,kmnist,mnist_family,flora,unspecified,flora,flora,simple_lora_mlp,kmnist_dirichlet_0_1_seed_3,dirichlet,0.1,3,mismatch,inferred_spearman,-1,1;0.4;0.8;0.7;0.9;0.6;0.1;0.5;0.3;0.2,100,5,complete,101,0.1116,0,0.1116,100,20260815_055752,efa46eef7b82b031,flora_-train-20260815_055752-efa46eef7b82b031.csv,raw\flora_-train-20260815_055752-efa46eef7b82b031.csv,by_dataset\mnist_family\kmnist\flora\unspecified\mismatch\alpha_0.1\flora_-train-20260815_055752-efa46eef7b82b031.csv,30912,dd90ca3163cc7c475e2cebf7788b1d39d4fefa88c0164f4f67adcf618d5f3987
flora_-train-20260815_062241-22f44cf9691f1c9d.csv,kmnist,kmnist,mnist_family,flora,unspecified,flora,flora,simple_lora_mlp,kmnist_dirichlet_0_4_seed_1,dirichlet,0.4,1,mismatch,inferred_spearman,-1,0.7671;0.7391;0.7326;1;0.8765;0.3727;0.62;0.25;0.5244;0.4526,100,5,complete,101,0.1042,0,0.1042,100,20260815_062241,22f44cf9691f1c9d,flora_-train-20260815_062241-22f44cf9691f1c9d.csv,raw\flora_-train-20260815_062241-22f44cf9691f1c9d.csv,by_dataset\mnist_family\kmnist\flora\unspecified\mismatch\alpha_0.4\flora_-train-20260815_062241-22f44cf9691f1c9d.csv,31349,d1bbaca59bedd5c9ffcc398e14606f3fdb8bc4ca36871fba55844aa0288e28bf
flora_-train-20260815_064816-c1120bde5bba6b66.csv,kmnist,kmnist,mnist_family,flora,unspecified,flora,flora,simple_lora_mlp,kmnist_dirichlet_0_4_seed_2,dirichlet,0.4,2,mismatch,inferred_spearman,-1,0.3571;0.7228;0.8082;1;0.9552;0.7251;0.9035;0.5437;0.25;0.7636,100,5,complete,101,0.1049,0,0.1049,100,20260815_064816,c1120bde5bba6b66,flora_-train-20260815_064816-c1120bde5bba6b66.csv,raw\flora_-train-20260815_064816-c1120bde5bba6b66.csv,by_dataset\mnist_family\kmnist\flora\unspecified\mismatch\alpha_0.4\flora_-train-20260815_064816-c1120bde5bba6b66.csv,29640,f9e89ceea83052a9b80dd5436cfbedda2fb3e914bf348c40f1b5b1f8edadf7e0
flora_-train-20260815_071318-0a835c1ff629cf88.csv,kmnist,kmnist,mnist_family,flora,unspecified,flora,flora,simple_lora_mlp,kmnist_dirichlet_0_4_seed_3,dirichlet,0.4,3,mismatch,inferred_spearman,-1,0.8743;0.2596;0.25;0.2572;0.3323;0.2725;0.5829;0.4386;1;0.2717,100,5,complete,101,0.1042,0,0.1042,100,20260815_071318,0a835c1ff629cf88,flora_-train-20260815_071318-0a835c1ff629cf88.csv,raw\flora_-train-20260815_071318-0a835c1ff629cf88.csv,by_dataset\mnist_family\kmnist\flora\unspecified\mismatch\alpha_0.4\flora_-train-20260815_071318-0a835c1ff629cf88.csv,30148,652431117b6598425601f5a694dd5640a1069f45e09325dda41bed2dbaf73811
flora_-train-20260815_073716-33e522e087e0fdc2.csv,kmnist,kmnist,mnist_family,flora,unspecified,flora,flora,simple_lora_mlp,kmnist_dirichlet_0_8_seed_1,dirichlet,0.8,1,mismatch,inferred_spearman,-1,0.9;0.1;0.4;0.7;0.8;1;0.3;0.6;0.5;0.2,100,5,complete,101,0.1083,0,0.1083,100,20260815_073716,33e522e087e0fdc2,flora_-train-20260815_073716-33e522e087e0fdc2.csv,raw\flora_-train-20260815_073716-33e522e087e0fdc2.csv,by_dataset\mnist_family\kmnist\flora\unspecified\mismatch\alpha_0.8\flora_-train-20260815_073716-33e522e087e0fdc2.csv,29396,c1bc56bb98a33680cdb387a7eb2526ee342523bae72783f45dd48f66468648f7
flora_-train-20260815_080140-77e12531413e3a03.csv,kmnist,kmnist,mnist_family,flora,unspecified,flora,flora,simple_lora_mlp,kmnist_dirichlet_0_8_seed_2,dirichlet,0.8,2,mismatch,inferred_spearman,-1,0.7;0.4;0.9;0.6;0.5;1;0.2;0.8;0.1;0.3,100,5,complete,101,0.1095,0,0.1095,100,20260815_080140,77e12531413e3a03,flora_-train-20260815_080140-77e12531413e3a03.csv,raw\flora_-train-20260815_080140-77e12531413e3a03.csv,by_dataset\mnist_family\kmnist\flora\unspecified\mismatch\alpha_0.8\flora_-train-20260815_080140-77e12531413e3a03.csv,29692,5951ccabe56657b695a7d339f1603a301fc24a246f1c3b051599c389763ea4f1
flora_-train-20260815_082642-87b3393cda7d1097.csv,kmnist,kmnist,mnist_family,flora,unspecified,flora,flora,simple_lora_mlp,kmnist_dirichlet_0_8_seed_3,dirichlet,0.8,3,mismatch,inferred_spearman,-1,0.2;0.1;1;0.7;0.4;0.9;0.3;0.5;0.8;0.6,100,5,complete,101,0.1059,0,0.1059,100,20260815_082642,87b3393cda7d1097,flora_-train-20260815_082642-87b3393cda7d1097.csv,raw\flora_-train-20260815_082642-87b3393cda7d1097.csv,by_dataset\mnist_family\kmnist\flora\unspecified\mismatch\alpha_0.8\flora_-train-20260815_082642-87b3393cda7d1097.csv,29498,a245f8f8ba76ae1abf5cd8a102671a6f3974c6519b8a6ade0cb1b814e0ee6b28
flora_-train-20260815_085139-194f537a6af447f6.csv,qmnist,qmnist,mnist_family,flora,unspecified,flora,flora,simple_lora_mlp,qmnist_dirichlet_0_1_seed_1,dirichlet,0.1,1,mismatch,inferred_spearman,-1,0.6;0.1;1;0.2;0.4;0.5;0.9;0.3;0.7;0.8,100,5,complete,101,0.0889166666667,0,0.0889166666667,100,20260815_085139,194f537a6af447f6,flora_-train-20260815_085139-194f537a6af447f6.csv,raw\flora_-train-20260815_085139-194f537a6af447f6.csv,by_dataset\mnist_family\qmnist\flora\unspecified\mismatch\alpha_0.1\flora_-train-20260815_085139-194f537a6af447f6.csv,32208,8eaed5e85be5795ed0d7e1677d977ba4a03b86c3a486217c3abb65cc380e5c44
flora_-train-20260815_093401-7740fec4a775e45f.csv,qmnist,qmnist,mnist_family,flora,unspecified,flora,flora,simple_lora_mlp,qmnist_dirichlet_0_1_seed_2,dirichlet,0.1,2,mismatch,inferred_spearman,-1,0.7;0.6;0.8;0.9;0.3;0.5;0.4;1;0.2;0.1,100,5,complete,101,0.0875166666667,0,0.0875166666667,100,20260815_093401,7740fec4a775e45f,flora_-train-20260815_093401-7740fec4a775e45f.csv,raw\flora_-train-20260815_093401-7740fec4a775e45f.csv,by_dataset\mnist_family\qmnist\flora\unspecified\mismatch\alpha_0.1\flora_-train-20260815_093401-7740fec4a775e45f.csv,33028,146a3011e5bb945d5c58a9762c9747a8caf5cd42e0cb2d5c91bf3d969c04b1fe
flora_-train-20260815_101458-6ec11b46f2c8b067.csv,qmnist,qmnist,mnist_family,flora,unspecified,flora,flora,simple_lora_mlp,qmnist_dirichlet_0_1_seed_3,dirichlet,0.1,3,mismatch,inferred_spearman,-1,0.8;0.4;0.2;0.9;1;0.6;0.1;0.5;0.3;0.7,100,5,complete,101,0.0909333333333,0,0.0909333333333,100,20260815_101458,6ec11b46f2c8b067,flora_-train-20260815_101458-6ec11b46f2c8b067.csv,raw\flora_-train-20260815_101458-6ec11b46f2c8b067.csv,by_dataset\mnist_family\qmnist\flora\unspecified\mismatch\alpha_0.1\flora_-train-20260815_101458-6ec11b46f2c8b067.csv,33139,0d83f0511518af259ffeb017fe4c499cada1df8836f086b25e8913db341bdef2
flora_-train-20260815_105605-18817549c10ddb24.csv,qmnist,qmnist,mnist_family,flora,unspecified,flora,flora,simple_lora_mlp,qmnist_dirichlet_0_4_seed_1,dirichlet,0.4,1,mismatch,inferred_spearman,-1,0.2706;0.25;0.8313;0.4493;0.5789;1;0.9024;0.5256;0.4495;0.5291,100,5,complete,101,0.0931666666667,0,0.0931666666667,100,20260815_105605,18817549c10ddb24,flora_-train-20260815_105605-18817549c10ddb24.csv,raw\flora_-train-20260815_105605-18817549c10ddb24.csv,by_dataset\mnist_family\qmnist\flora\unspecified\mismatch\alpha_0.4\flora_-train-20260815_105605-18817549c10ddb24.csv,33374,707abf961181d9232afa54ed17e502cd916c5505ac02fd80b5cb2fee0f395fab
flora_-train-20260815_113749-a516f7a03dbb9011.csv,qmnist,qmnist,mnist_family,flora,unspecified,flora,flora,simple_lora_mlp,qmnist_dirichlet_0_4_seed_2,dirichlet,0.4,2,mismatch,inferred_spearman,-1,0.2679;0.6918;0.3957;0.3406;0.6099;0.2795;1;0.8646;0.25;0.2887,100,5,complete,101,0.0948833333333,0,0.0948833333333,100,20260815_113749,a516f7a03dbb9011,flora_-train-20260815_113749-a516f7a03dbb9011.csv,raw\flora_-train-20260815_113749-a516f7a03dbb9011.csv,by_dataset\mnist_family\qmnist\flora\unspecified\mismatch\alpha_0.4\flora_-train-20260815_113749-a516f7a03dbb9011.csv,32967,feaa4ab1f45d7a00698df86ae934e1b75496aefb2c11fd1d029e24819161fc9d
flora_-train-20260815_121944-dc2b44e395a829fa.csv,qmnist,qmnist,mnist_family,flora,unspecified,flora,flora,simple_lora_mlp,qmnist_dirichlet_0_4_seed_3,dirichlet,0.4,3,mismatch,inferred_spearman,-1,0.7367;0.3179;0.25;0.3144;0.4083;0.4077;1;0.5548;0.5282;0.3221,100,5,complete,101,0.0941666666667,0,0.0941666666667,100,20260815_121944,dc2b44e395a829fa,flora_-train-20260815_121944-dc2b44e395a829fa.csv,raw\flora_-train-20260815_121944-dc2b44e395a829fa.csv,by_dataset\mnist_family\qmnist\flora\unspecified\mismatch\alpha_0.4\flora_-train-20260815_121944-dc2b44e395a829fa.csv,32375,1b4e48298adb7f4928b50a3bf15954e832cc8250b8f5709132daef2d09faa285
flora_-train-20260815_130102-3beb1203000a15ae.csv,qmnist,qmnist,mnist_family,flora,unspecified,flora,flora,simple_lora_mlp,qmnist_dirichlet_0_8_seed_1,dirichlet,0.8,1,mismatch,inferred_spearman,-1,0.6;0.1;0.3;0.7;1;0.4;0.5;0.8;0.9;0.2,100,5,complete,101,0.0913833333333,0,0.0913833333333,100,20260815_130102,3beb1203000a15ae,flora_-train-20260815_130102-3beb1203000a15ae.csv,raw\flora_-train-20260815_130102-3beb1203000a15ae.csv,by_dataset\mnist_family\qmnist\flora\unspecified\mismatch\alpha_0.8\flora_-train-20260815_130102-3beb1203000a15ae.csv,32720,8e078f30a8c5345a5f88f31885c42354875216c1181136806f2f91d9be4c9063
flora_-train-20260815_134237-71ca42650d6e32b7.csv,qmnist,qmnist,mnist_family,flora,unspecified,flora,flora,simple_lora_mlp,qmnist_dirichlet_0_8_seed_2,dirichlet,0.8,2,mismatch,inferred_spearman,-1,0.8;0.3;0.4;0.7;1;0.9;0.2;0.5;0.1;0.6,100,5,complete,101,0.08775,0,0.08775,100,20260815_134237,71ca42650d6e32b7,flora_-train-20260815_134237-71ca42650d6e32b7.csv,raw\flora_-train-20260815_134237-71ca42650d6e32b7.csv,by_dataset\mnist_family\qmnist\flora\unspecified\mismatch\alpha_0.8\flora_-train-20260815_134237-71ca42650d6e32b7.csv,31912,5600b0aaecdb8798a945bef1bcea9582d2915c39166082470c56e1bcaef69e8f
flora_-train-20260815_142357-4c41766428d7da8d.csv,qmnist,qmnist,mnist_family,flora,unspecified,flora,flora,simple_lora_mlp,qmnist_dirichlet_0_8_seed_3,dirichlet,0.8,3,mismatch,inferred_spearman,-1,0.6;0.5;0.9;0.1;0.4;1;0.3;0.8;0.7;0.2,100,5,complete,101,0.0904333333333,0,0.0904333333333,100,20260815_142357,4c41766428d7da8d,flora_-train-20260815_142357-4c41766428d7da8d.csv,raw\flora_-train-20260815_142357-4c41766428d7da8d.csv,by_dataset\mnist_family\qmnist\flora\unspecified\mismatch\alpha_0.8\flora_-train-20260815_142357-4c41766428d7da8d.csv,33029,138a0f8514b973d78905314656cdbb7f8d75c2a14939c2d1463200e2e0e7adc8
fmnist_dirichlet_0_4_rank_correct_flora_-train-20260813_083416-c07216d3c25bfe52.csv,fmnist,fmnist,mnist_family,flora,unspecified,flora,flora,simple_lora_mlp,fmnist_dirichlet_0_4,dirichlet,0.4,,correct,explicit_name,,0.3111;0.5842;0.4792;1;0.4291;0.4112;0.4774;0.3864;0.6567;0.25,100,5,complete,101,0.1029,0,0.1029,100,20260813_083416,c07216d3c25bfe52,fmnist_dirichlet_0_4_rank_correct_flora_-train-20260813_083416-c07216d3c25bfe52.csv,raw\fmnist_dirichlet_0_4_rank_correct_flora_-train-20260813_083416-c07216d3c25bfe52.csv,by_dataset\mnist_family\fmnist\flora\unspecified\correct\alpha_0.4\fmnist_dirichlet_0_4_rank_correct_flora_-train-20260813_083416-c07216d3c25bfe52.csv,31072,30575aa07dcb3ca689c83f1c0872b233545298e627de345adb1091a37607612b
fmnist_dirichlet_0_4_rank_correct_flora_correct_-train-20260815_211619-a561a27294353f72.csv,fmnist,fmnist,mnist_family,flora,corrected,flora,flora,simple_lora_mlp,fmnist_dirichlet_0_4,dirichlet,0.4,,correct,explicit_name,,0.3111;0.5842;0.4792;1;0.4291;0.4112;0.4774;0.3864;0.6567;0.25,100,5,complete,101,0.3939,96,0.3855,100,20260815_211619,a561a27294353f72,fmnist_dirichlet_0_4_rank_correct_flora_correct_-train-20260815_211619-a561a27294353f72.csv,raw\fmnist_dirichlet_0_4_rank_correct_flora_correct_-train-20260815_211619-a561a27294353f72.csv,by_dataset\mnist_family\fmnist\flora\corrected\correct\alpha_0.4\fmnist_dirichlet_0_4_rank_correct_flora_correct_-train-20260815_211619-a561a27294353f72.csv,29967,05ae890c82dbe84725c005f7a46a03ee8b5dac10eccfa0d965e1d32a73058eec
fmnist_dirichlet_0_4_rank_medium_flora_-train-20260814_015323-9ab9f2e2a99d9c54.csv,fmnist,fmnist,mnist_family,flora,unspecified,flora,flora,simple_lora_mlp,fmnist_dirichlet_0_4,dirichlet,0.4,,medium,explicit_name,,0.4792;0.4774;1;0.4291;0.25;0.6567;0.3864;0.5842;0.4112;0.3111,100,5,complete,101,0.1032,0,0.1032,100,20260814_015323,9ab9f2e2a99d9c54,fmnist_dirichlet_0_4_rank_medium_flora_-train-20260814_015323-9ab9f2e2a99d9c54.csv,raw\fmnist_dirichlet_0_4_rank_medium_flora_-train-20260814_015323-9ab9f2e2a99d9c54.csv,by_dataset\mnist_family\fmnist\flora\unspecified\medium\alpha_0.4\fmnist_dirichlet_0_4_rank_medium_flora_-train-20260814_015323-9ab9f2e2a99d9c54.csv,31071,fff813ca1dd72db641133dc748b9e0297ff109890c6ee971398d9aff0d1e0f41
fmnist_dirichlet_0_4_rank_medium_flora_correct_-train-20260816_143347-6e406b1665ab6502.csv,fmnist,fmnist,mnist_family,flora,corrected,flora,flora,simple_lora_mlp,fmnist_dirichlet_0_4,dirichlet,0.4,,medium,explicit_name,,0.4792;0.4774;1;0.4291;0.25;0.6567;0.3864;0.5842;0.4112;0.3111,100,5,complete,101,0.3795,99,0.3751,100,20260816_143347,6e406b1665ab6502,fmnist_dirichlet_0_4_rank_medium_flora_correct_-train-20260816_143347-6e406b1665ab6502.csv,raw\fmnist_dirichlet_0_4_rank_medium_flora_correct_-train-20260816_143347-6e406b1665ab6502.csv,by_dataset\mnist_family\fmnist\flora\corrected\medium\alpha_0.4\fmnist_dirichlet_0_4_rank_medium_flora_correct_-train-20260816_143347-6e406b1665ab6502.csv,29986,a0f862448ba3de287097bd86f7064ed733b1166005c4a8115b433f7834a4fb6b
fmnist_dirichlet_0_4_rank_mismatch_cost_matched_flora_-train-20260814_032801-1d03d63b3e4c7b06.csv,fmnist,fmnist,mnist_family,flora,unspecified,flora,flora,simple_lora_mlp,fmnist_dirichlet_0_4,dirichlet,0.4,,mismatch,explicit_name,,0.6567;0.3864;0.4112;0.25;0.4774;0.4792;0.4291;0.5842;0.3111;1,100,5,complete,101,0.1073,0,0.1073,100,20260814_032801,1d03d63b3e4c7b06,fmnist_dirichlet_0_4_rank_mismatch_cost_matched_flora_-train-20260814_032801-1d03d63b3e4c7b06.csv,raw\fmnist_dirichlet_0_4_rank_mismatch_cost_matched_flora_-train-20260814_032801-1d03d63b3e4c7b06.csv,by_dataset\mnist_family\fmnist\flora\unspecified\mismatch\alpha_0.4\fmnist_dirichlet_0_4_rank_mismatch_cost_matched_flora_-train-20260814_032801-1d03d63b3e4c7b06.csv,30884,5450fcd11941d6fe565c33d88264b0d614f081411c3af57aae499a9122179e38
fmnist_dirichlet_0_4_rank_mismatch_cost_matched_flora_correct_-train-20260816_160822-96dbb4e55eb7d111.csv,fmnist,fmnist,mnist_family,flora,corrected,flora,flora,simple_lora_mlp,fmnist_dirichlet_0_4,dirichlet,0.4,,mismatch,explicit_name,,0.6567;0.3864;0.4112;0.25;0.4774;0.4792;0.4291;0.5842;0.3111;1,100,5,complete,101,0.4009,100,0.4009,100,20260816_160822,96dbb4e55eb7d111,fmnist_dirichlet_0_4_rank_mismatch_cost_matched_flora_correct_-train-20260816_160822-96dbb4e55eb7d111.csv,raw\fmnist_dirichlet_0_4_rank_mismatch_cost_matched_flora_correct_-train-20260816_160822-96dbb4e55eb7d111.csv,by_dataset\mnist_family\fmnist\flora\corrected\mismatch\alpha_0.4\fmnist_dirichlet_0_4_rank_mismatch_cost_matched_flora_correct_-train-20260816_160822-96dbb4e55eb7d111.csv,29935,6e2beaae179f8a182795622b363c2911f66d54820ac9d69bb77488321bdc91cc
imdb_dirichlet_0_4_rank_correct_flora_-train-20260813_233156-dc12f76ec0ee5930.csv,imdb,imdb,nlp,flora,unspecified,flora,flora,tiny_bert_lora,imdb_dirichlet_0_4,dirichlet,0.4,,correct,explicit_name,,1;0.6106;0.25;0.6074;0.2842;0.2836;0.4256;0.4437;0.6762;0.5604,100,1,complete,101,0.55144,3,0.55136,100,20260813_233156,dc12f76ec0ee5930,imdb_dirichlet_0_4_rank_correct_flora_-train-20260813_233156-dc12f76ec0ee5930.csv,raw\imdb_dirichlet_0_4_rank_correct_flora_-train-20260813_233156-dc12f76ec0ee5930.csv,by_dataset\nlp\imdb\flora\unspecified\correct\alpha_0.4\imdb_dirichlet_0_4_rank_correct_flora_-train-20260813_233156-dc12f76ec0ee5930.csv,32572,aa192fc91e1e855c158f18a5f60f63dc22527ee420c2bef51275bfa99d660c78
imdb_dirichlet_0_4_rank_correct_flora_correct_-train-20260816_121241-4ab73bebf458208f.csv,imdb,imdb,nlp,flora,corrected,flora,flora,tiny_bert_lora,imdb_dirichlet_0_4,dirichlet,0.4,,correct,explicit_name,,1;0.6106;0.25;0.6074;0.2842;0.2836;0.4256;0.4437;0.6762;0.5604,100,1,complete,101,0.83648,19,0.82136,100,20260816_121241,4ab73bebf458208f,imdb_dirichlet_0_4_rank_correct_flora_correct_-train-20260816_121241-4ab73bebf458208f.csv,raw\imdb_dirichlet_0_4_rank_correct_flora_correct_-train-20260816_121241-4ab73bebf458208f.csv,by_dataset\nlp\imdb\flora\corrected\correct\alpha_0.4\imdb_dirichlet_0_4_rank_correct_flora_correct_-train-20260816_121241-4ab73bebf458208f.csv,32326,fc0049b4160edd9e8eb0de7a5a4086c8e4effb2fc0334bcd04a15736ba01acaa
imdb_dirichlet_0_4_rank_correct_rbla_-train-20260805_072011-8667cbf05c94bd09.csv,imdb,imdb,nlp,rbla,standard,rbla,rbla,tiny_bert_lora,imdb_dirichlet_0_4,dirichlet,0.4,,correct,explicit_name,,1;0.6106;0.25;0.6074;0.2842;0.2836;0.4256;0.4437;0.6762;0.5604,100,1,complete,101,0.84148,3,0.76508,100,20260805_072011,8667cbf05c94bd09,imdb_dirichlet_0_4_rank_correct_rbla_-train-20260805_072011-8667cbf05c94bd09.csv,raw\imdb_dirichlet_0_4_rank_correct_rbla_-train-20260805_072011-8667cbf05c94bd09.csv,by_dataset\nlp\imdb\rbla\standard\correct\alpha_0.4\imdb_dirichlet_0_4_rank_correct_rbla_-train-20260805_072011-8667cbf05c94bd09.csv,32363,1d172844f65834cca241dda27949f005cabcddc3c5f577b2a42e6fd2c43c775a
imdb_dirichlet_0_4_rank_correct_rbla_plus_-train-20260805_080142-8605ba97eeae5647.csv,imdb,imdb,nlp,rbla_plus,standard,sp_plus,sp_plus,tiny_bert_lora,imdb_dirichlet_0_4,dirichlet,0.4,,correct,explicit_name,,1;0.6106;0.25;0.6074;0.2842;0.2836;0.4256;0.4437;0.6762;0.5604,100,1,complete,101,0.82248,19,0.80696,100,20260805_080142,8605ba97eeae5647,imdb_dirichlet_0_4_rank_correct_rbla_plus_-train-20260805_080142-8605ba97eeae5647.csv,raw\imdb_dirichlet_0_4_rank_correct_rbla_plus_-train-20260805_080142-8605ba97eeae5647.csv,by_dataset\nlp\imdb\rbla_plus\standard\correct\alpha_0.4\imdb_dirichlet_0_4_rank_correct_rbla_plus_-train-20260805_080142-8605ba97eeae5647.csv,41887,eb222132203e43eac7698c7ee9ec5af4005396a418e6c873baace61a9591b21e
imdb_dirichlet_0_4_rank_correct_sp_-train-20260805_084257-7efa2ab5288de8d5.csv,imdb,imdb,nlp,sp,standard,sp,sp,tiny_bert_lora,imdb_dirichlet_0_4,dirichlet,0.4,,correct,explicit_name,,1;0.6106;0.25;0.6074;0.2842;0.2836;0.4256;0.4437;0.6762;0.5604,100,1,complete,101,0.81888,42,0.81164,100,20260805_084257,7efa2ab5288de8d5,imdb_dirichlet_0_4_rank_correct_sp_-train-20260805_084257-7efa2ab5288de8d5.csv,raw\imdb_dirichlet_0_4_rank_correct_sp_-train-20260805_084257-7efa2ab5288de8d5.csv,by_dataset\nlp\imdb\sp\standard\correct\alpha_0.4\imdb_dirichlet_0_4_rank_correct_sp_-train-20260805_084257-7efa2ab5288de8d5.csv,32146,c0e270d4e7924ef687057eb122138acae8e1ceeb986e3980f2892cadd1d52e78
imdb_dirichlet_0_4_rank_correct_zeropadding_-train-20260805_092446-f8a3e7be87502950.csv,imdb,imdb,nlp,zeropadding,standard,zeropadding,rbla,tiny_bert_lora,imdb_dirichlet_0_4,dirichlet,0.4,,correct,explicit_name,,1;0.6106;0.25;0.6074;0.2842;0.2836;0.4256;0.4437;0.6762;0.5604,100,1,complete,101,0.81216,28,0.80572,100,20260805_092446,f8a3e7be87502950,imdb_dirichlet_0_4_rank_correct_zeropadding_-train-20260805_092446-f8a3e7be87502950.csv,raw\imdb_dirichlet_0_4_rank_correct_zeropadding_-train-20260805_092446-f8a3e7be87502950.csv,by_dataset\nlp\imdb\zeropadding\standard\correct\alpha_0.4\imdb_dirichlet_0_4_rank_correct_zeropadding_-train-20260805_092446-f8a3e7be87502950.csv,32201,d9f90698654532e514d2c76bf0c8429502b6d070023070e1104d0d913cab0f11
imdb_dirichlet_0_4_rank_mismatch_flora_-train-20260814_182433-9b4abaa5019fcbb4.csv,imdb,imdb,nlp,flora,unspecified,flora,flora,tiny_bert_lora,imdb_dirichlet_0_4,dirichlet,0.4,,mismatch,explicit_name,,0.25;0.6394;1;0.6426;0.9658;0.9664;0.8244;0.8063;0.5738;0.6896,100,1,complete,101,0.54576,1,0.54552,100,20260814_182433,9b4abaa5019fcbb4,imdb_dirichlet_0_4_rank_mismatch_flora_-train-20260814_182433-9b4abaa5019fcbb4.csv,raw\imdb_dirichlet_0_4_rank_mismatch_flora_-train-20260814_182433-9b4abaa5019fcbb4.csv,by_dataset\nlp\imdb\flora\unspecified\mismatch\alpha_0.4\imdb_dirichlet_0_4_rank_mismatch_flora_-train-20260814_182433-9b4abaa5019fcbb4.csv,31807,d554e35bcb855303a74652d2ed3ebb25f80ec9a04dfa73e91162560af6181bb0
imdb_dirichlet_0_4_rank_mismatch_flora_correct_-train-20260817_070153-1f8c7cada5552c3e.csv,imdb,imdb,nlp,flora,corrected,flora,flora,tiny_bert_lora,imdb_dirichlet_0_4,dirichlet,0.4,,mismatch,explicit_name,,0.25;0.6394;1;0.6426;0.9658;0.9664;0.8244;0.8063;0.5738;0.6896,100,1,complete,101,0.82376,41,0.80856,100,20260817_070153,1f8c7cada5552c3e,imdb_dirichlet_0_4_rank_mismatch_flora_correct_-train-20260817_070153-1f8c7cada5552c3e.csv,raw\imdb_dirichlet_0_4_rank_mismatch_flora_correct_-train-20260817_070153-1f8c7cada5552c3e.csv,by_dataset\nlp\imdb\flora\corrected\mismatch\alpha_0.4\imdb_dirichlet_0_4_rank_mismatch_flora_correct_-train-20260817_070153-1f8c7cada5552c3e.csv,32147,9a170624e11c31d12c5188b44bd29400c38e81889cc77b5356794325da29c9ec
imdb_dirichlet_0_4_rank_mismatch_rbla_-train-20260812_210458-aeff1ef66e04df90.csv,imdb,imdb,nlp,rbla,standard,rbla,rbla,tiny_bert_lora,imdb_dirichlet_0_4,dirichlet,0.4,,mismatch,explicit_name,,0.25;0.6394;1;0.6426;0.9658;0.9664;0.8244;0.8063;0.5738;0.6896,100,1,complete,101,0.83096,11,0.80368,100,20260812_210458,aeff1ef66e04df90,imdb_dirichlet_0_4_rank_mismatch_rbla_-train-20260812_210458-aeff1ef66e04df90.csv,raw\imdb_dirichlet_0_4_rank_mismatch_rbla_-train-20260812_210458-aeff1ef66e04df90.csv,by_dataset\nlp\imdb\rbla\standard\mismatch\alpha_0.4\imdb_dirichlet_0_4_rank_mismatch_rbla_-train-20260812_210458-aeff1ef66e04df90.csv,32453,1733f46175992bd7153bd6d0838271ad29295de72be96cc6a16d447073d7522f
imdb_dirichlet_0_4_rank_mismatch_rbla_plus_-train-20260812_214623-8ac377ab29d18c10.csv,imdb,imdb,nlp,rbla_plus,standard,sp_plus,sp_plus,tiny_bert_lora,imdb_dirichlet_0_4,dirichlet,0.4,,mismatch,explicit_name,,0.25;0.6394;1;0.6426;0.9658;0.9664;0.8244;0.8063;0.5738;0.6896,100,1,complete,101,0.81412,88,0.81192,100,20260812_214623,8ac377ab29d18c10,imdb_dirichlet_0_4_rank_mismatch_rbla_plus_-train-20260812_214623-8ac377ab29d18c10.csv,raw\imdb_dirichlet_0_4_rank_mismatch_rbla_plus_-train-20260812_214623-8ac377ab29d18c10.csv,by_dataset\nlp\imdb\rbla_plus\standard\mismatch\alpha_0.4\imdb_dirichlet_0_4_rank_mismatch_rbla_plus_-train-20260812_214623-8ac377ab29d18c10.csv,41685,fa3a3dad5ad4d999d01b3b968d98d0a750fe6759d72d0b250fda97039bf61090
imdb_dirichlet_0_4_rank_mismatch_sp_-train-20260812_222750-af274ac5a7e99bc2.csv,imdb,imdb,nlp,sp,standard,sp,sp,tiny_bert_lora,imdb_dirichlet_0_4,dirichlet,0.4,,mismatch,explicit_name,,0.25;0.6394;1;0.6426;0.9658;0.9664;0.8244;0.8063;0.5738;0.6896,100,1,complete,101,0.80972,64,0.78764,100,20260812_222750,af274ac5a7e99bc2,imdb_dirichlet_0_4_rank_mismatch_sp_-train-20260812_222750-af274ac5a7e99bc2.csv,raw\imdb_dirichlet_0_4_rank_mismatch_sp_-train-20260812_222750-af274ac5a7e99bc2.csv,by_dataset\nlp\imdb\sp\standard\mismatch\alpha_0.4\imdb_dirichlet_0_4_rank_mismatch_sp_-train-20260812_222750-af274ac5a7e99bc2.csv,32112,e49516aa182bed6d980e110dbb61bbbcb2f97ffd86c5d599a3b557a6f0960de6
imdb_dirichlet_0_4_rank_mismatch_zeropadding_-train-20260812_230945-480a50d7a0d8dc44.csv,imdb,imdb,nlp,zeropadding,standard,zeropadding,rbla,tiny_bert_lora,imdb_dirichlet_0_4,dirichlet,0.4,,mismatch,explicit_name,,0.25;0.6394;1;0.6426;0.9658;0.9664;0.8244;0.8063;0.5738;0.6896,100,1,complete,101,0.81836,15,0.7776,100,20260812_230945,480a50d7a0d8dc44,imdb_dirichlet_0_4_rank_mismatch_zeropadding_-train-20260812_230945-480a50d7a0d8dc44.csv,raw\imdb_dirichlet_0_4_rank_mismatch_zeropadding_-train-20260812_230945-480a50d7a0d8dc44.csv,by_dataset\nlp\imdb\zeropadding\standard\mismatch\alpha_0.4\imdb_dirichlet_0_4_rank_mismatch_zeropadding_-train-20260812_230945-480a50d7a0d8dc44.csv,32202,c2316bb41e8d7d1298169f3699d0292d0a78714b9e8c9b927f4aac69c187fc1c
kmnist_dirichlet_0_4_rank_correct_flora_-train-20260813_085443-3ddf35a744642ccf.csv,kmnist,kmnist,mnist_family,flora,unspecified,flora,flora,simple_lora_mlp,kmnist_dirichlet_0_4,dirichlet,0.4,,correct,explicit_name,,1;0.6984;0.3485;0.4325;0.4444;0.4387;0.7759;0.4517;0.25;0.6419,100,5,complete,101,0.1022,0,0.1022,100,20260813_085443,3ddf35a744642ccf,kmnist_dirichlet_0_4_rank_correct_flora_-train-20260813_085443-3ddf35a744642ccf.csv,raw\kmnist_dirichlet_0_4_rank_correct_flora_-train-20260813_085443-3ddf35a744642ccf.csv,by_dataset\mnist_family\kmnist\flora\unspecified\correct\alpha_0.4\kmnist_dirichlet_0_4_rank_correct_flora_-train-20260813_085443-3ddf35a744642ccf.csv,31273,f5fe3bf04cbe76ba8b1aba3e0e535d6ff4fe1000bbdb013b616eb3a45e68c7bc
kmnist_dirichlet_0_4_rank_correct_flora_correct_-train-20260815_213656-8780e15d29877154.csv,kmnist,kmnist,mnist_family,flora,corrected,flora,flora,simple_lora_mlp,kmnist_dirichlet_0_4,dirichlet,0.4,,correct,explicit_name,,1;0.6984;0.3485;0.4325;0.4444;0.4387;0.7759;0.4517;0.25;0.6419,100,5,complete,101,0.1471,57,0.1292,100,20260815_213656,8780e15d29877154,kmnist_dirichlet_0_4_rank_correct_flora_correct_-train-20260815_213656-8780e15d29877154.csv,raw\kmnist_dirichlet_0_4_rank_correct_flora_correct_-train-20260815_213656-8780e15d29877154.csv,by_dataset\mnist_family\kmnist\flora\corrected\correct\alpha_0.4\kmnist_dirichlet_0_4_rank_correct_flora_correct_-train-20260815_213656-8780e15d29877154.csv,30303,7d8a03ccad68acd371340e784ddea3bde965f16b2441d2a76afe11ff3d6ca544
kmnist_dirichlet_0_4_rank_medium_flora_-train-20260814_021358-7f499170184688ef.csv,kmnist,kmnist,mnist_family,flora,unspecified,flora,flora,simple_lora_mlp,kmnist_dirichlet_0_4,dirichlet,0.4,,medium,explicit_name,,0.4444;0.4517;0.6419;0.6984;0.25;0.7759;0.4387;0.4325;0.3485;1,100,5,complete,101,0.1018,0,0.1018,100,20260814_021358,7f499170184688ef,kmnist_dirichlet_0_4_rank_medium_flora_-train-20260814_021358-7f499170184688ef.csv,raw\kmnist_dirichlet_0_4_rank_medium_flora_-train-20260814_021358-7f499170184688ef.csv,by_dataset\mnist_family\kmnist\flora\unspecified\medium\alpha_0.4\kmnist_dirichlet_0_4_rank_medium_flora_-train-20260814_021358-7f499170184688ef.csv,31373,00c2c1d9056853d950272a6f4b7d8337f61d8204c276b980b1f1c07f8ee5ad92
kmnist_dirichlet_0_4_rank_medium_flora_correct_-train-20260816_145426-424477d23624529a.csv,kmnist,kmnist,mnist_family,flora,corrected,flora,flora,simple_lora_mlp,kmnist_dirichlet_0_4,dirichlet,0.4,,medium,explicit_name,,0.4444;0.4517;0.6419;0.6984;0.25;0.7759;0.4387;0.4325;0.3485;1,100,5,complete,101,0.1475,58,0.1286,100,20260816_145426,424477d23624529a,kmnist_dirichlet_0_4_rank_medium_flora_correct_-train-20260816_145426-424477d23624529a.csv,raw\kmnist_dirichlet_0_4_rank_medium_flora_correct_-train-20260816_145426-424477d23624529a.csv,by_dataset\mnist_family\kmnist\flora\corrected\medium\alpha_0.4\kmnist_dirichlet_0_4_rank_medium_flora_correct_-train-20260816_145426-424477d23624529a.csv,30194,29789e8496b8a66068d9953c2f8bff9a525021ba718b10276f50ddaf46ff04f9
kmnist_dirichlet_0_4_rank_mismatch_cost_matched_flora_-train-20260814_034829-257a295e3b87bdd1.csv,kmnist,kmnist,mnist_family,flora,unspecified,flora,flora,simple_lora_mlp,kmnist_dirichlet_0_4,dirichlet,0.4,,mismatch,explicit_name,,0.25;0.4325;0.7759;0.6984;0.4517;0.6419;0.3485;0.4444;1;0.4387,100,5,complete,101,0.1009,0,0.1009,100,20260814_034829,257a295e3b87bdd1,kmnist_dirichlet_0_4_rank_mismatch_cost_matched_flora_-train-20260814_034829-257a295e3b87bdd1.csv,raw\kmnist_dirichlet_0_4_rank_mismatch_cost_matched_flora_-train-20260814_034829-257a295e3b87bdd1.csv,by_dataset\mnist_family\kmnist\flora\unspecified\mismatch\alpha_0.4\kmnist_dirichlet_0_4_rank_mismatch_cost_matched_flora_-train-20260814_034829-257a295e3b87bdd1.csv,31287,43c801958edd9d161e59071a1cc29a0e7a6e3eada899ac93ab829812bd45bebb
kmnist_dirichlet_0_4_rank_mismatch_cost_matched_flora_correct_-train-20260816_162900-8bf9547f8c1abb84.csv,kmnist,kmnist,mnist_family,flora,corrected,flora,flora,simple_lora_mlp,kmnist_dirichlet_0_4,dirichlet,0.4,,mismatch,explicit_name,,0.25;0.4325;0.7759;0.6984;0.4517;0.6419;0.3485;0.4444;1;0.4387,100,5,complete,101,0.1458,59,0.1292,100,20260816_162900,8bf9547f8c1abb84,kmnist_dirichlet_0_4_rank_mismatch_cost_matched_flora_correct_-train-20260816_162900-8bf9547f8c1abb84.csv,raw\kmnist_dirichlet_0_4_rank_mismatch_cost_matched_flora_correct_-train-20260816_162900-8bf9547f8c1abb84.csv,by_dataset\mnist_family\kmnist\flora\corrected\mismatch\alpha_0.4\kmnist_dirichlet_0_4_rank_mismatch_cost_matched_flora_correct_-train-20260816_162900-8bf9547f8c1abb84.csv,30390,00f6ebce53444aabfcab7ffba3e83d1b31f6318774d74051504cd6ceb8d540c5
mnist_dirichlet_0_4_rank_correct_flora_-train-20260813_081334-4590ade8f44a0bb0.csv,mnist,mnist,mnist_family,flora,unspecified,flora,flora,simple_lora_mlp,mnist_dirichlet_0_4,dirichlet,0.4,,correct,explicit_name,,0.3013;0.8899;0.3517;0.391;0.625;0.475;0.3195;1;0.25;0.899,100,5,complete,101,0.0965,0,0.0965,100,20260813_081334,4590ade8f44a0bb0,mnist_dirichlet_0_4_rank_correct_flora_-train-20260813_081334-4590ade8f44a0bb0.csv,raw\mnist_dirichlet_0_4_rank_correct_flora_-train-20260813_081334-4590ade8f44a0bb0.csv,by_dataset\mnist_family\mnist\flora\unspecified\correct\alpha_0.4\mnist_dirichlet_0_4_rank_correct_flora_-train-20260813_081334-4590ade8f44a0bb0.csv,30899,507cc26f81753fd366a3953b30c86cd38e46792b5ffe61947278fc8806c63486
mnist_dirichlet_0_4_rank_correct_flora_correct_-train-20260815_205538-6efa94f5b1a85276.csv,mnist,mnist,mnist_family,flora,corrected,flora,flora,simple_lora_mlp,mnist_dirichlet_0_4,dirichlet,0.4,,correct,explicit_name,,0.3013;0.8899;0.3517;0.391;0.625;0.475;0.3195;1;0.25;0.899,100,5,complete,101,0.6629,99,0.6617,100,20260815_205538,6efa94f5b1a85276,mnist_dirichlet_0_4_rank_correct_flora_correct_-train-20260815_205538-6efa94f5b1a85276.csv,raw\mnist_dirichlet_0_4_rank_correct_flora_correct_-train-20260815_205538-6efa94f5b1a85276.csv,by_dataset\mnist_family\mnist\flora\corrected\correct\alpha_0.4\mnist_dirichlet_0_4_rank_correct_flora_correct_-train-20260815_205538-6efa94f5b1a85276.csv,30561,772a82fd41c3f7bf39df9e88b54f0a4a2af6fcb54e6735f7dac95c4bd3938ec8
mnist_dirichlet_0_4_rank_medium_flora_-train-20260814_013242-5c896e6e283127cd.csv,mnist,mnist,mnist_family,flora,unspecified,flora,flora,simple_lora_mlp,mnist_dirichlet_0_4,dirichlet,0.4,,medium,explicit_name,,0.625;0.475;0.899;0.25;1;0.3195;0.8899;0.391;0.3013;0.3517,100,5,complete,101,0.0941,0,0.0941,100,20260814_013242,5c896e6e283127cd,mnist_dirichlet_0_4_rank_medium_flora_-train-20260814_013242-5c896e6e283127cd.csv,raw\mnist_dirichlet_0_4_rank_medium_flora_-train-20260814_013242-5c896e6e283127cd.csv,by_dataset\mnist_family\mnist\flora\unspecified\medium\alpha_0.4\mnist_dirichlet_0_4_rank_medium_flora_-train-20260814_013242-5c896e6e283127cd.csv,31100,0315b1dbf071fa4b06833aad4a5a154281f8c8aa625371b0c6274e647771196a
mnist_dirichlet_0_4_rank_medium_flora_correct_-train-20260816_141310-9dfc884c9a68830a.csv,mnist,mnist,mnist_family,flora,corrected,flora,flora,simple_lora_mlp,mnist_dirichlet_0_4,dirichlet,0.4,,medium,explicit_name,,0.625;0.475;0.899;0.25;1;0.3195;0.8899;0.391;0.3013;0.3517,100,5,complete,101,0.6422,100,0.6422,100,20260816_141310,9dfc884c9a68830a,mnist_dirichlet_0_4_rank_medium_flora_correct_-train-20260816_141310-9dfc884c9a68830a.csv,raw\mnist_dirichlet_0_4_rank_medium_flora_correct_-train-20260816_141310-9dfc884c9a68830a.csv,by_dataset\mnist_family\mnist\flora\corrected\medium\alpha_0.4\mnist_dirichlet_0_4_rank_medium_flora_correct_-train-20260816_141310-9dfc884c9a68830a.csv,30560,1b6435c2f7185243ab31bbdcaff137d3c95f7b7d3195d5c041f5c0144d20edcd
mnist_dirichlet_0_4_rank_mismatch_cost_matched_flora_-train-20260814_030726-a8ab7062b23cfc8e.csv,mnist,mnist,mnist_family,flora,unspecified,flora,flora,simple_lora_mlp,mnist_dirichlet_0_4,dirichlet,0.4,,mismatch,explicit_name,,0.899;0.3195;0.625;0.475;0.3517;0.391;0.8899;0.25;1;0.3013,100,5,complete,101,0.0953,0,0.0953,100,20260814_030726,a8ab7062b23cfc8e,mnist_dirichlet_0_4_rank_mismatch_cost_matched_flora_-train-20260814_030726-a8ab7062b23cfc8e.csv,raw\mnist_dirichlet_0_4_rank_mismatch_cost_matched_flora_-train-20260814_030726-a8ab7062b23cfc8e.csv,by_dataset\mnist_family\mnist\flora\unspecified\mismatch\alpha_0.4\mnist_dirichlet_0_4_rank_mismatch_cost_matched_flora_-train-20260814_030726-a8ab7062b23cfc8e.csv,31418,ca4df6a8db0472c839cb8c84aa7fe6d1348a837381e68f29e5d48962e49182e2
mnist_dirichlet_0_4_rank_mismatch_cost_matched_flora_correct_-train-20260816_154747-08e574c0e7a5c841.csv,mnist,mnist,mnist_family,flora,corrected,flora,flora,simple_lora_mlp,mnist_dirichlet_0_4,dirichlet,0.4,,mismatch,explicit_name,,0.899;0.3195;0.625;0.475;0.3517;0.391;0.8899;0.25;1;0.3013,100,5,complete,101,0.6513,94,0.6459,100,20260816_154747,08e574c0e7a5c841,mnist_dirichlet_0_4_rank_mismatch_cost_matched_flora_correct_-train-20260816_154747-08e574c0e7a5c841.csv,raw\mnist_dirichlet_0_4_rank_mismatch_cost_matched_flora_correct_-train-20260816_154747-08e574c0e7a5c841.csv,by_dataset\mnist_family\mnist\flora\corrected\mismatch\alpha_0.4\mnist_dirichlet_0_4_rank_mismatch_cost_matched_flora_correct_-train-20260816_154747-08e574c0e7a5c841.csv,30497,f201f83609899152d6f9b2c6b5ec9f8a6ab2b92912438b2ad6c78b8273f762a9
mnli_dirichlet_0_4_rank_correct_flora_-train-20260813_192440-20505c43ab8d9462.csv,mnli,mnli,nlp,flora,unspecified,flora,flora,tiny_bert_lora,mnli_dirichlet_0_4,dirichlet,0.4,,correct,explicit_name,,0.795445;0.727264;0.81249;0.829535;0.795445;1;0.573871;0.573858;0.573858;0.25,100,1,complete,101,0.357208354559,0,0.357004584819,100,20260813_192440,20505c43ab8d9462,mnli_dirichlet_0_4_rank_correct_flora_-train-20260813_192440-20505c43ab8d9462.csv,raw\mnli_dirichlet_0_4_rank_correct_flora_-train-20260813_192440-20505c43ab8d9462.csv,by_dataset\nlp\mnli\flora\unspecified\correct\alpha_0.4\mnli_dirichlet_0_4_rank_correct_flora_-train-20260813_192440-20505c43ab8d9462.csv,37809,84777b5e674e5ad77f5c87f5e3ab29620a3aeaf90336ca0163c6fd9983647563
mnli_dirichlet_0_4_rank_correct_flora_correct_-train-20260816_080520-c7dbe849fc6ae7ab.csv,mnli,mnli,nlp,flora,corrected,flora,flora,tiny_bert_lora,mnli_dirichlet_0_4,dirichlet,0.4,,correct,explicit_name,,0.795445;0.727264;0.81249;0.829535;0.795445;1;0.573871;0.573858;0.573858;0.25,100,1,complete,101,0.65277636271,100,0.65277636271,100,20260816_080520,c7dbe849fc6ae7ab,mnli_dirichlet_0_4_rank_correct_flora_correct_-train-20260816_080520-c7dbe849fc6ae7ab.csv,raw\mnli_dirichlet_0_4_rank_correct_flora_correct_-train-20260816_080520-c7dbe849fc6ae7ab.csv,by_dataset\nlp\mnli\flora\corrected\correct\alpha_0.4\mnli_dirichlet_0_4_rank_correct_flora_correct_-train-20260816_080520-c7dbe849fc6ae7ab.csv,37086,c641feb20422ea68f87936df943556784db99cf777a332cec5557d6adf67dd90
mnli_dirichlet_0_4_rank_correct_rbla_-train-20260805_154433-0a5ec1a44000a89c.csv,mnli,mnli,nlp,rbla,standard,rbla,rbla,tiny_bert_lora,mnli_dirichlet_0_4,dirichlet,0.4,,correct,explicit_name,,0.7954;0.7273;0.8125;0.8295;0.7954;1;0.5739;0.5739;0.5739;0.25,100,1,complete,101,0.502496179317,3,0.444727457972,100,20260805_154433,0a5ec1a44000a89c,mnli_dirichlet_0_4_rank_correct_rbla_-train-20260805_154433-0a5ec1a44000a89c.csv,raw\mnli_dirichlet_0_4_rank_correct_rbla_-train-20260805_154433-0a5ec1a44000a89c.csv,by_dataset\nlp\mnli\rbla\standard\correct\alpha_0.4\mnli_dirichlet_0_4_rank_correct_rbla_-train-20260805_154433-0a5ec1a44000a89c.csv,37445,05f1ad6e45ad84dc6a1487295fd1ee3f87384365789b11d8c72c21bf7d18fe2f
mnli_dirichlet_0_4_rank_correct_rbla_plus_-train-20260805_200341-087df6e45310afec.csv,mnli,mnli,nlp,rbla_plus,standard,sp_plus,sp_plus,tiny_bert_lora,mnli_dirichlet_0_4,dirichlet,0.4,,correct,explicit_name,,0.7954;0.7273;0.8125;0.8295;0.7954;1;0.5739;0.5739;0.5739;0.25,100,1,complete,101,0.645134997453,37,0.622822210902,100,20260805_200341,087df6e45310afec,mnli_dirichlet_0_4_rank_correct_rbla_plus_-train-20260805_200341-087df6e45310afec.csv,raw\mnli_dirichlet_0_4_rank_correct_rbla_plus_-train-20260805_200341-087df6e45310afec.csv,by_dataset\nlp\mnli\rbla_plus\standard\correct\alpha_0.4\mnli_dirichlet_0_4_rank_correct_rbla_plus_-train-20260805_200341-087df6e45310afec.csv,46572,5edf65af75a339fbcce8c87a8b2f92201f5c79dd1f43e96e3e889334900ca3ce
mnli_dirichlet_0_4_rank_correct_sp_-train-20260806_002259-944e364e7eeedc2b.csv,mnli,mnli,nlp,sp,standard,sp,sp,tiny_bert_lora,mnli_dirichlet_0_4,dirichlet,0.4,,correct,explicit_name,,0.7954;0.7273;0.8125;0.8295;0.7954;1;0.5739;0.5739;0.5739;0.25,100,1,complete,101,0.616709118696,65,0.613143148242,100,20260806_002259,944e364e7eeedc2b,mnli_dirichlet_0_4_rank_correct_sp_-train-20260806_002259-944e364e7eeedc2b.csv,raw\mnli_dirichlet_0_4_rank_correct_sp_-train-20260806_002259-944e364e7eeedc2b.csv,by_dataset\nlp\mnli\sp\standard\correct\alpha_0.4\mnli_dirichlet_0_4_rank_correct_sp_-train-20260806_002259-944e364e7eeedc2b.csv,36934,1cdb51c86ad65e382b5223c6c4de9ccf1f16d4bf9f35a8abb42934df497b4154
mnli_dirichlet_0_4_rank_correct_zeropadding_-train-20260806_044246-5eec21ff6bcf6572.csv,mnli,mnli,nlp,zeropadding,standard,zeropadding,rbla,tiny_bert_lora,mnli_dirichlet_0_4,dirichlet,0.4,,correct,explicit_name,,0.7954;0.7273;0.8125;0.8295;0.7954;1;0.5739;0.5739;0.5739;0.25,100,1,complete,101,0.623433520122,79,0.62098828324,100,20260806_044246,5eec21ff6bcf6572,mnli_dirichlet_0_4_rank_correct_zeropadding_-train-20260806_044246-5eec21ff6bcf6572.csv,raw\mnli_dirichlet_0_4_rank_correct_zeropadding_-train-20260806_044246-5eec21ff6bcf6572.csv,by_dataset\nlp\mnli\zeropadding\standard\correct\alpha_0.4\mnli_dirichlet_0_4_rank_correct_zeropadding_-train-20260806_044246-5eec21ff6bcf6572.csv,36939,fc033cd5f222bbc725cb1f4a005a9e9df3fbcac1a29e5166716264f57f3b5432
mnli_dirichlet_0_4_rank_mismatch_flora_-train-20260814_141755-25c056b9bf0c8edf.csv,mnli,mnli,nlp,flora,unspecified,flora,flora,tiny_bert_lora,mnli_dirichlet_0_4,dirichlet,0.4,,mismatch,explicit_name,,0.454555;0.522736;0.43751;0.420465;0.454555;0.25;0.676129;0.676142;0.676142;1,100,1,complete,101,0.350993377483,0,0.350891492613,100,20260814_141755,25c056b9bf0c8edf,mnli_dirichlet_0_4_rank_mismatch_flora_-train-20260814_141755-25c056b9bf0c8edf.csv,raw\mnli_dirichlet_0_4_rank_mismatch_flora_-train-20260814_141755-25c056b9bf0c8edf.csv,by_dataset\nlp\mnli\flora\unspecified\mismatch\alpha_0.4\mnli_dirichlet_0_4_rank_mismatch_flora_-train-20260814_141755-25c056b9bf0c8edf.csv,37514,4a2aae9cd9c2629de9b5156dc72b8006be73de9e8689ad57f59baff0818e4bff
mnli_dirichlet_0_4_rank_mismatch_flora_correct_-train-20260817_025500-2ed613c03ec8931b.csv,mnli,mnli,nlp,flora,corrected,flora,flora,tiny_bert_lora,mnli_dirichlet_0_4,dirichlet,0.4,,mismatch,explicit_name,,0.454555;0.522736;0.43751;0.420465;0.454555;0.25;0.676129;0.676142;0.676142;1,100,1,complete,101,0.654915944982,97,0.653693326541,100,20260817_025500,2ed613c03ec8931b,mnli_dirichlet_0_4_rank_mismatch_flora_correct_-train-20260817_025500-2ed613c03ec8931b.csv,raw\mnli_dirichlet_0_4_rank_mismatch_flora_correct_-train-20260817_025500-2ed613c03ec8931b.csv,by_dataset\nlp\mnli\flora\corrected\mismatch\alpha_0.4\mnli_dirichlet_0_4_rank_mismatch_flora_correct_-train-20260817_025500-2ed613c03ec8931b.csv,37095,2f7f223feea320593b9744276e727e1afce2b15a4a95c8da36f3e3022b686d77
mnli_dirichlet_0_4_rank_mismatch_rbla_-train-20260812_035105-ab3f05110ff4477d.csv,mnli,mnli,nlp,rbla,standard,rbla,rbla,tiny_bert_lora,mnli_dirichlet_0_4,dirichlet,0.4,,mismatch,explicit_name,,0.454555;0.522736;0.43751;0.420465;0.454555;0.25;0.676129;0.676142;0.676142;1,100,1,complete,101,0.577992868059,7,0.377381558839,100,20260812_035105,ab3f05110ff4477d,mnli_dirichlet_0_4_rank_mismatch_rbla_-train-20260812_035105-ab3f05110ff4477d.csv,raw\mnli_dirichlet_0_4_rank_mismatch_rbla_-train-20260812_035105-ab3f05110ff4477d.csv,by_dataset\nlp\mnli\rbla\standard\mismatch\alpha_0.4\mnli_dirichlet_0_4_rank_mismatch_rbla_-train-20260812_035105-ab3f05110ff4477d.csv,37583,6bd271ae6033fa80231930af8017b21fdd78d59c1c1f8a1294ce6b3123cb6e4b
mnli_dirichlet_0_4_rank_mismatch_rbla_plus_-train-20260812_080957-8088910697a516e4.csv,mnli,mnli,nlp,rbla_plus,standard,sp_plus,sp_plus,tiny_bert_lora,mnli_dirichlet_0_4,dirichlet,0.4,,mismatch,explicit_name,,0.454555;0.522736;0.43751;0.420465;0.454555;0.25;0.676129;0.676142;0.676142;1,100,1,complete,101,0.60020376974,46,0.582985226694,100,20260812_080957,8088910697a516e4,mnli_dirichlet_0_4_rank_mismatch_rbla_plus_-train-20260812_080957-8088910697a516e4.csv,raw\mnli_dirichlet_0_4_rank_mismatch_rbla_plus_-train-20260812_080957-8088910697a516e4.csv,by_dataset\nlp\mnli\rbla_plus\standard\mismatch\alpha_0.4\mnli_dirichlet_0_4_rank_mismatch_rbla_plus_-train-20260812_080957-8088910697a516e4.csv,46728,3c9eae1d10770a030d194e7bf534ce8a3c4ab820274bb2ee6a3132107c066940
mnli_dirichlet_0_4_rank_mismatch_sp_-train-20260812_122837-455774db4df59b98.csv,mnli,mnli,nlp,sp,standard,sp,sp,tiny_bert_lora,mnli_dirichlet_0_4,dirichlet,0.4,,mismatch,explicit_name,,0.454555;0.522736;0.43751;0.420465;0.454555;0.25;0.676129;0.676142;0.676142;1,100,1,complete,101,0.46316861946,79,0.458481915436,100,20260812_122837,455774db4df59b98,mnli_dirichlet_0_4_rank_mismatch_sp_-train-20260812_122837-455774db4df59b98.csv,raw\mnli_dirichlet_0_4_rank_mismatch_sp_-train-20260812_122837-455774db4df59b98.csv,by_dataset\nlp\mnli\sp\standard\mismatch\alpha_0.4\mnli_dirichlet_0_4_rank_mismatch_sp_-train-20260812_122837-455774db4df59b98.csv,37252,34077f4269a19b31d26e1dc77115e9e2d28965e7595aa60729c267563eb35636
mnli_dirichlet_0_4_rank_mismatch_zeropadding_-train-20260812_164742-ac06a65d0dcba234.csv,mnli,mnli,nlp,zeropadding,standard,zeropadding,rbla,tiny_bert_lora,mnli_dirichlet_0_4,dirichlet,0.4,,mismatch,explicit_name,,0.454555;0.522736;0.43751;0.420465;0.454555;0.25;0.676129;0.676142;0.676142;1,100,1,complete,101,0.435252165053,79,0.433418237392,100,20260812_164742,ac06a65d0dcba234,mnli_dirichlet_0_4_rank_mismatch_zeropadding_-train-20260812_164742-ac06a65d0dcba234.csv,raw\mnli_dirichlet_0_4_rank_mismatch_zeropadding_-train-20260812_164742-ac06a65d0dcba234.csv,by_dataset\nlp\mnli\zeropadding\standard\mismatch\alpha_0.4\mnli_dirichlet_0_4_rank_mismatch_zeropadding_-train-20260812_164742-ac06a65d0dcba234.csv,37368,11238c8935cfc336ae4a46843fe160c5a213073696f06dac1d2c84725611625c
mrpc_dirichlet_0_4_rank_correct_flora_-train-20260813_191257-27ae5cc059f886be.csv,mrpc,mrpc,nlp,flora,unspecified,flora,flora,tiny_bert_lora,mrpc_dirichlet_0_4,dirichlet,0.4,,correct,explicit_name,,0.6613;0.573;0.5092;0.5681;0.6417;1;0.7006;0.5141;0.3374;0.25,100,3,complete,101,0.664347826087,0,0.664347826087,100,20260813_191257,27ae5cc059f886be,mrpc_dirichlet_0_4_rank_correct_flora_-train-20260813_191257-27ae5cc059f886be.csv,raw\mrpc_dirichlet_0_4_rank_correct_flora_-train-20260813_191257-27ae5cc059f886be.csv,by_dataset\nlp\mrpc\flora\unspecified\correct\alpha_0.4\mrpc_dirichlet_0_4_rank_correct_flora_-train-20260813_191257-27ae5cc059f886be.csv,36995,580dd532fd468f1af806780ebf53f58b1aafc0c96874c06676f2d65bc57a165d
mrpc_dirichlet_0_4_rank_correct_flora_correct_-train-20260816_075334-1208abda368f4116.csv,mrpc,mrpc,nlp,flora,corrected,flora,flora,tiny_bert_lora,mrpc_dirichlet_0_4,dirichlet,0.4,,correct,explicit_name,,0.6613;0.573;0.5092;0.5681;0.6417;1;0.7006;0.5141;0.3374;0.25,100,3,complete,101,0.703768115942,85,0.695072463768,100,20260816_075334,1208abda368f4116,mrpc_dirichlet_0_4_rank_correct_flora_correct_-train-20260816_075334-1208abda368f4116.csv,raw\mrpc_dirichlet_0_4_rank_correct_flora_correct_-train-20260816_075334-1208abda368f4116.csv,by_dataset\nlp\mrpc\flora\corrected\correct\alpha_0.4\mrpc_dirichlet_0_4_rank_correct_flora_correct_-train-20260816_075334-1208abda368f4116.csv,35007,cfa405ee3d3010e0b15dc72c3c36e0a092df91d9091b6523ea04918f650dc4e9
mrpc_dirichlet_0_4_rank_correct_rbla_-train-20260805_063658-6fc32fcea09afb94.csv,mrpc,mrpc,nlp,rbla,standard,rbla,rbla,tiny_bert_lora,mrpc_dirichlet_0_4,dirichlet,0.4,,correct,explicit_name,,0.6613;0.573;0.5092;0.5681;0.6417;1;0.7006;0.5141;0.3374;0.25,100,3,complete,101,0.675942028986,9,0.668405797101,100,20260805_063658,6fc32fcea09afb94,mrpc_dirichlet_0_4_rank_correct_rbla_-train-20260805_063658-6fc32fcea09afb94.csv,raw\mrpc_dirichlet_0_4_rank_correct_rbla_-train-20260805_063658-6fc32fcea09afb94.csv,by_dataset\nlp\mrpc\rbla\standard\correct\alpha_0.4\mrpc_dirichlet_0_4_rank_correct_rbla_-train-20260805_063658-6fc32fcea09afb94.csv,36806,d2cc87c7262bea760a8d552d575ed9340b4ced885f886a3cfe6ab14c70840242
mrpc_dirichlet_0_4_rank_correct_rbla_plus_-train-20260805_064736-ff9188e272cecf1f.csv,mrpc,mrpc,nlp,rbla_plus,standard,sp_plus,sp_plus,tiny_bert_lora,mrpc_dirichlet_0_4,dirichlet,0.4,,correct,explicit_name,,0.6613;0.573;0.5092;0.5681;0.6417;1;0.7006;0.5141;0.3374;0.25,100,3,complete,101,0.682898550725,54,0.680579710145,100,20260805_064736,ff9188e272cecf1f,mrpc_dirichlet_0_4_rank_correct_rbla_plus_-train-20260805_064736-ff9188e272cecf1f.csv,raw\mrpc_dirichlet_0_4_rank_correct_rbla_plus_-train-20260805_064736-ff9188e272cecf1f.csv,by_dataset\nlp\mrpc\rbla_plus\standard\correct\alpha_0.4\mrpc_dirichlet_0_4_rank_correct_rbla_plus_-train-20260805_064736-ff9188e272cecf1f.csv,45292,6f3c6da99342a83c319e8eeb830eefbc46be8dced2c28fd8333a15bb93829577
mrpc_dirichlet_0_4_rank_correct_sp_-train-20260805_065811-0641df2007c33a74.csv,mrpc,mrpc,nlp,sp,standard,sp,sp,tiny_bert_lora,mrpc_dirichlet_0_4,dirichlet,0.4,,correct,explicit_name,,0.6613;0.573;0.5092;0.5681;0.6417;1;0.7006;0.5141;0.3374;0.25,100,3,complete,101,0.685217391304,91,0.68347826087,100,20260805_065811,0641df2007c33a74,mrpc_dirichlet_0_4_rank_correct_sp_-train-20260805_065811-0641df2007c33a74.csv,raw\mrpc_dirichlet_0_4_rank_correct_sp_-train-20260805_065811-0641df2007c33a74.csv,by_dataset\nlp\mrpc\sp\standard\correct\alpha_0.4\mrpc_dirichlet_0_4_rank_correct_sp_-train-20260805_065811-0641df2007c33a74.csv,35344,1954c318883f47ef0f99b17bf031bdde17fdca04215ac7232b9fc0d33f5fe115
mrpc_dirichlet_0_4_rank_correct_zeropadding_-train-20260805_070919-8f959fcb658f2155.csv,mrpc,mrpc,nlp,zeropadding,standard,zeropadding,rbla,tiny_bert_lora,mrpc_dirichlet_0_4,dirichlet,0.4,,correct,explicit_name,,0.6613;0.573;0.5092;0.5681;0.6417;1;0.7006;0.5141;0.3374;0.25,100,3,complete,101,0.684637681159,85,0.681739130435,100,20260805_070919,8f959fcb658f2155,mrpc_dirichlet_0_4_rank_correct_zeropadding_-train-20260805_070919-8f959fcb658f2155.csv,raw\mrpc_dirichlet_0_4_rank_correct_zeropadding_-train-20260805_070919-8f959fcb658f2155.csv,by_dataset\nlp\mrpc\zeropadding\standard\correct\alpha_0.4\mrpc_dirichlet_0_4_rank_correct_zeropadding_-train-20260805_070919-8f959fcb658f2155.csv,36254,e9b15723ff6ec92d2e0d84b8b72f40c1bc59630623cdb12d3647cc0f0aeb0c3f
mrpc_dirichlet_0_4_rank_mismatch_flora_-train-20260814_140607-46ed36ca4700b6a9.csv,mrpc,mrpc,nlp,flora,unspecified,flora,flora,tiny_bert_lora,mrpc_dirichlet_0_4,dirichlet,0.4,,mismatch,explicit_name,,0.5887;0.677;0.7408;0.6819;0.6083;0.25;0.5494;0.7359;0.9126;1,100,3,complete,101,0.654492753623,0,0.654492753623,100,20260814_140607,46ed36ca4700b6a9,mrpc_dirichlet_0_4_rank_mismatch_flora_-train-20260814_140607-46ed36ca4700b6a9.csv,raw\mrpc_dirichlet_0_4_rank_mismatch_flora_-train-20260814_140607-46ed36ca4700b6a9.csv,by_dataset\nlp\mrpc\flora\unspecified\mismatch\alpha_0.4\mrpc_dirichlet_0_4_rank_mismatch_flora_-train-20260814_140607-46ed36ca4700b6a9.csv,37197,c58c37e9cf6d449c3fc1527a1c11121189008731a70fd0ca259a5c88e6eacffb
mrpc_dirichlet_0_4_rank_mismatch_flora_correct_-train-20260817_024312-7e4b70dffa57fd18.csv,mrpc,mrpc,nlp,flora,corrected,flora,flora,tiny_bert_lora,mrpc_dirichlet_0_4,dirichlet,0.4,,mismatch,explicit_name,,0.5887;0.677;0.7408;0.6819;0.6083;0.25;0.5494;0.7359;0.9126;1,100,3,complete,101,0.704927536232,87,0.703188405797,100,20260817_024312,7e4b70dffa57fd18,mrpc_dirichlet_0_4_rank_mismatch_flora_correct_-train-20260817_024312-7e4b70dffa57fd18.csv,raw\mrpc_dirichlet_0_4_rank_mismatch_flora_correct_-train-20260817_024312-7e4b70dffa57fd18.csv,by_dataset\nlp\mrpc\flora\corrected\mismatch\alpha_0.4\mrpc_dirichlet_0_4_rank_mismatch_flora_correct_-train-20260817_024312-7e4b70dffa57fd18.csv,35525,c948745a78d6b022ed63480845c54ddbfce19a340cf9ccac8b61d79f99d3f97d
mrpc_dirichlet_0_4_rank_mismatch_rbla_-train-20260812_030613-cef84da33fcf5b04.csv,mrpc,mrpc,nlp,rbla,standard,rbla,rbla,tiny_bert_lora,mrpc_dirichlet_0_4,dirichlet,0.4,,mismatch,explicit_name,,0.5887;0.677;0.7408;0.6819;0.6083;0.25;0.5494;0.7359;0.9126;1,100,3,complete,101,0.693913043478,25,0.684637681159,100,20260812_030613,cef84da33fcf5b04,mrpc_dirichlet_0_4_rank_mismatch_rbla_-train-20260812_030613-cef84da33fcf5b04.csv,raw\mrpc_dirichlet_0_4_rank_mismatch_rbla_-train-20260812_030613-cef84da33fcf5b04.csv,by_dataset\nlp\mrpc\rbla\standard\mismatch\alpha_0.4\mrpc_dirichlet_0_4_rank_mismatch_rbla_-train-20260812_030613-cef84da33fcf5b04.csv,36694,095b0aa8a60b6ae94b97a2915fd52905ab4dbf07d9beb7e9244dc65dd2c7c7ee
mrpc_dirichlet_0_4_rank_mismatch_rbla_plus_-train-20260812_031659-aafd5f5f07dd0759.csv,mrpc,mrpc,nlp,rbla_plus,standard,sp_plus,sp_plus,tiny_bert_lora,mrpc_dirichlet_0_4,dirichlet,0.4,,mismatch,explicit_name,,0.5887;0.677;0.7408;0.6819;0.6083;0.25;0.5494;0.7359;0.9126;1,100,3,complete,101,0.690434782609,96,0.688115942029,100,20260812_031659,aafd5f5f07dd0759,mrpc_dirichlet_0_4_rank_mismatch_rbla_plus_-train-20260812_031659-aafd5f5f07dd0759.csv,raw\mrpc_dirichlet_0_4_rank_mismatch_rbla_plus_-train-20260812_031659-aafd5f5f07dd0759.csv,by_dataset\nlp\mrpc\rbla_plus\standard\mismatch\alpha_0.4\mrpc_dirichlet_0_4_rank_mismatch_rbla_plus_-train-20260812_031659-aafd5f5f07dd0759.csv,46010,606a556ed9fae61b2567f65e2dad6f9afc586c9084f444295931e397f8ff6aad
mrpc_dirichlet_0_4_rank_mismatch_sp_-train-20260812_032744-16d293add5d84092.csv,mrpc,mrpc,nlp,sp,standard,sp,sp,tiny_bert_lora,mrpc_dirichlet_0_4,dirichlet,0.4,,mismatch,explicit_name,,0.5887;0.677;0.7408;0.6819;0.6083;0.25;0.5494;0.7359;0.9126;1,100,3,complete,101,0.706666666667,87,0.700289855072,100,20260812_032744,16d293add5d84092,mrpc_dirichlet_0_4_rank_mismatch_sp_-train-20260812_032744-16d293add5d84092.csv,raw\mrpc_dirichlet_0_4_rank_mismatch_sp_-train-20260812_032744-16d293add5d84092.csv,by_dataset\nlp\mrpc\sp\standard\mismatch\alpha_0.4\mrpc_dirichlet_0_4_rank_mismatch_sp_-train-20260812_032744-16d293add5d84092.csv,36563,85b27b43631b832d9b9948b813fd2472979c0425e97dcab826687539fb3a00c4
mrpc_dirichlet_0_4_rank_mismatch_zeropadding_-train-20260812_033857-7205d3f3091216a2.csv,mrpc,mrpc,nlp,zeropadding,standard,zeropadding,rbla,tiny_bert_lora,mrpc_dirichlet_0_4,dirichlet,0.4,,mismatch,explicit_name,,0.5887;0.677;0.7408;0.6819;0.6083;0.25;0.5494;0.7359;0.9126;1,100,3,complete,101,0.703768115942,75,0.695652173913,100,20260812_033857,7205d3f3091216a2,mrpc_dirichlet_0_4_rank_mismatch_zeropadding_-train-20260812_033857-7205d3f3091216a2.csv,raw\mrpc_dirichlet_0_4_rank_mismatch_zeropadding_-train-20260812_033857-7205d3f3091216a2.csv,by_dataset\nlp\mrpc\zeropadding\standard\mismatch\alpha_0.4\mrpc_dirichlet_0_4_rank_mismatch_zeropadding_-train-20260812_033857-7205d3f3091216a2.csv,36737,71043da3e7380b989720dca9272148fe87e13d6716d1e8a50790e636d4c4a06c
qmnist_dirichlet_0_4_rank_correct_flora_-train-20260813_091532-9736f354ef096fb4.csv,qmnist,qmnist,mnist_family,flora,unspecified,flora,flora,simple_lora_mlp,qmnist_dirichlet_0_4,dirichlet,0.4,,correct,explicit_name,,0.535;0.3836;0.4404;1;0.25;0.4416;0.3121;0.3107;0.4642;0.5644,100,5,complete,101,0.0916833333333,0,0.0916833333333,100,20260813_091532,9736f354ef096fb4,qmnist_dirichlet_0_4_rank_correct_flora_-train-20260813_091532-9736f354ef096fb4.csv,raw\qmnist_dirichlet_0_4_rank_correct_flora_-train-20260813_091532-9736f354ef096fb4.csv,by_dataset\mnist_family\qmnist\flora\unspecified\correct\alpha_0.4\qmnist_dirichlet_0_4_rank_correct_flora_-train-20260813_091532-9736f354ef096fb4.csv,33289,b28c44da765c815120a458a3d60204af8125e41efde6b1ac9c7ce38864e2519c
qmnist_dirichlet_0_4_rank_correct_flora_correct_-train-20260815_215737-24ddcbd33c3955a6.csv,qmnist,qmnist,mnist_family,flora,corrected,flora,flora,simple_lora_mlp,qmnist_dirichlet_0_4,dirichlet,0.4,,correct,explicit_name,,0.535;0.3836;0.4404;1;0.25;0.4416;0.3121;0.3107;0.4642;0.5644,100,5,complete,101,0.460233333333,100,0.460233333333,100,20260815_215737,24ddcbd33c3955a6,qmnist_dirichlet_0_4_rank_correct_flora_correct_-train-20260815_215737-24ddcbd33c3955a6.csv,raw\qmnist_dirichlet_0_4_rank_correct_flora_correct_-train-20260815_215737-24ddcbd33c3955a6.csv,by_dataset\mnist_family\qmnist\flora\corrected\correct\alpha_0.4\qmnist_dirichlet_0_4_rank_correct_flora_correct_-train-20260815_215737-24ddcbd33c3955a6.csv,32088,dd8dc184a556b214301823f89ecfd37a9f0ec26792ae20d9fd62a71effb0e037
qmnist_dirichlet_0_4_rank_medium_flora_-train-20260814_023445-5336267a205a605d.csv,qmnist,qmnist,mnist_family,flora,unspecified,flora,flora,simple_lora_mlp,qmnist_dirichlet_0_4,dirichlet,0.4,,medium,explicit_name,,0.4416;0.5644;0.25;0.4404;0.3107;0.3121;0.535;0.4642;1;0.3836,100,5,complete,101,0.0934166666667,0,0.0934166666667,100,20260814_023445,5336267a205a605d,qmnist_dirichlet_0_4_rank_medium_flora_-train-20260814_023445-5336267a205a605d.csv,raw\qmnist_dirichlet_0_4_rank_medium_flora_-train-20260814_023445-5336267a205a605d.csv,by_dataset\mnist_family\qmnist\flora\unspecified\medium\alpha_0.4\qmnist_dirichlet_0_4_rank_medium_flora_-train-20260814_023445-5336267a205a605d.csv,32379,ff908a635699462885dc11e432eb25f9dd0858c0724bcce6d524540d92fa07d7
qmnist_dirichlet_0_4_rank_medium_flora_correct_-train-20260816_151516-4971b875da17c833.csv,qmnist,qmnist,mnist_family,flora,corrected,flora,flora,simple_lora_mlp,qmnist_dirichlet_0_4,dirichlet,0.4,,medium,explicit_name,,0.4416;0.5644;0.25;0.4404;0.3107;0.3121;0.535;0.4642;1;0.3836,100,5,complete,101,0.4723,99,0.468466666667,100,20260816_151516,4971b875da17c833,qmnist_dirichlet_0_4_rank_medium_flora_correct_-train-20260816_151516-4971b875da17c833.csv,raw\qmnist_dirichlet_0_4_rank_medium_flora_correct_-train-20260816_151516-4971b875da17c833.csv,by_dataset\mnist_family\qmnist\flora\corrected\medium\alpha_0.4\qmnist_dirichlet_0_4_rank_medium_flora_correct_-train-20260816_151516-4971b875da17c833.csv,32127,ec507f8f03f1f20e79e1a572261e444458ff7a68e72303bcf5b235eb4b23bf87
qmnist_dirichlet_0_4_rank_mismatch_cost_matched_flora_-train-20260814_040914-038f770103b16038.csv,qmnist,qmnist,mnist_family,flora,unspecified,flora,flora,simple_lora_mlp,qmnist_dirichlet_0_4,dirichlet,0.4,,mismatch,explicit_name,,0.3121;0.4642;0.4416;0.25;1;0.4404;0.535;0.5644;0.3836;0.3107,100,5,complete,101,0.0924666666667,0,0.0924666666667,100,20260814_040914,038f770103b16038,qmnist_dirichlet_0_4_rank_mismatch_cost_matched_flora_-train-20260814_040914-038f770103b16038.csv,raw\qmnist_dirichlet_0_4_rank_mismatch_cost_matched_flora_-train-20260814_040914-038f770103b16038.csv,by_dataset\mnist_family\qmnist\flora\unspecified\mismatch\alpha_0.4\qmnist_dirichlet_0_4_rank_mismatch_cost_matched_flora_-train-20260814_040914-038f770103b16038.csv,33101,36d9f07bbb7b13bd98459e930a1ba750d173e61087d218e96f0ef4403367df58
qmnist_dirichlet_0_4_rank_mismatch_cost_matched_flora_correct_-train-20260816_164942-19d50a82a00e3787.csv,qmnist,qmnist,mnist_family,flora,corrected,flora,flora,simple_lora_mlp,qmnist_dirichlet_0_4,dirichlet,0.4,,mismatch,explicit_name,,0.3121;0.4642;0.4416;0.25;1;0.4404;0.535;0.5644;0.3836;0.3107,100,5,complete,101,0.4671,98,0.462466666667,100,20260816_164942,19d50a82a00e3787,qmnist_dirichlet_0_4_rank_mismatch_cost_matched_flora_correct_-train-20260816_164942-19d50a82a00e3787.csv,raw\qmnist_dirichlet_0_4_rank_mismatch_cost_matched_flora_correct_-train-20260816_164942-19d50a82a00e3787.csv,by_dataset\mnist_family\qmnist\flora\corrected\mismatch\alpha_0.4\qmnist_dirichlet_0_4_rank_mismatch_cost_matched_flora_correct_-train-20260816_164942-19d50a82a00e3787.csv,32059,57c8cd00a893954869620146effc8869eaaf7dba9ecead96ee2a516a66b3ef25
qqp_dirichlet_0_4_rank_correct_flora_-train-20260813_150723-9d9a29d62e5c5689.csv,qqp,qqp,nlp,flora,unspecified,flora,flora,tiny_bert_lora,qqp_dirichlet_0_4,dirichlet,0.4,,correct,explicit_name,,1;0.9242;0.6143;0.7486;0.6832;0.7107;0.6039;0.4386;0.4593;0.25,100,1,complete,101,0.508706406134,2,0.508706406134,100,20260813_150723,9d9a29d62e5c5689,qqp_dirichlet_0_4_rank_correct_flora_-train-20260813_150723-9d9a29d62e5c5689.csv,raw\qqp_dirichlet_0_4_rank_correct_flora_-train-20260813_150723-9d9a29d62e5c5689.csv,by_dataset\nlp\qqp\flora\unspecified\correct\alpha_0.4\qqp_dirichlet_0_4_rank_correct_flora_-train-20260813_150723-9d9a29d62e5c5689.csv,37331,303da0b48466638fbd25ffce7aebd8b1df3ea46edff67e494ef6e9be29c99c1e
qqp_dirichlet_0_4_rank_correct_flora_correct_-train-20260816_034755-07d2b9c4260eac0f.csv,qqp,qqp,nlp,flora,corrected,flora,flora,tiny_bert_lora,qqp_dirichlet_0_4,dirichlet,0.4,,correct,explicit_name,,1;0.9242;0.6143;0.7486;0.6832;0.7107;0.6039;0.4386;0.4593;0.25,100,1,complete,101,0.834726688103,97,0.834058867178,100,20260816_034755,07d2b9c4260eac0f,qqp_dirichlet_0_4_rank_correct_flora_correct_-train-20260816_034755-07d2b9c4260eac0f.csv,raw\qqp_dirichlet_0_4_rank_correct_flora_correct_-train-20260816_034755-07d2b9c4260eac0f.csv,by_dataset\nlp\qqp\flora\corrected\correct\alpha_0.4\qqp_dirichlet_0_4_rank_correct_flora_correct_-train-20260816_034755-07d2b9c4260eac0f.csv,36970,1391a974c2bd734665a228d4137125b49e5678eb3a70ec55b0a54251bf197124
qqp_dirichlet_0_4_rank_correct_rbla_-train-20260803_100115-a04cda277b5ca4f5.csv,qqp,qqp,nlp,rbla,standard,rbla,rbla,tiny_bert_lora,qqp_dirichlet_0_4,dirichlet,0.4,,correct,explicit_name,,1;0.9242;0.6143;0.7486;0.6832;0.7107;0.6039;0.4386;0.4593;0.25,100,1,complete,101,0.785011130349,2,0.734454612911,100,20260803_100115,a04cda277b5ca4f5,qqp_dirichlet_0_4_rank_correct_rbla_-train-20260803_100115-a04cda277b5ca4f5.csv,raw\qqp_dirichlet_0_4_rank_correct_rbla_-train-20260803_100115-a04cda277b5ca4f5.csv,by_dataset\nlp\qqp\rbla\standard\correct\alpha_0.4\qqp_dirichlet_0_4_rank_correct_rbla_-train-20260803_100115-a04cda277b5ca4f5.csv,37255,34b6742da813b4646cc680ebdfedd2045557ea79e77912edb224599034eeedd5
qqp_dirichlet_0_4_rank_correct_rbla_plus_-train-20260803_140728-a7e29b31043a1428.csv,qqp,qqp,nlp,rbla_plus,standard,sp_plus,sp_plus,tiny_bert_lora,qqp_dirichlet_0_4,dirichlet,0.4,,correct,explicit_name,,1;0.9242;0.6143;0.7486;0.6832;0.7107;0.6039;0.4386;0.4593;0.25,100,1,incomplete_no_metrics_header,0,,,,,20260803_140728,a7e29b31043a1428,qqp_dirichlet_0_4_rank_correct_rbla_plus_-train-20260803_140728-a7e29b31043a1428.csv,raw\qqp_dirichlet_0_4_rank_correct_rbla_plus_-train-20260803_140728-a7e29b31043a1428.csv,by_dataset\nlp\qqp\rbla_plus\standard\correct\alpha_0.4\qqp_dirichlet_0_4_rank_correct_rbla_plus_-train-20260803_140728-a7e29b31043a1428.csv,16764,b8ad07f2e5a099e4f07543073b08aed0a018368ed098b53fbe06843110a4aa26
qqp_dirichlet_0_4_rank_correct_rbla_plus_-train-20260804_100118-8d6731dc8a05a445.csv,qqp,qqp,nlp,rbla_plus,standard,sp_plus,sp_plus,tiny_bert_lora,qqp_dirichlet_0_4,dirichlet,0.4,,correct,explicit_name,,1;0.9242;0.6143;0.7486;0.6832;0.7107;0.6039;0.4386;0.4593;0.25,100,1,complete,101,0.81664605491,34,0.793890675241,100,20260804_100118,8d6731dc8a05a445,qqp_dirichlet_0_4_rank_correct_rbla_plus_-train-20260804_100118-8d6731dc8a05a445.csv,raw\qqp_dirichlet_0_4_rank_correct_rbla_plus_-train-20260804_100118-8d6731dc8a05a445.csv,by_dataset\nlp\qqp\rbla_plus\standard\correct\alpha_0.4\qqp_dirichlet_0_4_rank_correct_rbla_plus_-train-20260804_100118-8d6731dc8a05a445.csv,46595,e45731f88fa76230e94a759a55e8550a78639db84d82bf74f9dd71c47f30e7aa
qqp_dirichlet_0_4_rank_correct_sp_-train-20260803_141140-de7e98e40cf3c9c5.csv,qqp,qqp,nlp,sp,standard,sp,sp,tiny_bert_lora,qqp_dirichlet_0_4,dirichlet,0.4,,correct,explicit_name,,1;0.9242;0.6143;0.7486;0.6832;0.7107;0.6039;0.4386;0.4593;0.25,100,1,complete,101,0.812020776651,98,0.810660400693,100,20260803_141140,de7e98e40cf3c9c5,qqp_dirichlet_0_4_rank_correct_sp_-train-20260803_141140-de7e98e40cf3c9c5.csv,raw\qqp_dirichlet_0_4_rank_correct_sp_-train-20260803_141140-de7e98e40cf3c9c5.csv,by_dataset\nlp\qqp\sp\standard\correct\alpha_0.4\qqp_dirichlet_0_4_rank_correct_sp_-train-20260803_141140-de7e98e40cf3c9c5.csv,36932,96f5fde3b978f61a7cfc10e86e03f43522270d3ab58901ec6ae1a50633db4482
qqp_dirichlet_0_4_rank_correct_zeropadding_-train-20260803_181815-eb39deae68580955.csv,qqp,qqp,nlp,zeropadding,standard,zeropadding,rbla,tiny_bert_lora,qqp_dirichlet_0_4,dirichlet,0.4,,correct,explicit_name,,1;0.9242;0.6143;0.7486;0.6832;0.7107;0.6039;0.4386;0.4593;0.25,100,1,complete,101,0.779396487757,96,0.768760821172,100,20260803_181815,eb39deae68580955,qqp_dirichlet_0_4_rank_correct_zeropadding_-train-20260803_181815-eb39deae68580955.csv,raw\qqp_dirichlet_0_4_rank_correct_zeropadding_-train-20260803_181815-eb39deae68580955.csv,by_dataset\nlp\qqp\zeropadding\standard\correct\alpha_0.4\qqp_dirichlet_0_4_rank_correct_zeropadding_-train-20260803_181815-eb39deae68580955.csv,36952,8f9f281da0ff7e301d7656a9379b5bf4a727d2f855ec09db56138c72a9479cf9
qqp_dirichlet_0_4_rank_mismatch_flora_-train-20260814_100103-9d31bf7efb36884e.csv,qqp,qqp,nlp,flora,unspecified,flora,flora,tiny_bert_lora,qqp_dirichlet_0_4,dirichlet,0.4,,mismatch,explicit_name,,0.25;0.3258;0.6357;0.5014;0.5668;0.5393;0.6461;0.8114;0.7907;1,100,1,complete,101,0.481820430373,0,0.481795696265,100,20260814_100103,9d31bf7efb36884e,qqp_dirichlet_0_4_rank_mismatch_flora_-train-20260814_100103-9d31bf7efb36884e.csv,raw\qqp_dirichlet_0_4_rank_mismatch_flora_-train-20260814_100103-9d31bf7efb36884e.csv,by_dataset\nlp\qqp\flora\unspecified\mismatch\alpha_0.4\qqp_dirichlet_0_4_rank_mismatch_flora_-train-20260814_100103-9d31bf7efb36884e.csv,37033,fc33215e021d0960418ebd62f46bea64ff6513b757d5d813b83582b7f4d75f41
qqp_dirichlet_0_4_rank_mismatch_flora_correct_-train-20260816_223808-11b6306ea677885a.csv,qqp,qqp,nlp,flora,corrected,flora,flora,tiny_bert_lora,qqp_dirichlet_0_4,dirichlet,0.4,,mismatch,explicit_name,,0.25;0.3258;0.6357;0.5014;0.5668;0.5393;0.6461;0.8114;0.7907;1,100,1,complete,101,0.823893148652,100,0.823893148652,100,20260816_223808,11b6306ea677885a,qqp_dirichlet_0_4_rank_mismatch_flora_correct_-train-20260816_223808-11b6306ea677885a.csv,raw\qqp_dirichlet_0_4_rank_mismatch_flora_correct_-train-20260816_223808-11b6306ea677885a.csv,by_dataset\nlp\qqp\flora\corrected\mismatch\alpha_0.4\qqp_dirichlet_0_4_rank_mismatch_flora_correct_-train-20260816_223808-11b6306ea677885a.csv,36977,5d3c67eacace6687180c7b40b87ea36e60a3408f9a04c37c59f01aa0b583b7fd
qqp_dirichlet_0_4_rank_mismatch_rbla_-train-20260811_095952-81b664d6842c862e.csv,qqp,qqp,nlp,rbla,standard,rbla,rbla,tiny_bert_lora,qqp_dirichlet_0_4,dirichlet,0.4,,mismatch,explicit_name,,0.25;0.3258;0.6357;0.5014;0.5668;0.5393;0.6461;0.8114;0.7907;1,100,1,complete,101,0.737793717536,7,0.687929755132,100,20260811_095952,81b664d6842c862e,qqp_dirichlet_0_4_rank_mismatch_rbla_-train-20260811_095952-81b664d6842c862e.csv,raw\qqp_dirichlet_0_4_rank_mismatch_rbla_-train-20260811_095952-81b664d6842c862e.csv,by_dataset\nlp\qqp\rbla\standard\mismatch\alpha_0.4\qqp_dirichlet_0_4_rank_mismatch_rbla_-train-20260811_095952-81b664d6842c862e.csv,37246,0be1a542eb11bfc93f5f725db0e2fe0afb7373af20b66bb461df4929aa258d5e
qqp_dirichlet_0_4_rank_mismatch_rbla_plus_-train-20260811_140550-48c3771295a533e3.csv,qqp,qqp,nlp,rbla_plus,standard,sp_plus,sp_plus,tiny_bert_lora,qqp_dirichlet_0_4,dirichlet,0.4,,mismatch,explicit_name,,0.25;0.3258;0.6357;0.5014;0.5668;0.5393;0.6461;0.8114;0.7907;1,100,1,complete,101,0.798095473658,75,0.747415285679,100,20260811_140550,48c3771295a533e3,qqp_dirichlet_0_4_rank_mismatch_rbla_plus_-train-20260811_140550-48c3771295a533e3.csv,raw\qqp_dirichlet_0_4_rank_mismatch_rbla_plus_-train-20260811_140550-48c3771295a533e3.csv,by_dataset\nlp\qqp\rbla_plus\standard\mismatch\alpha_0.4\qqp_dirichlet_0_4_rank_mismatch_rbla_plus_-train-20260811_140550-48c3771295a533e3.csv,46571,8b88c2b7c9920af30bf5589cef2bd2794b0816485fe18e4abc06419d527b7ef0
qqp_dirichlet_0_4_rank_mismatch_sp_-train-20260811_181157-ee6458de77bc63b3.csv,qqp,qqp,nlp,sp,standard,sp,sp,tiny_bert_lora,qqp_dirichlet_0_4,dirichlet,0.4,,mismatch,explicit_name,,0.25;0.3258;0.6357;0.5014;0.5668;0.5393;0.6461;0.8114;0.7907;1,100,1,complete,101,0.72569873856,88,0.715533020035,100,20260811_181157,ee6458de77bc63b3,qqp_dirichlet_0_4_rank_mismatch_sp_-train-20260811_181157-ee6458de77bc63b3.csv,raw\qqp_dirichlet_0_4_rank_mismatch_sp_-train-20260811_181157-ee6458de77bc63b3.csv,by_dataset\nlp\qqp\sp\standard\mismatch\alpha_0.4\qqp_dirichlet_0_4_rank_mismatch_sp_-train-20260811_181157-ee6458de77bc63b3.csv,36923,7278807e16b9b4b38095d0afc3442c6ce656f577c9ec2d76692fe06a8256a688
qqp_dirichlet_0_4_rank_mismatch_zeropadding_-train-20260811_221833-8701461e3330b0a8.csv,qqp,qqp,nlp,zeropadding,standard,zeropadding,rbla,tiny_bert_lora,qqp_dirichlet_0_4,dirichlet,0.4,,mismatch,explicit_name,,0.25;0.3258;0.6357;0.5014;0.5668;0.5393;0.6461;0.8114;0.7907;1,100,1,complete,101,0.63403413307,76,0.620677714568,100,20260811_221833,8701461e3330b0a8,qqp_dirichlet_0_4_rank_mismatch_zeropadding_-train-20260811_221833-8701461e3330b0a8.csv,raw\qqp_dirichlet_0_4_rank_mismatch_zeropadding_-train-20260811_221833-8701461e3330b0a8.csv,by_dataset\nlp\qqp\zeropadding\standard\mismatch\alpha_0.4\qqp_dirichlet_0_4_rank_mismatch_zeropadding_-train-20260811_221833-8701461e3330b0a8.csv,37020,bb56bb6b1be5a035a1f2fde2e754ec529ad13185ba1030b8de1a73b8904be88f
rbla_-train-20260803_072422-94332a520ebc34f5.csv,mnist,mnist,mnist_family,rbla,standard,rbla,rbla,simple_lora_mlp,mnist_dirichlet_0_1_seed_1,dirichlet,0.1,1,correct,inferred_spearman,1,0.5;1;0.1;0.9;0.7;0.6;0.2;0.8;0.4;0.3,100,5,complete,101,0.5806,99,0.5767,100,20260803_072422,94332a520ebc34f5,rbla_-train-20260803_072422-94332a520ebc34f5.csv,raw\rbla_-train-20260803_072422-94332a520ebc34f5.csv,by_dataset\mnist_family\mnist\rbla\standard\correct\alpha_0.1\rbla_-train-20260803_072422-94332a520ebc34f5.csv,30948,8d0f909bcbc0a9504ca90e703f43f932528dbea2dc9023f2c619bebe07aef0ab
rbla_-train-20260803_091016-e3717fd862ad0077.csv,mnist,mnist,mnist_family,rbla,standard,rbla,rbla,simple_lora_mlp,mnist_dirichlet_0_1_seed_2,dirichlet,0.1,2,correct,inferred_spearman,1,0.4;0.5;0.3;0.2;0.8;0.6;0.7;0.1;0.9;1,100,5,complete,101,0.6281,100,0.6281,100,20260803_091016,e3717fd862ad0077,rbla_-train-20260803_091016-e3717fd862ad0077.csv,raw\rbla_-train-20260803_091016-e3717fd862ad0077.csv,by_dataset\mnist_family\mnist\rbla\standard\correct\alpha_0.1\rbla_-train-20260803_091016-e3717fd862ad0077.csv,30808,df6a6ee1383d229582cc1406e442d8ce2b3968f4aa67cb23dce3e762e9eed6b2
rbla_-train-20260803_105021-a4ded65d47482d8c.csv,mnist,mnist,mnist_family,rbla,standard,rbla,rbla,simple_lora_mlp,mnist_dirichlet_0_1_seed_3,dirichlet,0.1,3,correct,inferred_spearman,1,0.3;0.7;0.9;0.2;0.1;0.5;1;0.6;0.8;0.4,100,5,complete,101,0.6415,85,0.6403,100,20260803_105021,a4ded65d47482d8c,rbla_-train-20260803_105021-a4ded65d47482d8c.csv,raw\rbla_-train-20260803_105021-a4ded65d47482d8c.csv,by_dataset\mnist_family\mnist\rbla\standard\correct\alpha_0.1\rbla_-train-20260803_105021-a4ded65d47482d8c.csv,30969,b5c68cb9e107e666ad1da3c5903095f4d3687ef7ed4728ffdcbbaa8fb2466f2c
rbla_-train-20260803_123110-0f18c6fa4478a1f0.csv,mnist,mnist,mnist_family,rbla,standard,rbla,rbla,simple_lora_mlp,mnist_dirichlet_0_4_seed_1,dirichlet,0.4,1,correct,inferred_spearman,1,0.9024;1;0.4493;0.8313;0.4495;0.25;0.2706;0.5291;0.5789;0.5256,100,5,complete,101,0.8186,99,0.8183,100,20260803_123110,0f18c6fa4478a1f0,rbla_-train-20260803_123110-0f18c6fa4478a1f0.csv,raw\rbla_-train-20260803_123110-0f18c6fa4478a1f0.csv,by_dataset\mnist_family\mnist\rbla\standard\correct\alpha_0.4\rbla_-train-20260803_123110-0f18c6fa4478a1f0.csv,31169,a921966bcd22a37ca2c007d038fd6715f0e1772f7f54b1d42778094a04281452
rbla_-train-20260803_140914-fa22a6c389b18025.csv,mnist,mnist,mnist_family,rbla,standard,rbla,rbla,simple_lora_mlp,mnist_dirichlet_0_4_seed_2,dirichlet,0.4,2,correct,inferred_spearman,1,0.8646;0.2795;0.3406;0.3957;0.2887;0.6918;0.25;0.2679;1;0.6099,100,5,complete,101,0.7628,100,0.7628,100,20260803_140914,fa22a6c389b18025,rbla_-train-20260803_140914-fa22a6c389b18025.csv,raw\rbla_-train-20260803_140914-fa22a6c389b18025.csv,by_dataset\mnist_family\mnist\rbla\standard\correct\alpha_0.4\rbla_-train-20260803_140914-fa22a6c389b18025.csv,31143,acabf247b7989413af29dcd5c37932498e7b562985586c6b88385dc23d31689b
rbla_-train-20260803_154624-9e8143ac6255dbf5.csv,mnist,mnist,mnist_family,rbla,standard,rbla,rbla,simple_lora_mlp,mnist_dirichlet_0_4_seed_3,dirichlet,0.4,3,correct,inferred_spearman,1,0.3144;0.5548;1;0.7367;0.4077;0.4083;0.25;0.3179;0.3221;0.5282,100,5,complete,101,0.8049,100,0.8049,100,20260803_154624,9e8143ac6255dbf5,rbla_-train-20260803_154624-9e8143ac6255dbf5.csv,raw\rbla_-train-20260803_154624-9e8143ac6255dbf5.csv,by_dataset\mnist_family\mnist\rbla\standard\correct\alpha_0.4\rbla_-train-20260803_154624-9e8143ac6255dbf5.csv,31196,a635c00c5c6a0cf498255f23c3e4ee22559b76907ee8528d0e767fb8a5126ebf
rbla_-train-20260803_172142-f0fa88bdd3836308.csv,mnist,mnist,mnist_family,rbla,standard,rbla,rbla,simple_lora_mlp,mnist_dirichlet_0_8_seed_1,dirichlet,0.8,1,correct,inferred_spearman,1,0.5;1;0.8;0.4;0.1;0.7;0.6;0.3;0.2;0.9,100,5,complete,101,0.8098,100,0.8098,100,20260803_172142,f0fa88bdd3836308,rbla_-train-20260803_172142-f0fa88bdd3836308.csv,raw\rbla_-train-20260803_172142-f0fa88bdd3836308.csv,by_dataset\mnist_family\mnist\rbla\standard\correct\alpha_0.8\rbla_-train-20260803_172142-f0fa88bdd3836308.csv,31034,09626e3c221fabfe1dde464d06bb461618ee114c0fb218192bc95eb83181953b
rbla_-train-20260803_185741-fb392c03a0825d53.csv,mnist,mnist,mnist_family,rbla,standard,rbla,rbla,simple_lora_mlp,mnist_dirichlet_0_8_seed_2,dirichlet,0.8,2,correct,inferred_spearman,1,0.3;0.8;0.7;0.4;0.1;0.2;0.9;0.6;1;0.5,100,5,complete,101,0.8004,100,0.8004,100,20260803_185741,fb392c03a0825d53,rbla_-train-20260803_185741-fb392c03a0825d53.csv,raw\rbla_-train-20260803_185741-fb392c03a0825d53.csv,by_dataset\mnist_family\mnist\rbla\standard\correct\alpha_0.8\rbla_-train-20260803_185741-fb392c03a0825d53.csv,31031,7196621958bccd9ef2a47db4d5a810eb868bda8c3390c5d13d8ad7c0413e8b8d
rbla_-train-20260803_203530-620a2446d2cc8ee7.csv,mnist,mnist,mnist_family,rbla,standard,rbla,rbla,simple_lora_mlp,mnist_dirichlet_0_8_seed_3,dirichlet,0.8,3,correct,inferred_spearman,1,0.5;0.6;0.2;1;0.7;0.1;0.8;0.3;0.4;0.9,100,5,complete,101,0.8372,100,0.8372,100,20260803_203530,620a2446d2cc8ee7,rbla_-train-20260803_203530-620a2446d2cc8ee7.csv,raw\rbla_-train-20260803_203530-620a2446d2cc8ee7.csv,by_dataset\mnist_family\mnist\rbla\standard\correct\alpha_0.8\rbla_-train-20260803_203530-620a2446d2cc8ee7.csv,30942,345378061afdb7577beace1ab6dbc52bc82a80fad6ba9406a12f2604a9aef810
rbla_-train-20260803_221329-384a8f814729c96e.csv,fmnist,fmnist,mnist_family,rbla,standard,rbla,rbla,simple_lora_mlp,fmnist_dirichlet_0_1_seed_1,dirichlet,0.1,1,correct,inferred_spearman,1,0.6;1;0.1;0.8;0.7;0.9;0.3;0.5;0.4;0.2,100,5,complete,101,0.6253,99,0.6203,100,20260803_221329,384a8f814729c96e,rbla_-train-20260803_221329-384a8f814729c96e.csv,raw\rbla_-train-20260803_221329-384a8f814729c96e.csv,by_dataset\mnist_family\fmnist\rbla\standard\correct\alpha_0.1\rbla_-train-20260803_221329-384a8f814729c96e.csv,30123,7ffb030467abc8cf51bb9b94e042e5bc1da0e5212c646e6e1d9f80d0043b6307
rbla_-train-20260803_235155-d742dd712c67e134.csv,fmnist,fmnist,mnist_family,rbla,standard,rbla,rbla,simple_lora_mlp,fmnist_dirichlet_0_1_seed_2,dirichlet,0.1,2,correct,inferred_spearman,1,0.2;0.3;0.8;0.4;0.6;0.7;0.1;0.5;0.9;1,100,5,complete,101,0.4658,100,0.4658,100,20260803_235155,d742dd712c67e134,rbla_-train-20260803_235155-d742dd712c67e134.csv,raw\rbla_-train-20260803_235155-d742dd712c67e134.csv,by_dataset\mnist_family\fmnist\rbla\standard\correct\alpha_0.1\rbla_-train-20260803_235155-d742dd712c67e134.csv,30206,6d298ec4f57b2f0da551253fdc6de0908bca03e6694c9a792bdee30c89f14306
rbla_-train-20260804_013233-c2883d08b42d2df1.csv,fmnist,fmnist,mnist_family,rbla,standard,rbla,rbla,simple_lora_mlp,fmnist_dirichlet_0_1_seed_3,dirichlet,0.1,3,correct,inferred_spearman,1,0.1;0.7;0.3;0.4;0.2;0.5;1;0.6;0.8;0.9,100,5,complete,101,0.5785,100,0.5785,100,20260804_013233,c2883d08b42d2df1,rbla_-train-20260804_013233-c2883d08b42d2df1.csv,raw\rbla_-train-20260804_013233-c2883d08b42d2df1.csv,by_dataset\mnist_family\fmnist\rbla\standard\correct\alpha_0.1\rbla_-train-20260804_013233-c2883d08b42d2df1.csv,30319,acfa902893e88e0125af1358d76cf3e00a53cb1c73a6c35ec6edfa405d9ba0ad
rbla_-train-20260804_031206-5c3b541ed05829ec.csv,fmnist,fmnist,mnist_family,rbla,standard,rbla,rbla,simple_lora_mlp,fmnist_dirichlet_0_4_seed_1,dirichlet,0.4,1,correct,inferred_spearman,1,0.4526;0.5244;0.62;0.25;0.3727;0.8765;0.7326;1;0.7391;0.7671,100,5,complete,101,0.633,100,0.633,100,20260804_031206,5c3b541ed05829ec,rbla_-train-20260804_031206-5c3b541ed05829ec.csv,raw\rbla_-train-20260804_031206-5c3b541ed05829ec.csv,by_dataset\mnist_family\fmnist\rbla\standard\correct\alpha_0.4\rbla_-train-20260804_031206-5c3b541ed05829ec.csv,30364,037a35d4337c84a667530d643738bf7fafd9fa942c23dda96e21c6e2bfc1d9a3
rbla_-train-20260804_045208-c1104e7a075e4296.csv,fmnist,fmnist,mnist_family,rbla,standard,rbla,rbla,simple_lora_mlp,fmnist_dirichlet_0_4_seed_2,dirichlet,0.4,2,correct,inferred_spearman,1,0.9552;0.8082;0.7228;0.25;0.3571;0.7636;0.5437;0.9035;1;0.7251,100,5,complete,101,0.6347,99,0.6316,100,20260804_045208,c1104e7a075e4296,rbla_-train-20260804_045208-c1104e7a075e4296.csv,raw\rbla_-train-20260804_045208-c1104e7a075e4296.csv,by_dataset\mnist_family\fmnist\rbla\standard\correct\alpha_0.4\rbla_-train-20260804_045208-c1104e7a075e4296.csv,30503,849db876bdd2aed35054fb04430ef91754a730a0c1ca176eec93ee6bace9d25b
rbla_-train-20260804_063246-0eb520ecc037d681.csv,fmnist,fmnist,mnist_family,rbla,standard,rbla,rbla,simple_lora_mlp,fmnist_dirichlet_0_4_seed_3,dirichlet,0.4,3,correct,inferred_spearman,1,0.2572;0.5829;1;0.8743;0.2725;0.3323;0.2596;0.2717;0.25;0.4386,100,5,complete,101,0.6083,99,0.6072,100,20260804_063246,0eb520ecc037d681,rbla_-train-20260804_063246-0eb520ecc037d681.csv,raw\rbla_-train-20260804_063246-0eb520ecc037d681.csv,by_dataset\mnist_family\fmnist\rbla\standard\correct\alpha_0.4\rbla_-train-20260804_063246-0eb520ecc037d681.csv,30585,f9e880f44c63f9af25708d071f2f6eb6939da6a764230ca509bd0db8c77dca9b
rbla_-train-20260804_081229-cc8ab29407664efd.csv,fmnist,fmnist,mnist_family,rbla,standard,rbla,rbla,simple_lora_mlp,fmnist_dirichlet_0_8_seed_1,dirichlet,0.8,1,correct,inferred_spearman,1,0.2;1;0.7;0.4;0.3;0.1;0.8;0.5;0.6;0.9,100,5,complete,101,0.719,99,0.7185,100,20260804_081229,cc8ab29407664efd,rbla_-train-20260804_081229-cc8ab29407664efd.csv,raw\rbla_-train-20260804_081229-cc8ab29407664efd.csv,by_dataset\mnist_family\fmnist\rbla\standard\correct\alpha_0.8\rbla_-train-20260804_081229-cc8ab29407664efd.csv,30235,8dcb40aeb17fda6fcc64a907c7cde34d0adf01fcb249cd002f8ed63fbb715fb4
rbla_-train-20260804_095110-87ec5e5764f490d1.csv,fmnist,fmnist,mnist_family,rbla,standard,rbla,rbla,simple_lora_mlp,fmnist_dirichlet_0_8_seed_2,dirichlet,0.8,2,correct,inferred_spearman,1,0.4;0.7;0.2;0.5;0.6;0.1;0.9;0.3;1;0.8,100,5,complete,101,0.6949,99,0.6938,100,20260804_095110,87ec5e5764f490d1,rbla_-train-20260804_095110-87ec5e5764f490d1.csv,raw\rbla_-train-20260804_095110-87ec5e5764f490d1.csv,by_dataset\mnist_family\fmnist\rbla\standard\correct\alpha_0.8\rbla_-train-20260804_095110-87ec5e5764f490d1.csv,30189,9f27916d05b301a9ff23926ebeea74da06ee965a68d22cec47388dea61d000fd
rbla_-train-20260804_113058-14806cc4f2883e44.csv,fmnist,fmnist,mnist_family,rbla,standard,rbla,rbla,simple_lora_mlp,fmnist_dirichlet_0_8_seed_3,dirichlet,0.8,3,correct,inferred_spearman,1,0.9;1;0.1;0.4;0.7;0.2;0.8;0.6;0.3;0.5,100,5,complete,101,0.7334,99,0.7332,100,20260804_113058,14806cc4f2883e44,rbla_-train-20260804_113058-14806cc4f2883e44.csv,raw\rbla_-train-20260804_113058-14806cc4f2883e44.csv,by_dataset\mnist_family\fmnist\rbla\standard\correct\alpha_0.8\rbla_-train-20260804_113058-14806cc4f2883e44.csv,30385,2b33783e5bd45c4b7b6834b6fa0583347ae56ce76ac43ec02ef9fb10cf183dee
rbla_-train-20260804_130950-720909da1334cb13.csv,kmnist,kmnist,mnist_family,rbla,standard,rbla,rbla,simple_lora_mlp,kmnist_dirichlet_0_1_seed_1,dirichlet,0.1,1,correct,inferred_spearman,1,0.6;1;0.1;0.8;0.7;0.9;0.3;0.5;0.4;0.2,100,5,complete,101,0.3686,100,0.3686,100,20260804_130950,720909da1334cb13,rbla_-train-20260804_130950-720909da1334cb13.csv,raw\rbla_-train-20260804_130950-720909da1334cb13.csv,by_dataset\mnist_family\kmnist\rbla\standard\correct\alpha_0.1\rbla_-train-20260804_130950-720909da1334cb13.csv,29654,18626f08c03e01b40e7b176873471f3ff0e75442cd14cd558d5897e4466d4c76
rbla_-train-20260804_144918-f107a8bbf762320a.csv,kmnist,kmnist,mnist_family,rbla,standard,rbla,rbla,simple_lora_mlp,kmnist_dirichlet_0_1_seed_2,dirichlet,0.1,2,correct,inferred_spearman,1,0.2;0.3;0.8;0.4;0.6;0.7;0.1;0.5;0.9;1,100,5,complete,101,0.3477,99,0.3456,100,20260804_144918,f107a8bbf762320a,rbla_-train-20260804_144918-f107a8bbf762320a.csv,raw\rbla_-train-20260804_144918-f107a8bbf762320a.csv,by_dataset\mnist_family\kmnist\rbla\standard\correct\alpha_0.1\rbla_-train-20260804_144918-f107a8bbf762320a.csv,30273,a3cb8c9e0a0200c4682e685ee04109d57aaad55e052be61e3284b1f94acdd3b3
rbla_-train-20260804_163145-6c769aa0bfc9604d.csv,kmnist,kmnist,mnist_family,rbla,standard,rbla,rbla,simple_lora_mlp,kmnist_dirichlet_0_1_seed_3,dirichlet,0.1,3,correct,inferred_spearman,1,0.1;0.7;0.3;0.4;0.2;0.5;1;0.6;0.8;0.9,100,5,complete,101,0.3114,95,0.3059,100,20260804_163145,6c769aa0bfc9604d,rbla_-train-20260804_163145-6c769aa0bfc9604d.csv,raw\rbla_-train-20260804_163145-6c769aa0bfc9604d.csv,by_dataset\mnist_family\kmnist\rbla\standard\correct\alpha_0.1\rbla_-train-20260804_163145-6c769aa0bfc9604d.csv,29550,bbe908494ca6c30a26ef101835eb003824ccb69dde4d02dbc4d2a15cd92177d0
rbla_-train-20260804_181129-fc202b61870a1b45.csv,kmnist,kmnist,mnist_family,rbla,standard,rbla,rbla,simple_lora_mlp,kmnist_dirichlet_0_4_seed_1,dirichlet,0.4,1,correct,inferred_spearman,1,0.4526;0.5244;0.62;0.25;0.3727;0.8765;0.7326;1;0.7391;0.7671,100,5,complete,101,0.4267,100,0.4267,100,20260804_181129,fc202b61870a1b45,rbla_-train-20260804_181129-fc202b61870a1b45.csv,raw\rbla_-train-20260804_181129-fc202b61870a1b45.csv,by_dataset\mnist_family\kmnist\rbla\standard\correct\alpha_0.4\rbla_-train-20260804_181129-fc202b61870a1b45.csv,30433,051d6c38c575992e1c785086ffac525019343cd196df48e765ac6940314fc498
rbla_-train-20260804_195058-5eedd6faf14d0271.csv,kmnist,kmnist,mnist_family,rbla,standard,rbla,rbla,simple_lora_mlp,kmnist_dirichlet_0_4_seed_2,dirichlet,0.4,2,correct,inferred_spearman,1,0.9552;0.8082;0.7228;0.25;0.3571;0.7636;0.5437;0.9035;1;0.7251,100,5,complete,101,0.3634,100,0.3634,100,20260804_195058,5eedd6faf14d0271,rbla_-train-20260804_195058-5eedd6faf14d0271.csv,raw\rbla_-train-20260804_195058-5eedd6faf14d0271.csv,by_dataset\mnist_family\kmnist\rbla\standard\correct\alpha_0.4\rbla_-train-20260804_195058-5eedd6faf14d0271.csv,30602,340ca497c43bda04a29351585435172ca3c2d813fb93e1d1adbbad9f7ca70345
rbla_-train-20260804_213428-38bf08c1e9b044cc.csv,kmnist,kmnist,mnist_family,rbla,standard,rbla,rbla,simple_lora_mlp,kmnist_dirichlet_0_4_seed_3,dirichlet,0.4,3,correct,inferred_spearman,1,0.2572;0.5829;1;0.8743;0.2725;0.3323;0.2596;0.2717;0.25;0.4386,100,5,complete,101,0.4577,100,0.4577,100,20260804_213428,38bf08c1e9b044cc,rbla_-train-20260804_213428-38bf08c1e9b044cc.csv,raw\rbla_-train-20260804_213428-38bf08c1e9b044cc.csv,by_dataset\mnist_family\kmnist\rbla\standard\correct\alpha_0.4\rbla_-train-20260804_213428-38bf08c1e9b044cc.csv,30720,ab94c06c87d9b699aa49f2185feea03fb61d72503927c100a118a151d9d2ff7e
rbla_-train-20260804_231750-cf9c652ca8c8e658.csv,kmnist,kmnist,mnist_family,rbla,standard,rbla,rbla,simple_lora_mlp,kmnist_dirichlet_0_8_seed_1,dirichlet,0.8,1,correct,inferred_spearman,1,0.2;1;0.7;0.4;0.3;0.1;0.8;0.5;0.6;0.9,100,5,complete,101,0.4697,100,0.4697,100,20260804_231750,cf9c652ca8c8e658,rbla_-train-20260804_231750-cf9c652ca8c8e658.csv,raw\rbla_-train-20260804_231750-cf9c652ca8c8e658.csv,by_dataset\mnist_family\kmnist\rbla\standard\correct\alpha_0.8\rbla_-train-20260804_231750-cf9c652ca8c8e658.csv,30392,df33384dbaef331b7d1fcce5614a82e141d80aa139e9cd0a4697445e21e02ffa
rbla_-train-20260805_005911-d1eeebd99198f483.csv,kmnist,kmnist,mnist_family,rbla,standard,rbla,rbla,simple_lora_mlp,kmnist_dirichlet_0_8_seed_2,dirichlet,0.8,2,correct,inferred_spearman,1,0.4;0.7;0.2;0.5;0.6;0.1;0.9;0.3;1;0.8,100,5,complete,101,0.3994,100,0.3994,100,20260805_005911,d1eeebd99198f483,rbla_-train-20260805_005911-d1eeebd99198f483.csv,raw\rbla_-train-20260805_005911-d1eeebd99198f483.csv,by_dataset\mnist_family\kmnist\rbla\standard\correct\alpha_0.8\rbla_-train-20260805_005911-d1eeebd99198f483.csv,30372,c55c255d9929cd47925a3ae5cb73fed52f3d63281bb506ef3d00f59876bc114c
rbla_-train-20260805_023852-54984d459f1f6a1b.csv,kmnist,kmnist,mnist_family,rbla,standard,rbla,rbla,simple_lora_mlp,kmnist_dirichlet_0_8_seed_3,dirichlet,0.8,3,correct,inferred_spearman,1,0.9;1;0.1;0.4;0.7;0.2;0.8;0.6;0.3;0.5,100,5,complete,101,0.4847,100,0.4847,100,20260805_023852,54984d459f1f6a1b,rbla_-train-20260805_023852-54984d459f1f6a1b.csv,raw\rbla_-train-20260805_023852-54984d459f1f6a1b.csv,by_dataset\mnist_family\kmnist\rbla\standard\correct\alpha_0.8\rbla_-train-20260805_023852-54984d459f1f6a1b.csv,30375,7c8f679d532160a60b5a0e4755ab4f9f4e76d8cc2892f347667e1e74244b976d
rbla_-train-20260805_041617-da691f33622af8d5.csv,qmnist,qmnist,mnist_family,rbla,standard,rbla,rbla,simple_lora_mlp,qmnist_dirichlet_0_1_seed_1,dirichlet,0.1,1,correct,inferred_spearman,1,0.5;1;0.1;0.9;0.7;0.6;0.2;0.8;0.4;0.3,100,5,complete,101,0.564866666667,99,0.562833333333,100,20260805_041617,da691f33622af8d5,rbla_-train-20260805_041617-da691f33622af8d5.csv,raw\rbla_-train-20260805_041617-da691f33622af8d5.csv,by_dataset\mnist_family\qmnist\rbla\standard\correct\alpha_0.1\rbla_-train-20260805_041617-da691f33622af8d5.csv,31929,f7e3d5cacfa2a0f1e8b7c6e6a8aa271f6e872430eadfee84545f053e13a3144c
rbla_-train-20260805_065059-864ddf20c9100cde.csv,qmnist,qmnist,mnist_family,rbla,standard,rbla,rbla,simple_lora_mlp,qmnist_dirichlet_0_1_seed_2,dirichlet,0.1,2,correct,inferred_spearman,1,0.4;0.5;0.3;0.2;0.8;0.6;0.7;0.1;0.9;1,100,5,complete,101,0.618383333333,100,0.618383333333,100,20260805_065059,864ddf20c9100cde,rbla_-train-20260805_065059-864ddf20c9100cde.csv,raw\rbla_-train-20260805_065059-864ddf20c9100cde.csv,by_dataset\mnist_family\qmnist\rbla\standard\correct\alpha_0.1\rbla_-train-20260805_065059-864ddf20c9100cde.csv,31958,f32b7b2e951c75a0a20b470c823284b2a732b801d01e30ab5d18c6a013d53b56
rbla_-train-20260805_092830-1dc9caf53d90736b.csv,qmnist,qmnist,mnist_family,rbla,standard,rbla,rbla,simple_lora_mlp,qmnist_dirichlet_0_1_seed_3,dirichlet,0.1,3,correct,inferred_spearman,1,0.3;0.7;0.9;0.2;0.1;0.5;1;0.6;0.8;0.4,100,5,complete,101,0.64275,98,0.641133333333,100,20260805_092830,1dc9caf53d90736b,rbla_-train-20260805_092830-1dc9caf53d90736b.csv,raw\rbla_-train-20260805_092830-1dc9caf53d90736b.csv,by_dataset\mnist_family\qmnist\rbla\standard\correct\alpha_0.1\rbla_-train-20260805_092830-1dc9caf53d90736b.csv,32025,7604d071d0e9e8afdcf12876a44f05f68d4047bb0d24bdea58b7aa630a749d22
rbla_-train-20260805_120848-ce1dd10948596055.csv,qmnist,qmnist,mnist_family,rbla,standard,rbla,rbla,simple_lora_mlp,qmnist_dirichlet_0_4_seed_1,dirichlet,0.4,1,correct,inferred_spearman,1,0.9024;1;0.4493;0.8313;0.4495;0.25;0.2706;0.5291;0.5789;0.5256,100,5,complete,101,0.813066666667,99,0.812616666667,100,20260805_120848,ce1dd10948596055,rbla_-train-20260805_120848-ce1dd10948596055.csv,raw\rbla_-train-20260805_120848-ce1dd10948596055.csv,by_dataset\mnist_family\qmnist\rbla\standard\correct\alpha_0.4\rbla_-train-20260805_120848-ce1dd10948596055.csv,32164,35cc69938fe596aa7d589a5e07b553764e5efb6a06f161279ace8ee933d6171b
rbla_-train-20260805_144412-31eaa01bb6ee05ec.csv,qmnist,qmnist,mnist_family,rbla,standard,rbla,rbla,simple_lora_mlp,qmnist_dirichlet_0_4_seed_2,dirichlet,0.4,2,correct,inferred_spearman,1,0.8646;0.2795;0.3406;0.3957;0.2887;0.6918;0.25;0.2679;1;0.6099,100,5,complete,101,0.7552,99,0.754283333333,100,20260805_144412,31eaa01bb6ee05ec,rbla_-train-20260805_144412-31eaa01bb6ee05ec.csv,raw\rbla_-train-20260805_144412-31eaa01bb6ee05ec.csv,by_dataset\mnist_family\qmnist\rbla\standard\correct\alpha_0.4\rbla_-train-20260805_144412-31eaa01bb6ee05ec.csv,32147,3d0754b00495777a50b72b347f903efbb5344dd476bdbba51483ab2cdfa84208
rbla_-train-20260805_171848-3104b6be85503b8c.csv,qmnist,qmnist,mnist_family,rbla,standard,rbla,rbla,simple_lora_mlp,qmnist_dirichlet_0_4_seed_3,dirichlet,0.4,3,correct,inferred_spearman,1,0.3144;0.5548;1;0.7367;0.4077;0.4083;0.25;0.3179;0.3221;0.5282,100,5,complete,101,0.8104,100,0.8104,100,20260805_171848,3104b6be85503b8c,rbla_-train-20260805_171848-3104b6be85503b8c.csv,raw\rbla_-train-20260805_171848-3104b6be85503b8c.csv,by_dataset\mnist_family\qmnist\rbla\standard\correct\alpha_0.4\rbla_-train-20260805_171848-3104b6be85503b8c.csv,32255,bb61f01335dc1e787fa09fcf6cf274bb566aa6e9e8f14d8a4ac0e8ea05d95ef9
rbla_-train-20260805_195516-8b0fc0d1525eff81.csv,qmnist,qmnist,mnist_family,rbla,standard,rbla,rbla,simple_lora_mlp,qmnist_dirichlet_0_8_seed_1,dirichlet,0.8,1,correct,inferred_spearman,1,0.5;1;0.8;0.4;0.1;0.7;0.6;0.3;0.2;0.9,100,5,complete,101,0.8036,100,0.8036,100,20260805_195516,8b0fc0d1525eff81,rbla_-train-20260805_195516-8b0fc0d1525eff81.csv,raw\rbla_-train-20260805_195516-8b0fc0d1525eff81.csv,by_dataset\mnist_family\qmnist\rbla\standard\correct\alpha_0.8\rbla_-train-20260805_195516-8b0fc0d1525eff81.csv,32025,871ba40e3bc5a6956a7162acc309cd782c3b62fda49e85bf0c71062a1c17340f
rbla_-train-20260805_222841-18309958d1417ca1.csv,qmnist,qmnist,mnist_family,rbla,standard,rbla,rbla,simple_lora_mlp,qmnist_dirichlet_0_8_seed_2,dirichlet,0.8,2,correct,inferred_spearman,1,0.3;0.8;0.7;0.4;0.1;0.2;0.9;0.6;1;0.5,100,5,complete,101,0.792933333333,100,0.792933333333,100,20260805_222841,18309958d1417ca1,rbla_-train-20260805_222841-18309958d1417ca1.csv,raw\rbla_-train-20260805_222841-18309958d1417ca1.csv,by_dataset\mnist_family\qmnist\rbla\standard\correct\alpha_0.8\rbla_-train-20260805_222841-18309958d1417ca1.csv,32096,3a996215aab35bcecb83294e60ac8968a02b3f062baf78453136dc0620be51ea
rbla_-train-20260806_010920-2556fab0ba02d4c3.csv,qmnist,qmnist,mnist_family,rbla,standard,rbla,rbla,simple_lora_mlp,qmnist_dirichlet_0_8_seed_3,dirichlet,0.8,3,correct,inferred_spearman,1,0.5;0.6;0.2;1;0.7;0.1;0.8;0.3;0.4;0.9,100,5,complete,101,0.827116666667,100,0.827116666667,100,20260806_010920,2556fab0ba02d4c3,rbla_-train-20260806_010920-2556fab0ba02d4c3.csv,raw\rbla_-train-20260806_010920-2556fab0ba02d4c3.csv,by_dataset\mnist_family\qmnist\rbla\standard\correct\alpha_0.8\rbla_-train-20260806_010920-2556fab0ba02d4c3.csv,31935,d26c3a1bd67a85b3ada8f5dc92b191b7ef3aacf2f894660a32927f04ff4db1fb
rbla_-train-20260806_034522-ccd991fc89944eb5.csv,mnist,mnist,mnist_family,rbla,standard,rbla,rbla,simple_lora_mlp,mnist_dirichlet_0_1_seed_1,dirichlet,0.1,1,medium,inferred_spearman,0.00606060606061,0.1;0.5;0.2;0.4;1;0.3;0.7;0.6;0.9;0.8,100,5,complete,101,0.6324,82,0.619,100,20260806_034522,ccd991fc89944eb5,rbla_-train-20260806_034522-ccd991fc89944eb5.csv,raw\rbla_-train-20260806_034522-ccd991fc89944eb5.csv,by_dataset\mnist_family\mnist\rbla\standard\medium\alpha_0.1\rbla_-train-20260806_034522-ccd991fc89944eb5.csv,30988,fe5f0823e724b2989386741e1a74a754cbb70863d1d9c061e1815be7ab45aa7c
rbla_-train-20260806_052536-6df92d58842255d1.csv,mnist,mnist,mnist_family,rbla,standard,rbla,rbla,simple_lora_mlp,mnist_dirichlet_0_1_seed_2,dirichlet,0.1,2,medium,inferred_spearman,0.00606060606061,0.9;0.1;0.8;0.7;0.6;0.3;1;0.2;0.4;0.5,100,5,complete,101,0.6265,100,0.6265,100,20260806_052536,6df92d58842255d1,rbla_-train-20260806_052536-6df92d58842255d1.csv,raw\rbla_-train-20260806_052536-6df92d58842255d1.csv,by_dataset\mnist_family\mnist\rbla\standard\medium\alpha_0.1\rbla_-train-20260806_052536-6df92d58842255d1.csv,30816,def2104e86f7cb04ab7f3ae64de2e05efb8ad15ce8aa74ff89d4577ec306b11e
rbla_-train-20260806_070654-2ead07588906f259.csv,mnist,mnist,mnist_family,rbla,standard,rbla,rbla,simple_lora_mlp,mnist_dirichlet_0_1_seed_3,dirichlet,0.1,3,medium,inferred_spearman,0.00606060606061,0.8;1;0.4;0.7;0.2;0.1;0.5;0.3;0.6;0.9,100,5,complete,101,0.6104,71,0.5898,100,20260806_070654,2ead07588906f259,rbla_-train-20260806_070654-2ead07588906f259.csv,raw\rbla_-train-20260806_070654-2ead07588906f259.csv,by_dataset\mnist_family\mnist\rbla\standard\medium\alpha_0.1\rbla_-train-20260806_070654-2ead07588906f259.csv,30958,496780fbe83d9c4f7201fed28000c3798d05bf53f47001b7e78544d15a1d2d20
rbla_-train-20260806_084856-f25c40c7a4611847.csv,mnist,mnist,mnist_family,rbla,standard,rbla,rbla,simple_lora_mlp,mnist_dirichlet_0_4_seed_1,dirichlet,0.4,1,medium,inferred_spearman,0.00606060606061,0.4495;0.5256;0.8313;0.5291;0.9024;0.2706;0.5789;0.4493;1;0.25,100,5,complete,101,0.8123,100,0.8123,100,20260806_084856,f25c40c7a4611847,rbla_-train-20260806_084856-f25c40c7a4611847.csv,raw\rbla_-train-20260806_084856-f25c40c7a4611847.csv,by_dataset\mnist_family\mnist\rbla\standard\medium\alpha_0.4\rbla_-train-20260806_084856-f25c40c7a4611847.csv,31134,c67b56b9399eab9a8fd11f6d7665f54c98c62ad91f265ebcda9db2aa1f4791d5
rbla_-train-20260806_103033-d0845e5b3d873e42.csv,mnist,mnist,mnist_family,rbla,standard,rbla,rbla,simple_lora_mlp,mnist_dirichlet_0_4_seed_2,dirichlet,0.4,2,medium,inferred_spearman,0.00606060606061,0.2887;0.6918;0.25;0.2795;0.8646;0.3957;0.2679;0.6099;0.3406;1,100,5,complete,101,0.7405,100,0.7405,100,20260806_103033,d0845e5b3d873e42,rbla_-train-20260806_103033-d0845e5b3d873e42.csv,raw\rbla_-train-20260806_103033-d0845e5b3d873e42.csv,by_dataset\mnist_family\mnist\rbla\standard\medium\alpha_0.4\rbla_-train-20260806_103033-d0845e5b3d873e42.csv,31155,7c46453b614468b687494cd1c7ba79f94b2d346b729e281a9d632079d6a71e41
rbla_-train-20260806_121153-8256a6515e2f2b28.csv,mnist,mnist,mnist_family,rbla,standard,rbla,rbla,simple_lora_mlp,mnist_dirichlet_0_4_seed_3,dirichlet,0.4,3,medium,inferred_spearman,0.00606060606061,0.5282;0.4083;0.4077;0.3221;0.25;0.3179;0.3144;0.5548;0.7367;1,100,5,complete,101,0.8042,100,0.8042,100,20260806_121153,8256a6515e2f2b28,rbla_-train-20260806_121153-8256a6515e2f2b28.csv,raw\rbla_-train-20260806_121153-8256a6515e2f2b28.csv,by_dataset\mnist_family\mnist\rbla\standard\medium\alpha_0.4\rbla_-train-20260806_121153-8256a6515e2f2b28.csv,31213,2d5f6dcb22479c209b66d9cf2ee967ec769d2f66c4a887a3892b3b84c4d8607a
rbla_-train-20260806_135141-9110e2abdfb871bc.csv,mnist,mnist,mnist_family,rbla,standard,rbla,rbla,simple_lora_mlp,mnist_dirichlet_0_8_seed_1,dirichlet,0.8,1,medium,inferred_spearman,0.00606060606061,0.1;0.5;0.6;0.9;0.2;1;0.3;0.8;0.7;0.4,100,5,complete,101,0.7617,100,0.7617,100,20260806_135141,9110e2abdfb871bc,rbla_-train-20260806_135141-9110e2abdfb871bc.csv,raw\rbla_-train-20260806_135141-9110e2abdfb871bc.csv,by_dataset\mnist_family\mnist\rbla\standard\medium\alpha_0.8\rbla_-train-20260806_135141-9110e2abdfb871bc.csv,30995,c99226f25be75f40baf819061054c50e1157e26538dbb661ed9d48b1a1c5f1a6
rbla_-train-20260806_153352-b3f49dd03ad20f57.csv,mnist,mnist,mnist_family,rbla,standard,rbla,rbla,simple_lora_mlp,mnist_dirichlet_0_8_seed_2,dirichlet,0.8,2,medium,inferred_spearman,0.00606060606061,0.8;0.6;1;0.9;0.2;0.7;0.4;0.3;0.5;0.1,100,5,complete,101,0.7979,100,0.7979,100,20260806_153352,b3f49dd03ad20f57,rbla_-train-20260806_153352-b3f49dd03ad20f57.csv,raw\rbla_-train-20260806_153352-b3f49dd03ad20f57.csv,by_dataset\mnist_family\mnist\rbla\standard\medium\alpha_0.8\rbla_-train-20260806_153352-b3f49dd03ad20f57.csv,30989,65a2d364470e1c143f5479a2ec7286545069a94decfe243f6cfed1ddca65613a
rbla_-train-20260806_171525-2c99cc9d98a1acb3.csv,mnist,mnist,mnist_family,rbla,standard,rbla,rbla,simple_lora_mlp,mnist_dirichlet_0_8_seed_3,dirichlet,0.8,3,medium,inferred_spearman,0.00606060606061,0.1;0.3;0.7;0.5;1;0.2;0.6;0.8;0.9;0.4,100,5,complete,101,0.8281,100,0.8281,100,20260806_171525,2c99cc9d98a1acb3,rbla_-train-20260806_171525-2c99cc9d98a1acb3.csv,raw\rbla_-train-20260806_171525-2c99cc9d98a1acb3.csv,by_dataset\mnist_family\mnist\rbla\standard\medium\alpha_0.8\rbla_-train-20260806_171525-2c99cc9d98a1acb3.csv,30955,46830e3ad00fcae673da1d34aa65330d70e78b98f9e4e03edd1462bd4aade299
rbla_-train-20260806_185452-8c21e7dad1733789.csv,fmnist,fmnist,mnist_family,rbla,standard,rbla,rbla,simple_lora_mlp,fmnist_dirichlet_0_1_seed_1,dirichlet,0.1,1,medium,inferred_spearman,0.00606060606061,0.3;0.5;0.2;0.6;1;0.4;0.8;0.1;0.9;0.7,100,5,complete,101,0.6404,95,0.6366,100,20260806_185452,8c21e7dad1733789,rbla_-train-20260806_185452-8c21e7dad1733789.csv,raw\rbla_-train-20260806_185452-8c21e7dad1733789.csv,by_dataset\mnist_family\fmnist\rbla\standard\medium\alpha_0.1\rbla_-train-20260806_185452-8c21e7dad1733789.csv,30131,36dc4758245d404487d69db15bc7233a7653027963d8656448d5f7754b0e088f
rbla_-train-20260806_203626-da79aa21b0f72e00.csv,fmnist,fmnist,mnist_family,rbla,standard,rbla,rbla,simple_lora_mlp,fmnist_dirichlet_0_1_seed_2,dirichlet,0.1,2,medium,inferred_spearman,0.00606060606061,0.7;0.8;0.6;0.9;0.3;1;0.2;0.1;0.4;0.5,100,5,complete,101,0.5316,100,0.5316,100,20260806_203626,da79aa21b0f72e00,rbla_-train-20260806_203626-da79aa21b0f72e00.csv,raw\rbla_-train-20260806_203626-da79aa21b0f72e00.csv,by_dataset\mnist_family\fmnist\rbla\standard\medium\alpha_0.1\rbla_-train-20260806_203626-da79aa21b0f72e00.csv,30175,932dc913c3a49d1054cc6cf448fe4bdb269b6ae285ae2d3d9d0fd6dd772961c3
rbla_-train-20260806_221743-fb49787e410df91f.csv,fmnist,fmnist,mnist_family,rbla,standard,rbla,rbla,simple_lora_mlp,fmnist_dirichlet_0_1_seed_3,dirichlet,0.1,3,medium,inferred_spearman,0.00606060606061,0.2;1;0.8;0.9;0.7;0.1;0.5;0.3;0.6;0.4,100,5,complete,101,0.5751,91,0.5724,100,20260806_221743,fb49787e410df91f,rbla_-train-20260806_221743-fb49787e410df91f.csv,raw\rbla_-train-20260806_221743-fb49787e410df91f.csv,by_dataset\mnist_family\fmnist\rbla\standard\medium\alpha_0.1\rbla_-train-20260806_221743-fb49787e410df91f.csv,30281,a45e05a06e25322a8519b39c50c8b818d7e3e66d173587990beec5165f5d12bb
rbla_-train-20260806_235811-0e4a914cf0e80307.csv,fmnist,fmnist,mnist_family,rbla,standard,rbla,rbla,simple_lora_mlp,fmnist_dirichlet_0_4_seed_1,dirichlet,0.4,1,medium,inferred_spearman,0.00606060606061,0.7671;0.8765;0.25;0.3727;0.7391;0.5244;0.4526;0.62;1;0.7326,100,5,complete,101,0.6575,100,0.6575,100,20260806_235811,0e4a914cf0e80307,rbla_-train-20260806_235811-0e4a914cf0e80307.csv,raw\rbla_-train-20260806_235811-0e4a914cf0e80307.csv,by_dataset\mnist_family\fmnist\rbla\standard\medium\alpha_0.4\rbla_-train-20260806_235811-0e4a914cf0e80307.csv,30381,3a793a39b1518c9f485601a265fb7219bb7fe84536ef92f9dcd5840feba900be
rbla_-train-20260807_013824-5858b27abe68d62e.csv,fmnist,fmnist,mnist_family,rbla,standard,rbla,rbla,simple_lora_mlp,fmnist_dirichlet_0_4_seed_2,dirichlet,0.4,2,medium,inferred_spearman,0.00606060606061,0.7228;1;0.9552;0.3571;0.8082;0.5437;0.9035;0.7636;0.7251;0.25,100,5,complete,101,0.6279,100,0.6279,100,20260807_013824,5858b27abe68d62e,rbla_-train-20260807_013824-5858b27abe68d62e.csv,raw\rbla_-train-20260807_013824-5858b27abe68d62e.csv,by_dataset\mnist_family\fmnist\rbla\standard\medium\alpha_0.4\rbla_-train-20260807_013824-5858b27abe68d62e.csv,30488,8c4d391675d77706c50133db3aff74b72f69054c31dc94c7e4e9363ec4981192
rbla_-train-20260807_032113-6c62c3c2b155c1a8.csv,fmnist,fmnist,mnist_family,rbla,standard,rbla,rbla,simple_lora_mlp,fmnist_dirichlet_0_4_seed_3,dirichlet,0.4,3,medium,inferred_spearman,0.00606060606061,0.4386;0.3323;0.2725;0.2717;0.25;0.2596;0.5829;0.8743;0.2572;1,100,5,complete,101,0.6257,99,0.6207,100,20260807_032113,6c62c3c2b155c1a8,rbla_-train-20260807_032113-6c62c3c2b155c1a8.csv,raw\rbla_-train-20260807_032113-6c62c3c2b155c1a8.csv,by_dataset\mnist_family\fmnist\rbla\standard\medium\alpha_0.4\rbla_-train-20260807_032113-6c62c3c2b155c1a8.csv,30692,4fcf5e2116d1db24a9fe8e6e8c0cb9fa3431da86896f4141250ce745fadd1d1b
rbla_-train-20260807_050205-54c15a5daa1c897d.csv,fmnist,fmnist,mnist_family,rbla,standard,rbla,rbla,simple_lora_mlp,fmnist_dirichlet_0_8_seed_1,dirichlet,0.8,1,medium,inferred_spearman,0.00606060606061,0.7;0.5;1;0.9;0.8;0.2;0.6;0.1;0.3;0.4,100,5,complete,101,0.711,99,0.711,100,20260807_050205,54c15a5daa1c897d,rbla_-train-20260807_050205-54c15a5daa1c897d.csv,raw\rbla_-train-20260807_050205-54c15a5daa1c897d.csv,by_dataset\mnist_family\fmnist\rbla\standard\medium\alpha_0.8\rbla_-train-20260807_050205-54c15a5daa1c897d.csv,30153,26a99a83a4d4a0b95d13828f86e689fe5b4651a4b7b5d61ed9f1785581488f73
rbla_-train-20260807_064206-f3b88bbcf8d2c279.csv,fmnist,fmnist,mnist_family,rbla,standard,rbla,rbla,simple_lora_mlp,fmnist_dirichlet_0_8_seed_2,dirichlet,0.8,2,medium,inferred_spearman,0.00606060606061,0.9;1;0.7;0.1;0.3;0.2;0.4;0.8;0.5;0.6,100,5,complete,101,0.658,99,0.6574,100,20260807_064206,f3b88bbcf8d2c279,rbla_-train-20260807_064206-f3b88bbcf8d2c279.csv,raw\rbla_-train-20260807_064206-f3b88bbcf8d2c279.csv,by_dataset\mnist_family\fmnist\rbla\standard\medium\alpha_0.8\rbla_-train-20260807_064206-f3b88bbcf8d2c279.csv,30219,d6abc60a5d38e2015a4ed1bc2ffe0371e243f61c178734886b8b73e503c03e7a
rbla_-train-20260807_082203-59a516739209c689.csv,fmnist,fmnist,mnist_family,rbla,standard,rbla,rbla,simple_lora_mlp,fmnist_dirichlet_0_8_seed_3,dirichlet,0.8,3,medium,inferred_spearman,0.00606060606061,0.4;0.5;0.2;0.9;1;0.7;0.6;0.3;0.8;0.1,100,5,complete,101,0.7103,99,0.7103,100,20260807_082203,59a516739209c689,rbla_-train-20260807_082203-59a516739209c689.csv,raw\rbla_-train-20260807_082203-59a516739209c689.csv,by_dataset\mnist_family\fmnist\rbla\standard\medium\alpha_0.8\rbla_-train-20260807_082203-59a516739209c689.csv,30223,29c3062956458920b944d12cd5794b9796b83aa979a1c51e2c33c4b7172763a7
rbla_-train-20260807_100113-0a61a5debd83d810.csv,kmnist,kmnist,mnist_family,rbla,standard,rbla,rbla,simple_lora_mlp,kmnist_dirichlet_0_1_seed_1,dirichlet,0.1,1,medium,inferred_spearman,0.00606060606061,0.3;0.5;0.2;0.6;1;0.4;0.8;0.1;0.9;0.7,100,5,complete,101,0.3514,100,0.3514,100,20260807_100113,0a61a5debd83d810,rbla_-train-20260807_100113-0a61a5debd83d810.csv,raw\rbla_-train-20260807_100113-0a61a5debd83d810.csv,by_dataset\mnist_family\kmnist\rbla\standard\medium\alpha_0.1\rbla_-train-20260807_100113-0a61a5debd83d810.csv,29677,ec53f89302642039482dc7948c171488e4b1509cc94fbe1d96de28ace64f9282
rbla_-train-20260807_113937-3c04a8741d66cede.csv,kmnist,kmnist,mnist_family,rbla,standard,rbla,rbla,simple_lora_mlp,kmnist_dirichlet_0_1_seed_2,dirichlet,0.1,2,medium,inferred_spearman,0.00606060606061,0.7;0.8;0.6;0.9;0.3;1;0.2;0.1;0.4;0.5,100,5,complete,101,0.3186,99,0.3126,100,20260807_113937,3c04a8741d66cede,rbla_-train-20260807_113937-3c04a8741d66cede.csv,raw\rbla_-train-20260807_113937-3c04a8741d66cede.csv,by_dataset\mnist_family\kmnist\rbla\standard\medium\alpha_0.1\rbla_-train-20260807_113937-3c04a8741d66cede.csv,30273,6058a49827f67e5e5093c3efc375f12c702560ced19e4bb1b8debc54cfe89ea9
rbla_-train-20260807_131907-689bd3f9979c0c7a.csv,kmnist,kmnist,mnist_family,rbla,standard,rbla,rbla,simple_lora_mlp,kmnist_dirichlet_0_1_seed_3,dirichlet,0.1,3,medium,inferred_spearman,0.00606060606061,0.2;1;0.8;0.9;0.7;0.1;0.5;0.3;0.6;0.4,100,5,complete,101,0.335,95,0.3289,100,20260807_131907,689bd3f9979c0c7a,rbla_-train-20260807_131907-689bd3f9979c0c7a.csv,raw\rbla_-train-20260807_131907-689bd3f9979c0c7a.csv,by_dataset\mnist_family\kmnist\rbla\standard\medium\alpha_0.1\rbla_-train-20260807_131907-689bd3f9979c0c7a.csv,29516,207141fe6c2a8bd1166fe4eaea589760b557c926722b03a592ee5dace18661e0
rbla_-train-20260807_145721-4677b0729f92fd34.csv,kmnist,kmnist,mnist_family,rbla,standard,rbla,rbla,simple_lora_mlp,kmnist_dirichlet_0_4_seed_1,dirichlet,0.4,1,medium,inferred_spearman,0.00606060606061,0.7671;0.8765;0.25;0.3727;0.7391;0.5244;0.4526;0.62;1;0.7326,100,5,complete,101,0.4154,100,0.4154,100,20260807_145721,4677b0729f92fd34,rbla_-train-20260807_145721-4677b0729f92fd34.csv,raw\rbla_-train-20260807_145721-4677b0729f92fd34.csv,by_dataset\mnist_family\kmnist\rbla\standard\medium\alpha_0.4\rbla_-train-20260807_145721-4677b0729f92fd34.csv,30368,b44ff9428ed96cc9bd582a23a64eb843ad4f19388c1bce0faeb103e6c7af9844
rbla_-train-20260807_163634-b9113e432bff3bec.csv,kmnist,kmnist,mnist_family,rbla,standard,rbla,rbla,simple_lora_mlp,kmnist_dirichlet_0_4_seed_2,dirichlet,0.4,2,medium,inferred_spearman,0.00606060606061,0.7228;1;0.9552;0.3571;0.8082;0.5437;0.9035;0.7636;0.7251;0.25,100,5,complete,101,0.3606,100,0.3606,100,20260807_163634,b9113e432bff3bec,rbla_-train-20260807_163634-b9113e432bff3bec.csv,raw\rbla_-train-20260807_163634-b9113e432bff3bec.csv,by_dataset\mnist_family\kmnist\rbla\standard\medium\alpha_0.4\rbla_-train-20260807_163634-b9113e432bff3bec.csv,30457,ffc46ad994f16d252fd21e6f0accb674d0f71b3a7867a1e18093bde221e6d691
rbla_-train-20260807_181648-7b2bd4fd66650485.csv,kmnist,kmnist,mnist_family,rbla,standard,rbla,rbla,simple_lora_mlp,kmnist_dirichlet_0_4_seed_3,dirichlet,0.4,3,medium,inferred_spearman,0.00606060606061,0.4386;0.3323;0.2725;0.2717;0.25;0.2596;0.5829;0.8743;0.2572;1,100,5,complete,101,0.3952,100,0.3952,100,20260807_181648,7b2bd4fd66650485,rbla_-train-20260807_181648-7b2bd4fd66650485.csv,raw\rbla_-train-20260807_181648-7b2bd4fd66650485.csv,by_dataset\mnist_family\kmnist\rbla\standard\medium\alpha_0.4\rbla_-train-20260807_181648-7b2bd4fd66650485.csv,30517,c7ee04de80d9909c23007431e541a35f15eeb63c0216b27ebdb0cb3d44fddff2
rbla_-train-20260807_195526-373eb217291aa096.csv,kmnist,kmnist,mnist_family,rbla,standard,rbla,rbla,simple_lora_mlp,kmnist_dirichlet_0_8_seed_1,dirichlet,0.8,1,medium,inferred_spearman,0.00606060606061,0.7;0.5;1;0.9;0.8;0.2;0.6;0.1;0.3;0.4,100,5,complete,101,0.4347,100,0.4347,100,20260807_195526,373eb217291aa096,rbla_-train-20260807_195526-373eb217291aa096.csv,raw\rbla_-train-20260807_195526-373eb217291aa096.csv,by_dataset\mnist_family\kmnist\rbla\standard\medium\alpha_0.8\rbla_-train-20260807_195526-373eb217291aa096.csv,30427,686c61f0f20ea78c73faf00b8ed8e655aebf1da3d29521931ea3124f5aa6502d
rbla_-train-20260807_213356-0d0fe6ef65cecd41.csv,kmnist,kmnist,mnist_family,rbla,standard,rbla,rbla,simple_lora_mlp,kmnist_dirichlet_0_8_seed_2,dirichlet,0.8,2,medium,inferred_spearman,0.00606060606061,0.9;1;0.7;0.1;0.3;0.2;0.4;0.8;0.5;0.6,100,5,complete,101,0.4218,100,0.4218,100,20260807_213356,0d0fe6ef65cecd41,rbla_-train-20260807_213356-0d0fe6ef65cecd41.csv,raw\rbla_-train-20260807_213356-0d0fe6ef65cecd41.csv,by_dataset\mnist_family\kmnist\rbla\standard\medium\alpha_0.8\rbla_-train-20260807_213356-0d0fe6ef65cecd41.csv,30359,9d001139b52a070db1c1eba0a999b45e42ad7af6afe28ea5813deea8490f879d
rbla_-train-20260807_231415-662e44bdd992e2c8.csv,kmnist,kmnist,mnist_family,rbla,standard,rbla,rbla,simple_lora_mlp,kmnist_dirichlet_0_8_seed_3,dirichlet,0.8,3,medium,inferred_spearman,0.00606060606061,0.4;0.5;0.2;0.9;1;0.7;0.6;0.3;0.8;0.1,100,5,complete,101,0.4859,100,0.4859,100,20260807_231415,662e44bdd992e2c8,rbla_-train-20260807_231415-662e44bdd992e2c8.csv,raw\rbla_-train-20260807_231415-662e44bdd992e2c8.csv,by_dataset\mnist_family\kmnist\rbla\standard\medium\alpha_0.8\rbla_-train-20260807_231415-662e44bdd992e2c8.csv,30322,a0c0aee8f236f4f4e39499dadb7f6ad6d02db5905af0b92c329270157f460c19
rbla_-train-20260808_005444-ddebff4f3114bcdc.csv,qmnist,qmnist,mnist_family,rbla,standard,rbla,rbla,simple_lora_mlp,qmnist_dirichlet_0_1_seed_1,dirichlet,0.1,1,medium,inferred_spearman,0.00606060606061,0.1;0.5;0.2;0.4;1;0.3;0.7;0.6;0.9;0.8,100,5,complete,101,0.63075,82,0.609083333333,100,20260808_005444,ddebff4f3114bcdc,rbla_-train-20260808_005444-ddebff4f3114bcdc.csv,raw\rbla_-train-20260808_005444-ddebff4f3114bcdc.csv,by_dataset\mnist_family\qmnist\rbla\standard\medium\alpha_0.1\rbla_-train-20260808_005444-ddebff4f3114bcdc.csv,31958,e034d9f47ce8f4d604ae64e547138009f909a99c55a5131aa96919a1941422d9
rbla_-train-20260808_033106-4e70f9e7af26cf67.csv,qmnist,qmnist,mnist_family,rbla,standard,rbla,rbla,simple_lora_mlp,qmnist_dirichlet_0_1_seed_2,dirichlet,0.1,2,medium,inferred_spearman,0.00606060606061,0.9;0.1;0.8;0.7;0.6;0.3;1;0.2;0.4;0.5,100,5,complete,101,0.610083333333,100,0.610083333333,100,20260808_033106,4e70f9e7af26cf67,rbla_-train-20260808_033106-4e70f9e7af26cf67.csv,raw\rbla_-train-20260808_033106-4e70f9e7af26cf67.csv,by_dataset\mnist_family\qmnist\rbla\standard\medium\alpha_0.1\rbla_-train-20260808_033106-4e70f9e7af26cf67.csv,32080,f3eb5ebe2c9f99470eb1e15ae85afc3a92f8f0ac18b550639fa5f49ee7f487f7
rbla_-train-20260808_061747-3c44a83df0a21cbe.csv,qmnist,qmnist,mnist_family,rbla,standard,rbla,rbla,simple_lora_mlp,qmnist_dirichlet_0_1_seed_3,dirichlet,0.1,3,medium,inferred_spearman,0.00606060606061,0.8;1;0.4;0.7;0.2;0.1;0.5;0.3;0.6;0.9,100,5,complete,101,0.6044,65,0.585016666667,100,20260808_061747,3c44a83df0a21cbe,rbla_-train-20260808_061747-3c44a83df0a21cbe.csv,raw\rbla_-train-20260808_061747-3c44a83df0a21cbe.csv,by_dataset\mnist_family\qmnist\rbla\standard\medium\alpha_0.1\rbla_-train-20260808_061747-3c44a83df0a21cbe.csv,32052,c8634bfb6f560aa5c2b99bedd1f40e7e7d7f85900b3c542f1e52032714ec1f73
rbla_-train-20260808_085955-e397bf9b7d2bf37e.csv,qmnist,qmnist,mnist_family,rbla,standard,rbla,rbla,simple_lora_mlp,qmnist_dirichlet_0_4_seed_1,dirichlet,0.4,1,medium,inferred_spearman,0.00606060606061,0.4495;0.5256;0.8313;0.5291;0.9024;0.2706;0.5789;0.4493;1;0.25,100,5,complete,101,0.80335,100,0.80335,100,20260808_085955,e397bf9b7d2bf37e,rbla_-train-20260808_085955-e397bf9b7d2bf37e.csv,raw\rbla_-train-20260808_085955-e397bf9b7d2bf37e.csv,by_dataset\mnist_family\qmnist\rbla\standard\medium\alpha_0.4\rbla_-train-20260808_085955-e397bf9b7d2bf37e.csv,32161,ee3df6a606dbcf47d4781b12e98dd5d99515a511564fd72efedf55128d768052
rbla_-train-20260808_113710-0d51429cbad21688.csv,qmnist,qmnist,mnist_family,rbla,standard,rbla,rbla,simple_lora_mlp,qmnist_dirichlet_0_4_seed_2,dirichlet,0.4,2,medium,inferred_spearman,0.00606060606061,0.2887;0.6918;0.25;0.2795;0.8646;0.3957;0.2679;0.6099;0.3406;1,100,5,complete,101,0.7382,99,0.737133333333,100,20260808_113710,0d51429cbad21688,rbla_-train-20260808_113710-0d51429cbad21688.csv,raw\rbla_-train-20260808_113710-0d51429cbad21688.csv,by_dataset\mnist_family\qmnist\rbla\standard\medium\alpha_0.4\rbla_-train-20260808_113710-0d51429cbad21688.csv,32200,13d61675e48818f9b6b9d69b651175057e8861541da9ac161af187222f30f3c2
rbla_-train-20260808_141610-9eea060b44a25d86.csv,qmnist,qmnist,mnist_family,rbla,standard,rbla,rbla,simple_lora_mlp,qmnist_dirichlet_0_4_seed_3,dirichlet,0.4,3,medium,inferred_spearman,0.00606060606061,0.5282;0.4083;0.4077;0.3221;0.25;0.3179;0.3144;0.5548;0.7367;1,100,5,complete,101,0.798883333333,100,0.798883333333,100,20260808_141610,9eea060b44a25d86,rbla_-train-20260808_141610-9eea060b44a25d86.csv,raw\rbla_-train-20260808_141610-9eea060b44a25d86.csv,by_dataset\mnist_family\qmnist\rbla\standard\medium\alpha_0.4\rbla_-train-20260808_141610-9eea060b44a25d86.csv,32196,3ffd03493f0c0e9823b3881219b110ba64d41003cc8c8b531edf63eb08af386a
rbla_-train-20260808_165606-07a8eb02e288e01c.csv,qmnist,qmnist,mnist_family,rbla,standard,rbla,rbla,simple_lora_mlp,qmnist_dirichlet_0_8_seed_1,dirichlet,0.8,1,medium,inferred_spearman,0.00606060606061,0.1;0.5;0.6;0.9;0.2;1;0.3;0.8;0.7;0.4,100,5,complete,101,0.7646,100,0.7646,100,20260808_165606,07a8eb02e288e01c,rbla_-train-20260808_165606-07a8eb02e288e01c.csv,raw\rbla_-train-20260808_165606-07a8eb02e288e01c.csv,by_dataset\mnist_family\qmnist\rbla\standard\medium\alpha_0.8\rbla_-train-20260808_165606-07a8eb02e288e01c.csv,32038,aec69d2330ff7944efae049b38d4632017acc7601f5f175917b2a763f439b518
rbla_-train-20260808_193420-c26dfb085d2b90f8.csv,qmnist,qmnist,mnist_family,rbla,standard,rbla,rbla,simple_lora_mlp,qmnist_dirichlet_0_8_seed_2,dirichlet,0.8,2,medium,inferred_spearman,0.00606060606061,0.8;0.6;1;0.9;0.2;0.7;0.4;0.3;0.5;0.1,100,5,complete,101,0.788666666667,99,0.787866666667,100,20260808_193420,c26dfb085d2b90f8,rbla_-train-20260808_193420-c26dfb085d2b90f8.csv,raw\rbla_-train-20260808_193420-c26dfb085d2b90f8.csv,by_dataset\mnist_family\qmnist\rbla\standard\medium\alpha_0.8\rbla_-train-20260808_193420-c26dfb085d2b90f8.csv,32106,dd66668e1e781ee18a024f7265163182d57857a99e70076aae00e44d6334e788
rbla_-train-20260808_221105-bd81e5faf3116205.csv,qmnist,qmnist,mnist_family,rbla,standard,rbla,rbla,simple_lora_mlp,qmnist_dirichlet_0_8_seed_3,dirichlet,0.8,3,medium,inferred_spearman,0.00606060606061,0.1;0.3;0.7;0.5;1;0.2;0.6;0.8;0.9;0.4,100,5,complete,101,0.821216666667,100,0.821216666667,100,20260808_221105,bd81e5faf3116205,rbla_-train-20260808_221105-bd81e5faf3116205.csv,raw\rbla_-train-20260808_221105-bd81e5faf3116205.csv,by_dataset\mnist_family\qmnist\rbla\standard\medium\alpha_0.8\rbla_-train-20260808_221105-bd81e5faf3116205.csv,31991,0df1284541bb1e4b728a97a57f7936b8bb8733fb979088d7e0c3a0195db6a434
rbla_-train-20260809_005143-13f3cc42f62d5d6f.csv,mnist,mnist,mnist_family,rbla,standard,rbla,rbla,simple_lora_mlp,mnist_dirichlet_0_1_seed_1,dirichlet,0.1,1,mismatch,inferred_spearman,-1,0.6;0.1;1;0.2;0.4;0.5;0.9;0.3;0.7;0.8,100,5,complete,101,0.5091,97,0.5071,100,20260809_005143,13f3cc42f62d5d6f,rbla_-train-20260809_005143-13f3cc42f62d5d6f.csv,raw\rbla_-train-20260809_005143-13f3cc42f62d5d6f.csv,by_dataset\mnist_family\mnist\rbla\standard\mismatch\alpha_0.1\rbla_-train-20260809_005143-13f3cc42f62d5d6f.csv,31032,1f10e31b24f422882337f76306b462eac27541053a7cdfb568c6982fb09ce992
rbla_-train-20260809_023130-b0751fa7e4328133.csv,mnist,mnist,mnist_family,rbla,standard,rbla,rbla,simple_lora_mlp,mnist_dirichlet_0_1_seed_2,dirichlet,0.1,2,mismatch,inferred_spearman,-1,0.7;0.6;0.8;0.9;0.3;0.5;0.4;1;0.2;0.1,100,5,complete,101,0.6051,98,0.6034,100,20260809_023130,b0751fa7e4328133,rbla_-train-20260809_023130-b0751fa7e4328133.csv,raw\rbla_-train-20260809_023130-b0751fa7e4328133.csv,by_dataset\mnist_family\mnist\rbla\standard\mismatch\alpha_0.1\rbla_-train-20260809_023130-b0751fa7e4328133.csv,30772,761270390919d044fde0a9110317d106a6d51c41deb9134168a36363405c0165
rbla_-train-20260809_041048-952cd0dfc5b659e6.csv,mnist,mnist,mnist_family,rbla,standard,rbla,rbla,simple_lora_mlp,mnist_dirichlet_0_1_seed_3,dirichlet,0.1,3,mismatch,inferred_spearman,-1,0.8;0.4;0.2;0.9;1;0.6;0.1;0.5;0.3;0.7,100,5,complete,101,0.575,100,0.575,100,20260809_041048,952cd0dfc5b659e6,rbla_-train-20260809_041048-952cd0dfc5b659e6.csv,raw\rbla_-train-20260809_041048-952cd0dfc5b659e6.csv,by_dataset\mnist_family\mnist\rbla\standard\mismatch\alpha_0.1\rbla_-train-20260809_041048-952cd0dfc5b659e6.csv,30930,f15ea658c13e06e8fda2242500dd687f4b8b9716543f9e0ae62fba8082104d26
rbla_-train-20260809_055128-dfe380fcc8cde681.csv,mnist,mnist,mnist_family,rbla,standard,rbla,rbla,simple_lora_mlp,mnist_dirichlet_0_4_seed_1,dirichlet,0.4,1,mismatch,inferred_spearman,-1,0.2706;0.25;0.8313;0.4493;0.5789;1;0.9024;0.5256;0.4495;0.5291,100,5,complete,101,0.7478,100,0.7478,100,20260809_055128,dfe380fcc8cde681,rbla_-train-20260809_055128-dfe380fcc8cde681.csv,raw\rbla_-train-20260809_055128-dfe380fcc8cde681.csv,by_dataset\mnist_family\mnist\rbla\standard\mismatch\alpha_0.4\rbla_-train-20260809_055128-dfe380fcc8cde681.csv,31125,100741add2ccddcd87147c480d7dd60e964a9a7b205b6a8c41ba8ee31e5e2539
rbla_-train-20260809_073344-42d5a82be86af9b5.csv,mnist,mnist,mnist_family,rbla,standard,rbla,rbla,simple_lora_mlp,mnist_dirichlet_0_4_seed_2,dirichlet,0.4,2,mismatch,inferred_spearman,-1,0.2679;0.6918;0.3957;0.3406;0.6099;0.2795;1;0.8646;0.25;0.2887,100,5,complete,101,0.7317,100,0.7317,100,20260809_073344,42d5a82be86af9b5,rbla_-train-20260809_073344-42d5a82be86af9b5.csv,raw\rbla_-train-20260809_073344-42d5a82be86af9b5.csv,by_dataset\mnist_family\mnist\rbla\standard\mismatch\alpha_0.4\rbla_-train-20260809_073344-42d5a82be86af9b5.csv,31118,40f1cc1e78430584061967ab48dc8e8c3459d85c1a071b1fc5378c1b428110fb
rbla_-train-20260809_091612-da3e70eea83618da.csv,mnist,mnist,mnist_family,rbla,standard,rbla,rbla,simple_lora_mlp,mnist_dirichlet_0_4_seed_3,dirichlet,0.4,3,mismatch,inferred_spearman,-1,0.7367;0.3179;0.25;0.3144;0.4083;0.4077;1;0.5548;0.5282;0.3221,100,5,complete,101,0.7706,98,0.7704,100,20260809_091612,da3e70eea83618da,rbla_-train-20260809_091612-da3e70eea83618da.csv,raw\rbla_-train-20260809_091612-da3e70eea83618da.csv,by_dataset\mnist_family\mnist\rbla\standard\mismatch\alpha_0.4\rbla_-train-20260809_091612-da3e70eea83618da.csv,31181,5283c7c3c51cc0507948cfaaefc48bbbd3b3a203043e4387d672ded51dd9e0ce
rbla_-train-20260809_105824-12a08eb73ab80bfc.csv,mnist,mnist,mnist_family,rbla,standard,rbla,rbla,simple_lora_mlp,mnist_dirichlet_0_8_seed_1,dirichlet,0.8,1,mismatch,inferred_spearman,-1,0.6;0.1;0.3;0.7;1;0.4;0.5;0.8;0.9;0.2,100,5,complete,101,0.7974,100,0.7974,100,20260809_105824,12a08eb73ab80bfc,rbla_-train-20260809_105824-12a08eb73ab80bfc.csv,raw\rbla_-train-20260809_105824-12a08eb73ab80bfc.csv,by_dataset\mnist_family\mnist\rbla\standard\mismatch\alpha_0.8\rbla_-train-20260809_105824-12a08eb73ab80bfc.csv,30957,07c8dc1358df35470f0dc8a54b9db121026eac42e9048cb756b16eb230ff157a
rbla_-train-20260809_123927-dcaf7d89a92a776a.csv,mnist,mnist,mnist_family,rbla,standard,rbla,rbla,simple_lora_mlp,mnist_dirichlet_0_8_seed_2,dirichlet,0.8,2,mismatch,inferred_spearman,-1,0.8;0.3;0.4;0.7;1;0.9;0.2;0.5;0.1;0.6,100,5,complete,101,0.7709,100,0.7709,100,20260809_123927,dcaf7d89a92a776a,rbla_-train-20260809_123927-dcaf7d89a92a776a.csv,raw\rbla_-train-20260809_123927-dcaf7d89a92a776a.csv,by_dataset\mnist_family\mnist\rbla\standard\mismatch\alpha_0.8\rbla_-train-20260809_123927-dcaf7d89a92a776a.csv,30950,aa43ab09d5b6345f3ef45ae4d95929448a9336066defb121364427bc9994d9c9
rbla_-train-20260809_142131-c1089b9dd849fbf6.csv,mnist,mnist,mnist_family,rbla,standard,rbla,rbla,simple_lora_mlp,mnist_dirichlet_0_8_seed_3,dirichlet,0.8,3,mismatch,inferred_spearman,-1,0.6;0.5;0.9;0.1;0.4;1;0.3;0.8;0.7;0.2,100,5,complete,101,0.8217,100,0.8217,100,20260809_142131,c1089b9dd849fbf6,rbla_-train-20260809_142131-c1089b9dd849fbf6.csv,raw\rbla_-train-20260809_142131-c1089b9dd849fbf6.csv,by_dataset\mnist_family\mnist\rbla\standard\mismatch\alpha_0.8\rbla_-train-20260809_142131-c1089b9dd849fbf6.csv,30954,24359980c1f1bb07795271775cdcd6b87831b1e5b1cd323c35f3698cee45d332
rbla_-train-20260809_160254-d662c4e434125ae5.csv,fmnist,fmnist,mnist_family,rbla,standard,rbla,rbla,simple_lora_mlp,fmnist_dirichlet_0_1_seed_1,dirichlet,0.1,1,mismatch,inferred_spearman,-1,0.5;0.1;1;0.3;0.4;0.2;0.8;0.6;0.7;0.9,100,5,complete,101,0.4447,30,0.4273,100,20260809_160254,d662c4e434125ae5,rbla_-train-20260809_160254-d662c4e434125ae5.csv,raw\rbla_-train-20260809_160254-d662c4e434125ae5.csv,by_dataset\mnist_family\fmnist\rbla\standard\mismatch\alpha_0.1\rbla_-train-20260809_160254-d662c4e434125ae5.csv,30255,89152adafed9484e3e772aecddd63d0eb3edbf3f87099f19d963fcdf69dcf030
rbla_-train-20260809_174211-5e7f860786ac3e81.csv,fmnist,fmnist,mnist_family,rbla,standard,rbla,rbla,simple_lora_mlp,fmnist_dirichlet_0_1_seed_2,dirichlet,0.1,2,mismatch,inferred_spearman,-1,0.9;0.8;0.3;0.7;0.5;0.4;1;0.6;0.2;0.1,100,5,complete,101,0.4435,100,0.4435,100,20260809_174211,5e7f860786ac3e81,rbla_-train-20260809_174211-5e7f860786ac3e81.csv,raw\rbla_-train-20260809_174211-5e7f860786ac3e81.csv,by_dataset\mnist_family\fmnist\rbla\standard\mismatch\alpha_0.1\rbla_-train-20260809_174211-5e7f860786ac3e81.csv,30154,f6018a0f6fbc52f6467562f12ad0addf0c2d9ab06407a720fad12bd0af5f98e7
rbla_-train-20260809_192042-78de4893fa515f74.csv,fmnist,fmnist,mnist_family,rbla,standard,rbla,rbla,simple_lora_mlp,fmnist_dirichlet_0_1_seed_3,dirichlet,0.1,3,mismatch,inferred_spearman,-1,1;0.4;0.8;0.7;0.9;0.6;0.1;0.5;0.3;0.2,100,5,complete,101,0.4679,100,0.4679,100,20260809_192042,78de4893fa515f74,rbla_-train-20260809_192042-78de4893fa515f74.csv,raw\rbla_-train-20260809_192042-78de4893fa515f74.csv,by_dataset\mnist_family\fmnist\rbla\standard\mismatch\alpha_0.1\rbla_-train-20260809_192042-78de4893fa515f74.csv,30318,c4215dbf8b089541cc87479fe3756f4dbbcb361ecc69476da44b72a56dbf618e
rbla_-train-20260809_210052-8d49ec1104a64fc4.csv,fmnist,fmnist,mnist_family,rbla,standard,rbla,rbla,simple_lora_mlp,fmnist_dirichlet_0_4_seed_1,dirichlet,0.4,1,mismatch,inferred_spearman,-1,0.7671;0.7391;0.7326;1;0.8765;0.3727;0.62;0.25;0.5244;0.4526,100,5,complete,101,0.6491,100,0.6491,100,20260809_210052,8d49ec1104a64fc4,rbla_-train-20260809_210052-8d49ec1104a64fc4.csv,raw\rbla_-train-20260809_210052-8d49ec1104a64fc4.csv,by_dataset\mnist_family\fmnist\rbla\standard\mismatch\alpha_0.4\rbla_-train-20260809_210052-8d49ec1104a64fc4.csv,30434,41dd4aee5418f5ba976511adad097972645dc66e764122b34ab71c406e1041d3
rbla_-train-20260809_224013-bf4e600e965250f8.csv,fmnist,fmnist,mnist_family,rbla,standard,rbla,rbla,simple_lora_mlp,fmnist_dirichlet_0_4_seed_2,dirichlet,0.4,2,mismatch,inferred_spearman,-1,0.3571;0.7228;0.8082;1;0.9552;0.7251;0.9035;0.5437;0.25;0.7636,100,5,complete,101,0.6119,100,0.6119,100,20260809_224013,bf4e600e965250f8,rbla_-train-20260809_224013-bf4e600e965250f8.csv,raw\rbla_-train-20260809_224013-bf4e600e965250f8.csv,by_dataset\mnist_family\fmnist\rbla\standard\mismatch\alpha_0.4\rbla_-train-20260809_224013-bf4e600e965250f8.csv,30432,fa16297c1639c33a3f0f0edec3a727e3eb67543b617cd6fbbaa01f9bcfb93a3d
rbla_-train-20260810_002023-b8b36d7583fc2d1a.csv,fmnist,fmnist,mnist_family,rbla,standard,rbla,rbla,simple_lora_mlp,fmnist_dirichlet_0_4_seed_3,dirichlet,0.4,3,mismatch,inferred_spearman,-1,0.8743;0.2596;0.25;0.2572;0.3323;0.2725;0.5829;0.4386;1;0.2717,100,5,complete,101,0.5062,99,0.502,100,20260810_002023,b8b36d7583fc2d1a,rbla_-train-20260810_002023-b8b36d7583fc2d1a.csv,raw\rbla_-train-20260810_002023-b8b36d7583fc2d1a.csv,by_dataset\mnist_family\fmnist\rbla\standard\mismatch\alpha_0.4\rbla_-train-20260810_002023-b8b36d7583fc2d1a.csv,30560,e107ae7d84e58b691435c1d45cf5cd11a28b31e126417e0945086c0cb313a14f
rbla_-train-20260810_015903-02e536a05d5a5091.csv,fmnist,fmnist,mnist_family,rbla,standard,rbla,rbla,simple_lora_mlp,fmnist_dirichlet_0_8_seed_1,dirichlet,0.8,1,mismatch,inferred_spearman,-1,0.9;0.1;0.4;0.7;0.8;1;0.3;0.6;0.5;0.2,100,5,complete,101,0.6911,100,0.6911,100,20260810_015903,02e536a05d5a5091,rbla_-train-20260810_015903-02e536a05d5a5091.csv,raw\rbla_-train-20260810_015903-02e536a05d5a5091.csv,by_dataset\mnist_family\fmnist\rbla\standard\mismatch\alpha_0.8\rbla_-train-20260810_015903-02e536a05d5a5091.csv,30238,2630210fda9c7d03c617217ddcfec9f62ed578f2d1b2128c30f6d2286030ca67
rbla_-train-20260810_033903-14cf32ff2fb62ae0.csv,fmnist,fmnist,mnist_family,rbla,standard,rbla,rbla,simple_lora_mlp,fmnist_dirichlet_0_8_seed_2,dirichlet,0.8,2,mismatch,inferred_spearman,-1,0.7;0.4;0.9;0.6;0.5;1;0.2;0.8;0.1;0.3,100,5,complete,101,0.6665,100,0.6665,100,20260810_033903,14cf32ff2fb62ae0,rbla_-train-20260810_033903-14cf32ff2fb62ae0.csv,raw\rbla_-train-20260810_033903-14cf32ff2fb62ae0.csv,by_dataset\mnist_family\fmnist\rbla\standard\mismatch\alpha_0.8\rbla_-train-20260810_033903-14cf32ff2fb62ae0.csv,30227,be96cfb081fef2557e27d785b94917ec9af69301608d93cc14d3e7a278a4a71e
rbla_-train-20260810_051943-1b3d1e0ed1f4f797.csv,fmnist,fmnist,mnist_family,rbla,standard,rbla,rbla,simple_lora_mlp,fmnist_dirichlet_0_8_seed_3,dirichlet,0.8,3,mismatch,inferred_spearman,-1,0.2;0.1;1;0.7;0.4;0.9;0.3;0.5;0.8;0.6,100,5,complete,101,0.6446,99,0.643,100,20260810_051943,1b3d1e0ed1f4f797,rbla_-train-20260810_051943-1b3d1e0ed1f4f797.csv,raw\rbla_-train-20260810_051943-1b3d1e0ed1f4f797.csv,by_dataset\mnist_family\fmnist\rbla\standard\mismatch\alpha_0.8\rbla_-train-20260810_051943-1b3d1e0ed1f4f797.csv,30303,a01f3e64d388922aadf4125677fba8f0e1945dc9e77bafce55fa0ac541105eb7
rbla_-train-20260810_065905-e77d99c2c699449f.csv,kmnist,kmnist,mnist_family,rbla,standard,rbla,rbla,simple_lora_mlp,kmnist_dirichlet_0_1_seed_1,dirichlet,0.1,1,mismatch,inferred_spearman,-1,0.5;0.1;1;0.3;0.4;0.2;0.8;0.6;0.7;0.9,100,5,complete,101,0.2372,55,0.2069,100,20260810_065905,e77d99c2c699449f,rbla_-train-20260810_065905-e77d99c2c699449f.csv,raw\rbla_-train-20260810_065905-e77d99c2c699449f.csv,by_dataset\mnist_family\kmnist\rbla\standard\mismatch\alpha_0.1\rbla_-train-20260810_065905-e77d99c2c699449f.csv,30368,d9cc6939e86a65f150e87f2d3f043ca81435c2cd6c387638d276ceab66a05a8f
rbla_-train-20260810_083818-03d7cad6bd0cd70b.csv,kmnist,kmnist,mnist_family,rbla,standard,rbla,rbla,simple_lora_mlp,kmnist_dirichlet_0_1_seed_2,dirichlet,0.1,2,mismatch,inferred_spearman,-1,0.9;0.8;0.3;0.7;0.5;0.4;1;0.6;0.2;0.1,100,5,complete,101,0.2755,99,0.2677,100,20260810_083818,03d7cad6bd0cd70b,rbla_-train-20260810_083818-03d7cad6bd0cd70b.csv,raw\rbla_-train-20260810_083818-03d7cad6bd0cd70b.csv,by_dataset\mnist_family\kmnist\rbla\standard\mismatch\alpha_0.1\rbla_-train-20260810_083818-03d7cad6bd0cd70b.csv,30252,e302ed11d2383a898c46be3921f6fab8b22f36fff1de00b1f528922730f2c744
rbla_-train-20260810_101756-79ab88ffd0ec7ad2.csv,kmnist,kmnist,mnist_family,rbla,standard,rbla,rbla,simple_lora_mlp,kmnist_dirichlet_0_1_seed_3,dirichlet,0.1,3,mismatch,inferred_spearman,-1,1;0.4;0.8;0.7;0.9;0.6;0.1;0.5;0.3;0.2,100,5,complete,101,0.3163,100,0.3163,100,20260810_101756,79ab88ffd0ec7ad2,rbla_-train-20260810_101756-79ab88ffd0ec7ad2.csv,raw\rbla_-train-20260810_101756-79ab88ffd0ec7ad2.csv,by_dataset\mnist_family\kmnist\rbla\standard\mismatch\alpha_0.1\rbla_-train-20260810_101756-79ab88ffd0ec7ad2.csv,29564,3f22c0f4c2f2412ff6108e347f7dda6646726abaa701d813a2291cdb6bef1555
rbla_-train-20260810_115638-c94f3fea339aab75.csv,kmnist,kmnist,mnist_family,rbla,standard,rbla,rbla,simple_lora_mlp,kmnist_dirichlet_0_4_seed_1,dirichlet,0.4,1,mismatch,inferred_spearman,-1,0.7671;0.7391;0.7326;1;0.8765;0.3727;0.62;0.25;0.5244;0.4526,100,5,complete,101,0.3913,100,0.3913,100,20260810_115638,c94f3fea339aab75,rbla_-train-20260810_115638-c94f3fea339aab75.csv,raw\rbla_-train-20260810_115638-c94f3fea339aab75.csv,by_dataset\mnist_family\kmnist\rbla\standard\mismatch\alpha_0.4\rbla_-train-20260810_115638-c94f3fea339aab75.csv,30320,00a12b6dd1e1ef29a9721c19ac9c95d9b45e4aafdeb033e209fcba803f93b147
rbla_-train-20260810_133455-81a2d5c8c4885610.csv,kmnist,kmnist,mnist_family,rbla,standard,rbla,rbla,simple_lora_mlp,kmnist_dirichlet_0_4_seed_2,dirichlet,0.4,2,mismatch,inferred_spearman,-1,0.3571;0.7228;0.8082;1;0.9552;0.7251;0.9035;0.5437;0.25;0.7636,100,5,complete,101,0.3625,99,0.362,100,20260810_133455,81a2d5c8c4885610,rbla_-train-20260810_133455-81a2d5c8c4885610.csv,raw\rbla_-train-20260810_133455-81a2d5c8c4885610.csv,by_dataset\mnist_family\kmnist\rbla\standard\mismatch\alpha_0.4\rbla_-train-20260810_133455-81a2d5c8c4885610.csv,30564,6151088f98560cc06053290063a4567a023c8de2ab0f76c724d34d1f27047559
rbla_-train-20260810_151107-f624468ee2530d78.csv,kmnist,kmnist,mnist_family,rbla,standard,rbla,rbla,simple_lora_mlp,kmnist_dirichlet_0_4_seed_3,dirichlet,0.4,3,mismatch,inferred_spearman,-1,0.8743;0.2596;0.25;0.2572;0.3323;0.2725;0.5829;0.4386;1;0.2717,100,5,complete,101,0.3694,100,0.3694,100,20260810_151107,f624468ee2530d78,rbla_-train-20260810_151107-f624468ee2530d78.csv,raw\rbla_-train-20260810_151107-f624468ee2530d78.csv,by_dataset\mnist_family\kmnist\rbla\standard\mismatch\alpha_0.4\rbla_-train-20260810_151107-f624468ee2530d78.csv,30650,f7acf0292077a80ddf09ab4e8aa8a557567fffc593980cb4f584703a30bcca2a
rbla_-train-20260810_164936-a741170be53063ea.csv,kmnist,kmnist,mnist_family,rbla,standard,rbla,rbla,simple_lora_mlp,kmnist_dirichlet_0_8_seed_1,dirichlet,0.8,1,mismatch,inferred_spearman,-1,0.9;0.1;0.4;0.7;0.8;1;0.3;0.6;0.5;0.2,100,5,complete,101,0.3928,99,0.3908,100,20260810_164936,a741170be53063ea,rbla_-train-20260810_164936-a741170be53063ea.csv,raw\rbla_-train-20260810_164936-a741170be53063ea.csv,by_dataset\mnist_family\kmnist\rbla\standard\mismatch\alpha_0.8\rbla_-train-20260810_164936-a741170be53063ea.csv,30287,05d701e8eca995dacc5c0090b98b0eb2dcc6ce4dac7cef9ff326903b8991838e
rbla_-train-20260810_182837-7672668431b97b88.csv,kmnist,kmnist,mnist_family,rbla,standard,rbla,rbla,simple_lora_mlp,kmnist_dirichlet_0_8_seed_2,dirichlet,0.8,2,mismatch,inferred_spearman,-1,0.7;0.4;0.9;0.6;0.5;1;0.2;0.8;0.1;0.3,100,5,complete,101,0.3947,100,0.3947,100,20260810_182837,7672668431b97b88,rbla_-train-20260810_182837-7672668431b97b88.csv,raw\rbla_-train-20260810_182837-7672668431b97b88.csv,by_dataset\mnist_family\kmnist\rbla\standard\mismatch\alpha_0.8\rbla_-train-20260810_182837-7672668431b97b88.csv,30224,dfa1688448d92c72fc2c2387026873c60e5e7f96493a0f3e29f1ea9e3b611f6a
rbla_-train-20260810_200609-06b98bb15cf352c2.csv,kmnist,kmnist,mnist_family,rbla,standard,rbla,rbla,simple_lora_mlp,kmnist_dirichlet_0_8_seed_3,dirichlet,0.8,3,mismatch,inferred_spearman,-1,0.2;0.1;1;0.7;0.4;0.9;0.3;0.5;0.8;0.6,100,5,complete,101,0.4804,100,0.4804,100,20260810_200609,06b98bb15cf352c2,rbla_-train-20260810_200609-06b98bb15cf352c2.csv,raw\rbla_-train-20260810_200609-06b98bb15cf352c2.csv,by_dataset\mnist_family\kmnist\rbla\standard\mismatch\alpha_0.8\rbla_-train-20260810_200609-06b98bb15cf352c2.csv,30397,4ee8ed9a24a742b897af511b0f71992b31bb964205d32f3f59390c72154470be
rbla_-train-20260810_214347-16708ef2bb01dfad.csv,qmnist,qmnist,mnist_family,rbla,standard,rbla,rbla,simple_lora_mlp,qmnist_dirichlet_0_1_seed_1,dirichlet,0.1,1,mismatch,inferred_spearman,-1,0.6;0.1;1;0.2;0.4;0.5;0.9;0.3;0.7;0.8,100,5,complete,101,0.51175,100,0.51175,100,20260810_214347,16708ef2bb01dfad,rbla_-train-20260810_214347-16708ef2bb01dfad.csv,raw\rbla_-train-20260810_214347-16708ef2bb01dfad.csv,by_dataset\mnist_family\qmnist\rbla\standard\mismatch\alpha_0.1\rbla_-train-20260810_214347-16708ef2bb01dfad.csv,32018,3e21c47f3c5a1316da3355411d8cfed2b9b110562f47e36e247b5fb0e9b37e2b
rbla_-train-20260811_001733-1ee9f87cf01dd3ae.csv,qmnist,qmnist,mnist_family,rbla,standard,rbla,rbla,simple_lora_mlp,qmnist_dirichlet_0_1_seed_2,dirichlet,0.1,2,mismatch,inferred_spearman,-1,0.7;0.6;0.8;0.9;0.3;0.5;0.4;1;0.2;0.1,100,5,complete,101,0.6084,100,0.6084,100,20260811_001733,1ee9f87cf01dd3ae,rbla_-train-20260811_001733-1ee9f87cf01dd3ae.csv,raw\rbla_-train-20260811_001733-1ee9f87cf01dd3ae.csv,by_dataset\mnist_family\qmnist\rbla\standard\mismatch\alpha_0.1\rbla_-train-20260811_001733-1ee9f87cf01dd3ae.csv,31956,0d947b7cda1ca20840304d27b80df1bcc5ce7dc4cb6a5322b489067461ab9175
rbla_-train-20260811_025203-290c0ed0bd3bbdea.csv,qmnist,qmnist,mnist_family,rbla,standard,rbla,rbla,simple_lora_mlp,qmnist_dirichlet_0_1_seed_3,dirichlet,0.1,3,mismatch,inferred_spearman,-1,0.8;0.4;0.2;0.9;1;0.6;0.1;0.5;0.3;0.7,100,5,complete,101,0.5653,100,0.5653,100,20260811_025203,290c0ed0bd3bbdea,rbla_-train-20260811_025203-290c0ed0bd3bbdea.csv,raw\rbla_-train-20260811_025203-290c0ed0bd3bbdea.csv,by_dataset\mnist_family\qmnist\rbla\standard\mismatch\alpha_0.1\rbla_-train-20260811_025203-290c0ed0bd3bbdea.csv,32008,39ad324c3bd040a34d85600c9a0519fa214131215d1733e79acff7cf6440ca96
rbla_-train-20260811_052637-a37b1d514f20eee9.csv,qmnist,qmnist,mnist_family,rbla,standard,rbla,rbla,simple_lora_mlp,qmnist_dirichlet_0_4_seed_1,dirichlet,0.4,1,mismatch,inferred_spearman,-1,0.2706;0.25;0.8313;0.4493;0.5789;1;0.9024;0.5256;0.4495;0.5291,100,5,complete,101,0.74385,100,0.74385,100,20260811_052637,a37b1d514f20eee9,rbla_-train-20260811_052637-a37b1d514f20eee9.csv,raw\rbla_-train-20260811_052637-a37b1d514f20eee9.csv,by_dataset\mnist_family\qmnist\rbla\standard\mismatch\alpha_0.4\rbla_-train-20260811_052637-a37b1d514f20eee9.csv,32228,fbfce15afad301cce570cce2aadb2f74acc10bea8258c1a350981c33be0a11b8
rbla_-train-20260811_080026-4d234951a4bbfd74.csv,qmnist,qmnist,mnist_family,rbla,standard,rbla,rbla,simple_lora_mlp,qmnist_dirichlet_0_4_seed_2,dirichlet,0.4,2,mismatch,inferred_spearman,-1,0.2679;0.6918;0.3957;0.3406;0.6099;0.2795;1;0.8646;0.25;0.2887,100,5,complete,101,0.723133333333,99,0.722233333333,100,20260811_080026,4d234951a4bbfd74,rbla_-train-20260811_080026-4d234951a4bbfd74.csv,raw\rbla_-train-20260811_080026-4d234951a4bbfd74.csv,by_dataset\mnist_family\qmnist\rbla\standard\mismatch\alpha_0.4\rbla_-train-20260811_080026-4d234951a4bbfd74.csv,32227,3269befd89f4412a8873c1da3b9b4b2cca666ba54a5bb176e9dc087d014ec8af
rbla_-train-20260811_103358-476507a1f1a7f216.csv,qmnist,qmnist,mnist_family,rbla,standard,rbla,rbla,simple_lora_mlp,qmnist_dirichlet_0_4_seed_3,dirichlet,0.4,3,mismatch,inferred_spearman,-1,0.7367;0.3179;0.25;0.3144;0.4083;0.4077;1;0.5548;0.5282;0.3221,100,5,complete,101,0.773766666667,100,0.773766666667,100,20260811_103358,476507a1f1a7f216,rbla_-train-20260811_103358-476507a1f1a7f216.csv,raw\rbla_-train-20260811_103358-476507a1f1a7f216.csv,by_dataset\mnist_family\qmnist\rbla\standard\mismatch\alpha_0.4\rbla_-train-20260811_103358-476507a1f1a7f216.csv,32251,e0a81c865ac3cb49f55046014f993397fbdb97d009f918ab4d6904520d42ccab
rbla_-train-20260811_130834-c0329529b4d37436.csv,qmnist,qmnist,mnist_family,rbla,standard,rbla,rbla,simple_lora_mlp,qmnist_dirichlet_0_8_seed_1,dirichlet,0.8,1,mismatch,inferred_spearman,-1,0.6;0.1;0.3;0.7;1;0.4;0.5;0.8;0.9;0.2,100,5,complete,101,0.790566666667,100,0.790566666667,100,20260811_130834,c0329529b4d37436,rbla_-train-20260811_130834-c0329529b4d37436.csv,raw\rbla_-train-20260811_130834-c0329529b4d37436.csv,by_dataset\mnist_family\qmnist\rbla\standard\mismatch\alpha_0.8\rbla_-train-20260811_130834-c0329529b4d37436.csv,31987,c4c03995623bf7c642f1c5a40b063c2917fe43bd09ef1de7a77565c8aa8c0ec7
rbla_-train-20260811_154206-eb4126d7cb91035b.csv,qmnist,qmnist,mnist_family,rbla,standard,rbla,rbla,simple_lora_mlp,qmnist_dirichlet_0_8_seed_2,dirichlet,0.8,2,mismatch,inferred_spearman,-1,0.8;0.3;0.4;0.7;1;0.9;0.2;0.5;0.1;0.6,100,5,complete,101,0.765716666667,99,0.762716666667,100,20260811_154206,eb4126d7cb91035b,rbla_-train-20260811_154206-eb4126d7cb91035b.csv,raw\rbla_-train-20260811_154206-eb4126d7cb91035b.csv,by_dataset\mnist_family\qmnist\rbla\standard\mismatch\alpha_0.8\rbla_-train-20260811_154206-eb4126d7cb91035b.csv,32013,e96ef13c0ba8988970af98ff1be0a3bcfbd2b5444e7c040f9fdc632597256087
rbla_-train-20260811_181739-98f175384f959cee.csv,qmnist,qmnist,mnist_family,rbla,standard,rbla,rbla,simple_lora_mlp,qmnist_dirichlet_0_8_seed_3,dirichlet,0.8,3,mismatch,inferred_spearman,-1,0.6;0.5;0.9;0.1;0.4;1;0.3;0.8;0.7;0.2,100,5,complete,101,0.814,100,0.814,100,20260811_181739,98f175384f959cee,rbla_-train-20260811_181739-98f175384f959cee.csv,raw\rbla_-train-20260811_181739-98f175384f959cee.csv,by_dataset\mnist_family\qmnist\rbla\standard\mismatch\alpha_0.8\rbla_-train-20260811_181739-98f175384f959cee.csv,31987,b581358ddc4c57b202190ad0a391f18379ef95063e3f265492fc03ff6dfb8421
rbla_plus_-train-20260803_074906-46c09d1d1a9a0671.csv,mnist,mnist,mnist_family,rbla_plus,standard,sp_plus,sp_plus,simple_lora_mlp,mnist_dirichlet_0_1_seed_1,dirichlet,0.1,1,correct,inferred_spearman,1,0.5;1;0.1;0.9;0.7;0.6;0.2;0.8;0.4;0.3,100,5,complete,101,0.7625,98,0.7625,100,20260803_074906,46c09d1d1a9a0671,rbla_plus_-train-20260803_074906-46c09d1d1a9a0671.csv,raw\rbla_plus_-train-20260803_074906-46c09d1d1a9a0671.csv,by_dataset\mnist_family\mnist\rbla_plus\standard\correct\alpha_0.1\rbla_plus_-train-20260803_074906-46c09d1d1a9a0671.csv,42099,2471cade8d731882a16d10e56216b95bba1b1c3f9cdb65679a39dbf034869ad7
rbla_plus_-train-20260803_093621-285854685585ac9c.csv,mnist,mnist,mnist_family,rbla_plus,standard,sp_plus,sp_plus,simple_lora_mlp,mnist_dirichlet_0_1_seed_2,dirichlet,0.1,2,correct,inferred_spearman,1,0.4;0.5;0.3;0.2;0.8;0.6;0.7;0.1;0.9;1,100,5,complete,101,0.7173,100,0.7173,100,20260803_093621,285854685585ac9c,rbla_plus_-train-20260803_093621-285854685585ac9c.csv,raw\rbla_plus_-train-20260803_093621-285854685585ac9c.csv,by_dataset\mnist_family\mnist\rbla_plus\standard\correct\alpha_0.1\rbla_plus_-train-20260803_093621-285854685585ac9c.csv,42105,2febc808f20eaa345b72d5213af48a2fca3e1fb69fa5e463c4ce229b8eee24e8
rbla_plus_-train-20260803_111513-1d7e69b7eaef94ba.csv,mnist,mnist,mnist_family,rbla_plus,standard,sp_plus,sp_plus,simple_lora_mlp,mnist_dirichlet_0_1_seed_3,dirichlet,0.1,3,correct,inferred_spearman,1,0.3;0.7;0.9;0.2;0.1;0.5;1;0.6;0.8;0.4,100,5,complete,101,0.7733,100,0.7733,100,20260803_111513,1d7e69b7eaef94ba,rbla_plus_-train-20260803_111513-1d7e69b7eaef94ba.csv,raw\rbla_plus_-train-20260803_111513-1d7e69b7eaef94ba.csv,by_dataset\mnist_family\mnist\rbla_plus\standard\correct\alpha_0.1\rbla_plus_-train-20260803_111513-1d7e69b7eaef94ba.csv,42084,0989b82460a6db7b98b9aadac5e2f75c2adcb32cf8873bdd0f23464592551327
rbla_plus_-train-20260803_125553-af4b27d64ea7ab5a.csv,mnist,mnist,mnist_family,rbla_plus,standard,sp_plus,sp_plus,simple_lora_mlp,mnist_dirichlet_0_4_seed_1,dirichlet,0.4,1,correct,inferred_spearman,1,0.9024;1;0.4493;0.8313;0.4495;0.25;0.2706;0.5291;0.5789;0.5256,100,5,complete,101,0.8235,100,0.8235,100,20260803_125553,af4b27d64ea7ab5a,rbla_plus_-train-20260803_125553-af4b27d64ea7ab5a.csv,raw\rbla_plus_-train-20260803_125553-af4b27d64ea7ab5a.csv,by_dataset\mnist_family\mnist\rbla_plus\standard\correct\alpha_0.4\rbla_plus_-train-20260803_125553-af4b27d64ea7ab5a.csv,42295,db854d53f6e30bb2182dd7119520e1839e32b2a57e61aca52058ce8753cd34d4
rbla_plus_-train-20260803_143331-0b37bb5e56464bed.csv,mnist,mnist,mnist_family,rbla_plus,standard,sp_plus,sp_plus,simple_lora_mlp,mnist_dirichlet_0_4_seed_2,dirichlet,0.4,2,correct,inferred_spearman,1,0.8646;0.2795;0.3406;0.3957;0.2887;0.6918;0.25;0.2679;1;0.6099,100,5,complete,101,0.7959,100,0.7959,100,20260803_143331,0b37bb5e56464bed,rbla_plus_-train-20260803_143331-0b37bb5e56464bed.csv,raw\rbla_plus_-train-20260803_143331-0b37bb5e56464bed.csv,by_dataset\mnist_family\mnist\rbla_plus\standard\correct\alpha_0.4\rbla_plus_-train-20260803_143331-0b37bb5e56464bed.csv,42238,64a00cfd799eb4b006f9272396657606b23e85d3b52d91518138cfb547257735
rbla_plus_-train-20260803_161028-de5bfa0c692d3cd8.csv,mnist,mnist,mnist_family,rbla_plus,standard,sp_plus,sp_plus,simple_lora_mlp,mnist_dirichlet_0_4_seed_3,dirichlet,0.4,3,correct,inferred_spearman,1,0.3144;0.5548;1;0.7367;0.4077;0.4083;0.25;0.3179;0.3221;0.5282,100,5,complete,101,0.841,100,0.841,100,20260803_161028,de5bfa0c692d3cd8,rbla_plus_-train-20260803_161028-de5bfa0c692d3cd8.csv,raw\rbla_plus_-train-20260803_161028-de5bfa0c692d3cd8.csv,by_dataset\mnist_family\mnist\rbla_plus\standard\correct\alpha_0.4\rbla_plus_-train-20260803_161028-de5bfa0c692d3cd8.csv,42407,ccb10f19e483bbaa73f9336c454c4542a81bb49da3df789cad66f4c95dc24448
rbla_plus_-train-20260803_174528-b98c131e968c1649.csv,mnist,mnist,mnist_family,rbla_plus,standard,sp_plus,sp_plus,simple_lora_mlp,mnist_dirichlet_0_8_seed_1,dirichlet,0.8,1,correct,inferred_spearman,1,0.5;1;0.8;0.4;0.1;0.7;0.6;0.3;0.2;0.9,100,5,complete,101,0.8169,100,0.8169,100,20260803_174528,b98c131e968c1649,rbla_plus_-train-20260803_174528-b98c131e968c1649.csv,raw\rbla_plus_-train-20260803_174528-b98c131e968c1649.csv,by_dataset\mnist_family\mnist\rbla_plus\standard\correct\alpha_0.8\rbla_plus_-train-20260803_174528-b98c131e968c1649.csv,42161,5ba8771645d2ca0039fd281ec6dec04d2cb92c9ee677dd4f146aad189f8f53c2
rbla_plus_-train-20260803_192225-38a44bd98c60d002.csv,mnist,mnist,mnist_family,rbla_plus,standard,sp_plus,sp_plus,simple_lora_mlp,mnist_dirichlet_0_8_seed_2,dirichlet,0.8,2,correct,inferred_spearman,1,0.3;0.8;0.7;0.4;0.1;0.2;0.9;0.6;1;0.5,100,5,complete,101,0.8006,100,0.8006,100,20260803_192225,38a44bd98c60d002,rbla_plus_-train-20260803_192225-38a44bd98c60d002.csv,raw\rbla_plus_-train-20260803_192225-38a44bd98c60d002.csv,by_dataset\mnist_family\mnist\rbla_plus\standard\correct\alpha_0.8\rbla_plus_-train-20260803_192225-38a44bd98c60d002.csv,42199,fa6c054a434dc42c3695db23fc0d54fd05db0b8ffe2ee9a2f212492c433f3682
rbla_plus_-train-20260803_205959-3624df8ceca5a280.csv,mnist,mnist,mnist_family,rbla_plus,standard,sp_plus,sp_plus,simple_lora_mlp,mnist_dirichlet_0_8_seed_3,dirichlet,0.8,3,correct,inferred_spearman,1,0.5;0.6;0.2;1;0.7;0.1;0.8;0.3;0.4;0.9,100,5,complete,101,0.8244,100,0.8244,100,20260803_205959,3624df8ceca5a280,rbla_plus_-train-20260803_205959-3624df8ceca5a280.csv,raw\rbla_plus_-train-20260803_205959-3624df8ceca5a280.csv,by_dataset\mnist_family\mnist\rbla_plus\standard\correct\alpha_0.8\rbla_plus_-train-20260803_205959-3624df8ceca5a280.csv,42114,41e5ef0e56fbd48ba5c55afbe68cf805a9fb797601b01c24bff644b1e5b9de83
rbla_plus_-train-20260803_223725-2cdd2467fad8c92e.csv,fmnist,fmnist,mnist_family,rbla_plus,standard,sp_plus,sp_plus,simple_lora_mlp,fmnist_dirichlet_0_1_seed_1,dirichlet,0.1,1,correct,inferred_spearman,1,0.6;1;0.1;0.8;0.7;0.9;0.3;0.5;0.4;0.2,100,5,complete,101,0.6625,100,0.6625,100,20260803_223725,2cdd2467fad8c92e,rbla_plus_-train-20260803_223725-2cdd2467fad8c92e.csv,raw\rbla_plus_-train-20260803_223725-2cdd2467fad8c92e.csv,by_dataset\mnist_family\fmnist\rbla_plus\standard\correct\alpha_0.1\rbla_plus_-train-20260803_223725-2cdd2467fad8c92e.csv,41250,622e6cb9bfeac4308ec3fa14720d883bb2065a849b991878961a77a611db28ad
rbla_plus_-train-20260804_001719-36a5b58cc6215504.csv,fmnist,fmnist,mnist_family,rbla_plus,standard,sp_plus,sp_plus,simple_lora_mlp,fmnist_dirichlet_0_1_seed_2,dirichlet,0.1,2,correct,inferred_spearman,1,0.2;0.3;0.8;0.4;0.6;0.7;0.1;0.5;0.9;1,100,5,complete,101,0.5193,100,0.5193,100,20260804_001719,36a5b58cc6215504,rbla_plus_-train-20260804_001719-36a5b58cc6215504.csv,raw\rbla_plus_-train-20260804_001719-36a5b58cc6215504.csv,by_dataset\mnist_family\fmnist\rbla_plus\standard\correct\alpha_0.1\rbla_plus_-train-20260804_001719-36a5b58cc6215504.csv,41352,770e88af97aac1272a6a92e451e7c2e25b230f7a76c5472e7e6e0821ecc25271
rbla_plus_-train-20260804_015734-2cc1e375d4970ca5.csv,fmnist,fmnist,mnist_family,rbla_plus,standard,sp_plus,sp_plus,simple_lora_mlp,fmnist_dirichlet_0_1_seed_3,dirichlet,0.1,3,correct,inferred_spearman,1,0.1;0.7;0.3;0.4;0.2;0.5;1;0.6;0.8;0.9,100,5,complete,101,0.6288,100,0.6288,100,20260804_015734,2cc1e375d4970ca5,rbla_plus_-train-20260804_015734-2cc1e375d4970ca5.csv,raw\rbla_plus_-train-20260804_015734-2cc1e375d4970ca5.csv,by_dataset\mnist_family\fmnist\rbla_plus\standard\correct\alpha_0.1\rbla_plus_-train-20260804_015734-2cc1e375d4970ca5.csv,41344,29f2bde6f72e0a308c026c499dcd07fac30f274426472913a83989d2ccf78cb7
rbla_plus_-train-20260804_033700-e88ed182035df842.csv,fmnist,fmnist,mnist_family,rbla_plus,standard,sp_plus,sp_plus,simple_lora_mlp,fmnist_dirichlet_0_4_seed_1,dirichlet,0.4,1,correct,inferred_spearman,1,0.4526;0.5244;0.62;0.25;0.3727;0.8765;0.7326;1;0.7391;0.7671,100,5,complete,101,0.6749,100,0.6749,100,20260804_033700,e88ed182035df842,rbla_plus_-train-20260804_033700-e88ed182035df842.csv,raw\rbla_plus_-train-20260804_033700-e88ed182035df842.csv,by_dataset\mnist_family\fmnist\rbla_plus\standard\correct\alpha_0.4\rbla_plus_-train-20260804_033700-e88ed182035df842.csv,41508,94c95d92c3ea261b80d2eeb43e36d6158f3f588da5bdba68bf9c9b114cb2567d
rbla_plus_-train-20260804_051742-ca4aed633eb4b28b.csv,fmnist,fmnist,mnist_family,rbla_plus,standard,sp_plus,sp_plus,simple_lora_mlp,fmnist_dirichlet_0_4_seed_2,dirichlet,0.4,2,correct,inferred_spearman,1,0.9552;0.8082;0.7228;0.25;0.3571;0.7636;0.5437;0.9035;1;0.7251,100,5,complete,101,0.6773,99,0.6753,100,20260804_051742,ca4aed633eb4b28b,rbla_plus_-train-20260804_051742-ca4aed633eb4b28b.csv,raw\rbla_plus_-train-20260804_051742-ca4aed633eb4b28b.csv,by_dataset\mnist_family\fmnist\rbla_plus\standard\correct\alpha_0.4\rbla_plus_-train-20260804_051742-ca4aed633eb4b28b.csv,41488,b363e40e8e9d2d372ed964945fe43f50379bcfac44b4b5de7fef25ce11a25a5d
rbla_plus_-train-20260804_065736-4edd9c141640f984.csv,fmnist,fmnist,mnist_family,rbla_plus,standard,sp_plus,sp_plus,simple_lora_mlp,fmnist_dirichlet_0_4_seed_3,dirichlet,0.4,3,correct,inferred_spearman,1,0.2572;0.5829;1;0.8743;0.2725;0.3323;0.2596;0.2717;0.25;0.4386,100,5,complete,101,0.6245,99,0.6207,100,20260804_065736,4edd9c141640f984,rbla_plus_-train-20260804_065736-4edd9c141640f984.csv,raw\rbla_plus_-train-20260804_065736-4edd9c141640f984.csv,by_dataset\mnist_family\fmnist\rbla_plus\standard\correct\alpha_0.4\rbla_plus_-train-20260804_065736-4edd9c141640f984.csv,41715,736952eab73d7ffc10819e1f903e8dcedddc7ebf8532f48da1bacc5fcffa67fd
rbla_plus_-train-20260804_083706-258838b518b1f62b.csv,fmnist,fmnist,mnist_family,rbla_plus,standard,sp_plus,sp_plus,simple_lora_mlp,fmnist_dirichlet_0_8_seed_1,dirichlet,0.8,1,correct,inferred_spearman,1,0.2;1;0.7;0.4;0.3;0.1;0.8;0.5;0.6;0.9,100,5,complete,101,0.7139,100,0.7139,100,20260804_083706,258838b518b1f62b,rbla_plus_-train-20260804_083706-258838b518b1f62b.csv,raw\rbla_plus_-train-20260804_083706-258838b518b1f62b.csv,by_dataset\mnist_family\fmnist\rbla_plus\standard\correct\alpha_0.8\rbla_plus_-train-20260804_083706-258838b518b1f62b.csv,41414,30e8c84f7bfaf616ef0800d41359560be036d40724d49129a37db30f4052ebac
rbla_plus_-train-20260804_101616-d2caa62ad92db3e1.csv,fmnist,fmnist,mnist_family,rbla_plus,standard,sp_plus,sp_plus,simple_lora_mlp,fmnist_dirichlet_0_8_seed_2,dirichlet,0.8,2,correct,inferred_spearman,1,0.4;0.7;0.2;0.5;0.6;0.1;0.9;0.3;1;0.8,100,5,complete,101,0.6661,100,0.6661,100,20260804_101616,d2caa62ad92db3e1,rbla_plus_-train-20260804_101616-d2caa62ad92db3e1.csv,raw\rbla_plus_-train-20260804_101616-d2caa62ad92db3e1.csv,by_dataset\mnist_family\fmnist\rbla_plus\standard\correct\alpha_0.8\rbla_plus_-train-20260804_101616-d2caa62ad92db3e1.csv,41384,af1109a63408d26fc3f8d5f8e4fe59efa01ba8feebf3ae3f98b04124b549c6cb
rbla_plus_-train-20260804_115543-0ee6649cac1e5974.csv,fmnist,fmnist,mnist_family,rbla_plus,standard,sp_plus,sp_plus,simple_lora_mlp,fmnist_dirichlet_0_8_seed_3,dirichlet,0.8,3,correct,inferred_spearman,1,0.9;1;0.1;0.4;0.7;0.2;0.8;0.6;0.3;0.5,100,5,complete,101,0.7093,98,0.7081,100,20260804_115543,0ee6649cac1e5974,rbla_plus_-train-20260804_115543-0ee6649cac1e5974.csv,raw\rbla_plus_-train-20260804_115543-0ee6649cac1e5974.csv,by_dataset\mnist_family\fmnist\rbla_plus\standard\correct\alpha_0.8\rbla_plus_-train-20260804_115543-0ee6649cac1e5974.csv,41472,3f88d87436202cded2e7d8b738e6b088f7f143c027c64a8d5d2dc2f3d6b89265
rbla_plus_-train-20260804_133448-06c05e874d5647c9.csv,kmnist,kmnist,mnist_family,rbla_plus,standard,sp_plus,sp_plus,simple_lora_mlp,kmnist_dirichlet_0_1_seed_1,dirichlet,0.1,1,correct,inferred_spearman,1,0.6;1;0.1;0.8;0.7;0.9;0.3;0.5;0.4;0.2,100,5,complete,101,0.4424,100,0.4424,100,20260804_133448,06c05e874d5647c9,rbla_plus_-train-20260804_133448-06c05e874d5647c9.csv,raw\rbla_plus_-train-20260804_133448-06c05e874d5647c9.csv,by_dataset\mnist_family\kmnist\rbla_plus\standard\correct\alpha_0.1\rbla_plus_-train-20260804_133448-06c05e874d5647c9.csv,41403,828c7a693bf50d86155547050ff570e19f0010e7b38606c591a2ffeb358e0a46
rbla_plus_-train-20260804_151424-9982980cf617a4d5.csv,kmnist,kmnist,mnist_family,rbla_plus,standard,sp_plus,sp_plus,simple_lora_mlp,kmnist_dirichlet_0_1_seed_2,dirichlet,0.1,2,correct,inferred_spearman,1,0.2;0.3;0.8;0.4;0.6;0.7;0.1;0.5;0.9;1,100,5,complete,101,0.3344,99,0.3323,100,20260804_151424,9982980cf617a4d5,rbla_plus_-train-20260804_151424-9982980cf617a4d5.csv,raw\rbla_plus_-train-20260804_151424-9982980cf617a4d5.csv,by_dataset\mnist_family\kmnist\rbla_plus\standard\correct\alpha_0.1\rbla_plus_-train-20260804_151424-9982980cf617a4d5.csv,41474,7bf6d8af81faa7ea563dfda660c423a96b7fbe396af18c886b6755bf1cfe78b1
rbla_plus_-train-20260804_165648-777bc106a64f0771.csv,kmnist,kmnist,mnist_family,rbla_plus,standard,sp_plus,sp_plus,simple_lora_mlp,kmnist_dirichlet_0_1_seed_3,dirichlet,0.1,3,correct,inferred_spearman,1,0.1;0.7;0.3;0.4;0.2;0.5;1;0.6;0.8;0.9,100,5,complete,101,0.3452,100,0.3452,100,20260804_165648,777bc106a64f0771,rbla_plus_-train-20260804_165648-777bc106a64f0771.csv,raw\rbla_plus_-train-20260804_165648-777bc106a64f0771.csv,by_dataset\mnist_family\kmnist\rbla_plus\standard\correct\alpha_0.1\rbla_plus_-train-20260804_165648-777bc106a64f0771.csv,41376,3c2354edef329f100de2aee8eb65f2b801ce26c25f7b4eac60f88c3db60343d7
rbla_plus_-train-20260804_183646-0c6e39f4165083a0.csv,kmnist,kmnist,mnist_family,rbla_plus,standard,sp_plus,sp_plus,simple_lora_mlp,kmnist_dirichlet_0_4_seed_1,dirichlet,0.4,1,correct,inferred_spearman,1,0.4526;0.5244;0.62;0.25;0.3727;0.8765;0.7326;1;0.7391;0.7671,100,5,complete,101,0.4267,100,0.4267,100,20260804_183646,0c6e39f4165083a0,rbla_plus_-train-20260804_183646-0c6e39f4165083a0.csv,raw\rbla_plus_-train-20260804_183646-0c6e39f4165083a0.csv,by_dataset\mnist_family\kmnist\rbla_plus\standard\correct\alpha_0.4\rbla_plus_-train-20260804_183646-0c6e39f4165083a0.csv,41728,ccb4bf472ef5cb4d06322425bde2f7aa6f3bc29ba8721d6cb29f6fcb1e731604
rbla_plus_-train-20260804_201549-e9f021fa43ebc103.csv,kmnist,kmnist,mnist_family,rbla_plus,standard,sp_plus,sp_plus,simple_lora_mlp,kmnist_dirichlet_0_4_seed_2,dirichlet,0.4,2,correct,inferred_spearman,1,0.9552;0.8082;0.7228;0.25;0.3571;0.7636;0.5437;0.9035;1;0.7251,100,5,complete,101,0.4185,100,0.4185,100,20260804_201549,e9f021fa43ebc103,rbla_plus_-train-20260804_201549-e9f021fa43ebc103.csv,raw\rbla_plus_-train-20260804_201549-e9f021fa43ebc103.csv,by_dataset\mnist_family\kmnist\rbla_plus\standard\correct\alpha_0.4\rbla_plus_-train-20260804_201549-e9f021fa43ebc103.csv,41676,106d35fc6e4efcd25cb1e10040c68cbbdc99e4405e53b038a02c2cf8015c7e12
rbla_plus_-train-20260804_220009-4356ea2ab574445e.csv,kmnist,kmnist,mnist_family,rbla_plus,standard,sp_plus,sp_plus,simple_lora_mlp,kmnist_dirichlet_0_4_seed_3,dirichlet,0.4,3,correct,inferred_spearman,1,0.2572;0.5829;1;0.8743;0.2725;0.3323;0.2596;0.2717;0.25;0.4386,100,5,complete,101,0.4703,100,0.4703,100,20260804_220009,4356ea2ab574445e,rbla_plus_-train-20260804_220009-4356ea2ab574445e.csv,raw\rbla_plus_-train-20260804_220009-4356ea2ab574445e.csv,by_dataset\mnist_family\kmnist\rbla_plus\standard\correct\alpha_0.4\rbla_plus_-train-20260804_220009-4356ea2ab574445e.csv,41696,8364f10fc3fe283f16658313fe11b568689df7bc51d75287c721821d2b1f194a
rbla_plus_-train-20260804_234239-1bf84eae15b355de.csv,kmnist,kmnist,mnist_family,rbla_plus,standard,sp_plus,sp_plus,simple_lora_mlp,kmnist_dirichlet_0_8_seed_1,dirichlet,0.8,1,correct,inferred_spearman,1,0.2;1;0.7;0.4;0.3;0.1;0.8;0.5;0.6;0.9,100,5,complete,101,0.4147,100,0.4147,100,20260804_234239,1bf84eae15b355de,rbla_plus_-train-20260804_234239-1bf84eae15b355de.csv,raw\rbla_plus_-train-20260804_234239-1bf84eae15b355de.csv,by_dataset\mnist_family\kmnist\rbla_plus\standard\correct\alpha_0.8\rbla_plus_-train-20260804_234239-1bf84eae15b355de.csv,41434,3debb42872327779bc36a72249a0ee01f432910a21e910c5f162ce6ceef9a233
rbla_plus_-train-20260805_012434-ea112c3920b8bdc2.csv,kmnist,kmnist,mnist_family,rbla_plus,standard,sp_plus,sp_plus,simple_lora_mlp,kmnist_dirichlet_0_8_seed_2,dirichlet,0.8,2,correct,inferred_spearman,1,0.4;0.7;0.2;0.5;0.6;0.1;0.9;0.3;1;0.8,100,5,complete,101,0.4078,100,0.4078,100,20260805_012434,ea112c3920b8bdc2,rbla_plus_-train-20260805_012434-ea112c3920b8bdc2.csv,raw\rbla_plus_-train-20260805_012434-ea112c3920b8bdc2.csv,by_dataset\mnist_family\kmnist\rbla_plus\standard\correct\alpha_0.8\rbla_plus_-train-20260805_012434-ea112c3920b8bdc2.csv,41442,c62b4f520178bc7c54e6913465bd9eae9bb91d29e51468ef863b9101d05aa1c3
rbla_plus_-train-20260805_030302-66240e143cad188b.csv,kmnist,kmnist,mnist_family,rbla_plus,standard,sp_plus,sp_plus,simple_lora_mlp,kmnist_dirichlet_0_8_seed_3,dirichlet,0.8,3,correct,inferred_spearman,1,0.9;1;0.1;0.4;0.7;0.2;0.8;0.6;0.3;0.5,100,5,complete,101,0.4179,100,0.4179,100,20260805_030302,66240e143cad188b,rbla_plus_-train-20260805_030302-66240e143cad188b.csv,raw\rbla_plus_-train-20260805_030302-66240e143cad188b.csv,by_dataset\mnist_family\kmnist\rbla_plus\standard\correct\alpha_0.8\rbla_plus_-train-20260805_030302-66240e143cad188b.csv,41499,47725a2981440e81f31dcf8be96bfbf91efc1491e1ba4d37b8db277f5b4e8b5c
rbla_plus_-train-20260805_045430-a6c57fe406693ec3.csv,qmnist,qmnist,mnist_family,rbla_plus,standard,sp_plus,sp_plus,simple_lora_mlp,qmnist_dirichlet_0_1_seed_1,dirichlet,0.1,1,correct,inferred_spearman,1,0.5;1;0.1;0.9;0.7;0.6;0.2;0.8;0.4;0.3,100,5,complete,101,0.7626,100,0.7626,100,20260805_045430,a6c57fe406693ec3,rbla_plus_-train-20260805_045430-a6c57fe406693ec3.csv,raw\rbla_plus_-train-20260805_045430-a6c57fe406693ec3.csv,by_dataset\mnist_family\qmnist\rbla_plus\standard\correct\alpha_0.1\rbla_plus_-train-20260805_045430-a6c57fe406693ec3.csv,43041,40936f385d85f116f24c89171f307582e9cf4618ba5e94b3e41421e06acd61df
rbla_plus_-train-20260805_072935-e802a7d44d9b80ee.csv,qmnist,qmnist,mnist_family,rbla_plus,standard,sp_plus,sp_plus,simple_lora_mlp,qmnist_dirichlet_0_1_seed_2,dirichlet,0.1,2,correct,inferred_spearman,1,0.4;0.5;0.3;0.2;0.8;0.6;0.7;0.1;0.9;1,100,5,complete,101,0.709116666667,100,0.709116666667,100,20260805_072935,e802a7d44d9b80ee,rbla_plus_-train-20260805_072935-e802a7d44d9b80ee.csv,raw\rbla_plus_-train-20260805_072935-e802a7d44d9b80ee.csv,by_dataset\mnist_family\qmnist\rbla_plus\standard\correct\alpha_0.1\rbla_plus_-train-20260805_072935-e802a7d44d9b80ee.csv,43157,ff7888b36a9d64596b42cb2d4c6c5e03fdc5854cfbf1b52cbc534f6ca86d7fa8
rbla_plus_-train-20260805_100807-c39b8494e50ac2ae.csv,qmnist,qmnist,mnist_family,rbla_plus,standard,sp_plus,sp_plus,simple_lora_mlp,qmnist_dirichlet_0_1_seed_3,dirichlet,0.1,3,correct,inferred_spearman,1,0.3;0.7;0.9;0.2;0.1;0.5;1;0.6;0.8;0.4,100,5,complete,101,0.765616666667,100,0.765616666667,100,20260805_100807,c39b8494e50ac2ae,rbla_plus_-train-20260805_100807-c39b8494e50ac2ae.csv,raw\rbla_plus_-train-20260805_100807-c39b8494e50ac2ae.csv,by_dataset\mnist_family\qmnist\rbla_plus\standard\correct\alpha_0.1\rbla_plus_-train-20260805_100807-c39b8494e50ac2ae.csv,43201,3fc58466a686bbfb61c9ed0d1421ede32c07eb3a6155fceb0b790676fcfd7ec0
rbla_plus_-train-20260805_124625-4e7a317614fd4079.csv,qmnist,qmnist,mnist_family,rbla_plus,standard,sp_plus,sp_plus,simple_lora_mlp,qmnist_dirichlet_0_4_seed_1,dirichlet,0.4,1,correct,inferred_spearman,1,0.9024;1;0.4493;0.8313;0.4495;0.25;0.2706;0.5291;0.5789;0.5256,100,5,complete,101,0.820816666667,100,0.820816666667,100,20260805_124625,4e7a317614fd4079,rbla_plus_-train-20260805_124625-4e7a317614fd4079.csv,raw\rbla_plus_-train-20260805_124625-4e7a317614fd4079.csv,by_dataset\mnist_family\qmnist\rbla_plus\standard\correct\alpha_0.4\rbla_plus_-train-20260805_124625-4e7a317614fd4079.csv,43482,af1b6de89a0defbb837331005f78522a5a6a344bc7c8edbd1fb3bb4f610791f3
rbla_plus_-train-20260805_152333-e4d62c2bf8c64c54.csv,qmnist,qmnist,mnist_family,rbla_plus,standard,sp_plus,sp_plus,simple_lora_mlp,qmnist_dirichlet_0_4_seed_2,dirichlet,0.4,2,correct,inferred_spearman,1,0.8646;0.2795;0.3406;0.3957;0.2887;0.6918;0.25;0.2679;1;0.6099,100,5,complete,101,0.792483333333,100,0.792483333333,100,20260805_152333,e4d62c2bf8c64c54,rbla_plus_-train-20260805_152333-e4d62c2bf8c64c54.csv,raw\rbla_plus_-train-20260805_152333-e4d62c2bf8c64c54.csv,by_dataset\mnist_family\qmnist\rbla_plus\standard\correct\alpha_0.4\rbla_plus_-train-20260805_152333-e4d62c2bf8c64c54.csv,43365,c750c7632f9aeb721c8da6c201955e5e85a7a5a8c1e02ee5e3b3832d5ee7c114
rbla_plus_-train-20260805_175804-eef18e0b2c30e747.csv,qmnist,qmnist,mnist_family,rbla_plus,standard,sp_plus,sp_plus,simple_lora_mlp,qmnist_dirichlet_0_4_seed_3,dirichlet,0.4,3,correct,inferred_spearman,1,0.3144;0.5548;1;0.7367;0.4077;0.4083;0.25;0.3179;0.3221;0.5282,100,5,complete,101,0.83555,99,0.835483333333,100,20260805_175804,eef18e0b2c30e747,rbla_plus_-train-20260805_175804-eef18e0b2c30e747.csv,raw\rbla_plus_-train-20260805_175804-eef18e0b2c30e747.csv,by_dataset\mnist_family\qmnist\rbla_plus\standard\correct\alpha_0.4\rbla_plus_-train-20260805_175804-eef18e0b2c30e747.csv,43382,0884bd75d0d3d5cc123f1bafb2fbc5a515bfb3cd44ce86cade084e4067ee6331
rbla_plus_-train-20260805_203357-940366d8d247b2cf.csv,qmnist,qmnist,mnist_family,rbla_plus,standard,sp_plus,sp_plus,simple_lora_mlp,qmnist_dirichlet_0_8_seed_1,dirichlet,0.8,1,correct,inferred_spearman,1,0.5;1;0.8;0.4;0.1;0.7;0.6;0.3;0.2;0.9,100,5,complete,101,0.8111,100,0.8111,100,20260805_203357,940366d8d247b2cf,rbla_plus_-train-20260805_203357-940366d8d247b2cf.csv,raw\rbla_plus_-train-20260805_203357-940366d8d247b2cf.csv,by_dataset\mnist_family\qmnist\rbla_plus\standard\correct\alpha_0.8\rbla_plus_-train-20260805_203357-940366d8d247b2cf.csv,43362,86b1399f5a72267d53b5d5680f56448a8ed6663bc4f901a6eabdee4b6daaa09a
rbla_plus_-train-20260805_230825-60db31492f4e9a89.csv,qmnist,qmnist,mnist_family,rbla_plus,standard,sp_plus,sp_plus,simple_lora_mlp,qmnist_dirichlet_0_8_seed_2,dirichlet,0.8,2,correct,inferred_spearman,1,0.3;0.8;0.7;0.4;0.1;0.2;0.9;0.6;1;0.5,100,5,complete,101,0.794333333333,100,0.794333333333,100,20260805_230825,60db31492f4e9a89,rbla_plus_-train-20260805_230825-60db31492f4e9a89.csv,raw\rbla_plus_-train-20260805_230825-60db31492f4e9a89.csv,by_dataset\mnist_family\qmnist\rbla_plus\standard\correct\alpha_0.8\rbla_plus_-train-20260805_230825-60db31492f4e9a89.csv,43210,7621619bfccc9d26ac13f789d2261859007a5b6d0279fc086f943560a34d2cda
rbla_plus_-train-20260806_015003-b532504142c12658.csv,qmnist,qmnist,mnist_family,rbla_plus,standard,sp_plus,sp_plus,simple_lora_mlp,qmnist_dirichlet_0_8_seed_3,dirichlet,0.8,3,correct,inferred_spearman,1,0.5;0.6;0.2;1;0.7;0.1;0.8;0.3;0.4;0.9,100,5,complete,101,0.817516666667,100,0.817516666667,100,20260806_015003,b532504142c12658,rbla_plus_-train-20260806_015003-b532504142c12658.csv,raw\rbla_plus_-train-20260806_015003-b532504142c12658.csv,by_dataset\mnist_family\qmnist\rbla_plus\standard\correct\alpha_0.8\rbla_plus_-train-20260806_015003-b532504142c12658.csv,43311,1141d60f5379db7ef729996ac8b7e6bdfb15bb6d75671ed69b185febe094fe51
rbla_plus_-train-20260806_041029-da226779104e3cc1.csv,mnist,mnist,mnist_family,rbla_plus,standard,sp_plus,sp_plus,simple_lora_mlp,mnist_dirichlet_0_1_seed_1,dirichlet,0.1,1,medium,inferred_spearman,0.00606060606061,0.1;0.5;0.2;0.4;1;0.3;0.7;0.6;0.9;0.8,100,5,complete,101,0.724,100,0.724,100,20260806_041029,da226779104e3cc1,rbla_plus_-train-20260806_041029-da226779104e3cc1.csv,raw\rbla_plus_-train-20260806_041029-da226779104e3cc1.csv,by_dataset\mnist_family\mnist\rbla_plus\standard\medium\alpha_0.1\rbla_plus_-train-20260806_041029-da226779104e3cc1.csv,42129,d50a31514dec6ca3da4bc72e9a0d9474e5d9c9797e006a44a5b8d17ae66e32cf
rbla_plus_-train-20260806_055102-a5d790ec7d7e0b74.csv,mnist,mnist,mnist_family,rbla_plus,standard,sp_plus,sp_plus,simple_lora_mlp,mnist_dirichlet_0_1_seed_2,dirichlet,0.1,2,medium,inferred_spearman,0.00606060606061,0.9;0.1;0.8;0.7;0.6;0.3;1;0.2;0.4;0.5,100,5,complete,101,0.6638,100,0.6638,100,20260806_055102,a5d790ec7d7e0b74,rbla_plus_-train-20260806_055102-a5d790ec7d7e0b74.csv,raw\rbla_plus_-train-20260806_055102-a5d790ec7d7e0b74.csv,by_dataset\mnist_family\mnist\rbla_plus\standard\medium\alpha_0.1\rbla_plus_-train-20260806_055102-a5d790ec7d7e0b74.csv,42106,53d2293abc75b9eb2edb8694d6375887aae825871cbdfa54ad278724e33eb8d4
rbla_plus_-train-20260806_073157-4da4f16e1e07ffc5.csv,mnist,mnist,mnist_family,rbla_plus,standard,sp_plus,sp_plus,simple_lora_mlp,mnist_dirichlet_0_1_seed_3,dirichlet,0.1,3,medium,inferred_spearman,0.00606060606061,0.8;1;0.4;0.7;0.2;0.1;0.5;0.3;0.6;0.9,100,5,complete,101,0.7438,100,0.7438,100,20260806_073157,4da4f16e1e07ffc5,rbla_plus_-train-20260806_073157-4da4f16e1e07ffc5.csv,raw\rbla_plus_-train-20260806_073157-4da4f16e1e07ffc5.csv,by_dataset\mnist_family\mnist\rbla_plus\standard\medium\alpha_0.1\rbla_plus_-train-20260806_073157-4da4f16e1e07ffc5.csv,42110,7866ef60a961c026c15e47a1c344542799c95ff6f7819b1508f78565be0a3e1a
rbla_plus_-train-20260806_091430-dc2e55749a328ee9.csv,mnist,mnist,mnist_family,rbla_plus,standard,sp_plus,sp_plus,simple_lora_mlp,mnist_dirichlet_0_4_seed_1,dirichlet,0.4,1,medium,inferred_spearman,0.00606060606061,0.4495;0.5256;0.8313;0.5291;0.9024;0.2706;0.5789;0.4493;1;0.25,100,5,complete,101,0.8306,100,0.8306,100,20260806_091430,dc2e55749a328ee9,rbla_plus_-train-20260806_091430-dc2e55749a328ee9.csv,raw\rbla_plus_-train-20260806_091430-dc2e55749a328ee9.csv,by_dataset\mnist_family\mnist\rbla_plus\standard\medium\alpha_0.4\rbla_plus_-train-20260806_091430-dc2e55749a328ee9.csv,42373,a6824e5ec86318002d1f3d8cd28411493704087c52ed3d194eaf88c071a4c0ed
rbla_plus_-train-20260806_105550-dc8a9cedd77edcb6.csv,mnist,mnist,mnist_family,rbla_plus,standard,sp_plus,sp_plus,simple_lora_mlp,mnist_dirichlet_0_4_seed_2,dirichlet,0.4,2,medium,inferred_spearman,0.00606060606061,0.2887;0.6918;0.25;0.2795;0.8646;0.3957;0.2679;0.6099;0.3406;1,100,5,complete,101,0.7756,100,0.7756,100,20260806_105550,dc8a9cedd77edcb6,rbla_plus_-train-20260806_105550-dc8a9cedd77edcb6.csv,raw\rbla_plus_-train-20260806_105550-dc8a9cedd77edcb6.csv,by_dataset\mnist_family\mnist\rbla_plus\standard\medium\alpha_0.4\rbla_plus_-train-20260806_105550-dc8a9cedd77edcb6.csv,42249,3de8f39bb431ea2c4520637022b6bc73adf3db42c4ad076b3cece284c08a2919
rbla_plus_-train-20260806_123628-d55ffe210f0572cd.csv,mnist,mnist,mnist_family,rbla_plus,standard,sp_plus,sp_plus,simple_lora_mlp,mnist_dirichlet_0_4_seed_3,dirichlet,0.4,3,medium,inferred_spearman,0.00606060606061,0.5282;0.4083;0.4077;0.3221;0.25;0.3179;0.3144;0.5548;0.7367;1,100,5,complete,101,0.838,100,0.838,100,20260806_123628,d55ffe210f0572cd,rbla_plus_-train-20260806_123628-d55ffe210f0572cd.csv,raw\rbla_plus_-train-20260806_123628-d55ffe210f0572cd.csv,by_dataset\mnist_family\mnist\rbla_plus\standard\medium\alpha_0.4\rbla_plus_-train-20260806_123628-d55ffe210f0572cd.csv,42386,9b64a28ebd58c0c590c468cdb8d5273b069c4ec6654e4e87df3665ae6d78f1c3
rbla_plus_-train-20260806_141713-66e8dfcf9dd32fe3.csv,mnist,mnist,mnist_family,rbla_plus,standard,sp_plus,sp_plus,simple_lora_mlp,mnist_dirichlet_0_8_seed_1,dirichlet,0.8,1,medium,inferred_spearman,0.00606060606061,0.1;0.5;0.6;0.9;0.2;1;0.3;0.8;0.7;0.4,100,5,complete,101,0.8076,100,0.8076,100,20260806_141713,66e8dfcf9dd32fe3,rbla_plus_-train-20260806_141713-66e8dfcf9dd32fe3.csv,raw\rbla_plus_-train-20260806_141713-66e8dfcf9dd32fe3.csv,by_dataset\mnist_family\mnist\rbla_plus\standard\medium\alpha_0.8\rbla_plus_-train-20260806_141713-66e8dfcf9dd32fe3.csv,42204,baefbf7acac902004e88c6ae04306a190e0a82a88132934ff0dcf3912aae0d68
rbla_plus_-train-20260806_155944-ab75562935ddf4df.csv,mnist,mnist,mnist_family,rbla_plus,standard,sp_plus,sp_plus,simple_lora_mlp,mnist_dirichlet_0_8_seed_2,dirichlet,0.8,2,medium,inferred_spearman,0.00606060606061,0.8;0.6;1;0.9;0.2;0.7;0.4;0.3;0.5;0.1,100,5,complete,101,0.7958,100,0.7958,100,20260806_155944,ab75562935ddf4df,rbla_plus_-train-20260806_155944-ab75562935ddf4df.csv,raw\rbla_plus_-train-20260806_155944-ab75562935ddf4df.csv,by_dataset\mnist_family\mnist\rbla_plus\standard\medium\alpha_0.8\rbla_plus_-train-20260806_155944-ab75562935ddf4df.csv,42139,385fb87e02eab00095008312736b54d8274a6ee9ea93d6cfc3e8ad989cc981ed
rbla_plus_-train-20260806_173945-b90423ae58648099.csv,mnist,mnist,mnist_family,rbla_plus,standard,sp_plus,sp_plus,simple_lora_mlp,mnist_dirichlet_0_8_seed_3,dirichlet,0.8,3,medium,inferred_spearman,0.00606060606061,0.1;0.3;0.7;0.5;1;0.2;0.6;0.8;0.9;0.4,100,5,complete,101,0.8123,100,0.8123,100,20260806_173945,b90423ae58648099,rbla_plus_-train-20260806_173945-b90423ae58648099.csv,raw\rbla_plus_-train-20260806_173945-b90423ae58648099.csv,by_dataset\mnist_family\mnist\rbla_plus\standard\medium\alpha_0.8\rbla_plus_-train-20260806_173945-b90423ae58648099.csv,42106,80475bd5988de3ce686123617d28f4ceea3c74e12863dcd2b11fdd270ac8cec1
rbla_plus_-train-20260806_192041-35a4bff61cd9b4d2.csv,fmnist,fmnist,mnist_family,rbla_plus,standard,sp_plus,sp_plus,simple_lora_mlp,fmnist_dirichlet_0_1_seed_1,dirichlet,0.1,1,medium,inferred_spearman,0.00606060606061,0.3;0.5;0.2;0.6;1;0.4;0.8;0.1;0.9;0.7,100,5,complete,101,0.5935,100,0.5935,100,20260806_192041,35a4bff61cd9b4d2,rbla_plus_-train-20260806_192041-35a4bff61cd9b4d2.csv,raw\rbla_plus_-train-20260806_192041-35a4bff61cd9b4d2.csv,by_dataset\mnist_family\fmnist\rbla_plus\standard\medium\alpha_0.1\rbla_plus_-train-20260806_192041-35a4bff61cd9b4d2.csv,41524,dafaec891ee1bb774ccd0eb072e319da817b2b968ed73438b37ee5ae7f68611c
rbla_plus_-train-20260806_210138-b875702d537ba732.csv,fmnist,fmnist,mnist_family,rbla_plus,standard,sp_plus,sp_plus,simple_lora_mlp,fmnist_dirichlet_0_1_seed_2,dirichlet,0.1,2,medium,inferred_spearman,0.00606060606061,0.7;0.8;0.6;0.9;0.3;1;0.2;0.1;0.4;0.5,100,5,complete,101,0.5606,100,0.5606,100,20260806_210138,b875702d537ba732,rbla_plus_-train-20260806_210138-b875702d537ba732.csv,raw\rbla_plus_-train-20260806_210138-b875702d537ba732.csv,by_dataset\mnist_family\fmnist\rbla_plus\standard\medium\alpha_0.1\rbla_plus_-train-20260806_210138-b875702d537ba732.csv,41402,6861c52a425d24b1e8eb2d0aa763b7e8f7bfde0fdc52c48b8651d9ee8f59a2ea
rbla_plus_-train-20260806_224257-07a99f15707a6a6b.csv,fmnist,fmnist,mnist_family,rbla_plus,standard,sp_plus,sp_plus,simple_lora_mlp,fmnist_dirichlet_0_1_seed_3,dirichlet,0.1,3,medium,inferred_spearman,0.00606060606061,0.2;1;0.8;0.9;0.7;0.1;0.5;0.3;0.6;0.4,100,5,complete,101,0.5401,96,0.5396,100,20260806_224257,07a99f15707a6a6b,rbla_plus_-train-20260806_224257-07a99f15707a6a6b.csv,raw\rbla_plus_-train-20260806_224257-07a99f15707a6a6b.csv,by_dataset\mnist_family\fmnist\rbla_plus\standard\medium\alpha_0.1\rbla_plus_-train-20260806_224257-07a99f15707a6a6b.csv,41480,e2554c3fd3c6048b52acf771131025144c24d562098d01adc5f5927c04c2dd59
rbla_plus_-train-20260807_002332-b8d349afa186fe88.csv,fmnist,fmnist,mnist_family,rbla_plus,standard,sp_plus,sp_plus,simple_lora_mlp,fmnist_dirichlet_0_4_seed_1,dirichlet,0.4,1,medium,inferred_spearman,0.00606060606061,0.7671;0.8765;0.25;0.3727;0.7391;0.5244;0.4526;0.62;1;0.7326,100,5,complete,101,0.6539,100,0.6539,100,20260807_002332,b8d349afa186fe88,rbla_plus_-train-20260807_002332-b8d349afa186fe88.csv,raw\rbla_plus_-train-20260807_002332-b8d349afa186fe88.csv,by_dataset\mnist_family\fmnist\rbla_plus\standard\medium\alpha_0.4\rbla_plus_-train-20260807_002332-b8d349afa186fe88.csv,39784,e442a86731508338e5f4613b94c34bea7bdd91d3489226ef841631cadb0ee3bf
rbla_plus_-train-20260807_020323-2bd5bbf81848a475.csv,fmnist,fmnist,mnist_family,rbla_plus,standard,sp_plus,sp_plus,simple_lora_mlp,fmnist_dirichlet_0_4_seed_2,dirichlet,0.4,2,medium,inferred_spearman,0.00606060606061,0.7228;1;0.9552;0.3571;0.8082;0.5437;0.9035;0.7636;0.7251;0.25,100,5,complete,101,0.6634,100,0.6634,100,20260807_020323,2bd5bbf81848a475,rbla_plus_-train-20260807_020323-2bd5bbf81848a475.csv,raw\rbla_plus_-train-20260807_020323-2bd5bbf81848a475.csv,by_dataset\mnist_family\fmnist\rbla_plus\standard\medium\alpha_0.4\rbla_plus_-train-20260807_020323-2bd5bbf81848a475.csv,41715,fc4ca4b77210b3adb435db68a439e905cf986389585c5651d0356fe72729f270
rbla_plus_-train-20260807_034628-d0b0e9463dabf9aa.csv,fmnist,fmnist,mnist_family,rbla_plus,standard,sp_plus,sp_plus,simple_lora_mlp,fmnist_dirichlet_0_4_seed_3,dirichlet,0.4,3,medium,inferred_spearman,0.00606060606061,0.4386;0.3323;0.2725;0.2717;0.25;0.2596;0.5829;0.8743;0.2572;1,100,5,complete,101,0.5195,100,0.5195,100,20260807_034628,d0b0e9463dabf9aa,rbla_plus_-train-20260807_034628-d0b0e9463dabf9aa.csv,raw\rbla_plus_-train-20260807_034628-d0b0e9463dabf9aa.csv,by_dataset\mnist_family\fmnist\rbla_plus\standard\medium\alpha_0.4\rbla_plus_-train-20260807_034628-d0b0e9463dabf9aa.csv,41841,55343f45e6fcdf172f148ca3a760a1a8c4b514b3f18de30b8f87c4b47d0b57a9
rbla_plus_-train-20260807_052654-e7e5125e7183dc22.csv,fmnist,fmnist,mnist_family,rbla_plus,standard,sp_plus,sp_plus,simple_lora_mlp,fmnist_dirichlet_0_8_seed_1,dirichlet,0.8,1,medium,inferred_spearman,0.00606060606061,0.7;0.5;1;0.9;0.8;0.2;0.6;0.1;0.3;0.4,100,5,complete,101,0.7113,100,0.7113,100,20260807_052654,e7e5125e7183dc22,rbla_plus_-train-20260807_052654-e7e5125e7183dc22.csv,raw\rbla_plus_-train-20260807_052654-e7e5125e7183dc22.csv,by_dataset\mnist_family\fmnist\rbla_plus\standard\medium\alpha_0.8\rbla_plus_-train-20260807_052654-e7e5125e7183dc22.csv,41218,fe17abfa1ade78bde219ffb53c03df116898eedd001191582f5207394fddb9c3
rbla_plus_-train-20260807_070712-9dada89394111576.csv,fmnist,fmnist,mnist_family,rbla_plus,standard,sp_plus,sp_plus,simple_lora_mlp,fmnist_dirichlet_0_8_seed_2,dirichlet,0.8,2,medium,inferred_spearman,0.00606060606061,0.9;1;0.7;0.1;0.3;0.2;0.4;0.8;0.5;0.6,100,5,complete,101,0.6605,100,0.6605,100,20260807_070712,9dada89394111576,rbla_plus_-train-20260807_070712-9dada89394111576.csv,raw\rbla_plus_-train-20260807_070712-9dada89394111576.csv,by_dataset\mnist_family\fmnist\rbla_plus\standard\medium\alpha_0.8\rbla_plus_-train-20260807_070712-9dada89394111576.csv,41360,71d5dfc972f4e9721bbf1b38c45a86b494e97c5ae908eb9488ddb99caabaacba
rbla_plus_-train-20260807_084709-b5e5d2ef55ccceaa.csv,fmnist,fmnist,mnist_family,rbla_plus,standard,sp_plus,sp_plus,simple_lora_mlp,fmnist_dirichlet_0_8_seed_3,dirichlet,0.8,3,medium,inferred_spearman,0.00606060606061,0.4;0.5;0.2;0.9;1;0.7;0.6;0.3;0.8;0.1,100,5,complete,101,0.6891,100,0.6891,100,20260807_084709,b5e5d2ef55ccceaa,rbla_plus_-train-20260807_084709-b5e5d2ef55ccceaa.csv,raw\rbla_plus_-train-20260807_084709-b5e5d2ef55ccceaa.csv,by_dataset\mnist_family\fmnist\rbla_plus\standard\medium\alpha_0.8\rbla_plus_-train-20260807_084709-b5e5d2ef55ccceaa.csv,41449,619ac56857aaa760cd2ab07fb1be334682a286cf5630d3205c6de29930dc47f3
rbla_plus_-train-20260807_102532-160caeb66b685ed2.csv,kmnist,kmnist,mnist_family,rbla_plus,standard,sp_plus,sp_plus,simple_lora_mlp,kmnist_dirichlet_0_1_seed_1,dirichlet,0.1,1,medium,inferred_spearman,0.00606060606061,0.3;0.5;0.2;0.6;1;0.4;0.8;0.1;0.9;0.7,100,5,complete,101,0.4188,100,0.4188,100,20260807_102532,160caeb66b685ed2,rbla_plus_-train-20260807_102532-160caeb66b685ed2.csv,raw\rbla_plus_-train-20260807_102532-160caeb66b685ed2.csv,by_dataset\mnist_family\kmnist\rbla_plus\standard\medium\alpha_0.1\rbla_plus_-train-20260807_102532-160caeb66b685ed2.csv,41581,07274ce3eda1140f80491bcf737ef347fe2f1c91a0e7883537eb435e13a4af1e
rbla_plus_-train-20260807_120422-0de09ac08f4f92e8.csv,kmnist,kmnist,mnist_family,rbla_plus,standard,sp_plus,sp_plus,simple_lora_mlp,kmnist_dirichlet_0_1_seed_2,dirichlet,0.1,2,medium,inferred_spearman,0.00606060606061,0.7;0.8;0.6;0.9;0.3;1;0.2;0.1;0.4;0.5,100,5,complete,101,0.3478,100,0.3478,100,20260807_120422,0de09ac08f4f92e8,rbla_plus_-train-20260807_120422-0de09ac08f4f92e8.csv,raw\rbla_plus_-train-20260807_120422-0de09ac08f4f92e8.csv,by_dataset\mnist_family\kmnist\rbla_plus\standard\medium\alpha_0.1\rbla_plus_-train-20260807_120422-0de09ac08f4f92e8.csv,39700,6d05aaa5f7bdf8f7aa45c9bc6fd58ad458b97ed1ac23fe600a6cd1f378f47859
rbla_plus_-train-20260807_134331-824b56f2524b649d.csv,kmnist,kmnist,mnist_family,rbla_plus,standard,sp_plus,sp_plus,simple_lora_mlp,kmnist_dirichlet_0_1_seed_3,dirichlet,0.1,3,medium,inferred_spearman,0.00606060606061,0.2;1;0.8;0.9;0.7;0.1;0.5;0.3;0.6;0.4,100,5,complete,101,0.3893,100,0.3893,100,20260807_134331,824b56f2524b649d,rbla_plus_-train-20260807_134331-824b56f2524b649d.csv,raw\rbla_plus_-train-20260807_134331-824b56f2524b649d.csv,by_dataset\mnist_family\kmnist\rbla_plus\standard\medium\alpha_0.1\rbla_plus_-train-20260807_134331-824b56f2524b649d.csv,41304,5570b214a1a9e58aa97cb953454040c82f44fed2beabb1ecb332905380ab071a
rbla_plus_-train-20260807_152207-64df0b7d985a20fd.csv,kmnist,kmnist,mnist_family,rbla_plus,standard,sp_plus,sp_plus,simple_lora_mlp,kmnist_dirichlet_0_4_seed_1,dirichlet,0.4,1,medium,inferred_spearman,0.00606060606061,0.7671;0.8765;0.25;0.3727;0.7391;0.5244;0.4526;0.62;1;0.7326,100,5,complete,101,0.421,100,0.421,100,20260807_152207,64df0b7d985a20fd,rbla_plus_-train-20260807_152207-64df0b7d985a20fd.csv,raw\rbla_plus_-train-20260807_152207-64df0b7d985a20fd.csv,by_dataset\mnist_family\kmnist\rbla_plus\standard\medium\alpha_0.4\rbla_plus_-train-20260807_152207-64df0b7d985a20fd.csv,41566,fa189125dc813f28e59ae5efdac3e55c97aad4cc9f097c48735ce3093028dd8e
rbla_plus_-train-20260807_170120-4a7db00c53b6ecf2.csv,kmnist,kmnist,mnist_family,rbla_plus,standard,sp_plus,sp_plus,simple_lora_mlp,kmnist_dirichlet_0_4_seed_2,dirichlet,0.4,2,medium,inferred_spearman,0.00606060606061,0.7228;1;0.9552;0.3571;0.8082;0.5437;0.9035;0.7636;0.7251;0.25,100,5,complete,101,0.4107,100,0.4107,100,20260807_170120,4a7db00c53b6ecf2,rbla_plus_-train-20260807_170120-4a7db00c53b6ecf2.csv,raw\rbla_plus_-train-20260807_170120-4a7db00c53b6ecf2.csv,by_dataset\mnist_family\kmnist\rbla_plus\standard\medium\alpha_0.4\rbla_plus_-train-20260807_170120-4a7db00c53b6ecf2.csv,41807,96c4402db6a246374659e6337f8d055cb3e741aeb1d5f3b448bca2b866ae609e
rbla_plus_-train-20260807_184117-835c82141270945d.csv,kmnist,kmnist,mnist_family,rbla_plus,standard,sp_plus,sp_plus,simple_lora_mlp,kmnist_dirichlet_0_4_seed_3,dirichlet,0.4,3,medium,inferred_spearman,0.00606060606061,0.4386;0.3323;0.2725;0.2717;0.25;0.2596;0.5829;0.8743;0.2572;1,100,5,complete,101,0.3794,99,0.3774,100,20260807_184117,835c82141270945d,rbla_plus_-train-20260807_184117-835c82141270945d.csv,raw\rbla_plus_-train-20260807_184117-835c82141270945d.csv,by_dataset\mnist_family\kmnist\rbla_plus\standard\medium\alpha_0.4\rbla_plus_-train-20260807_184117-835c82141270945d.csv,41864,447db6dc4566517239173c20d34370ba6b32a8fcb6fdbf95f7fdd4c86daf35da
rbla_plus_-train-20260807_202009-0631bb99008ba5dd.csv,kmnist,kmnist,mnist_family,rbla_plus,standard,sp_plus,sp_plus,simple_lora_mlp,kmnist_dirichlet_0_8_seed_1,dirichlet,0.8,1,medium,inferred_spearman,0.00606060606061,0.7;0.5;1;0.9;0.8;0.2;0.6;0.1;0.3;0.4,100,5,complete,101,0.4199,100,0.4199,100,20260807_202009,0631bb99008ba5dd,rbla_plus_-train-20260807_202009-0631bb99008ba5dd.csv,raw\rbla_plus_-train-20260807_202009-0631bb99008ba5dd.csv,by_dataset\mnist_family\kmnist\rbla_plus\standard\medium\alpha_0.8\rbla_plus_-train-20260807_202009-0631bb99008ba5dd.csv,41495,e6390764608fa1c8aa7350314239c50116084d5bd7615572646de727afa990e1
rbla_plus_-train-20260807_215847-c59a5885a9c9b5bf.csv,kmnist,kmnist,mnist_family,rbla_plus,standard,sp_plus,sp_plus,simple_lora_mlp,kmnist_dirichlet_0_8_seed_2,dirichlet,0.8,2,medium,inferred_spearman,0.00606060606061,0.9;1;0.7;0.1;0.3;0.2;0.4;0.8;0.5;0.6,100,5,complete,101,0.4314,100,0.4314,100,20260807_215847,c59a5885a9c9b5bf,rbla_plus_-train-20260807_215847-c59a5885a9c9b5bf.csv,raw\rbla_plus_-train-20260807_215847-c59a5885a9c9b5bf.csv,by_dataset\mnist_family\kmnist\rbla_plus\standard\medium\alpha_0.8\rbla_plus_-train-20260807_215847-c59a5885a9c9b5bf.csv,41603,39f0d62015f05b4f5b0afb144ecf0e3833438d19f5f2449332946929e72ddce5
rbla_plus_-train-20260807_233917-0c35378309e67094.csv,kmnist,kmnist,mnist_family,rbla_plus,standard,sp_plus,sp_plus,simple_lora_mlp,kmnist_dirichlet_0_8_seed_3,dirichlet,0.8,3,medium,inferred_spearman,0.00606060606061,0.4;0.5;0.2;0.9;1;0.7;0.6;0.3;0.8;0.1,100,5,complete,101,0.4238,100,0.4238,100,20260807_233917,0c35378309e67094,rbla_plus_-train-20260807_233917-0c35378309e67094.csv,raw\rbla_plus_-train-20260807_233917-0c35378309e67094.csv,by_dataset\mnist_family\kmnist\rbla_plus\standard\medium\alpha_0.8\rbla_plus_-train-20260807_233917-0c35378309e67094.csv,41629,8793f28a490bb642565dc78fd22fb10791334d12b1b190019d8220cda1345a12
rbla_plus_-train-20260808_013325-f0ae211fee47438d.csv,qmnist,qmnist,mnist_family,rbla_plus,standard,sp_plus,sp_plus,simple_lora_mlp,qmnist_dirichlet_0_1_seed_1,dirichlet,0.1,1,medium,inferred_spearman,0.00606060606061,0.1;0.5;0.2;0.4;1;0.3;0.7;0.6;0.9;0.8,100,5,complete,101,0.7091,100,0.7091,100,20260808_013325,f0ae211fee47438d,rbla_plus_-train-20260808_013325-f0ae211fee47438d.csv,raw\rbla_plus_-train-20260808_013325-f0ae211fee47438d.csv,by_dataset\mnist_family\qmnist\rbla_plus\standard\medium\alpha_0.1\rbla_plus_-train-20260808_013325-f0ae211fee47438d.csv,43039,39ed18105025c1ea00f49ec5e482a4a17420f11ad34c0e0462abf62b683a2f3f
rbla_plus_-train-20260808_041015-2ac7894598ab6705.csv,qmnist,qmnist,mnist_family,rbla_plus,standard,sp_plus,sp_plus,simple_lora_mlp,qmnist_dirichlet_0_1_seed_2,dirichlet,0.1,2,medium,inferred_spearman,0.00606060606061,0.9;0.1;0.8;0.7;0.6;0.3;1;0.2;0.4;0.5,100,5,complete,101,0.661533333333,100,0.661533333333,100,20260808_041015,2ac7894598ab6705,rbla_plus_-train-20260808_041015-2ac7894598ab6705.csv,raw\rbla_plus_-train-20260808_041015-2ac7894598ab6705.csv,by_dataset\mnist_family\qmnist\rbla_plus\standard\medium\alpha_0.1\rbla_plus_-train-20260808_041015-2ac7894598ab6705.csv,43157,93f2975d133196705fd1eda9989aafdcd6be34749b67d28adb053f5679764a66
rbla_plus_-train-20260808_070042-3ead37ac8750dde1.csv,qmnist,qmnist,mnist_family,rbla_plus,standard,sp_plus,sp_plus,simple_lora_mlp,qmnist_dirichlet_0_1_seed_3,dirichlet,0.1,3,medium,inferred_spearman,0.00606060606061,0.8;1;0.4;0.7;0.2;0.1;0.5;0.3;0.6;0.9,100,5,complete,101,0.7374,100,0.7374,100,20260808_070042,3ead37ac8750dde1,rbla_plus_-train-20260808_070042-3ead37ac8750dde1.csv,raw\rbla_plus_-train-20260808_070042-3ead37ac8750dde1.csv,by_dataset\mnist_family\qmnist\rbla_plus\standard\medium\alpha_0.1\rbla_plus_-train-20260808_070042-3ead37ac8750dde1.csv,43215,726327b61149d891ceababe1f0d2981601636e88e3cd65ac1e9adaa22d50e2e1
rbla_plus_-train-20260808_093920-f505f80054d90c2f.csv,qmnist,qmnist,mnist_family,rbla_plus,standard,sp_plus,sp_plus,simple_lora_mlp,qmnist_dirichlet_0_4_seed_1,dirichlet,0.4,1,medium,inferred_spearman,0.00606060606061,0.4495;0.5256;0.8313;0.5291;0.9024;0.2706;0.5789;0.4493;1;0.25,100,5,complete,101,0.828483333333,100,0.828483333333,100,20260808_093920,f505f80054d90c2f,rbla_plus_-train-20260808_093920-f505f80054d90c2f.csv,raw\rbla_plus_-train-20260808_093920-f505f80054d90c2f.csv,by_dataset\mnist_family\qmnist\rbla_plus\standard\medium\alpha_0.4\rbla_plus_-train-20260808_093920-f505f80054d90c2f.csv,43162,280e65002ad43ef0e590faf44c20e5f10955e2b87095f89c757b40abf1352de6
rbla_plus_-train-20260808_121659-a5009eff2dd63862.csv,qmnist,qmnist,mnist_family,rbla_plus,standard,sp_plus,sp_plus,simple_lora_mlp,qmnist_dirichlet_0_4_seed_2,dirichlet,0.4,2,medium,inferred_spearman,0.00606060606061,0.2887;0.6918;0.25;0.2795;0.8646;0.3957;0.2679;0.6099;0.3406;1,100,5,complete,101,0.775566666667,100,0.775566666667,100,20260808_121659,a5009eff2dd63862,rbla_plus_-train-20260808_121659-a5009eff2dd63862.csv,raw\rbla_plus_-train-20260808_121659-a5009eff2dd63862.csv,by_dataset\mnist_family\qmnist\rbla_plus\standard\medium\alpha_0.4\rbla_plus_-train-20260808_121659-a5009eff2dd63862.csv,43485,46bd42691abd265acff96d8d4ec8ac93bd5b4f5a4ca91261346e93b05f2798a9
rbla_plus_-train-20260808_145629-bf60b16bef90fc96.csv,qmnist,qmnist,mnist_family,rbla_plus,standard,sp_plus,sp_plus,simple_lora_mlp,qmnist_dirichlet_0_4_seed_3,dirichlet,0.4,3,medium,inferred_spearman,0.00606060606061,0.5282;0.4083;0.4077;0.3221;0.25;0.3179;0.3144;0.5548;0.7367;1,100,5,complete,101,0.833166666667,100,0.833166666667,100,20260808_145629,bf60b16bef90fc96,rbla_plus_-train-20260808_145629-bf60b16bef90fc96.csv,raw\rbla_plus_-train-20260808_145629-bf60b16bef90fc96.csv,by_dataset\mnist_family\qmnist\rbla_plus\standard\medium\alpha_0.4\rbla_plus_-train-20260808_145629-bf60b16bef90fc96.csv,43430,4b97bd1c0fbc3f15e646b5c9d0262a8b187d8bfb290bc001966cedfa6fb8083a
rbla_plus_-train-20260808_173534-be53f0f78845e040.csv,qmnist,qmnist,mnist_family,rbla_plus,standard,sp_plus,sp_plus,simple_lora_mlp,qmnist_dirichlet_0_8_seed_1,dirichlet,0.8,1,medium,inferred_spearman,0.00606060606061,0.1;0.5;0.6;0.9;0.2;1;0.3;0.8;0.7;0.4,100,5,complete,101,0.804666666667,100,0.804666666667,100,20260808_173534,be53f0f78845e040,rbla_plus_-train-20260808_173534-be53f0f78845e040.csv,raw\rbla_plus_-train-20260808_173534-be53f0f78845e040.csv,by_dataset\mnist_family\qmnist\rbla_plus\standard\medium\alpha_0.8\rbla_plus_-train-20260808_173534-be53f0f78845e040.csv,43180,47609d11b690234416bbb4be6cca6c50bc7e2cd6dcdc03b3f01fbb5d350e2484
rbla_plus_-train-20260808_201258-16f4c0201edd8c9f.csv,qmnist,qmnist,mnist_family,rbla_plus,standard,sp_plus,sp_plus,simple_lora_mlp,qmnist_dirichlet_0_8_seed_2,dirichlet,0.8,2,medium,inferred_spearman,0.00606060606061,0.8;0.6;1;0.9;0.2;0.7;0.4;0.3;0.5;0.1,100,5,complete,101,0.78895,100,0.78895,100,20260808_201258,16f4c0201edd8c9f,rbla_plus_-train-20260808_201258-16f4c0201edd8c9f.csv,raw\rbla_plus_-train-20260808_201258-16f4c0201edd8c9f.csv,by_dataset\mnist_family\qmnist\rbla_plus\standard\medium\alpha_0.8\rbla_plus_-train-20260808_201258-16f4c0201edd8c9f.csv,43210,7ff56d13a3e0a55eeceae6c07b4ef6f439e95862310ce69e11262cbe0fe5ddc4
rbla_plus_-train-20260808_225044-62938029ac9cc674.csv,qmnist,qmnist,mnist_family,rbla_plus,standard,sp_plus,sp_plus,simple_lora_mlp,qmnist_dirichlet_0_8_seed_3,dirichlet,0.8,3,medium,inferred_spearman,0.00606060606061,0.1;0.3;0.7;0.5;1;0.2;0.6;0.8;0.9;0.4,100,5,complete,101,0.806833333333,100,0.806833333333,100,20260808_225044,62938029ac9cc674,rbla_plus_-train-20260808_225044-62938029ac9cc674.csv,raw\rbla_plus_-train-20260808_225044-62938029ac9cc674.csv,by_dataset\mnist_family\qmnist\rbla_plus\standard\medium\alpha_0.8\rbla_plus_-train-20260808_225044-62938029ac9cc674.csv,43158,044b403e88ddf6e9a51155a4af1a1f9188456537154f20d65d3cdfd6c3dfe6cd
rbla_plus_-train-20260809_011656-de3f5aa625c3326c.csv,mnist,mnist,mnist_family,rbla_plus,standard,sp_plus,sp_plus,simple_lora_mlp,mnist_dirichlet_0_1_seed_1,dirichlet,0.1,1,mismatch,inferred_spearman,-1,0.6;0.1;1;0.2;0.4;0.5;0.9;0.3;0.7;0.8,100,5,complete,101,0.5079,100,0.5079,100,20260809_011656,de3f5aa625c3326c,rbla_plus_-train-20260809_011656-de3f5aa625c3326c.csv,raw\rbla_plus_-train-20260809_011656-de3f5aa625c3326c.csv,by_dataset\mnist_family\mnist\rbla_plus\standard\mismatch\alpha_0.1\rbla_plus_-train-20260809_011656-de3f5aa625c3326c.csv,42256,d3fd790880f62289ce9238ca329cc9eb183c600c317f083974aafb333c528af1
rbla_plus_-train-20260809_025620-3e1a7b964bfceb90.csv,mnist,mnist,mnist_family,rbla_plus,standard,sp_plus,sp_plus,simple_lora_mlp,mnist_dirichlet_0_1_seed_2,dirichlet,0.1,2,mismatch,inferred_spearman,-1,0.7;0.6;0.8;0.9;0.3;0.5;0.4;1;0.2;0.1,100,5,complete,101,0.5808,100,0.5808,100,20260809_025620,3e1a7b964bfceb90,rbla_plus_-train-20260809_025620-3e1a7b964bfceb90.csv,raw\rbla_plus_-train-20260809_025620-3e1a7b964bfceb90.csv,by_dataset\mnist_family\mnist\rbla_plus\standard\mismatch\alpha_0.1\rbla_plus_-train-20260809_025620-3e1a7b964bfceb90.csv,42189,c6edf5ac1786fda17a0211859bb1f8efd01eb861d6e319c96afbed84cf034a45
rbla_plus_-train-20260809_043545-11dedda11396bdb1.csv,mnist,mnist,mnist_family,rbla_plus,standard,sp_plus,sp_plus,simple_lora_mlp,mnist_dirichlet_0_1_seed_3,dirichlet,0.1,3,mismatch,inferred_spearman,-1,0.8;0.4;0.2;0.9;1;0.6;0.1;0.5;0.3;0.7,100,5,complete,101,0.5745,99,0.573,100,20260809_043545,11dedda11396bdb1,rbla_plus_-train-20260809_043545-11dedda11396bdb1.csv,raw\rbla_plus_-train-20260809_043545-11dedda11396bdb1.csv,by_dataset\mnist_family\mnist\rbla_plus\standard\mismatch\alpha_0.1\rbla_plus_-train-20260809_043545-11dedda11396bdb1.csv,42148,2c9a8bd91f35a94adc86cbe80fb7b388c70215415b8d0759756e84586f709876
rbla_plus_-train-20260809_061700-2865ae10d02eb736.csv,mnist,mnist,mnist_family,rbla_plus,standard,sp_plus,sp_plus,simple_lora_mlp,mnist_dirichlet_0_4_seed_1,dirichlet,0.4,1,mismatch,inferred_spearman,-1,0.2706;0.25;0.8313;0.4493;0.5789;1;0.9024;0.5256;0.4495;0.5291,100,5,complete,101,0.7579,100,0.7579,100,20260809_061700,2865ae10d02eb736,rbla_plus_-train-20260809_061700-2865ae10d02eb736.csv,raw\rbla_plus_-train-20260809_061700-2865ae10d02eb736.csv,by_dataset\mnist_family\mnist\rbla_plus\standard\mismatch\alpha_0.4\rbla_plus_-train-20260809_061700-2865ae10d02eb736.csv,42339,4302770d6a1e7ffdc175120c16b27535d9f383c775f1fb897d41ea350fbd51ca
rbla_plus_-train-20260809_075847-7b20b8bf3ce05f8a.csv,mnist,mnist,mnist_family,rbla_plus,standard,sp_plus,sp_plus,simple_lora_mlp,mnist_dirichlet_0_4_seed_2,dirichlet,0.4,2,mismatch,inferred_spearman,-1,0.2679;0.6918;0.3957;0.3406;0.6099;0.2795;1;0.8646;0.25;0.2887,100,5,complete,101,0.7532,100,0.7532,100,20260809_075847,7b20b8bf3ce05f8a,rbla_plus_-train-20260809_075847-7b20b8bf3ce05f8a.csv,raw\rbla_plus_-train-20260809_075847-7b20b8bf3ce05f8a.csv,by_dataset\mnist_family\mnist\rbla_plus\standard\mismatch\alpha_0.4\rbla_plus_-train-20260809_075847-7b20b8bf3ce05f8a.csv,42363,bb702b2d52beae6122cca739be923dd978e1abdd490ac6c09444c13cc6da7c85
rbla_plus_-train-20260809_094220-63cf628e503b4560.csv,mnist,mnist,mnist_family,rbla_plus,standard,sp_plus,sp_plus,simple_lora_mlp,mnist_dirichlet_0_4_seed_3,dirichlet,0.4,3,mismatch,inferred_spearman,-1,0.7367;0.3179;0.25;0.3144;0.4083;0.4077;1;0.5548;0.5282;0.3221,100,5,complete,101,0.8164,100,0.8164,100,20260809_094220,63cf628e503b4560,rbla_plus_-train-20260809_094220-63cf628e503b4560.csv,raw\rbla_plus_-train-20260809_094220-63cf628e503b4560.csv,by_dataset\mnist_family\mnist\rbla_plus\standard\mismatch\alpha_0.4\rbla_plus_-train-20260809_094220-63cf628e503b4560.csv,42336,4cdb7f0a54185ad81e481880b97872ab2e19a9d8ea73b2d327f845ba41e29539
rbla_plus_-train-20260809_112347-ac6fe85966f115ed.csv,mnist,mnist,mnist_family,rbla_plus,standard,sp_plus,sp_plus,simple_lora_mlp,mnist_dirichlet_0_8_seed_1,dirichlet,0.8,1,mismatch,inferred_spearman,-1,0.6;0.1;0.3;0.7;1;0.4;0.5;0.8;0.9;0.2,100,5,complete,101,0.8078,100,0.8078,100,20260809_112347,ac6fe85966f115ed,rbla_plus_-train-20260809_112347-ac6fe85966f115ed.csv,raw\rbla_plus_-train-20260809_112347-ac6fe85966f115ed.csv,by_dataset\mnist_family\mnist\rbla_plus\standard\mismatch\alpha_0.8\rbla_plus_-train-20260809_112347-ac6fe85966f115ed.csv,42165,c8289e2ad5689b56ccecae81eed68f5fff87a224d5bb58e433441a043b500420
rbla_plus_-train-20260809_130505-592a16c24cd197b0.csv,mnist,mnist,mnist_family,rbla_plus,standard,sp_plus,sp_plus,simple_lora_mlp,mnist_dirichlet_0_8_seed_2,dirichlet,0.8,2,mismatch,inferred_spearman,-1,0.8;0.3;0.4;0.7;1;0.9;0.2;0.5;0.1;0.6,100,5,complete,101,0.7785,100,0.7785,100,20260809_130505,592a16c24cd197b0,rbla_plus_-train-20260809_130505-592a16c24cd197b0.csv,raw\rbla_plus_-train-20260809_130505-592a16c24cd197b0.csv,by_dataset\mnist_family\mnist\rbla_plus\standard\mismatch\alpha_0.8\rbla_plus_-train-20260809_130505-592a16c24cd197b0.csv,42098,a71d9710b96dc124fc3d6546d84eb2235af72f315a82be34c534dfe834acf258
rbla_plus_-train-20260809_144719-bcb7345d37e64ec4.csv,mnist,mnist,mnist_family,rbla_plus,standard,sp_plus,sp_plus,simple_lora_mlp,mnist_dirichlet_0_8_seed_3,dirichlet,0.8,3,mismatch,inferred_spearman,-1,0.6;0.5;0.9;0.1;0.4;1;0.3;0.8;0.7;0.2,100,5,complete,101,0.8193,100,0.8193,100,20260809_144719,bcb7345d37e64ec4,rbla_plus_-train-20260809_144719-bcb7345d37e64ec4.csv,raw\rbla_plus_-train-20260809_144719-bcb7345d37e64ec4.csv,by_dataset\mnist_family\mnist\rbla_plus\standard\mismatch\alpha_0.8\rbla_plus_-train-20260809_144719-bcb7345d37e64ec4.csv,42123,aab1ae4dcfae3651b5bfdab011c118ef73b5f285fb4d9112756a3e8a419f7c94
rbla_plus_-train-20260809_162734-d6ff68146cc9d015.csv,fmnist,fmnist,mnist_family,rbla_plus,standard,sp_plus,sp_plus,simple_lora_mlp,fmnist_dirichlet_0_1_seed_1,dirichlet,0.1,1,mismatch,inferred_spearman,-1,0.5;0.1;1;0.3;0.4;0.2;0.8;0.6;0.7;0.9,100,5,complete,101,0.4927,44,0.49,100,20260809_162734,d6ff68146cc9d015,rbla_plus_-train-20260809_162734-d6ff68146cc9d015.csv,raw\rbla_plus_-train-20260809_162734-d6ff68146cc9d015.csv,by_dataset\mnist_family\fmnist\rbla_plus\standard\mismatch\alpha_0.1\rbla_plus_-train-20260809_162734-d6ff68146cc9d015.csv,41488,8d4e6797e8e6c9d5364b098534292dd65a4cf3897370c3bf063a50e8c1d443d7
rbla_plus_-train-20260809_180708-c674136a8b11bdd1.csv,fmnist,fmnist,mnist_family,rbla_plus,standard,sp_plus,sp_plus,simple_lora_mlp,fmnist_dirichlet_0_1_seed_2,dirichlet,0.1,2,mismatch,inferred_spearman,-1,0.9;0.8;0.3;0.7;0.5;0.4;1;0.6;0.2;0.1,100,5,complete,101,0.4908,100,0.4908,100,20260809_180708,c674136a8b11bdd1,rbla_plus_-train-20260809_180708-c674136a8b11bdd1.csv,raw\rbla_plus_-train-20260809_180708-c674136a8b11bdd1.csv,by_dataset\mnist_family\fmnist\rbla_plus\standard\mismatch\alpha_0.1\rbla_plus_-train-20260809_180708-c674136a8b11bdd1.csv,41568,5acb50e3f1bd3b8656aad0c7185532d2d14d0aa34fea220d6d4a0df9737133cb
rbla_plus_-train-20260809_194530-08680ffd8ebb8b40.csv,fmnist,fmnist,mnist_family,rbla_plus,standard,sp_plus,sp_plus,simple_lora_mlp,fmnist_dirichlet_0_1_seed_3,dirichlet,0.1,3,mismatch,inferred_spearman,-1,1;0.4;0.8;0.7;0.9;0.6;0.1;0.5;0.3;0.2,100,5,complete,101,0.4211,98,0.4192,100,20260809_194530,08680ffd8ebb8b40,rbla_plus_-train-20260809_194530-08680ffd8ebb8b40.csv,raw\rbla_plus_-train-20260809_194530-08680ffd8ebb8b40.csv,by_dataset\mnist_family\fmnist\rbla_plus\standard\mismatch\alpha_0.1\rbla_plus_-train-20260809_194530-08680ffd8ebb8b40.csv,41551,80c42681d2cb2b95aacba9ef467870068c4e95396aa06dcdd42b45cbc8885237
rbla_plus_-train-20260809_212548-3a5e411dd85b5c62.csv,fmnist,fmnist,mnist_family,rbla_plus,standard,sp_plus,sp_plus,simple_lora_mlp,fmnist_dirichlet_0_4_seed_1,dirichlet,0.4,1,mismatch,inferred_spearman,-1,0.7671;0.7391;0.7326;1;0.8765;0.3727;0.62;0.25;0.5244;0.4526,100,5,complete,101,0.6152,100,0.6152,100,20260809_212548,3a5e411dd85b5c62,rbla_plus_-train-20260809_212548-3a5e411dd85b5c62.csv,raw\rbla_plus_-train-20260809_212548-3a5e411dd85b5c62.csv,by_dataset\mnist_family\fmnist\rbla_plus\standard\mismatch\alpha_0.4\rbla_plus_-train-20260809_212548-3a5e411dd85b5c62.csv,41650,12bff2960589fc143b0e197bc2c16436546d1f4549a134f4add764a71d94e14e
rbla_plus_-train-20260809_230530-90ed46e561cb3f8d.csv,fmnist,fmnist,mnist_family,rbla_plus,standard,sp_plus,sp_plus,simple_lora_mlp,fmnist_dirichlet_0_4_seed_2,dirichlet,0.4,2,mismatch,inferred_spearman,-1,0.3571;0.7228;0.8082;1;0.9552;0.7251;0.9035;0.5437;0.25;0.7636,100,5,complete,101,0.6497,99,0.6485,100,20260809_230530,90ed46e561cb3f8d,rbla_plus_-train-20260809_230530-90ed46e561cb3f8d.csv,raw\rbla_plus_-train-20260809_230530-90ed46e561cb3f8d.csv,by_dataset\mnist_family\fmnist\rbla_plus\standard\mismatch\alpha_0.4\rbla_plus_-train-20260809_230530-90ed46e561cb3f8d.csv,41447,071af8296d2c715029883e14ad20689441c8809893065f63636c8db095ade4a4
rbla_plus_-train-20260810_004519-3535a0f866087a06.csv,fmnist,fmnist,mnist_family,rbla_plus,standard,sp_plus,sp_plus,simple_lora_mlp,fmnist_dirichlet_0_4_seed_3,dirichlet,0.4,3,mismatch,inferred_spearman,-1,0.8743;0.2596;0.25;0.2572;0.3323;0.2725;0.5829;0.4386;1;0.2717,100,5,complete,101,0.4829,23,0.4434,100,20260810_004519,3535a0f866087a06,rbla_plus_-train-20260810_004519-3535a0f866087a06.csv,raw\rbla_plus_-train-20260810_004519-3535a0f866087a06.csv,by_dataset\mnist_family\fmnist\rbla_plus\standard\mismatch\alpha_0.4\rbla_plus_-train-20260810_004519-3535a0f866087a06.csv,41894,832bd53d85f5c33359912ce13ab6bdbd35d547103f8498dfac05d90563af1c45
rbla_plus_-train-20260810_022341-0db5f915296f1c93.csv,fmnist,fmnist,mnist_family,rbla_plus,standard,sp_plus,sp_plus,simple_lora_mlp,fmnist_dirichlet_0_8_seed_1,dirichlet,0.8,1,mismatch,inferred_spearman,-1,0.9;0.1;0.4;0.7;0.8;1;0.3;0.6;0.5;0.2,100,5,complete,101,0.6583,99,0.6563,100,20260810_022341,0db5f915296f1c93,rbla_plus_-train-20260810_022341-0db5f915296f1c93.csv,raw\rbla_plus_-train-20260810_022341-0db5f915296f1c93.csv,by_dataset\mnist_family\fmnist\rbla_plus\standard\mismatch\alpha_0.8\rbla_plus_-train-20260810_022341-0db5f915296f1c93.csv,41551,8d65e7b5177eb7714c2ca5f72603f52c1e304627fd2c1f2e60e6576f0bd7cc57
rbla_plus_-train-20260810_040414-01e1039d3eb35c0c.csv,fmnist,fmnist,mnist_family,rbla_plus,standard,sp_plus,sp_plus,simple_lora_mlp,fmnist_dirichlet_0_8_seed_2,dirichlet,0.8,2,mismatch,inferred_spearman,-1,0.7;0.4;0.9;0.6;0.5;1;0.2;0.8;0.1;0.3,100,5,complete,101,0.656,99,0.6557,100,20260810_040414,01e1039d3eb35c0c,rbla_plus_-train-20260810_040414-01e1039d3eb35c0c.csv,raw\rbla_plus_-train-20260810_040414-01e1039d3eb35c0c.csv,by_dataset\mnist_family\fmnist\rbla_plus\standard\mismatch\alpha_0.8\rbla_plus_-train-20260810_040414-01e1039d3eb35c0c.csv,41493,307cf85d880a5ec8929496843f3fd776e35c67ed1759cda74600882082661a45
rbla_plus_-train-20260810_054415-e091ea2384f7d08b.csv,fmnist,fmnist,mnist_family,rbla_plus,standard,sp_plus,sp_plus,simple_lora_mlp,fmnist_dirichlet_0_8_seed_3,dirichlet,0.8,3,mismatch,inferred_spearman,-1,0.2;0.1;1;0.7;0.4;0.9;0.3;0.5;0.8;0.6,100,5,complete,101,0.6388,99,0.6352,100,20260810_054415,e091ea2384f7d08b,rbla_plus_-train-20260810_054415-e091ea2384f7d08b.csv,raw\rbla_plus_-train-20260810_054415-e091ea2384f7d08b.csv,by_dataset\mnist_family\fmnist\rbla_plus\standard\mismatch\alpha_0.8\rbla_plus_-train-20260810_054415-e091ea2384f7d08b.csv,39535,750987f369d53f9adc91aab533365a93efc2e6efd1c1e1d28427ddfb579414cc
rbla_plus_-train-20260810_072356-e0a9d3fc378e39eb.csv,kmnist,kmnist,mnist_family,rbla_plus,standard,sp_plus,sp_plus,simple_lora_mlp,kmnist_dirichlet_0_1_seed_1,dirichlet,0.1,1,mismatch,inferred_spearman,-1,0.5;0.1;1;0.3;0.4;0.2;0.8;0.6;0.7;0.9,100,5,complete,101,0.2716,89,0.2648,100,20260810_072356,e0a9d3fc378e39eb,rbla_plus_-train-20260810_072356-e0a9d3fc378e39eb.csv,raw\rbla_plus_-train-20260810_072356-e0a9d3fc378e39eb.csv,by_dataset\mnist_family\kmnist\rbla_plus\standard\mismatch\alpha_0.1\rbla_plus_-train-20260810_072356-e0a9d3fc378e39eb.csv,41653,c55824f668c41481ba740d7bfe02da0b75e6bfb090b0c26ef181cda475e79a53
rbla_plus_-train-20260810_090250-090360e8158b8346.csv,kmnist,kmnist,mnist_family,rbla_plus,standard,sp_plus,sp_plus,simple_lora_mlp,kmnist_dirichlet_0_1_seed_2,dirichlet,0.1,2,mismatch,inferred_spearman,-1,0.9;0.8;0.3;0.7;0.5;0.4;1;0.6;0.2;0.1,100,5,complete,101,0.2604,99,0.26,100,20260810_090250,090360e8158b8346,rbla_plus_-train-20260810_090250-090360e8158b8346.csv,raw\rbla_plus_-train-20260810_090250-090360e8158b8346.csv,by_dataset\mnist_family\kmnist\rbla_plus\standard\mismatch\alpha_0.1\rbla_plus_-train-20260810_090250-090360e8158b8346.csv,41480,147aab00118ec6b3a549925f39e2aa0607189d7592ffb4b3949c6529b7102db6
rbla_plus_-train-20260810_104241-b1ea301e43f297f8.csv,kmnist,kmnist,mnist_family,rbla_plus,standard,sp_plus,sp_plus,simple_lora_mlp,kmnist_dirichlet_0_1_seed_3,dirichlet,0.1,3,mismatch,inferred_spearman,-1,1;0.4;0.8;0.7;0.9;0.6;0.1;0.5;0.3;0.2,100,5,complete,101,0.2848,100,0.2848,100,20260810_104241,b1ea301e43f297f8,rbla_plus_-train-20260810_104241-b1ea301e43f297f8.csv,raw\rbla_plus_-train-20260810_104241-b1ea301e43f297f8.csv,by_dataset\mnist_family\kmnist\rbla_plus\standard\mismatch\alpha_0.1\rbla_plus_-train-20260810_104241-b1ea301e43f297f8.csv,41303,3227436c3d908f17cf6d0eb8c153b7756ff7bb8a343c0543957a94f4efd48a91
rbla_plus_-train-20260810_122109-34624a5216cef24c.csv,kmnist,kmnist,mnist_family,rbla_plus,standard,sp_plus,sp_plus,simple_lora_mlp,kmnist_dirichlet_0_4_seed_1,dirichlet,0.4,1,mismatch,inferred_spearman,-1,0.7671;0.7391;0.7326;1;0.8765;0.3727;0.62;0.25;0.5244;0.4526,100,5,complete,101,0.412,100,0.412,100,20260810_122109,34624a5216cef24c,rbla_plus_-train-20260810_122109-34624a5216cef24c.csv,raw\rbla_plus_-train-20260810_122109-34624a5216cef24c.csv,by_dataset\mnist_family\kmnist\rbla_plus\standard\mismatch\alpha_0.4\rbla_plus_-train-20260810_122109-34624a5216cef24c.csv,41628,ac5a712e8ff41ade0c6c0c72be56a269ec37a770cfd7e72bfe258759d9cb4492
rbla_plus_-train-20260810_135909-d1fbb86730903e2b.csv,kmnist,kmnist,mnist_family,rbla_plus,standard,sp_plus,sp_plus,simple_lora_mlp,kmnist_dirichlet_0_4_seed_2,dirichlet,0.4,2,mismatch,inferred_spearman,-1,0.3571;0.7228;0.8082;1;0.9552;0.7251;0.9035;0.5437;0.25;0.7636,100,5,complete,101,0.4062,100,0.4062,100,20260810_135909,d1fbb86730903e2b,rbla_plus_-train-20260810_135909-d1fbb86730903e2b.csv,raw\rbla_plus_-train-20260810_135909-d1fbb86730903e2b.csv,by_dataset\mnist_family\kmnist\rbla_plus\standard\mismatch\alpha_0.4\rbla_plus_-train-20260810_135909-d1fbb86730903e2b.csv,41632,5da72bd1970074092ba0e7275ac2e3bd4a298ea382e0e08d7a34717dca66e6d9
rbla_plus_-train-20260810_153536-7e80acae0c13e720.csv,kmnist,kmnist,mnist_family,rbla_plus,standard,sp_plus,sp_plus,simple_lora_mlp,kmnist_dirichlet_0_4_seed_3,dirichlet,0.4,3,mismatch,inferred_spearman,-1,0.8743;0.2596;0.25;0.2572;0.3323;0.2725;0.5829;0.4386;1;0.2717,100,5,complete,101,0.3799,100,0.3799,100,20260810_153536,7e80acae0c13e720,rbla_plus_-train-20260810_153536-7e80acae0c13e720.csv,raw\rbla_plus_-train-20260810_153536-7e80acae0c13e720.csv,by_dataset\mnist_family\kmnist\rbla_plus\standard\mismatch\alpha_0.4\rbla_plus_-train-20260810_153536-7e80acae0c13e720.csv,41819,d323b2679a28eba75df7b3c276366f0646fef9e793f0379df9854336fed33ba1
rbla_plus_-train-20260810_171421-7dba87a045718b9e.csv,kmnist,kmnist,mnist_family,rbla_plus,standard,sp_plus,sp_plus,simple_lora_mlp,kmnist_dirichlet_0_8_seed_1,dirichlet,0.8,1,mismatch,inferred_spearman,-1,0.9;0.1;0.4;0.7;0.8;1;0.3;0.6;0.5;0.2,100,5,complete,101,0.3539,100,0.3539,100,20260810_171421,7dba87a045718b9e,rbla_plus_-train-20260810_171421-7dba87a045718b9e.csv,raw\rbla_plus_-train-20260810_171421-7dba87a045718b9e.csv,by_dataset\mnist_family\kmnist\rbla_plus\standard\mismatch\alpha_0.8\rbla_plus_-train-20260810_171421-7dba87a045718b9e.csv,41446,bbbf5043b56526d8a3eb460cd20f94dcc0f37c65a93b5de5e0c56f61edea731f
rbla_plus_-train-20260810_185305-2ba774c8059ad9ac.csv,kmnist,kmnist,mnist_family,rbla_plus,standard,sp_plus,sp_plus,simple_lora_mlp,kmnist_dirichlet_0_8_seed_2,dirichlet,0.8,2,mismatch,inferred_spearman,-1,0.7;0.4;0.9;0.6;0.5;1;0.2;0.8;0.1;0.3,100,5,complete,101,0.3352,100,0.3352,100,20260810_185305,2ba774c8059ad9ac,rbla_plus_-train-20260810_185305-2ba774c8059ad9ac.csv,raw\rbla_plus_-train-20260810_185305-2ba774c8059ad9ac.csv,by_dataset\mnist_family\kmnist\rbla_plus\standard\mismatch\alpha_0.8\rbla_plus_-train-20260810_185305-2ba774c8059ad9ac.csv,41478,afa58dc8073ef7df09b96fc4360782e98331b93f71f2854fd1daa271b5ce075c
rbla_plus_-train-20260810_203022-e18b0d6b066edea8.csv,kmnist,kmnist,mnist_family,rbla_plus,standard,sp_plus,sp_plus,simple_lora_mlp,kmnist_dirichlet_0_8_seed_3,dirichlet,0.8,3,mismatch,inferred_spearman,-1,0.2;0.1;1;0.7;0.4;0.9;0.3;0.5;0.8;0.6,100,5,complete,101,0.4143,100,0.4143,100,20260810_203022,e18b0d6b066edea8,rbla_plus_-train-20260810_203022-e18b0d6b066edea8.csv,raw\rbla_plus_-train-20260810_203022-e18b0d6b066edea8.csv,by_dataset\mnist_family\kmnist\rbla_plus\standard\mismatch\alpha_0.8\rbla_plus_-train-20260810_203022-e18b0d6b066edea8.csv,41464,923d49823965fc1927325fd018954d8104c1b6f95de5e405753286c688aad46d
rbla_plus_-train-20260810_222149-9043a572121f9484.csv,qmnist,qmnist,mnist_family,rbla_plus,standard,sp_plus,sp_plus,simple_lora_mlp,qmnist_dirichlet_0_1_seed_1,dirichlet,0.1,1,mismatch,inferred_spearman,-1,0.6;0.1;1;0.2;0.4;0.5;0.9;0.3;0.7;0.8,100,5,complete,101,0.50745,100,0.50745,100,20260810_222149,9043a572121f9484,rbla_plus_-train-20260810_222149-9043a572121f9484.csv,raw\rbla_plus_-train-20260810_222149-9043a572121f9484.csv,by_dataset\mnist_family\qmnist\rbla_plus\standard\mismatch\alpha_0.1\rbla_plus_-train-20260810_222149-9043a572121f9484.csv,43273,bfe4175941633782827bb1508f95794ba60f42f478436f9980ccf9a425a44eee
rbla_plus_-train-20260811_005625-374dd7cbbd1588f5.csv,qmnist,qmnist,mnist_family,rbla_plus,standard,sp_plus,sp_plus,simple_lora_mlp,qmnist_dirichlet_0_1_seed_2,dirichlet,0.1,2,mismatch,inferred_spearman,-1,0.7;0.6;0.8;0.9;0.3;0.5;0.4;1;0.2;0.1,100,5,complete,101,0.579733333333,100,0.579733333333,100,20260811_005625,374dd7cbbd1588f5,rbla_plus_-train-20260811_005625-374dd7cbbd1588f5.csv,raw\rbla_plus_-train-20260811_005625-374dd7cbbd1588f5.csv,by_dataset\mnist_family\qmnist\rbla_plus\standard\mismatch\alpha_0.1\rbla_plus_-train-20260811_005625-374dd7cbbd1588f5.csv,43251,b7b434ff06993a3b186bad2b4ad0f36fb95571d34f470c303c5d0f09bbdd0636
rbla_plus_-train-20260811_033052-814ad227525431d5.csv,qmnist,qmnist,mnist_family,rbla_plus,standard,sp_plus,sp_plus,simple_lora_mlp,qmnist_dirichlet_0_1_seed_3,dirichlet,0.1,3,mismatch,inferred_spearman,-1,0.8;0.4;0.2;0.9;1;0.6;0.1;0.5;0.3;0.7,100,5,complete,101,0.56895,100,0.56895,100,20260811_033052,814ad227525431d5,rbla_plus_-train-20260811_033052-814ad227525431d5.csv,raw\rbla_plus_-train-20260811_033052-814ad227525431d5.csv,by_dataset\mnist_family\qmnist\rbla_plus\standard\mismatch\alpha_0.1\rbla_plus_-train-20260811_033052-814ad227525431d5.csv,43350,6dcd7e18fa9c952d7fc9535bd3a98c1c3927a2e51091b04a3d53fe94b3ea9098
rbla_plus_-train-20260811_060444-bdb11583cfde66b3.csv,qmnist,qmnist,mnist_family,rbla_plus,standard,sp_plus,sp_plus,simple_lora_mlp,qmnist_dirichlet_0_4_seed_1,dirichlet,0.4,1,mismatch,inferred_spearman,-1,0.2706;0.25;0.8313;0.4493;0.5789;1;0.9024;0.5256;0.4495;0.5291,100,5,complete,101,0.760816666667,100,0.760816666667,100,20260811_060444,bdb11583cfde66b3,rbla_plus_-train-20260811_060444-bdb11583cfde66b3.csv,raw\rbla_plus_-train-20260811_060444-bdb11583cfde66b3.csv,by_dataset\mnist_family\qmnist\rbla_plus\standard\mismatch\alpha_0.4\rbla_plus_-train-20260811_060444-bdb11583cfde66b3.csv,43372,e03b2835740bcf5e3ef74b41e9df1fe5a8a36da904f3a92cdd1c9b0da604288e
rbla_plus_-train-20260811_083910-8e3e0aa2fd9fbf58.csv,qmnist,qmnist,mnist_family,rbla_plus,standard,sp_plus,sp_plus,simple_lora_mlp,qmnist_dirichlet_0_4_seed_2,dirichlet,0.4,2,mismatch,inferred_spearman,-1,0.2679;0.6918;0.3957;0.3406;0.6099;0.2795;1;0.8646;0.25;0.2887,100,5,complete,101,0.751966666667,100,0.751966666667,100,20260811_083910,8e3e0aa2fd9fbf58,rbla_plus_-train-20260811_083910-8e3e0aa2fd9fbf58.csv,raw\rbla_plus_-train-20260811_083910-8e3e0aa2fd9fbf58.csv,by_dataset\mnist_family\qmnist\rbla_plus\standard\mismatch\alpha_0.4\rbla_plus_-train-20260811_083910-8e3e0aa2fd9fbf58.csv,43347,38e9502d92f67a5d7f3f6d00f0c98bf6ca285ffced8ce187eee1255a41e297d7
rbla_plus_-train-20260811_111257-f84c23dc4efcf675.csv,qmnist,qmnist,mnist_family,rbla_plus,standard,sp_plus,sp_plus,simple_lora_mlp,qmnist_dirichlet_0_4_seed_3,dirichlet,0.4,3,mismatch,inferred_spearman,-1,0.7367;0.3179;0.25;0.3144;0.4083;0.4077;1;0.5548;0.5282;0.3221,100,5,complete,101,0.8083,100,0.8083,100,20260811_111257,f84c23dc4efcf675,rbla_plus_-train-20260811_111257-f84c23dc4efcf675.csv,raw\rbla_plus_-train-20260811_111257-f84c23dc4efcf675.csv,by_dataset\mnist_family\qmnist\rbla_plus\standard\mismatch\alpha_0.4\rbla_plus_-train-20260811_111257-f84c23dc4efcf675.csv,43302,57fc54aa6c6646a970100622fcfe1c9405b67f1fcf791c828748b9eef74f98fb
rbla_plus_-train-20260811_134656-df45b4ee18c2cd44.csv,qmnist,qmnist,mnist_family,rbla_plus,standard,sp_plus,sp_plus,simple_lora_mlp,qmnist_dirichlet_0_8_seed_1,dirichlet,0.8,1,mismatch,inferred_spearman,-1,0.6;0.1;0.3;0.7;1;0.4;0.5;0.8;0.9;0.2,100,5,complete,101,0.800583333333,100,0.800583333333,100,20260811_134656,df45b4ee18c2cd44,rbla_plus_-train-20260811_134656-df45b4ee18c2cd44.csv,raw\rbla_plus_-train-20260811_134656-df45b4ee18c2cd44.csv,by_dataset\mnist_family\qmnist\rbla_plus\standard\mismatch\alpha_0.8\rbla_plus_-train-20260811_134656-df45b4ee18c2cd44.csv,43189,0c6e181e7c0111a839f0fe05aef9fb6e2d7352b8255c5dd9061695dbc6e31ce3
rbla_plus_-train-20260811_162056-340e77b91f184c3f.csv,qmnist,qmnist,mnist_family,rbla_plus,standard,sp_plus,sp_plus,simple_lora_mlp,qmnist_dirichlet_0_8_seed_2,dirichlet,0.8,2,mismatch,inferred_spearman,-1,0.8;0.3;0.4;0.7;1;0.9;0.2;0.5;0.1;0.6,100,5,complete,101,0.768883333333,100,0.768883333333,100,20260811_162056,340e77b91f184c3f,rbla_plus_-train-20260811_162056-340e77b91f184c3f.csv,raw\rbla_plus_-train-20260811_162056-340e77b91f184c3f.csv,by_dataset\mnist_family\qmnist\rbla_plus\standard\mismatch\alpha_0.8\rbla_plus_-train-20260811_162056-340e77b91f184c3f.csv,43305,c6705ca19af98525d6fa1bfe1c663ba46a6c2e4f1d86e1157358b3c84f72ef27
rbla_plus_-train-20260811_185521-287e9d6fd8d51dd1.csv,qmnist,qmnist,mnist_family,rbla_plus,standard,sp_plus,sp_plus,simple_lora_mlp,qmnist_dirichlet_0_8_seed_3,dirichlet,0.8,3,mismatch,inferred_spearman,-1,0.6;0.5;0.9;0.1;0.4;1;0.3;0.8;0.7;0.2,100,5,complete,101,0.809683333333,100,0.809683333333,100,20260811_185521,287e9d6fd8d51dd1,rbla_plus_-train-20260811_185521-287e9d6fd8d51dd1.csv,raw\rbla_plus_-train-20260811_185521-287e9d6fd8d51dd1.csv,by_dataset\mnist_family\qmnist\rbla_plus\standard\mismatch\alpha_0.8\rbla_plus_-train-20260811_185521-287e9d6fd8d51dd1.csv,43298,35860be51cc12a6c1be50b2e4c2d92a090a50aefcccdbee38c57a0cd6d39fbfe
rte_dirichlet_0_4_rank_correct_flora_-train-20260813_190239-fe24d6e10d8f5c34.csv,rte,rte,nlp,flora,unspecified,flora,flora,tiny_bert_lora,rte_dirichlet_0_4,dirichlet,0.4,,correct,explicit_name,,1;0.9262;0.7416;0.6678;0.6088;0.5202;0.4316;0.4242;0.281;0.25,100,3,complete,101,0.458483754513,0,0.458483754513,100,20260813_190239,fe24d6e10d8f5c34,rte_dirichlet_0_4_rank_correct_flora_-train-20260813_190239-fe24d6e10d8f5c34.csv,raw\rte_dirichlet_0_4_rank_correct_flora_-train-20260813_190239-fe24d6e10d8f5c34.csv,by_dataset\nlp\rte\flora\unspecified\correct\alpha_0.4\rte_dirichlet_0_4_rank_correct_flora_-train-20260813_190239-fe24d6e10d8f5c34.csv,37951,0d5f4ff3b15313174569d83bc72b053ef4d12e384d666b5c7c952f82642d2927
rte_dirichlet_0_4_rank_correct_flora_correct_-train-20260816_074313-a06da3d4daacc8ad.csv,rte,rte,nlp,flora,corrected,flora,flora,tiny_bert_lora,rte_dirichlet_0_4,dirichlet,0.4,,correct,explicit_name,,1;0.9262;0.7416;0.6678;0.6088;0.5202;0.4316;0.4242;0.281;0.25,100,3,complete,101,0.530685920578,30,0.512635379061,100,20260816_074313,a06da3d4daacc8ad,rte_dirichlet_0_4_rank_correct_flora_correct_-train-20260816_074313-a06da3d4daacc8ad.csv,raw\rte_dirichlet_0_4_rank_correct_flora_correct_-train-20260816_074313-a06da3d4daacc8ad.csv,by_dataset\nlp\rte\flora\corrected\correct\alpha_0.4\rte_dirichlet_0_4_rank_correct_flora_correct_-train-20260816_074313-a06da3d4daacc8ad.csv,37834,1f9a6398a1775cb87701e8eab0a13c9dbafaaade869d77788b2bbc5d32c9a383
rte_dirichlet_0_4_rank_correct_rbla_-train-20260803_222322-0374ee0551f6ec16.csv,rte,rte,nlp,rbla,standard,rbla,rbla,tiny_bert_lora,rte_dirichlet_0_4,dirichlet,0.4,,correct,explicit_name,,0.6533;0.9554;0.7632;0.5297;0.6808;0.2569;0.3993;0.25;0.5469;1,100,3,complete,101,0.559566787004,13,0.480144404332,100,20260803_222322,0374ee0551f6ec16,rte_dirichlet_0_4_rank_correct_rbla_-train-20260803_222322-0374ee0551f6ec16.csv,raw\rte_dirichlet_0_4_rank_correct_rbla_-train-20260803_222322-0374ee0551f6ec16.csv,by_dataset\nlp\rte\rbla\standard\correct\alpha_0.4\rte_dirichlet_0_4_rank_correct_rbla_-train-20260803_222322-0374ee0551f6ec16.csv,38038,d9c0bc8fd1d1e18fbefd0353ce04cfca860ca15a2d1f3446506aeda6954a1b40
rte_dirichlet_0_4_rank_correct_rbla_-train-20260817_131954-a6c478fd9a90926a.csv,rte,rte,nlp,rbla,standard,rbla,rbla,tiny_bert_lora,rte_dirichlet_0_4,dirichlet,0.4,,correct,explicit_name,,1;0.9262;0.7416;0.6678;0.6088;0.5202;0.4316;0.4242;0.281;0.25,100,3,complete,101,0.552346570397,27,0.527075812274,100,20260817_131954,a6c478fd9a90926a,rte_dirichlet_0_4_rank_correct_rbla_-train-20260817_131954-a6c478fd9a90926a.csv,raw\rte_dirichlet_0_4_rank_correct_rbla_-train-20260817_131954-a6c478fd9a90926a.csv,by_dataset\nlp\rte\rbla\standard\correct\alpha_0.4\rte_dirichlet_0_4_rank_correct_rbla_-train-20260817_131954-a6c478fd9a90926a.csv,37590,3480c0d6f69871e05371a5e1e73b792940b1b43811f278bfa17257aeb044fc74
rte_dirichlet_0_4_rank_correct_rbla_plus_-train-20260803_223404-ffc1ff95ff0656d6.csv,rte,rte,nlp,rbla_plus,standard,sp_plus,sp_plus,tiny_bert_lora,rte_dirichlet_0_4,dirichlet,0.4,,correct,explicit_name,,0.6533;0.9554;0.7632;0.5297;0.6808;0.2569;0.3993;0.25;0.5469;1,100,3,incomplete_no_metrics_header,0,,,,,20260803_223404,ffc1ff95ff0656d6,rte_dirichlet_0_4_rank_correct_rbla_plus_-train-20260803_223404-ffc1ff95ff0656d6.csv,raw\rte_dirichlet_0_4_rank_correct_rbla_plus_-train-20260803_223404-ffc1ff95ff0656d6.csv,by_dataset\nlp\rte\rbla_plus\standard\correct\alpha_0.4\rte_dirichlet_0_4_rank_correct_rbla_plus_-train-20260803_223404-ffc1ff95ff0656d6.csv,17290,35c09b93d08e27b8dd20b50d3e986e2c4168c02a6e3a05edf50842eafca8d149
rte_dirichlet_0_4_rank_correct_rbla_plus_-train-20260804_140629-58b29037a7cdd8f3.csv,rte,rte,nlp,rbla_plus,standard,sp_plus,sp_plus,tiny_bert_lora,rte_dirichlet_0_4,dirichlet,0.4,,correct,explicit_name,,0.6533;0.9554;0.7632;0.5297;0.6808;0.2569;0.3993;0.25;0.5469;1,100,3,complete,101,0.519855595668,20,0.487364620939,100,20260804_140629,58b29037a7cdd8f3,rte_dirichlet_0_4_rank_correct_rbla_plus_-train-20260804_140629-58b29037a7cdd8f3.csv,raw\rte_dirichlet_0_4_rank_correct_rbla_plus_-train-20260804_140629-58b29037a7cdd8f3.csv,by_dataset\nlp\rte\rbla_plus\standard\correct\alpha_0.4\rte_dirichlet_0_4_rank_correct_rbla_plus_-train-20260804_140629-58b29037a7cdd8f3.csv,47568,c0bea4a142e4baa66858b584882cf3815081f612499dd041ef9351fce1b841f2
rte_dirichlet_0_4_rank_correct_rbla_plus_-train-20260817_133039-f37f3add962d215a.csv,rte,rte,nlp,rbla_plus,standard,sp_plus,sp_plus,tiny_bert_lora,rte_dirichlet_0_4,dirichlet,0.4,,correct,explicit_name,,1;0.9262;0.7416;0.6678;0.6088;0.5202;0.4316;0.4242;0.281;0.25,100,3,complete,101,0.545126353791,47,0.534296028881,100,20260817_133039,f37f3add962d215a,rte_dirichlet_0_4_rank_correct_rbla_plus_-train-20260817_133039-f37f3add962d215a.csv,raw\rte_dirichlet_0_4_rank_correct_rbla_plus_-train-20260817_133039-f37f3add962d215a.csv,by_dataset\nlp\rte\rbla_plus\standard\correct\alpha_0.4\rte_dirichlet_0_4_rank_correct_rbla_plus_-train-20260817_133039-f37f3add962d215a.csv,46231,9076066d3b6a0c52bdcbdb3ad43eaf9f841ae31893a5c12ec216cd0defec1dbc
rte_dirichlet_0_4_rank_correct_sp_-train-20260803_223453-513d197e2da98110.csv,rte,rte,nlp,sp,standard,sp,sp,tiny_bert_lora,rte_dirichlet_0_4,dirichlet,0.4,,correct,explicit_name,,0.6533;0.9554;0.7632;0.5297;0.6808;0.2569;0.3993;0.25;0.5469;1,100,3,complete,101,0.57761732852,94,0.545126353791,100,20260803_223453,513d197e2da98110,rte_dirichlet_0_4_rank_correct_sp_-train-20260803_223453-513d197e2da98110.csv,raw\rte_dirichlet_0_4_rank_correct_sp_-train-20260803_223453-513d197e2da98110.csv,by_dataset\nlp\rte\sp\standard\correct\alpha_0.4\rte_dirichlet_0_4_rank_correct_sp_-train-20260803_223453-513d197e2da98110.csv,37503,93ceb6245f640a57e0668849cb9b36e49efbf8ad83c5c5fdc7f0b764db24ea46
rte_dirichlet_0_4_rank_correct_sp_-train-20260817_134122-8a1a0c1a92ffba7d.csv,rte,rte,nlp,sp,standard,sp,sp,tiny_bert_lora,rte_dirichlet_0_4,dirichlet,0.4,,correct,explicit_name,,1;0.9262;0.7416;0.6678;0.6088;0.5202;0.4316;0.4242;0.281;0.25,100,3,complete,101,0.5559566787,60,0.534296028881,100,20260817_134122,8a1a0c1a92ffba7d,rte_dirichlet_0_4_rank_correct_sp_-train-20260817_134122-8a1a0c1a92ffba7d.csv,raw\rte_dirichlet_0_4_rank_correct_sp_-train-20260817_134122-8a1a0c1a92ffba7d.csv,by_dataset\nlp\rte\sp\standard\correct\alpha_0.4\rte_dirichlet_0_4_rank_correct_sp_-train-20260817_134122-8a1a0c1a92ffba7d.csv,36197,50f9cb1ac555fa3460e16c78c2a0603d056ca8e7a1c4148df94bd0aed18cd318
rte_dirichlet_0_4_rank_correct_zeropadding_-train-20260803_224610-382c900aa5193732.csv,rte,rte,nlp,zeropadding,standard,zeropadding,rbla,tiny_bert_lora,rte_dirichlet_0_4,dirichlet,0.4,,correct,explicit_name,,0.6533;0.9554;0.7632;0.5297;0.6808;0.2569;0.3993;0.25;0.5469;1,100,3,complete,101,0.541516245487,100,0.541516245487,100,20260803_224610,382c900aa5193732,rte_dirichlet_0_4_rank_correct_zeropadding_-train-20260803_224610-382c900aa5193732.csv,raw\rte_dirichlet_0_4_rank_correct_zeropadding_-train-20260803_224610-382c900aa5193732.csv,by_dataset\nlp\rte\zeropadding\standard\correct\alpha_0.4\rte_dirichlet_0_4_rank_correct_zeropadding_-train-20260803_224610-382c900aa5193732.csv,37526,a4687efc977c3349c339b75076dcc26e903e1355d5a6158e8429772a28bc1482
rte_dirichlet_0_4_rank_correct_zeropadding_-train-20260817_135239-0a9b6e9aacdd62cb.csv,rte,rte,nlp,zeropadding,standard,zeropadding,rbla,tiny_bert_lora,rte_dirichlet_0_4,dirichlet,0.4,,correct,explicit_name,,1;0.9262;0.7416;0.6678;0.6088;0.5202;0.4316;0.4242;0.281;0.25,100,3,complete,101,0.559566787004,48,0.523465703971,100,20260817_135239,0a9b6e9aacdd62cb,rte_dirichlet_0_4_rank_correct_zeropadding_-train-20260817_135239-0a9b6e9aacdd62cb.csv,raw\rte_dirichlet_0_4_rank_correct_zeropadding_-train-20260817_135239-0a9b6e9aacdd62cb.csv,by_dataset\nlp\rte\zeropadding\standard\correct\alpha_0.4\rte_dirichlet_0_4_rank_correct_zeropadding_-train-20260817_135239-0a9b6e9aacdd62cb.csv,37522,ea43915dd5f06ea735176d568c862ab4413f889e54757af974b7dc9454a0d3f9
rte_dirichlet_0_4_rank_mismatch_flora_-train-20260814_135548-cdd727dde39f4c38.csv,rte,rte,nlp,flora,unspecified,flora,flora,tiny_bert_lora,rte_dirichlet_0_4,dirichlet,0.4,,mismatch,explicit_name,,0.25;0.3238;0.5084;0.5822;0.6412;0.7298;0.8184;0.8258;0.969;1,100,3,complete,101,0.454873646209,0,0.454873646209,100,20260814_135548,cdd727dde39f4c38,rte_dirichlet_0_4_rank_mismatch_flora_-train-20260814_135548-cdd727dde39f4c38.csv,raw\rte_dirichlet_0_4_rank_mismatch_flora_-train-20260814_135548-cdd727dde39f4c38.csv,by_dataset\nlp\rte\flora\unspecified\mismatch\alpha_0.4\rte_dirichlet_0_4_rank_mismatch_flora_-train-20260814_135548-cdd727dde39f4c38.csv,37754,792b020a66399fa0887386b1dd75abf6efd771535b0730aabf6e91301a8343d8
rte_dirichlet_0_4_rank_mismatch_flora_correct_-train-20260817_023252-921a38e1fbaef2d8.csv,rte,rte,nlp,flora,corrected,flora,flora,tiny_bert_lora,rte_dirichlet_0_4,dirichlet,0.4,,mismatch,explicit_name,,0.25;0.3238;0.5084;0.5822;0.6412;0.7298;0.8184;0.8258;0.969;1,100,3,complete,101,0.498194945848,9,0.498194945848,100,20260817_023252,921a38e1fbaef2d8,rte_dirichlet_0_4_rank_mismatch_flora_correct_-train-20260817_023252-921a38e1fbaef2d8.csv,raw\rte_dirichlet_0_4_rank_mismatch_flora_correct_-train-20260817_023252-921a38e1fbaef2d8.csv,by_dataset\nlp\rte\flora\corrected\mismatch\alpha_0.4\rte_dirichlet_0_4_rank_mismatch_flora_correct_-train-20260817_023252-921a38e1fbaef2d8.csv,37970,743dfd9df1f51e6b933cc57dbb923eae2f9d17e6d8162bee2125cc7f4b4c11f8
rte_dirichlet_0_4_rank_mismatch_rbla_-train-20260812_022253-6b716c3e4e9fb473.csv,rte,rte,nlp,rbla,standard,rbla,rbla,tiny_bert_lora,rte_dirichlet_0_4,dirichlet,0.4,,mismatch,explicit_name,,0.25;0.3238;0.5084;0.5822;0.6412;0.7298;0.8184;0.8258;0.969;1,100,3,complete,101,0.534296028881,20,0.454873646209,100,20260812_022253,6b716c3e4e9fb473,rte_dirichlet_0_4_rank_mismatch_rbla_-train-20260812_022253-6b716c3e4e9fb473.csv,raw\rte_dirichlet_0_4_rank_mismatch_rbla_-train-20260812_022253-6b716c3e4e9fb473.csv,by_dataset\nlp\rte\rbla\standard\mismatch\alpha_0.4\rte_dirichlet_0_4_rank_mismatch_rbla_-train-20260812_022253-6b716c3e4e9fb473.csv,38122,e88ce0626703c1eb8ecf5171b86cf03232de8718e57d15d6a56544aba04ea5ac
rte_dirichlet_0_4_rank_mismatch_rbla_plus_-train-20260812_023337-0a17fd1846542b93.csv,rte,rte,nlp,rbla_plus,standard,sp_plus,sp_plus,tiny_bert_lora,rte_dirichlet_0_4,dirichlet,0.4,,mismatch,explicit_name,,0.25;0.3238;0.5084;0.5822;0.6412;0.7298;0.8184;0.8258;0.969;1,100,3,complete,101,0.559566787004,97,0.548736462094,100,20260812_023337,0a17fd1846542b93,rte_dirichlet_0_4_rank_mismatch_rbla_plus_-train-20260812_023337-0a17fd1846542b93.csv,raw\rte_dirichlet_0_4_rank_mismatch_rbla_plus_-train-20260812_023337-0a17fd1846542b93.csv,by_dataset\nlp\rte\rbla_plus\standard\mismatch\alpha_0.4\rte_dirichlet_0_4_rank_mismatch_rbla_plus_-train-20260812_023337-0a17fd1846542b93.csv,47137,70e77638b611bbcb01acc46d4979482203e934512b7e25eb26c7469e104ec6ab
rte_dirichlet_0_4_rank_mismatch_sp_-train-20260812_024422-e4e746855d6ef705.csv,rte,rte,nlp,sp,standard,sp,sp,tiny_bert_lora,rte_dirichlet_0_4,dirichlet,0.4,,mismatch,explicit_name,,0.25;0.3238;0.5084;0.5822;0.6412;0.7298;0.8184;0.8258;0.969;1,100,3,complete,101,0.545126353791,53,0.523465703971,100,20260812_024422,e4e746855d6ef705,rte_dirichlet_0_4_rank_mismatch_sp_-train-20260812_024422-e4e746855d6ef705.csv,raw\rte_dirichlet_0_4_rank_mismatch_sp_-train-20260812_024422-e4e746855d6ef705.csv,by_dataset\nlp\rte\sp\standard\mismatch\alpha_0.4\rte_dirichlet_0_4_rank_mismatch_sp_-train-20260812_024422-e4e746855d6ef705.csv,37362,a714b8a5f6c8ecd93f3c9bfa55d0d3e39a92a1f7318f4483675cb4688475b92a
rte_dirichlet_0_4_rank_mismatch_zeropadding_-train-20260812_025539-8dc0501f4f42edd1.csv,rte,rte,nlp,zeropadding,standard,zeropadding,rbla,tiny_bert_lora,rte_dirichlet_0_4,dirichlet,0.4,,mismatch,explicit_name,,0.25;0.3238;0.5084;0.5822;0.6412;0.7298;0.8184;0.8258;0.969;1,100,3,complete,101,0.548736462094,37,0.509025270758,100,20260812_025539,8dc0501f4f42edd1,rte_dirichlet_0_4_rank_mismatch_zeropadding_-train-20260812_025539-8dc0501f4f42edd1.csv,raw\rte_dirichlet_0_4_rank_mismatch_zeropadding_-train-20260812_025539-8dc0501f4f42edd1.csv,by_dataset\nlp\rte\zeropadding\standard\mismatch\alpha_0.4\rte_dirichlet_0_4_rank_mismatch_zeropadding_-train-20260812_025539-8dc0501f4f42edd1.csv,37535,1f8b073f344cdada461d7b1018e6865f61c5cbc33e4d047c28da3ae270b23bfe
sp_-train-20260803_081732-8166ffededd9dd2d.csv,mnist,mnist,mnist_family,sp,standard,sp,sp,simple_lora_mlp,mnist_dirichlet_0_1_seed_1,dirichlet,0.1,1,correct,inferred_spearman,1,0.5;1;0.1;0.9;0.7;0.6;0.2;0.8;0.4;0.3,100,5,complete,101,0.5826,100,0.5826,100,20260803_081732,8166ffededd9dd2d,sp_-train-20260803_081732-8166ffededd9dd2d.csv,raw\sp_-train-20260803_081732-8166ffededd9dd2d.csv,by_dataset\mnist_family\mnist\sp\standard\correct\alpha_0.1\sp_-train-20260803_081732-8166ffededd9dd2d.csv,30284,ad407b2d1789c05e569120fe6340b48a041c25ce1f259a7cca0f9f07767b7695
sp_-train-20260803_100111-61e142d76bc336d6.csv,mnist,mnist,mnist_family,sp,standard,sp,sp,simple_lora_mlp,mnist_dirichlet_0_1_seed_2,dirichlet,0.1,2,correct,inferred_spearman,1,0.4;0.5;0.3;0.2;0.8;0.6;0.7;0.1;0.9;1,100,5,complete,101,0.2651,100,0.2651,100,20260803_100111,61e142d76bc336d6,sp_-train-20260803_100111-61e142d76bc336d6.csv,raw\sp_-train-20260803_100111-61e142d76bc336d6.csv,by_dataset\mnist_family\mnist\sp\standard\correct\alpha_0.1\sp_-train-20260803_100111-61e142d76bc336d6.csv,27800,375748a66e3b1db3036ad7520979368ca3f20a01a8e1a8442ca8b5171eb66a7f
sp_-train-20260803_114103-8c75ea70b20af35d.csv,mnist,mnist,mnist_family,sp,standard,sp,sp,simple_lora_mlp,mnist_dirichlet_0_1_seed_3,dirichlet,0.1,3,correct,inferred_spearman,1,0.3;0.7;0.9;0.2;0.1;0.5;1;0.6;0.8;0.4,100,5,complete,101,0.443,100,0.443,100,20260803_114103,8c75ea70b20af35d,sp_-train-20260803_114103-8c75ea70b20af35d.csv,raw\sp_-train-20260803_114103-8c75ea70b20af35d.csv,by_dataset\mnist_family\mnist\sp\standard\correct\alpha_0.1\sp_-train-20260803_114103-8c75ea70b20af35d.csv,28987,316544b59484be36b021b41021ecacd577a68b7070ffd580b74c337e7477e6e2
sp_-train-20260803_132037-9708bfc5d1f930eb.csv,mnist,mnist,mnist_family,sp,standard,sp,sp,simple_lora_mlp,mnist_dirichlet_0_4_seed_1,dirichlet,0.4,1,correct,inferred_spearman,1,0.9024;1;0.4493;0.8313;0.4495;0.25;0.2706;0.5291;0.5789;0.5256,100,5,complete,101,0.4819,100,0.4819,100,20260803_132037,9708bfc5d1f930eb,sp_-train-20260803_132037-9708bfc5d1f930eb.csv,raw\sp_-train-20260803_132037-9708bfc5d1f930eb.csv,by_dataset\mnist_family\mnist\sp\standard\correct\alpha_0.4\sp_-train-20260803_132037-9708bfc5d1f930eb.csv,28416,ddf91d46797ac9d78e2e3223b2e80c8ba4f97bb5a371cebe47709d5a88f723a5
sp_-train-20260803_145807-3f9a40aa0ba75ce8.csv,mnist,mnist,mnist_family,sp,standard,sp,sp,simple_lora_mlp,mnist_dirichlet_0_4_seed_2,dirichlet,0.4,2,correct,inferred_spearman,1,0.8646;0.2795;0.3406;0.3957;0.2887;0.6918;0.25;0.2679;1;0.6099,100,5,complete,101,0.1797,100,0.1797,100,20260803_145807,3f9a40aa0ba75ce8,sp_-train-20260803_145807-3f9a40aa0ba75ce8.csv,raw\sp_-train-20260803_145807-3f9a40aa0ba75ce8.csv,by_dataset\mnist_family\mnist\sp\standard\correct\alpha_0.4\sp_-train-20260803_145807-3f9a40aa0ba75ce8.csv,27812,4939a5a5532094ef04409e995518788565847a06c8dc84d564501f7b9818f09c
sp_-train-20260803_163427-bc9a716042e6fe8a.csv,mnist,mnist,mnist_family,sp,standard,sp,sp,simple_lora_mlp,mnist_dirichlet_0_4_seed_3,dirichlet,0.4,3,correct,inferred_spearman,1,0.3144;0.5548;1;0.7367;0.4077;0.4083;0.25;0.3179;0.3221;0.5282,100,5,complete,101,0.6211,100,0.6211,100,20260803_163427,bc9a716042e6fe8a,sp_-train-20260803_163427-bc9a716042e6fe8a.csv,raw\sp_-train-20260803_163427-bc9a716042e6fe8a.csv,by_dataset\mnist_family\mnist\sp\standard\correct\alpha_0.4\sp_-train-20260803_163427-bc9a716042e6fe8a.csv,28531,76a6bd010cf64778d9a7d347c80c6c42b36d45f0f545451622d89a4b77d856d1
sp_-train-20260803_180925-eda4fc72d912bce6.csv,mnist,mnist,mnist_family,sp,standard,sp,sp,simple_lora_mlp,mnist_dirichlet_0_8_seed_1,dirichlet,0.8,1,correct,inferred_spearman,1,0.5;1;0.8;0.4;0.1;0.7;0.6;0.3;0.2;0.9,100,5,complete,101,0.1572,100,0.1572,100,20260803_180925,eda4fc72d912bce6,sp_-train-20260803_180925-eda4fc72d912bce6.csv,raw\sp_-train-20260803_180925-eda4fc72d912bce6.csv,by_dataset\mnist_family\mnist\sp\standard\correct\alpha_0.8\sp_-train-20260803_180925-eda4fc72d912bce6.csv,30732,3b3e1da3deeae469d5359d20b277c27754f567d777a5ff6aa54feadf2ad44def
sp_-train-20260803_194644-5c9c4c2f60fcdda5.csv,mnist,mnist,mnist_family,sp,standard,sp,sp,simple_lora_mlp,mnist_dirichlet_0_8_seed_2,dirichlet,0.8,2,correct,inferred_spearman,1,0.3;0.8;0.7;0.4;0.1;0.2;0.9;0.6;1;0.5,100,5,complete,101,0.1958,100,0.1958,100,20260803_194644,5c9c4c2f60fcdda5,sp_-train-20260803_194644-5c9c4c2f60fcdda5.csv,raw\sp_-train-20260803_194644-5c9c4c2f60fcdda5.csv,by_dataset\mnist_family\mnist\sp\standard\correct\alpha_0.8\sp_-train-20260803_194644-5c9c4c2f60fcdda5.csv,25297,2e27bdf4fcdfedda5762f6350a097eeed760fd4f2baf3d991588cd38888d911a
sp_-train-20260803_212415-273b6003f89908d9.csv,mnist,mnist,mnist_family,sp,standard,sp,sp,simple_lora_mlp,mnist_dirichlet_0_8_seed_3,dirichlet,0.8,3,correct,inferred_spearman,1,0.5;0.6;0.2;1;0.7;0.1;0.8;0.3;0.4;0.9,100,5,complete,101,0.2027,46,0.2022,100,20260803_212415,273b6003f89908d9,sp_-train-20260803_212415-273b6003f89908d9.csv,raw\sp_-train-20260803_212415-273b6003f89908d9.csv,by_dataset\mnist_family\mnist\sp\standard\correct\alpha_0.8\sp_-train-20260803_212415-273b6003f89908d9.csv,30534,1ecceb117ca9fa26ef5ddce1ec20a9941b2b544518c0261fd68cb799b773f76c
sp_-train-20260803_230139-9022f16e0b4cb87a.csv,fmnist,fmnist,mnist_family,sp,standard,sp,sp,simple_lora_mlp,fmnist_dirichlet_0_1_seed_1,dirichlet,0.1,1,correct,inferred_spearman,1,0.6;1;0.1;0.8;0.7;0.9;0.3;0.5;0.4;0.2,100,5,complete,101,0.5244,100,0.5244,100,20260803_230139,9022f16e0b4cb87a,sp_-train-20260803_230139-9022f16e0b4cb87a.csv,raw\sp_-train-20260803_230139-9022f16e0b4cb87a.csv,by_dataset\mnist_family\fmnist\sp\standard\correct\alpha_0.1\sp_-train-20260803_230139-9022f16e0b4cb87a.csv,29782,8dc939cc362dfcbaa76f10fc669da1d96ab276b3f36623ae4d8633dfe9fdbfcd
sp_-train-20260804_004228-dd6ec1fb3705c700.csv,fmnist,fmnist,mnist_family,sp,standard,sp,sp,simple_lora_mlp,fmnist_dirichlet_0_1_seed_2,dirichlet,0.1,2,correct,inferred_spearman,1,0.2;0.3;0.8;0.4;0.6;0.7;0.1;0.5;0.9;1,100,5,complete,101,0.3696,100,0.3696,100,20260804_004228,dd6ec1fb3705c700,sp_-train-20260804_004228-dd6ec1fb3705c700.csv,raw\sp_-train-20260804_004228-dd6ec1fb3705c700.csv,by_dataset\mnist_family\fmnist\sp\standard\correct\alpha_0.1\sp_-train-20260804_004228-dd6ec1fb3705c700.csv,28178,46c6a06c42a1103d9b4e479be2413f967fb41a0ad5b14f5af4c359a6a80e8c19
sp_-train-20260804_022238-842dcfb0cb827a21.csv,fmnist,fmnist,mnist_family,sp,standard,sp,sp,simple_lora_mlp,fmnist_dirichlet_0_1_seed_3,dirichlet,0.1,3,correct,inferred_spearman,1,0.1;0.7;0.3;0.4;0.2;0.5;1;0.6;0.8;0.9,100,5,complete,101,0.5158,100,0.5158,100,20260804_022238,842dcfb0cb827a21,sp_-train-20260804_022238-842dcfb0cb827a21.csv,raw\sp_-train-20260804_022238-842dcfb0cb827a21.csv,by_dataset\mnist_family\fmnist\sp\standard\correct\alpha_0.1\sp_-train-20260804_022238-842dcfb0cb827a21.csv,29077,8105210e28fe810484379bc3d9f06f1f1fbfd8ea339f75f6cbfb9a0f9c797b60
sp_-train-20260804_040209-f8583bd25e8f00a9.csv,fmnist,fmnist,mnist_family,sp,standard,sp,sp,simple_lora_mlp,fmnist_dirichlet_0_4_seed_1,dirichlet,0.4,1,correct,inferred_spearman,1,0.4526;0.5244;0.62;0.25;0.3727;0.8765;0.7326;1;0.7391;0.7671,100,5,complete,101,0.4335,100,0.4335,100,20260804_040209,f8583bd25e8f00a9,sp_-train-20260804_040209-f8583bd25e8f00a9.csv,raw\sp_-train-20260804_040209-f8583bd25e8f00a9.csv,by_dataset\mnist_family\fmnist\sp\standard\correct\alpha_0.4\sp_-train-20260804_040209-f8583bd25e8f00a9.csv,27341,7e6306bbd429696b60364472bc37409a2148d86df7c32e2afadcc0df80ab10b0
sp_-train-20260804_054307-221e40dcc16250a9.csv,fmnist,fmnist,mnist_family,sp,standard,sp,sp,simple_lora_mlp,fmnist_dirichlet_0_4_seed_2,dirichlet,0.4,2,correct,inferred_spearman,1,0.9552;0.8082;0.7228;0.25;0.3571;0.7636;0.5437;0.9035;1;0.7251,100,5,complete,101,0.2761,100,0.2761,100,20260804_054307,221e40dcc16250a9,sp_-train-20260804_054307-221e40dcc16250a9.csv,raw\sp_-train-20260804_054307-221e40dcc16250a9.csv,by_dataset\mnist_family\fmnist\sp\standard\correct\alpha_0.4\sp_-train-20260804_054307-221e40dcc16250a9.csv,30222,641ee85ae70f409ed524fef1725e373ae1a4b0ce34c56f26ed18343d84aa356a
sp_-train-20260804_072318-92285def19b17e2a.csv,fmnist,fmnist,mnist_family,sp,standard,sp,sp,simple_lora_mlp,fmnist_dirichlet_0_4_seed_3,dirichlet,0.4,3,correct,inferred_spearman,1,0.2572;0.5829;1;0.8743;0.2725;0.3323;0.2596;0.2717;0.25;0.4386,100,5,complete,101,0.4923,86,0.4507,100,20260804_072318,92285def19b17e2a,sp_-train-20260804_072318-92285def19b17e2a.csv,raw\sp_-train-20260804_072318-92285def19b17e2a.csv,by_dataset\mnist_family\fmnist\sp\standard\correct\alpha_0.4\sp_-train-20260804_072318-92285def19b17e2a.csv,27672,69e9c6abb5cd44344a7d54256359602d674ced3d2d20d7e6ca337463d68b1c80
sp_-train-20260804_090123-a8bc679caf6e6225.csv,fmnist,fmnist,mnist_family,sp,standard,sp,sp,simple_lora_mlp,fmnist_dirichlet_0_8_seed_1,dirichlet,0.8,1,correct,inferred_spearman,1,0.2;1;0.7;0.4;0.3;0.1;0.8;0.5;0.6;0.9,100,5,complete,101,0.3423,100,0.3423,100,20260804_090123,a8bc679caf6e6225,sp_-train-20260804_090123-a8bc679caf6e6225.csv,raw\sp_-train-20260804_090123-a8bc679caf6e6225.csv,by_dataset\mnist_family\fmnist\sp\standard\correct\alpha_0.8\sp_-train-20260804_090123-a8bc679caf6e6225.csv,29474,9fcc470251fbadb34e2c4e5b94ee24877613d24c58b31354826d442effc2bdf3
sp_-train-20260804_104108-d2edc45f8b8b15f6.csv,fmnist,fmnist,mnist_family,sp,standard,sp,sp,simple_lora_mlp,fmnist_dirichlet_0_8_seed_2,dirichlet,0.8,2,correct,inferred_spearman,1,0.4;0.7;0.2;0.5;0.6;0.1;0.9;0.3;1;0.8,100,5,complete,101,0.3761,89,0.3396,100,20260804_104108,d2edc45f8b8b15f6,sp_-train-20260804_104108-d2edc45f8b8b15f6.csv,raw\sp_-train-20260804_104108-d2edc45f8b8b15f6.csv,by_dataset\mnist_family\fmnist\sp\standard\correct\alpha_0.8\sp_-train-20260804_104108-d2edc45f8b8b15f6.csv,29777,a1107b6e05f67915eebbce0f0ca7a1beb47a09baa9e104b78c2ffabc184439e0
sp_-train-20260804_122051-cdeb751cab84bd4c.csv,fmnist,fmnist,mnist_family,sp,standard,sp,sp,simple_lora_mlp,fmnist_dirichlet_0_8_seed_3,dirichlet,0.8,3,correct,inferred_spearman,1,0.9;1;0.1;0.4;0.7;0.2;0.8;0.6;0.3;0.5,100,5,complete,101,0.3414,100,0.3414,100,20260804_122051,cdeb751cab84bd4c,sp_-train-20260804_122051-cdeb751cab84bd4c.csv,raw\sp_-train-20260804_122051-cdeb751cab84bd4c.csv,by_dataset\mnist_family\fmnist\sp\standard\correct\alpha_0.8\sp_-train-20260804_122051-cdeb751cab84bd4c.csv,29304,f5246a32885f5eeb362bc51893fcc7e2243f1281ebe25861f76faa37035cc8b8
sp_-train-20260804_135940-357541ac29d4c287.csv,kmnist,kmnist,mnist_family,sp,standard,sp,sp,simple_lora_mlp,kmnist_dirichlet_0_1_seed_1,dirichlet,0.1,1,correct,inferred_spearman,1,0.6;1;0.1;0.8;0.7;0.9;0.3;0.5;0.4;0.2,100,5,complete,101,0.2514,100,0.2514,100,20260804_135940,357541ac29d4c287,sp_-train-20260804_135940-357541ac29d4c287.csv,raw\sp_-train-20260804_135940-357541ac29d4c287.csv,by_dataset\mnist_family\kmnist\sp\standard\correct\alpha_0.1\sp_-train-20260804_135940-357541ac29d4c287.csv,27962,40c4136e9b66d51c61e85511223fc2debf71c31e9fef9d5a3d748d431234f319
sp_-train-20260804_154001-f8a18556098c00ad.csv,kmnist,kmnist,mnist_family,sp,standard,sp,sp,simple_lora_mlp,kmnist_dirichlet_0_1_seed_2,dirichlet,0.1,2,correct,inferred_spearman,1,0.2;0.3;0.8;0.4;0.6;0.7;0.1;0.5;0.9;1,100,5,complete,101,0.1466,66,0.1244,100,20260804_154001,f8a18556098c00ad,sp_-train-20260804_154001-f8a18556098c00ad.csv,raw\sp_-train-20260804_154001-f8a18556098c00ad.csv,by_dataset\mnist_family\kmnist\sp\standard\correct\alpha_0.1\sp_-train-20260804_154001-f8a18556098c00ad.csv,26819,e13f90aaa7b83af81b20b474ad36272083e9b5eb0c3ca046b723a47cc31a2780
sp_-train-20260804_172159-255259d597323d0e.csv,kmnist,kmnist,mnist_family,sp,standard,sp,sp,simple_lora_mlp,kmnist_dirichlet_0_1_seed_3,dirichlet,0.1,3,correct,inferred_spearman,1,0.1;0.7;0.3;0.4;0.2;0.5;1;0.6;0.8;0.9,100,5,complete,101,0.142,100,0.142,100,20260804_172159,255259d597323d0e,sp_-train-20260804_172159-255259d597323d0e.csv,raw\sp_-train-20260804_172159-255259d597323d0e.csv,by_dataset\mnist_family\kmnist\sp\standard\correct\alpha_0.1\sp_-train-20260804_172159-255259d597323d0e.csv,27411,df97cac9c61f294bd8f882c870c22a2317fd2aa7d5f84f2b4d8b0a92c7e0c723
sp_-train-20260804_190147-ea6c77d48427c353.csv,kmnist,kmnist,mnist_family,sp,standard,sp,sp,simple_lora_mlp,kmnist_dirichlet_0_4_seed_1,dirichlet,0.4,1,correct,inferred_spearman,1,0.4526;0.5244;0.62;0.25;0.3727;0.8765;0.7326;1;0.7391;0.7671,100,5,complete,101,0.1656,93,0.1424,100,20260804_190147,ea6c77d48427c353,sp_-train-20260804_190147-ea6c77d48427c353.csv,raw\sp_-train-20260804_190147-ea6c77d48427c353.csv,by_dataset\mnist_family\kmnist\sp\standard\correct\alpha_0.4\sp_-train-20260804_190147-ea6c77d48427c353.csv,25716,38ade9e46234569899bda416b65b62f641889158d7c71937293e03cb95b4878e
sp_-train-20260804_204204-41f925506d611b97.csv,kmnist,kmnist,mnist_family,sp,standard,sp,sp,simple_lora_mlp,kmnist_dirichlet_0_4_seed_2,dirichlet,0.4,2,correct,inferred_spearman,1,0.9552;0.8082;0.7228;0.25;0.3571;0.7636;0.5437;0.9035;1;0.7251,100,5,complete,101,0.1683,64,0.1098,100,20260804_204204,41f925506d611b97,sp_-train-20260804_204204-41f925506d611b97.csv,raw\sp_-train-20260804_204204-41f925506d611b97.csv,by_dataset\mnist_family\kmnist\sp\standard\correct\alpha_0.4\sp_-train-20260804_204204-41f925506d611b97.csv,30087,db73558d4ba236dde265671317449f7213ef883261c81d45982c424d7f86981f
sp_-train-20260804_222621-7f48d3b70f0e85e6.csv,kmnist,kmnist,mnist_family,sp,standard,sp,sp,simple_lora_mlp,kmnist_dirichlet_0_4_seed_3,dirichlet,0.4,3,correct,inferred_spearman,1,0.2572;0.5829;1;0.8743;0.2725;0.3323;0.2596;0.2717;0.25;0.4386,100,5,complete,101,0.1464,100,0.1464,100,20260804_222621,7f48d3b70f0e85e6,sp_-train-20260804_222621-7f48d3b70f0e85e6.csv,raw\sp_-train-20260804_222621-7f48d3b70f0e85e6.csv,by_dataset\mnist_family\kmnist\sp\standard\correct\alpha_0.4\sp_-train-20260804_222621-7f48d3b70f0e85e6.csv,26548,cd6de0ee8e4e3cd6c59b8c7a6160d7b9c4964e65d95f043df0c351f1dbf1210c
sp_-train-20260805_000801-cef185517f643572.csv,kmnist,kmnist,mnist_family,sp,standard,sp,sp,simple_lora_mlp,kmnist_dirichlet_0_8_seed_1,dirichlet,0.8,1,correct,inferred_spearman,1,0.2;1;0.7;0.4;0.3;0.1;0.8;0.5;0.6;0.9,100,5,complete,101,0.1388,100,0.1388,100,20260805_000801,cef185517f643572,sp_-train-20260805_000801-cef185517f643572.csv,raw\sp_-train-20260805_000801-cef185517f643572.csv,by_dataset\mnist_family\kmnist\sp\standard\correct\alpha_0.8\sp_-train-20260805_000801-cef185517f643572.csv,30228,d012ebdf7a937ce3d3ed2494fa9b523d0563ac348ded966f47400a68f32a96bf
sp_-train-20260805_014908-d7fd57e00ebc074e.csv,kmnist,kmnist,mnist_family,sp,standard,sp,sp,simple_lora_mlp,kmnist_dirichlet_0_8_seed_2,dirichlet,0.8,2,correct,inferred_spearman,1,0.4;0.7;0.2;0.5;0.6;0.1;0.9;0.3;1;0.8,100,5,complete,101,0.1651,98,0.162,100,20260805_014908,d7fd57e00ebc074e,sp_-train-20260805_014908-d7fd57e00ebc074e.csv,raw\sp_-train-20260805_014908-d7fd57e00ebc074e.csv,by_dataset\mnist_family\kmnist\sp\standard\correct\alpha_0.8\sp_-train-20260805_014908-d7fd57e00ebc074e.csv,29839,da30af981c0193ef5e63b28b47f225f18f32e3365c36ae4cb248430fedef3bea
sp_-train-20260805_032719-e42a6061edcf26e0.csv,kmnist,kmnist,mnist_family,sp,standard,sp,sp,simple_lora_mlp,kmnist_dirichlet_0_8_seed_3,dirichlet,0.8,3,correct,inferred_spearman,1,0.9;1;0.1;0.4;0.7;0.2;0.8;0.6;0.3;0.5,100,5,complete,101,0.1308,100,0.1308,100,20260805_032719,e42a6061edcf26e0,sp_-train-20260805_032719-e42a6061edcf26e0.csv,raw\sp_-train-20260805_032719-e42a6061edcf26e0.csv,by_dataset\mnist_family\kmnist\sp\standard\correct\alpha_0.8\sp_-train-20260805_032719-e42a6061edcf26e0.csv,29189,de51dbb895ce7cbd89d88d4f61d2040cc7917085ad12a230346e24253a1ea03d
sp_-train-20260805_053316-f1a44d6255437d15.csv,qmnist,qmnist,mnist_family,sp,standard,sp,sp,simple_lora_mlp,qmnist_dirichlet_0_1_seed_1,dirichlet,0.1,1,correct,inferred_spearman,1,0.5;1;0.1;0.9;0.7;0.6;0.2;0.8;0.4;0.3,100,5,complete,101,0.581083333333,100,0.581083333333,100,20260805_053316,f1a44d6255437d15,sp_-train-20260805_053316-f1a44d6255437d15.csv,raw\sp_-train-20260805_053316-f1a44d6255437d15.csv,by_dataset\mnist_family\qmnist\sp\standard\correct\alpha_0.1\sp_-train-20260805_053316-f1a44d6255437d15.csv,31343,5a45d9a3b120d9928d3bc30c7e854e934941516d20bb6e63b08869a3060f9fd9
sp_-train-20260805_080930-e7c9a9789f7ace50.csv,qmnist,qmnist,mnist_family,sp,standard,sp,sp,simple_lora_mlp,qmnist_dirichlet_0_1_seed_2,dirichlet,0.1,2,correct,inferred_spearman,1,0.4;0.5;0.3;0.2;0.8;0.6;0.7;0.1;0.9;1,100,5,complete,101,0.262716666667,100,0.262716666667,100,20260805_080930,e7c9a9789f7ace50,sp_-train-20260805_080930-e7c9a9789f7ace50.csv,raw\sp_-train-20260805_080930-e7c9a9789f7ace50.csv,by_dataset\mnist_family\qmnist\sp\standard\correct\alpha_0.1\sp_-train-20260805_080930-e7c9a9789f7ace50.csv,29854,622e982327a1fa84c5c385902ac634227e5effd3cdc80ee6893c984283eec040
sp_-train-20260805_104825-64acc7249c070608.csv,qmnist,qmnist,mnist_family,sp,standard,sp,sp,simple_lora_mlp,qmnist_dirichlet_0_1_seed_3,dirichlet,0.1,3,correct,inferred_spearman,1,0.3;0.7;0.9;0.2;0.1;0.5;1;0.6;0.8;0.4,100,5,complete,101,0.440866666667,100,0.440866666667,100,20260805_104825,64acc7249c070608,sp_-train-20260805_104825-64acc7249c070608.csv,raw\sp_-train-20260805_104825-64acc7249c070608.csv,by_dataset\mnist_family\qmnist\sp\standard\correct\alpha_0.1\sp_-train-20260805_104825-64acc7249c070608.csv,29692,36e93ef5d9a1c278aded0985c11127a52eab46ac08c039987007e0cb8c56f360
sp_-train-20260805_132516-1132f33ffe2f3c60.csv,qmnist,qmnist,mnist_family,sp,standard,sp,sp,simple_lora_mlp,qmnist_dirichlet_0_4_seed_1,dirichlet,0.4,1,correct,inferred_spearman,1,0.9024;1;0.4493;0.8313;0.4495;0.25;0.2706;0.5291;0.5789;0.5256,100,5,complete,101,0.48635,100,0.48635,100,20260805_132516,1132f33ffe2f3c60,sp_-train-20260805_132516-1132f33ffe2f3c60.csv,raw\sp_-train-20260805_132516-1132f33ffe2f3c60.csv,by_dataset\mnist_family\qmnist\sp\standard\correct\alpha_0.4\sp_-train-20260805_132516-1132f33ffe2f3c60.csv,30473,97d8565259dc846bfa491ff85bc7f3d2445e792a9c3ca4ed094d05801ebe15a2
sp_-train-20260805_160207-6a562f36325d9116.csv,qmnist,qmnist,mnist_family,sp,standard,sp,sp,simple_lora_mlp,qmnist_dirichlet_0_4_seed_2,dirichlet,0.4,2,correct,inferred_spearman,1,0.8646;0.2795;0.3406;0.3957;0.2887;0.6918;0.25;0.2679;1;0.6099,100,5,complete,101,0.176066666667,100,0.176066666667,100,20260805_160207,6a562f36325d9116,sp_-train-20260805_160207-6a562f36325d9116.csv,raw\sp_-train-20260805_160207-6a562f36325d9116.csv,by_dataset\mnist_family\qmnist\sp\standard\correct\alpha_0.4\sp_-train-20260805_160207-6a562f36325d9116.csv,27914,46c5bc910ad1783bae6efbd052245b8c9dfd039141b1538717dd85ea6a078481
sp_-train-20260805_183750-b9697cc7cf0dc677.csv,qmnist,qmnist,mnist_family,sp,standard,sp,sp,simple_lora_mlp,qmnist_dirichlet_0_4_seed_3,dirichlet,0.4,3,correct,inferred_spearman,1,0.3144;0.5548;1;0.7367;0.4077;0.4083;0.25;0.3179;0.3221;0.5282,100,5,complete,101,0.61215,100,0.61215,100,20260805_183750,b9697cc7cf0dc677,sp_-train-20260805_183750-b9697cc7cf0dc677.csv,raw\sp_-train-20260805_183750-b9697cc7cf0dc677.csv,by_dataset\mnist_family\qmnist\sp\standard\correct\alpha_0.4\sp_-train-20260805_183750-b9697cc7cf0dc677.csv,30580,4334d04ae8dc7bdad69f4e81ce91ab9bde6285f6da76b6514816f5faf5bbdfb0
sp_-train-20260805_211233-96562c534f1ce89e.csv,qmnist,qmnist,mnist_family,sp,standard,sp,sp,simple_lora_mlp,qmnist_dirichlet_0_8_seed_1,dirichlet,0.8,1,correct,inferred_spearman,1,0.5;1;0.8;0.4;0.1;0.7;0.6;0.3;0.2;0.9,100,5,complete,101,0.1469,100,0.1469,100,20260805_211233,96562c534f1ce89e,sp_-train-20260805_211233-96562c534f1ce89e.csv,raw\sp_-train-20260805_211233-96562c534f1ce89e.csv,by_dataset\mnist_family\qmnist\sp\standard\correct\alpha_0.8\sp_-train-20260805_211233-96562c534f1ce89e.csv,32165,9d09a5d8810c2597d7b6a873b8db1f96995efa644454ecc3b28675264ce6e48c
sp_-train-20260805_234834-594aec4887522d97.csv,qmnist,qmnist,mnist_family,sp,standard,sp,sp,simple_lora_mlp,qmnist_dirichlet_0_8_seed_2,dirichlet,0.8,2,correct,inferred_spearman,1,0.3;0.8;0.7;0.4;0.1;0.2;0.9;0.6;1;0.5,100,5,complete,101,0.197516666667,100,0.197516666667,100,20260805_234834,594aec4887522d97,sp_-train-20260805_234834-594aec4887522d97.csv,raw\sp_-train-20260805_234834-594aec4887522d97.csv,by_dataset\mnist_family\qmnist\sp\standard\correct\alpha_0.8\sp_-train-20260805_234834-594aec4887522d97.csv,28377,e8f2724f6f6f6aad7f9eae6600dbc3a249bf8b3a370b499968b2b8ae5b7ce228
sp_-train-20260806_022906-b1246e8811ad1143.csv,qmnist,qmnist,mnist_family,sp,standard,sp,sp,simple_lora_mlp,qmnist_dirichlet_0_8_seed_3,dirichlet,0.8,3,correct,inferred_spearman,1,0.5;0.6;0.2;1;0.7;0.1;0.8;0.3;0.4;0.9,100,5,complete,101,0.203783333333,81,0.202166666667,100,20260806_022906,b1246e8811ad1143,sp_-train-20260806_022906-b1246e8811ad1143.csv,raw\sp_-train-20260806_022906-b1246e8811ad1143.csv,by_dataset\mnist_family\qmnist\sp\standard\correct\alpha_0.8\sp_-train-20260806_022906-b1246e8811ad1143.csv,32099,474adceb308eab015fe1063839e180ed8f905cb1660f0b659d3060ee94825e98
sp_-train-20260806_043539-415bdb34efd27d05.csv,mnist,mnist,mnist_family,sp,standard,sp,sp,simple_lora_mlp,mnist_dirichlet_0_1_seed_1,dirichlet,0.1,1,medium,inferred_spearman,0.00606060606061,0.1;0.5;0.2;0.4;1;0.3;0.7;0.6;0.9;0.8,100,5,complete,101,0.5798,100,0.5798,100,20260806_043539,415bdb34efd27d05,sp_-train-20260806_043539-415bdb34efd27d05.csv,raw\sp_-train-20260806_043539-415bdb34efd27d05.csv,by_dataset\mnist_family\mnist\sp\standard\medium\alpha_0.1\sp_-train-20260806_043539-415bdb34efd27d05.csv,30215,7e1b0b67b8c3ac045df6960bbf3bbe4149f9a07abc1784d8ecdcd20c100b6705
sp_-train-20260806_061617-53bee4966c0ed8d9.csv,mnist,mnist,mnist_family,sp,standard,sp,sp,simple_lora_mlp,mnist_dirichlet_0_1_seed_2,dirichlet,0.1,2,medium,inferred_spearman,0.00606060606061,0.9;0.1;0.8;0.7;0.6;0.3;1;0.2;0.4;0.5,100,5,complete,101,0.2831,100,0.2831,100,20260806_061617,53bee4966c0ed8d9,sp_-train-20260806_061617-53bee4966c0ed8d9.csv,raw\sp_-train-20260806_061617-53bee4966c0ed8d9.csv,by_dataset\mnist_family\mnist\sp\standard\medium\alpha_0.1\sp_-train-20260806_061617-53bee4966c0ed8d9.csv,27673,86b9a21e9b9a11466f3142c13be3969fdb974f3a9aace8464d99145f284d1e9b
sp_-train-20260806_075740-13e0e8de9a7e1cb9.csv,mnist,mnist,mnist_family,sp,standard,sp,sp,simple_lora_mlp,mnist_dirichlet_0_1_seed_3,dirichlet,0.1,3,medium,inferred_spearman,0.00606060606061,0.8;1;0.4;0.7;0.2;0.1;0.5;0.3;0.6;0.9,100,5,complete,101,0.4086,100,0.4086,100,20260806_075740,13e0e8de9a7e1cb9,sp_-train-20260806_075740-13e0e8de9a7e1cb9.csv,raw\sp_-train-20260806_075740-13e0e8de9a7e1cb9.csv,by_dataset\mnist_family\mnist\sp\standard\medium\alpha_0.1\sp_-train-20260806_075740-13e0e8de9a7e1cb9.csv,29136,f094a18c4610aeb9d0db740a0e2a86b7c03c52ac8de1ba96d918a22c00a17b44
sp_-train-20260806_093942-71de9c0ea7effd06.csv,mnist,mnist,mnist_family,sp,standard,sp,sp,simple_lora_mlp,mnist_dirichlet_0_4_seed_1,dirichlet,0.4,1,medium,inferred_spearman,0.00606060606061,0.4495;0.5256;0.8313;0.5291;0.9024;0.2706;0.5789;0.4493;1;0.25,100,5,complete,101,0.6436,100,0.6436,100,20260806_093942,71de9c0ea7effd06,sp_-train-20260806_093942-71de9c0ea7effd06.csv,raw\sp_-train-20260806_093942-71de9c0ea7effd06.csv,by_dataset\mnist_family\mnist\sp\standard\medium\alpha_0.4\sp_-train-20260806_093942-71de9c0ea7effd06.csv,28512,83fc868f1208bafdaf6aa1360c89525b6dbfdaa62dcc8554d32f0719af83c847
sp_-train-20260806_112105-4df6b5c146b31350.csv,mnist,mnist,mnist_family,sp,standard,sp,sp,simple_lora_mlp,mnist_dirichlet_0_4_seed_2,dirichlet,0.4,2,medium,inferred_spearman,0.00606060606061,0.2887;0.6918;0.25;0.2795;0.8646;0.3957;0.2679;0.6099;0.3406;1,100,5,complete,101,0.2407,100,0.2407,100,20260806_112105,4df6b5c146b31350,sp_-train-20260806_112105-4df6b5c146b31350.csv,raw\sp_-train-20260806_112105-4df6b5c146b31350.csv,by_dataset\mnist_family\mnist\sp\standard\medium\alpha_0.4\sp_-train-20260806_112105-4df6b5c146b31350.csv,28082,b520a2fd6aa0fd637e47605d89d44b0e6f899279457646d273ab47395d05cda3
sp_-train-20260806_130113-e9e8a9628e22fc79.csv,mnist,mnist,mnist_family,sp,standard,sp,sp,simple_lora_mlp,mnist_dirichlet_0_4_seed_3,dirichlet,0.4,3,medium,inferred_spearman,0.00606060606061,0.5282;0.4083;0.4077;0.3221;0.25;0.3179;0.3144;0.5548;0.7367;1,100,5,complete,101,0.6687,100,0.6687,100,20260806_130113,e9e8a9628e22fc79,sp_-train-20260806_130113-e9e8a9628e22fc79.csv,raw\sp_-train-20260806_130113-e9e8a9628e22fc79.csv,by_dataset\mnist_family\mnist\sp\standard\medium\alpha_0.4\sp_-train-20260806_130113-e9e8a9628e22fc79.csv,28556,95e89e44063e6863da3899eb3639fafe98225bb3d812a2220ffe3999773f7045
sp_-train-20260806_144301-c917feb33fe832d4.csv,mnist,mnist,mnist_family,sp,standard,sp,sp,simple_lora_mlp,mnist_dirichlet_0_8_seed_1,dirichlet,0.8,1,medium,inferred_spearman,0.00606060606061,0.1;0.5;0.6;0.9;0.2;1;0.3;0.8;0.7;0.4,100,5,complete,101,0.1703,100,0.1703,100,20260806_144301,c917feb33fe832d4,sp_-train-20260806_144301-c917feb33fe832d4.csv,raw\sp_-train-20260806_144301-c917feb33fe832d4.csv,by_dataset\mnist_family\mnist\sp\standard\medium\alpha_0.8\sp_-train-20260806_144301-c917feb33fe832d4.csv,30897,d2b04568cd45a655bbe80ff6dd261c36b99a7e869c69168f1ca28132193733cf
sp_-train-20260806_162549-67f9c70d184fac64.csv,mnist,mnist,mnist_family,sp,standard,sp,sp,simple_lora_mlp,mnist_dirichlet_0_8_seed_2,dirichlet,0.8,2,medium,inferred_spearman,0.00606060606061,0.8;0.6;1;0.9;0.2;0.7;0.4;0.3;0.5;0.1,100,5,complete,101,0.1148,100,0.1148,100,20260806_162549,67f9c70d184fac64,sp_-train-20260806_162549-67f9c70d184fac64.csv,raw\sp_-train-20260806_162549-67f9c70d184fac64.csv,by_dataset\mnist_family\mnist\sp\standard\medium\alpha_0.8\sp_-train-20260806_162549-67f9c70d184fac64.csv,24698,25f8baf759a658ed0b1d628ef393fd8e7eb7cf0e0b6eac35f1ccf8aa5f4d34ec
sp_-train-20260806_180401-99b50f3140751e7d.csv,mnist,mnist,mnist_family,sp,standard,sp,sp,simple_lora_mlp,mnist_dirichlet_0_8_seed_3,dirichlet,0.8,3,medium,inferred_spearman,0.00606060606061,0.1;0.3;0.7;0.5;1;0.2;0.6;0.8;0.9;0.4,100,5,complete,101,0.2059,96,0.2034,100,20260806_180401,99b50f3140751e7d,sp_-train-20260806_180401-99b50f3140751e7d.csv,raw\sp_-train-20260806_180401-99b50f3140751e7d.csv,by_dataset\mnist_family\mnist\sp\standard\medium\alpha_0.8\sp_-train-20260806_180401-99b50f3140751e7d.csv,30539,3e344dff0c8e85a8059bca6dea98d430596b6b23df01dea110fc45278574c28a
sp_-train-20260806_194612-dc21c9338cf00159.csv,fmnist,fmnist,mnist_family,sp,standard,sp,sp,simple_lora_mlp,fmnist_dirichlet_0_1_seed_1,dirichlet,0.1,1,medium,inferred_spearman,0.00606060606061,0.3;0.5;0.2;0.6;1;0.4;0.8;0.1;0.9;0.7,100,5,complete,101,0.271,100,0.271,100,20260806_194612,dc21c9338cf00159,sp_-train-20260806_194612-dc21c9338cf00159.csv,raw\sp_-train-20260806_194612-dc21c9338cf00159.csv,by_dataset\mnist_family\fmnist\sp\standard\medium\alpha_0.1\sp_-train-20260806_194612-dc21c9338cf00159.csv,29863,85c29ef1131e2ae184b67673ac0e72efe07366d1a7e1948e5d3574b6b31569a5
sp_-train-20260806_212737-46d5f822196454bc.csv,fmnist,fmnist,mnist_family,sp,standard,sp,sp,simple_lora_mlp,fmnist_dirichlet_0_1_seed_2,dirichlet,0.1,2,medium,inferred_spearman,0.00606060606061,0.7;0.8;0.6;0.9;0.3;1;0.2;0.1;0.4;0.5,100,5,complete,101,0.397,100,0.397,100,20260806_212737,46d5f822196454bc,sp_-train-20260806_212737-46d5f822196454bc.csv,raw\sp_-train-20260806_212737-46d5f822196454bc.csv,by_dataset\mnist_family\fmnist\sp\standard\medium\alpha_0.1\sp_-train-20260806_212737-46d5f822196454bc.csv,27772,78edf080fbc8ac326ef9d03dca3bb3680d2d567a0243888c72d9d27357e68e6f
sp_-train-20260806_230805-8f73a809fa4fc3f3.csv,fmnist,fmnist,mnist_family,sp,standard,sp,sp,simple_lora_mlp,fmnist_dirichlet_0_1_seed_3,dirichlet,0.1,3,medium,inferred_spearman,0.00606060606061,0.2;1;0.8;0.9;0.7;0.1;0.5;0.3;0.6;0.4,100,5,complete,101,0.4073,96,0.4063,100,20260806_230805,8f73a809fa4fc3f3,sp_-train-20260806_230805-8f73a809fa4fc3f3.csv,raw\sp_-train-20260806_230805-8f73a809fa4fc3f3.csv,by_dataset\mnist_family\fmnist\sp\standard\medium\alpha_0.1\sp_-train-20260806_230805-8f73a809fa4fc3f3.csv,29955,bb720522a8363db2c8e852b8b8f7fbb55fec9665d6d14ca87f08df5f38399511
sp_-train-20260807_004825-6a0d479e06e86d28.csv,fmnist,fmnist,mnist_family,sp,standard,sp,sp,simple_lora_mlp,fmnist_dirichlet_0_4_seed_1,dirichlet,0.4,1,medium,inferred_spearman,0.00606060606061,0.7671;0.8765;0.25;0.3727;0.7391;0.5244;0.4526;0.62;1;0.7326,100,5,complete,101,0.4578,97,0.4556,100,20260807_004825,6a0d479e06e86d28,sp_-train-20260807_004825-6a0d479e06e86d28.csv,raw\sp_-train-20260807_004825-6a0d479e06e86d28.csv,by_dataset\mnist_family\fmnist\sp\standard\medium\alpha_0.4\sp_-train-20260807_004825-6a0d479e06e86d28.csv,27553,22186349bf3bb19318f6554ffa2d5fc35f1e7a0b1bfc689c6495a78ed6dcc850
sp_-train-20260807_022954-88d53b593a680ea4.csv,fmnist,fmnist,mnist_family,sp,standard,sp,sp,simple_lora_mlp,fmnist_dirichlet_0_4_seed_2,dirichlet,0.4,2,medium,inferred_spearman,0.00606060606061,0.7228;1;0.9552;0.3571;0.8082;0.5437;0.9035;0.7636;0.7251;0.25,100,5,complete,101,0.3162,100,0.3162,100,20260807_022954,88d53b593a680ea4,sp_-train-20260807_022954-88d53b593a680ea4.csv,raw\sp_-train-20260807_022954-88d53b593a680ea4.csv,by_dataset\mnist_family\fmnist\sp\standard\medium\alpha_0.4\sp_-train-20260807_022954-88d53b593a680ea4.csv,30119,aa4f2c065584be2db29d246f16389f3e3b5deb86fdf01b8c8b173ea520362673
sp_-train-20260807_041116-b2cc964602946a46.csv,fmnist,fmnist,mnist_family,sp,standard,sp,sp,simple_lora_mlp,fmnist_dirichlet_0_4_seed_3,dirichlet,0.4,3,medium,inferred_spearman,0.00606060606061,0.4386;0.3323;0.2725;0.2717;0.25;0.2596;0.5829;0.8743;0.2572;1,100,5,complete,101,0.4124,53,0.2207,100,20260807_041116,b2cc964602946a46,sp_-train-20260807_041116-b2cc964602946a46.csv,raw\sp_-train-20260807_041116-b2cc964602946a46.csv,by_dataset\mnist_family\fmnist\sp\standard\medium\alpha_0.4\sp_-train-20260807_041116-b2cc964602946a46.csv,28460,d81ea70899677dc21669bf4448fb72c5aaedb01e504c656f092bf6705fe482f1
sp_-train-20260807_055217-953ac0eb60ae406a.csv,fmnist,fmnist,mnist_family,sp,standard,sp,sp,simple_lora_mlp,fmnist_dirichlet_0_8_seed_1,dirichlet,0.8,1,medium,inferred_spearman,0.00606060606061,0.7;0.5;1;0.9;0.8;0.2;0.6;0.1;0.3;0.4,100,5,complete,101,0.381,100,0.381,100,20260807_055217,953ac0eb60ae406a,sp_-train-20260807_055217-953ac0eb60ae406a.csv,raw\sp_-train-20260807_055217-953ac0eb60ae406a.csv,by_dataset\mnist_family\fmnist\sp\standard\medium\alpha_0.8\sp_-train-20260807_055217-953ac0eb60ae406a.csv,29460,e9af81a74919e76f620494fb97f16fab042f70d2bb2db2e98ae00d9c2a12aa5d
sp_-train-20260807_073157-bef0c62d2e3bf8c6.csv,fmnist,fmnist,mnist_family,sp,standard,sp,sp,simple_lora_mlp,fmnist_dirichlet_0_8_seed_2,dirichlet,0.8,2,medium,inferred_spearman,0.00606060606061,0.9;1;0.7;0.1;0.3;0.2;0.4;0.8;0.5;0.6,100,5,complete,101,0.3107,95,0.2398,100,20260807_073157,bef0c62d2e3bf8c6,sp_-train-20260807_073157-bef0c62d2e3bf8c6.csv,raw\sp_-train-20260807_073157-bef0c62d2e3bf8c6.csv,by_dataset\mnist_family\fmnist\sp\standard\medium\alpha_0.8\sp_-train-20260807_073157-bef0c62d2e3bf8c6.csv,29908,989d2d925af170b7a9e3f79fdd7c80288342ba9f28273109206c3e3e8a8431e0
sp_-train-20260807_091149-320032a989319770.csv,fmnist,fmnist,mnist_family,sp,standard,sp,sp,simple_lora_mlp,fmnist_dirichlet_0_8_seed_3,dirichlet,0.8,3,medium,inferred_spearman,0.00606060606061,0.4;0.5;0.2;0.9;1;0.7;0.6;0.3;0.8;0.1,100,5,complete,101,0.3612,100,0.3612,100,20260807_091149,320032a989319770,sp_-train-20260807_091149-320032a989319770.csv,raw\sp_-train-20260807_091149-320032a989319770.csv,by_dataset\mnist_family\fmnist\sp\standard\medium\alpha_0.8\sp_-train-20260807_091149-320032a989319770.csv,26427,44d2242f59f89df75c43a9f07d00270e87210a81ed467d7c2bd44236c2034408
sp_-train-20260807_105044-572f1d0299a7806c.csv,kmnist,kmnist,mnist_family,sp,standard,sp,sp,simple_lora_mlp,kmnist_dirichlet_0_1_seed_1,dirichlet,0.1,1,medium,inferred_spearman,0.00606060606061,0.3;0.5;0.2;0.6;1;0.4;0.8;0.1;0.9;0.7,100,5,complete,101,0.1983,100,0.1983,100,20260807_105044,572f1d0299a7806c,sp_-train-20260807_105044-572f1d0299a7806c.csv,raw\sp_-train-20260807_105044-572f1d0299a7806c.csv,by_dataset\mnist_family\kmnist\sp\standard\medium\alpha_0.1\sp_-train-20260807_105044-572f1d0299a7806c.csv,29957,468b249fa61dbed99a83f3711d24c9101ee3e38edb474ac76279c94bea02451c
sp_-train-20260807_122910-dc2ea9eac06a6e51.csv,kmnist,kmnist,mnist_family,sp,standard,sp,sp,simple_lora_mlp,kmnist_dirichlet_0_1_seed_2,dirichlet,0.1,2,medium,inferred_spearman,0.00606060606061,0.7;0.8;0.6;0.9;0.3;1;0.2;0.1;0.4;0.5,100,5,complete,101,0.18,73,0.1695,100,20260807_122910,dc2ea9eac06a6e51,sp_-train-20260807_122910-dc2ea9eac06a6e51.csv,raw\sp_-train-20260807_122910-dc2ea9eac06a6e51.csv,by_dataset\mnist_family\kmnist\sp\standard\medium\alpha_0.1\sp_-train-20260807_122910-dc2ea9eac06a6e51.csv,26903,809aaf70ba445103a4a8daad0db54aed8a473206b82d3460424eb93bd7ec9530
sp_-train-20260807_140756-7f47062a0200d1b5.csv,kmnist,kmnist,mnist_family,sp,standard,sp,sp,simple_lora_mlp,kmnist_dirichlet_0_1_seed_3,dirichlet,0.1,3,medium,inferred_spearman,0.00606060606061,0.2;1;0.8;0.9;0.7;0.1;0.5;0.3;0.6;0.4,100,5,complete,101,0.1257,25,0.1231,100,20260807_140756,7f47062a0200d1b5,sp_-train-20260807_140756-7f47062a0200d1b5.csv,raw\sp_-train-20260807_140756-7f47062a0200d1b5.csv,by_dataset\mnist_family\kmnist\sp\standard\medium\alpha_0.1\sp_-train-20260807_140756-7f47062a0200d1b5.csv,27566,ecd934fc584de5d1f92c5d56b862d4442f4eab9a9da6e36db826b4100cdf6034
sp_-train-20260807_154653-3c2fd878fc33a518.csv,kmnist,kmnist,mnist_family,sp,standard,sp,sp,simple_lora_mlp,kmnist_dirichlet_0_4_seed_1,dirichlet,0.4,1,medium,inferred_spearman,0.00606060606061,0.7671;0.8765;0.25;0.3727;0.7391;0.5244;0.4526;0.62;1;0.7326,100,5,complete,101,0.1761,85,0.1601,100,20260807_154653,3c2fd878fc33a518,sp_-train-20260807_154653-3c2fd878fc33a518.csv,raw\sp_-train-20260807_154653-3c2fd878fc33a518.csv,by_dataset\mnist_family\kmnist\sp\standard\medium\alpha_0.4\sp_-train-20260807_154653-3c2fd878fc33a518.csv,26174,3bf32e8f743e8b9981f7966b039cb1b75df6609ebe7cd75b52acc2bee95487f0
sp_-train-20260807_172627-684b4fd2a15eb38b.csv,kmnist,kmnist,mnist_family,sp,standard,sp,sp,simple_lora_mlp,kmnist_dirichlet_0_4_seed_2,dirichlet,0.4,2,medium,inferred_spearman,0.00606060606061,0.7228;1;0.9552;0.3571;0.8082;0.5437;0.9035;0.7636;0.7251;0.25,100,5,complete,101,0.1424,72,0.1006,100,20260807_172627,684b4fd2a15eb38b,sp_-train-20260807_172627-684b4fd2a15eb38b.csv,raw\sp_-train-20260807_172627-684b4fd2a15eb38b.csv,by_dataset\mnist_family\kmnist\sp\standard\medium\alpha_0.4\sp_-train-20260807_172627-684b4fd2a15eb38b.csv,29490,5ea6f5fdf0ad6e156e89bbbb02005ea411b262cbee6bede95c377d08e7ad84a9
sp_-train-20260807_190535-3d44fdc9a7cd71b6.csv,kmnist,kmnist,mnist_family,sp,standard,sp,sp,simple_lora_mlp,kmnist_dirichlet_0_4_seed_3,dirichlet,0.4,3,medium,inferred_spearman,0.00606060606061,0.4386;0.3323;0.2725;0.2717;0.25;0.2596;0.5829;0.8743;0.2572;1,100,5,complete,101,0.2299,100,0.2299,100,20260807_190535,3d44fdc9a7cd71b6,sp_-train-20260807_190535-3d44fdc9a7cd71b6.csv,raw\sp_-train-20260807_190535-3d44fdc9a7cd71b6.csv,by_dataset\mnist_family\kmnist\sp\standard\medium\alpha_0.4\sp_-train-20260807_190535-3d44fdc9a7cd71b6.csv,27143,119a62ee39d10c46c131022f34c097b7817108c5e2e41ed9abfa5f7a31c7c3ec
sp_-train-20260807_204427-21c9907d8ff2cc67.csv,kmnist,kmnist,mnist_family,sp,standard,sp,sp,simple_lora_mlp,kmnist_dirichlet_0_8_seed_1,dirichlet,0.8,1,medium,inferred_spearman,0.00606060606061,0.7;0.5;1;0.9;0.8;0.2;0.6;0.1;0.3;0.4,100,5,complete,101,0.1513,100,0.1513,100,20260807_204427,21c9907d8ff2cc67,sp_-train-20260807_204427-21c9907d8ff2cc67.csv,raw\sp_-train-20260807_204427-21c9907d8ff2cc67.csv,by_dataset\mnist_family\kmnist\sp\standard\medium\alpha_0.8\sp_-train-20260807_204427-21c9907d8ff2cc67.csv,29793,8821bc499eb48b8ae7ce8845c0bb44cae481f9269201f9f95f66ae176dbcee8a
sp_-train-20260807_222410-d083085fd3baefcb.csv,kmnist,kmnist,mnist_family,sp,standard,sp,sp,simple_lora_mlp,kmnist_dirichlet_0_8_seed_2,dirichlet,0.8,2,medium,inferred_spearman,0.00606060606061,0.9;1;0.7;0.1;0.3;0.2;0.4;0.8;0.5;0.6,100,5,complete,101,0.1772,98,0.1755,100,20260807_222410,d083085fd3baefcb,sp_-train-20260807_222410-d083085fd3baefcb.csv,raw\sp_-train-20260807_222410-d083085fd3baefcb.csv,by_dataset\mnist_family\kmnist\sp\standard\medium\alpha_0.8\sp_-train-20260807_222410-d083085fd3baefcb.csv,29907,ee2a6a5bf6446ad9a1715ee1ddbeedc40cb6217cdd4ed5c2df533168c613a7d2
sp_-train-20260808_000426-31645b9c88b4a07c.csv,kmnist,kmnist,mnist_family,sp,standard,sp,sp,simple_lora_mlp,kmnist_dirichlet_0_8_seed_3,dirichlet,0.8,3,medium,inferred_spearman,0.00606060606061,0.4;0.5;0.2;0.9;1;0.7;0.6;0.3;0.8;0.1,100,5,complete,101,0.1342,100,0.1342,100,20260808_000426,31645b9c88b4a07c,sp_-train-20260808_000426-31645b9c88b4a07c.csv,raw\sp_-train-20260808_000426-31645b9c88b4a07c.csv,by_dataset\mnist_family\kmnist\sp\standard\medium\alpha_0.8\sp_-train-20260808_000426-31645b9c88b4a07c.csv,26841,1ed1a38d565cd63bdda01350a43d5bcb410af461809355473e3aceebec570a90
sp_-train-20260808_021225-b9cb3ecb299ea0ef.csv,qmnist,qmnist,mnist_family,sp,standard,sp,sp,simple_lora_mlp,qmnist_dirichlet_0_1_seed_1,dirichlet,0.1,1,medium,inferred_spearman,0.00606060606061,0.1;0.5;0.2;0.4;1;0.3;0.7;0.6;0.9;0.8,100,5,complete,101,0.5736,100,0.5736,100,20260808_021225,b9cb3ecb299ea0ef,sp_-train-20260808_021225-b9cb3ecb299ea0ef.csv,raw\sp_-train-20260808_021225-b9cb3ecb299ea0ef.csv,by_dataset\mnist_family\qmnist\sp\standard\medium\alpha_0.1\sp_-train-20260808_021225-b9cb3ecb299ea0ef.csv,31546,ac81b9348612e5234bb446a8fe8c4a5d6cf596f7c0be887b90c278f8d93150f2
sp_-train-20260808_045059-94c52fc48458ba26.csv,qmnist,qmnist,mnist_family,sp,standard,sp,sp,simple_lora_mlp,qmnist_dirichlet_0_1_seed_2,dirichlet,0.1,2,medium,inferred_spearman,0.00606060606061,0.9;0.1;0.8;0.7;0.6;0.3;1;0.2;0.4;0.5,100,5,complete,101,0.2783,100,0.2783,100,20260808_045059,94c52fc48458ba26,sp_-train-20260808_045059-94c52fc48458ba26.csv,raw\sp_-train-20260808_045059-94c52fc48458ba26.csv,by_dataset\mnist_family\qmnist\sp\standard\medium\alpha_0.1\sp_-train-20260808_045059-94c52fc48458ba26.csv,30048,52111840f5ef5e26f1ee3a59b451943980a42909c906eff53c532625c4eeca5a
sp_-train-20260808_074040-55df02fe7adba3ed.csv,qmnist,qmnist,mnist_family,sp,standard,sp,sp,simple_lora_mlp,qmnist_dirichlet_0_1_seed_3,dirichlet,0.1,3,medium,inferred_spearman,0.00606060606061,0.8;1;0.4;0.7;0.2;0.1;0.5;0.3;0.6;0.9,100,5,complete,101,0.392216666667,100,0.392216666667,100,20260808_074040,55df02fe7adba3ed,sp_-train-20260808_074040-55df02fe7adba3ed.csv,raw\sp_-train-20260808_074040-55df02fe7adba3ed.csv,by_dataset\mnist_family\qmnist\sp\standard\medium\alpha_0.1\sp_-train-20260808_074040-55df02fe7adba3ed.csv,29831,3dc10ddb57da75267ce2b99d37c0c011b90fcb3ac7d1e436c3c2acbcb75d05ea
sp_-train-20260808_101847-364044fee11fb16a.csv,qmnist,qmnist,mnist_family,sp,standard,sp,sp,simple_lora_mlp,qmnist_dirichlet_0_4_seed_1,dirichlet,0.4,1,medium,inferred_spearman,0.00606060606061,0.4495;0.5256;0.8313;0.5291;0.9024;0.2706;0.5789;0.4493;1;0.25,100,5,complete,101,0.642383333333,100,0.642383333333,100,20260808_101847,364044fee11fb16a,sp_-train-20260808_101847-364044fee11fb16a.csv,raw\sp_-train-20260808_101847-364044fee11fb16a.csv,by_dataset\mnist_family\qmnist\sp\standard\medium\alpha_0.4\sp_-train-20260808_101847-364044fee11fb16a.csv,30562,4513cdf6a24aed735a91a1ba86a5084e08864ccff6e968c57b98bc084b253f54
sp_-train-20260808_125640-68e48484c703f06b.csv,qmnist,qmnist,mnist_family,sp,standard,sp,sp,simple_lora_mlp,qmnist_dirichlet_0_4_seed_2,dirichlet,0.4,2,medium,inferred_spearman,0.00606060606061,0.2887;0.6918;0.25;0.2795;0.8646;0.3957;0.2679;0.6099;0.3406;1,100,5,complete,101,0.253516666667,100,0.253516666667,100,20260808_125640,68e48484c703f06b,sp_-train-20260808_125640-68e48484c703f06b.csv,raw\sp_-train-20260808_125640-68e48484c703f06b.csv,by_dataset\mnist_family\qmnist\sp\standard\medium\alpha_0.4\sp_-train-20260808_125640-68e48484c703f06b.csv,28180,6f5d41679901783b39ec960ef18bf24526bf70caa4d4a48249bf91ba702fb129
sp_-train-20260808_153646-0ea6ba7ac94266c7.csv,qmnist,qmnist,mnist_family,sp,standard,sp,sp,simple_lora_mlp,qmnist_dirichlet_0_4_seed_3,dirichlet,0.4,3,medium,inferred_spearman,0.00606060606061,0.5282;0.4083;0.4077;0.3221;0.25;0.3179;0.3144;0.5548;0.7367;1,100,5,complete,101,0.652566666667,100,0.652566666667,100,20260808_153646,0ea6ba7ac94266c7,sp_-train-20260808_153646-0ea6ba7ac94266c7.csv,raw\sp_-train-20260808_153646-0ea6ba7ac94266c7.csv,by_dataset\mnist_family\qmnist\sp\standard\medium\alpha_0.4\sp_-train-20260808_153646-0ea6ba7ac94266c7.csv,30609,e0135ffcf21b18b65476c5ad403d3260fa4e566ee0a1e07d5fae15366e71ba70
sp_-train-20260808_181402-2d037a06505551f3.csv,qmnist,qmnist,mnist_family,sp,standard,sp,sp,simple_lora_mlp,qmnist_dirichlet_0_8_seed_1,dirichlet,0.8,1,medium,inferred_spearman,0.00606060606061,0.1;0.5;0.6;0.9;0.2;1;0.3;0.8;0.7;0.4,100,5,complete,101,0.163733333333,100,0.163733333333,100,20260808_181402,2d037a06505551f3,sp_-train-20260808_181402-2d037a06505551f3.csv,raw\sp_-train-20260808_181402-2d037a06505551f3.csv,by_dataset\mnist_family\qmnist\sp\standard\medium\alpha_0.8\sp_-train-20260808_181402-2d037a06505551f3.csv,32349,ac54ff9a5783f81db5e74f23a3ce33bab88c8fa17157e1b04b2400aed96d9534
sp_-train-20260808_205201-47b7aea5e334ce10.csv,qmnist,qmnist,mnist_family,sp,standard,sp,sp,simple_lora_mlp,qmnist_dirichlet_0_8_seed_2,dirichlet,0.8,2,medium,inferred_spearman,0.00606060606061,0.8;0.6;1;0.9;0.2;0.7;0.4;0.3;0.5;0.1,100,5,complete,101,0.11455,100,0.11455,100,20260808_205201,47b7aea5e334ce10,sp_-train-20260808_205201-47b7aea5e334ce10.csv,raw\sp_-train-20260808_205201-47b7aea5e334ce10.csv,by_dataset\mnist_family\qmnist\sp\standard\medium\alpha_0.8\sp_-train-20260808_205201-47b7aea5e334ce10.csv,28054,a74b7f534b60ecb257fe8d2b41e0f69a1f5f8a1eca9a3ed706d8be95890b8775
sp_-train-20260808_233022-79806e7f5a8304c5.csv,qmnist,qmnist,mnist_family,sp,standard,sp,sp,simple_lora_mlp,qmnist_dirichlet_0_8_seed_3,dirichlet,0.8,3,medium,inferred_spearman,0.00606060606061,0.1;0.3;0.7;0.5;1;0.2;0.6;0.8;0.9;0.4,100,5,complete,101,0.207766666667,96,0.2058,100,20260808_233022,79806e7f5a8304c5,sp_-train-20260808_233022-79806e7f5a8304c5.csv,raw\sp_-train-20260808_233022-79806e7f5a8304c5.csv,by_dataset\mnist_family\qmnist\sp\standard\medium\alpha_0.8\sp_-train-20260808_233022-79806e7f5a8304c5.csv,32086,f5df323dedcf5279292880d7ac23393cda4911ab2705527af84d55691fd34b17
sp_-train-20260809_014153-d15d974b61692081.csv,mnist,mnist,mnist_family,sp,standard,sp,sp,simple_lora_mlp,mnist_dirichlet_0_1_seed_1,dirichlet,0.1,1,mismatch,inferred_spearman,-1,0.6;0.1;1;0.2;0.4;0.5;0.9;0.3;0.7;0.8,100,5,complete,101,0.2556,100,0.2556,100,20260809_014153,d15d974b61692081,sp_-train-20260809_014153-d15d974b61692081.csv,raw\sp_-train-20260809_014153-d15d974b61692081.csv,by_dataset\mnist_family\mnist\sp\standard\mismatch\alpha_0.1\sp_-train-20260809_014153-d15d974b61692081.csv,30457,f45965f02fe0f904ada4fd592e0c8a6c50704bba610a5e84bdbf8093896589c2
sp_-train-20260809_032115-ed2e9a32eb1d69dd.csv,mnist,mnist,mnist_family,sp,standard,sp,sp,simple_lora_mlp,mnist_dirichlet_0_1_seed_2,dirichlet,0.1,2,mismatch,inferred_spearman,-1,0.7;0.6;0.8;0.9;0.3;0.5;0.4;1;0.2;0.1,100,5,complete,101,0.2724,100,0.2724,100,20260809_032115,ed2e9a32eb1d69dd,sp_-train-20260809_032115-ed2e9a32eb1d69dd.csv,raw\sp_-train-20260809_032115-ed2e9a32eb1d69dd.csv,by_dataset\mnist_family\mnist\sp\standard\mismatch\alpha_0.1\sp_-train-20260809_032115-ed2e9a32eb1d69dd.csv,28609,2b8d729733dec6b97eff859892284439d6539a23ffed311b569ba79fd4ce0388
sp_-train-20260809_050120-a3e2e69b6df1dddc.csv,mnist,mnist,mnist_family,sp,standard,sp,sp,simple_lora_mlp,mnist_dirichlet_0_1_seed_3,dirichlet,0.1,3,mismatch,inferred_spearman,-1,0.8;0.4;0.2;0.9;1;0.6;0.1;0.5;0.3;0.7,100,5,complete,101,0.3228,75,0.314,100,20260809_050120,a3e2e69b6df1dddc,sp_-train-20260809_050120-a3e2e69b6df1dddc.csv,raw\sp_-train-20260809_050120-a3e2e69b6df1dddc.csv,by_dataset\mnist_family\mnist\sp\standard\mismatch\alpha_0.1\sp_-train-20260809_050120-a3e2e69b6df1dddc.csv,29169,9081a4e7fc724f648b8e7c5ac422b8897eab43b8983b22a061754bc014568c5b
sp_-train-20260809_064238-bc5e0a2ac48b239f.csv,mnist,mnist,mnist_family,sp,standard,sp,sp,simple_lora_mlp,mnist_dirichlet_0_4_seed_1,dirichlet,0.4,1,mismatch,inferred_spearman,-1,0.2706;0.25;0.8313;0.4493;0.5789;1;0.9024;0.5256;0.4495;0.5291,100,5,complete,101,0.4383,83,0.4235,100,20260809_064238,bc5e0a2ac48b239f,sp_-train-20260809_064238-bc5e0a2ac48b239f.csv,raw\sp_-train-20260809_064238-bc5e0a2ac48b239f.csv,by_dataset\mnist_family\mnist\sp\standard\mismatch\alpha_0.4\sp_-train-20260809_064238-bc5e0a2ac48b239f.csv,28405,a88e4500d7146777453aeec6a14f04b24bf6e06c3a69a6dfcf821d446160a44f
sp_-train-20260809_082417-9a6c2d88059105ce.csv,mnist,mnist,mnist_family,sp,standard,sp,sp,simple_lora_mlp,mnist_dirichlet_0_4_seed_2,dirichlet,0.4,2,mismatch,inferred_spearman,-1,0.2679;0.6918;0.3957;0.3406;0.6099;0.2795;1;0.8646;0.25;0.2887,100,5,complete,101,0.1784,100,0.1784,100,20260809_082417,9a6c2d88059105ce,sp_-train-20260809_082417-9a6c2d88059105ce.csv,raw\sp_-train-20260809_082417-9a6c2d88059105ce.csv,by_dataset\mnist_family\mnist\sp\standard\mismatch\alpha_0.4\sp_-train-20260809_082417-9a6c2d88059105ce.csv,27919,13e8bb5b98b193f18eeed08b59145cbd49310e19a3bf31f580142dd341d6e7cf
sp_-train-20260809_100802-48eca908fb7fff4b.csv,mnist,mnist,mnist_family,sp,standard,sp,sp,simple_lora_mlp,mnist_dirichlet_0_4_seed_3,dirichlet,0.4,3,mismatch,inferred_spearman,-1,0.7367;0.3179;0.25;0.3144;0.4083;0.4077;1;0.5548;0.5282;0.3221,100,5,complete,101,0.5543,88,0.5242,100,20260809_100802,48eca908fb7fff4b,sp_-train-20260809_100802-48eca908fb7fff4b.csv,raw\sp_-train-20260809_100802-48eca908fb7fff4b.csv,by_dataset\mnist_family\mnist\sp\standard\mismatch\alpha_0.4\sp_-train-20260809_100802-48eca908fb7fff4b.csv,28022,bc0dd20ae04754b9e56e184f9f05ed435fb6b641015f84637e6e02290d63f16c
sp_-train-20260809_114935-875657289cf5262f.csv,mnist,mnist,mnist_family,sp,standard,sp,sp,simple_lora_mlp,mnist_dirichlet_0_8_seed_1,dirichlet,0.8,1,mismatch,inferred_spearman,-1,0.6;0.1;0.3;0.7;1;0.4;0.5;0.8;0.9;0.2,100,5,complete,101,0.2385,93,0.2303,100,20260809_114935,875657289cf5262f,sp_-train-20260809_114935-875657289cf5262f.csv,raw\sp_-train-20260809_114935-875657289cf5262f.csv,by_dataset\mnist_family\mnist\sp\standard\mismatch\alpha_0.8\sp_-train-20260809_114935-875657289cf5262f.csv,30540,ec3468e5fcaa1dd4cd527471df590aaef762efb9ba588972bdc6d56c388136e0
sp_-train-20260809_133026-178a74693ca4b9c3.csv,mnist,mnist,mnist_family,sp,standard,sp,sp,simple_lora_mlp,mnist_dirichlet_0_8_seed_2,dirichlet,0.8,2,mismatch,inferred_spearman,-1,0.8;0.3;0.4;0.7;1;0.9;0.2;0.5;0.1;0.6,100,5,complete,101,0.1409,100,0.1409,100,20260809_133026,178a74693ca4b9c3,sp_-train-20260809_133026-178a74693ca4b9c3.csv,raw\sp_-train-20260809_133026-178a74693ca4b9c3.csv,by_dataset\mnist_family\mnist\sp\standard\mismatch\alpha_0.8\sp_-train-20260809_133026-178a74693ca4b9c3.csv,25413,b3ee462374d4f9560f15e41ab141e9e358e27a48a6b8b1c65013418e062a3cd7
sp_-train-20260809_151244-77b05ba5ac6d998f.csv,mnist,mnist,mnist_family,sp,standard,sp,sp,simple_lora_mlp,mnist_dirichlet_0_8_seed_3,dirichlet,0.8,3,mismatch,inferred_spearman,-1,0.6;0.5;0.9;0.1;0.4;1;0.3;0.8;0.7;0.2,100,5,complete,101,0.203,100,0.203,100,20260809_151244,77b05ba5ac6d998f,sp_-train-20260809_151244-77b05ba5ac6d998f.csv,raw\sp_-train-20260809_151244-77b05ba5ac6d998f.csv,by_dataset\mnist_family\mnist\sp\standard\mismatch\alpha_0.8\sp_-train-20260809_151244-77b05ba5ac6d998f.csv,30550,abde0f4306f081599e961f1574e2d5ef6bb1a208165f6b518c3305a22ecb3b2d
sp_-train-20260809_165223-cbeaf3078d0a972c.csv,fmnist,fmnist,mnist_family,sp,standard,sp,sp,simple_lora_mlp,fmnist_dirichlet_0_1_seed_1,dirichlet,0.1,1,mismatch,inferred_spearman,-1,0.5;0.1;1;0.3;0.4;0.2;0.8;0.6;0.7;0.9,100,5,complete,101,0.3293,97,0.3286,100,20260809_165223,cbeaf3078d0a972c,sp_-train-20260809_165223-cbeaf3078d0a972c.csv,raw\sp_-train-20260809_165223-cbeaf3078d0a972c.csv,by_dataset\mnist_family\fmnist\sp\standard\mismatch\alpha_0.1\sp_-train-20260809_165223-cbeaf3078d0a972c.csv,29902,f8cbff264dfa196589d77c886e2f7f1bcedb5e822360d1e59171c93b0b1b1de0
sp_-train-20260809_183152-bb38f8fcce345e63.csv,fmnist,fmnist,mnist_family,sp,standard,sp,sp,simple_lora_mlp,fmnist_dirichlet_0_1_seed_2,dirichlet,0.1,2,mismatch,inferred_spearman,-1,0.9;0.8;0.3;0.7;0.5;0.4;1;0.6;0.2;0.1,100,5,complete,101,0.316,100,0.316,100,20260809_183152,bb38f8fcce345e63,sp_-train-20260809_183152-bb38f8fcce345e63.csv,raw\sp_-train-20260809_183152-bb38f8fcce345e63.csv,by_dataset\mnist_family\fmnist\sp\standard\mismatch\alpha_0.1\sp_-train-20260809_183152-bb38f8fcce345e63.csv,27558,798b68343a8e43edd3d0d874f452773e0881eaacfdc15b139516cd0ddf97e4b4
sp_-train-20260809_201029-0d51657bc7a375d8.csv,fmnist,fmnist,mnist_family,sp,standard,sp,sp,simple_lora_mlp,fmnist_dirichlet_0_1_seed_3,dirichlet,0.1,3,mismatch,inferred_spearman,-1,1;0.4;0.8;0.7;0.9;0.6;0.1;0.5;0.3;0.2,100,5,complete,101,0.3252,97,0.2856,100,20260809_201029,0d51657bc7a375d8,sp_-train-20260809_201029-0d51657bc7a375d8.csv,raw\sp_-train-20260809_201029-0d51657bc7a375d8.csv,by_dataset\mnist_family\fmnist\sp\standard\mismatch\alpha_0.1\sp_-train-20260809_201029-0d51657bc7a375d8.csv,29851,34717181ec92b2492ec57a0946f54e841685d44584d95602c63de9729c60988a
sp_-train-20260809_215051-8eb7cf8a0922822f.csv,fmnist,fmnist,mnist_family,sp,standard,sp,sp,simple_lora_mlp,fmnist_dirichlet_0_4_seed_1,dirichlet,0.4,1,mismatch,inferred_spearman,-1,0.7671;0.7391;0.7326;1;0.8765;0.3727;0.62;0.25;0.5244;0.4526,100,5,complete,101,0.3674,85,0.3655,100,20260809_215051,8eb7cf8a0922822f,sp_-train-20260809_215051-8eb7cf8a0922822f.csv,raw\sp_-train-20260809_215051-8eb7cf8a0922822f.csv,by_dataset\mnist_family\fmnist\sp\standard\mismatch\alpha_0.4\sp_-train-20260809_215051-8eb7cf8a0922822f.csv,27017,98445bbc698484b495aa2acb40285e80286f339e8181ec3fec8777ddbca03f26
sp_-train-20260809_233043-7e3e4c8f1f8007cc.csv,fmnist,fmnist,mnist_family,sp,standard,sp,sp,simple_lora_mlp,fmnist_dirichlet_0_4_seed_2,dirichlet,0.4,2,mismatch,inferred_spearman,-1,0.3571;0.7228;0.8082;1;0.9552;0.7251;0.9035;0.5437;0.25;0.7636,100,5,complete,101,0.3039,97,0.2965,100,20260809_233043,7e3e4c8f1f8007cc,sp_-train-20260809_233043-7e3e4c8f1f8007cc.csv,raw\sp_-train-20260809_233043-7e3e4c8f1f8007cc.csv,by_dataset\mnist_family\fmnist\sp\standard\mismatch\alpha_0.4\sp_-train-20260809_233043-7e3e4c8f1f8007cc.csv,30068,b09f162398c9ca7f45dca1adf7b5e7a285b96b2a5cf79583c5403ac962d01f69
sp_-train-20260810_011019-674b4785b2a8550a.csv,fmnist,fmnist,mnist_family,sp,standard,sp,sp,simple_lora_mlp,fmnist_dirichlet_0_4_seed_3,dirichlet,0.4,3,mismatch,inferred_spearman,-1,0.8743;0.2596;0.25;0.2572;0.3323;0.2725;0.5829;0.4386;1;0.2717,100,5,complete,101,0.33,47,0.19,100,20260810_011019,674b4785b2a8550a,sp_-train-20260810_011019-674b4785b2a8550a.csv,raw\sp_-train-20260810_011019-674b4785b2a8550a.csv,by_dataset\mnist_family\fmnist\sp\standard\mismatch\alpha_0.4\sp_-train-20260810_011019-674b4785b2a8550a.csv,28471,bf4010f8610266e0424edaa14c552bc5ef95d34d0be64a6495cad7751d094290
sp_-train-20260810_024850-081b3427f01c1f45.csv,fmnist,fmnist,mnist_family,sp,standard,sp,sp,simple_lora_mlp,fmnist_dirichlet_0_8_seed_1,dirichlet,0.8,1,mismatch,inferred_spearman,-1,0.9;0.1;0.4;0.7;0.8;1;0.3;0.6;0.5;0.2,100,5,complete,101,0.3196,82,0.1759,100,20260810_024850,081b3427f01c1f45,sp_-train-20260810_024850-081b3427f01c1f45.csv,raw\sp_-train-20260810_024850-081b3427f01c1f45.csv,by_dataset\mnist_family\fmnist\sp\standard\mismatch\alpha_0.8\sp_-train-20260810_024850-081b3427f01c1f45.csv,29552,01e255693182320755c867028bbce7758f6aa83d8e19ea0ada3febf21f7dafc4
sp_-train-20260810_042950-081417b59408fb24.csv,fmnist,fmnist,mnist_family,sp,standard,sp,sp,simple_lora_mlp,fmnist_dirichlet_0_8_seed_2,dirichlet,0.8,2,mismatch,inferred_spearman,-1,0.7;0.4;0.9;0.6;0.5;1;0.2;0.8;0.1;0.3,100,5,complete,101,0.3474,96,0.3399,100,20260810_042950,081417b59408fb24,sp_-train-20260810_042950-081417b59408fb24.csv,raw\sp_-train-20260810_042950-081417b59408fb24.csv,by_dataset\mnist_family\fmnist\sp\standard\mismatch\alpha_0.8\sp_-train-20260810_042950-081417b59408fb24.csv,30006,853f80503bd76d34f4519051ef378ed6836721518136e6fe10f2fbd92869fffd
sp_-train-20260810_060902-9d07c4afdbd50fa5.csv,fmnist,fmnist,mnist_family,sp,standard,sp,sp,simple_lora_mlp,fmnist_dirichlet_0_8_seed_3,dirichlet,0.8,3,mismatch,inferred_spearman,-1,0.2;0.1;1;0.7;0.4;0.9;0.3;0.5;0.8;0.6,100,5,complete,101,0.2721,82,0.2403,100,20260810_060902,9d07c4afdbd50fa5,sp_-train-20260810_060902-9d07c4afdbd50fa5.csv,raw\sp_-train-20260810_060902-9d07c4afdbd50fa5.csv,by_dataset\mnist_family\fmnist\sp\standard\mismatch\alpha_0.8\sp_-train-20260810_060902-9d07c4afdbd50fa5.csv,28281,ac0ce8c21a80819c164d07f8be59d0b330d5a4e4e67889d68230418ff37385b1
sp_-train-20260810_074841-c3ba28b3031bf3ce.csv,kmnist,kmnist,mnist_family,sp,standard,sp,sp,simple_lora_mlp,kmnist_dirichlet_0_1_seed_1,dirichlet,0.1,1,mismatch,inferred_spearman,-1,0.5;0.1;1;0.3;0.4;0.2;0.8;0.6;0.7;0.9,100,5,complete,101,0.1549,100,0.1549,100,20260810_074841,c3ba28b3031bf3ce,sp_-train-20260810_074841-c3ba28b3031bf3ce.csv,raw\sp_-train-20260810_074841-c3ba28b3031bf3ce.csv,by_dataset\mnist_family\kmnist\sp\standard\mismatch\alpha_0.1\sp_-train-20260810_074841-c3ba28b3031bf3ce.csv,29404,90f16e51d4f8f1294eaa370b870b388038b638ed95bfb0f7d46a12b0e150219d
sp_-train-20260810_092734-5ad5ec04fd536418.csv,kmnist,kmnist,mnist_family,sp,standard,sp,sp,simple_lora_mlp,kmnist_dirichlet_0_1_seed_2,dirichlet,0.1,2,mismatch,inferred_spearman,-1,0.9;0.8;0.3;0.7;0.5;0.4;1;0.6;0.2;0.1,100,5,complete,101,0.1579,64,0.1487,100,20260810_092734,5ad5ec04fd536418,sp_-train-20260810_092734-5ad5ec04fd536418.csv,raw\sp_-train-20260810_092734-5ad5ec04fd536418.csv,by_dataset\mnist_family\kmnist\sp\standard\mismatch\alpha_0.1\sp_-train-20260810_092734-5ad5ec04fd536418.csv,26979,66a0114422b9be425a97ac77e093d1ce85e75197fb4519f5aecab2c8b8cc99f9
sp_-train-20260810_110721-d32addbe897c86a0.csv,kmnist,kmnist,mnist_family,sp,standard,sp,sp,simple_lora_mlp,kmnist_dirichlet_0_1_seed_3,dirichlet,0.1,3,mismatch,inferred_spearman,-1,1;0.4;0.8;0.7;0.9;0.6;0.1;0.5;0.3;0.2,100,5,complete,101,0.174,100,0.174,100,20260810_110721,d32addbe897c86a0,sp_-train-20260810_110721-d32addbe897c86a0.csv,raw\sp_-train-20260810_110721-d32addbe897c86a0.csv,by_dataset\mnist_family\kmnist\sp\standard\mismatch\alpha_0.1\sp_-train-20260810_110721-d32addbe897c86a0.csv,29031,a18e7ac32757b1e5eda6586cac443e2e0f290fe3f38e424cd51072ebec8b2b66
sp_-train-20260810_124610-b89d93b2fb2378c8.csv,kmnist,kmnist,mnist_family,sp,standard,sp,sp,simple_lora_mlp,kmnist_dirichlet_0_4_seed_1,dirichlet,0.4,1,mismatch,inferred_spearman,-1,0.7671;0.7391;0.7326;1;0.8765;0.3727;0.62;0.25;0.5244;0.4526,100,5,complete,101,0.2133,93,0.1574,100,20260810_124610,b89d93b2fb2378c8,sp_-train-20260810_124610-b89d93b2fb2378c8.csv,raw\sp_-train-20260810_124610-b89d93b2fb2378c8.csv,by_dataset\mnist_family\kmnist\sp\standard\mismatch\alpha_0.4\sp_-train-20260810_124610-b89d93b2fb2378c8.csv,25747,d07dc22e06d394c750bd6bea135adb77dfe3e84a4de93dc6629a5e5864d16d1c
sp_-train-20260810_142303-193a9228b4b5be6b.csv,kmnist,kmnist,mnist_family,sp,standard,sp,sp,simple_lora_mlp,kmnist_dirichlet_0_4_seed_2,dirichlet,0.4,2,mismatch,inferred_spearman,-1,0.3571;0.7228;0.8082;1;0.9552;0.7251;0.9035;0.5437;0.25;0.7636,100,5,complete,101,0.1775,69,0.1045,100,20260810_142303,193a9228b4b5be6b,sp_-train-20260810_142303-193a9228b4b5be6b.csv,raw\sp_-train-20260810_142303-193a9228b4b5be6b.csv,by_dataset\mnist_family\kmnist\sp\standard\mismatch\alpha_0.4\sp_-train-20260810_142303-193a9228b4b5be6b.csv,30094,1205fbda2806ea6cae78788b04f543ab3a97a2ffa93e9b218eec46ed3f1054a7
sp_-train-20260810_160005-80dab89732fc6d11.csv,kmnist,kmnist,mnist_family,sp,standard,sp,sp,simple_lora_mlp,kmnist_dirichlet_0_4_seed_3,dirichlet,0.4,3,mismatch,inferred_spearman,-1,0.8743;0.2596;0.25;0.2572;0.3323;0.2725;0.5829;0.4386;1;0.2717,100,5,complete,101,0.2693,100,0.2693,100,20260810_160005,80dab89732fc6d11,sp_-train-20260810_160005-80dab89732fc6d11.csv,raw\sp_-train-20260810_160005-80dab89732fc6d11.csv,by_dataset\mnist_family\kmnist\sp\standard\mismatch\alpha_0.4\sp_-train-20260810_160005-80dab89732fc6d11.csv,27265,c92e2bc787c87ab363fec5f5703d390f65f2db42036f6d4afbdd7a345fd1cbe3
sp_-train-20260810_173857-e433ad65aca6c6eb.csv,kmnist,kmnist,mnist_family,sp,standard,sp,sp,simple_lora_mlp,kmnist_dirichlet_0_8_seed_1,dirichlet,0.8,1,mismatch,inferred_spearman,-1,0.9;0.1;0.4;0.7;0.8;1;0.3;0.6;0.5;0.2,100,5,complete,101,0.1057,100,0.1057,100,20260810_173857,e433ad65aca6c6eb,sp_-train-20260810_173857-e433ad65aca6c6eb.csv,raw\sp_-train-20260810_173857-e433ad65aca6c6eb.csv,by_dataset\mnist_family\kmnist\sp\standard\mismatch\alpha_0.8\sp_-train-20260810_173857-e433ad65aca6c6eb.csv,30056,a7d7550141f0df26e08c2074fbd094f086b5316d0aa353e725b094f86337fcf7
sp_-train-20260810_191722-e27ebe75d8dea405.csv,kmnist,kmnist,mnist_family,sp,standard,sp,sp,simple_lora_mlp,kmnist_dirichlet_0_8_seed_2,dirichlet,0.8,2,mismatch,inferred_spearman,-1,0.7;0.4;0.9;0.6;0.5;1;0.2;0.8;0.1;0.3,100,5,complete,101,0.1858,98,0.1787,100,20260810_191722,e27ebe75d8dea405,sp_-train-20260810_191722-e27ebe75d8dea405.csv,raw\sp_-train-20260810_191722-e27ebe75d8dea405.csv,by_dataset\mnist_family\kmnist\sp\standard\mismatch\alpha_0.8\sp_-train-20260810_191722-e27ebe75d8dea405.csv,29800,acb6ade8806c8827e313cb0a438ba9e8678c79b8ce0843fe7d531de1be7eb56b
sp_-train-20260810_205445-4067ff0c4c5e0174.csv,kmnist,kmnist,mnist_family,sp,standard,sp,sp,simple_lora_mlp,kmnist_dirichlet_0_8_seed_3,dirichlet,0.8,3,mismatch,inferred_spearman,-1,0.2;0.1;1;0.7;0.4;0.9;0.3;0.5;0.8;0.6,100,5,complete,101,0.1139,100,0.1139,100,20260810_205445,4067ff0c4c5e0174,sp_-train-20260810_205445-4067ff0c4c5e0174.csv,raw\sp_-train-20260810_205445-4067ff0c4c5e0174.csv,by_dataset\mnist_family\kmnist\sp\standard\mismatch\alpha_0.8\sp_-train-20260810_205445-4067ff0c4c5e0174.csv,26987,835825ae2fec48eb7413d07d9bf230d61bc4ad163eed38d351095808c1b2f575
sp_-train-20260810_230029-0d53f7264fafa023.csv,qmnist,qmnist,mnist_family,sp,standard,sp,sp,simple_lora_mlp,qmnist_dirichlet_0_1_seed_1,dirichlet,0.1,1,mismatch,inferred_spearman,-1,0.6;0.1;1;0.2;0.4;0.5;0.9;0.3;0.7;0.8,100,5,complete,101,0.274033333333,100,0.274033333333,100,20260810_230029,0d53f7264fafa023,sp_-train-20260810_230029-0d53f7264fafa023.csv,raw\sp_-train-20260810_230029-0d53f7264fafa023.csv,by_dataset\mnist_family\qmnist\sp\standard\mismatch\alpha_0.1\sp_-train-20260810_230029-0d53f7264fafa023.csv,31679,748c205a2aef800df8ac01d1543b747dcbe4a189eba505d9a4b6904806a112a9
sp_-train-20260811_013523-f664be5843dd965d.csv,qmnist,qmnist,mnist_family,sp,standard,sp,sp,simple_lora_mlp,qmnist_dirichlet_0_1_seed_2,dirichlet,0.1,2,mismatch,inferred_spearman,-1,0.7;0.6;0.8;0.9;0.3;0.5;0.4;1;0.2;0.1,100,5,complete,101,0.266066666667,100,0.266066666667,100,20260811_013523,f664be5843dd965d,sp_-train-20260811_013523-f664be5843dd965d.csv,raw\sp_-train-20260811_013523-f664be5843dd965d.csv,by_dataset\mnist_family\qmnist\sp\standard\mismatch\alpha_0.1\sp_-train-20260811_013523-f664be5843dd965d.csv,30356,e5b26edbf72f4a2b989ece2a3fb386a2533ea57553a0fe7f2be1db0aca91a387
sp_-train-20260811_040934-28cdffbf279aca04.csv,qmnist,qmnist,mnist_family,sp,standard,sp,sp,simple_lora_mlp,qmnist_dirichlet_0_1_seed_3,dirichlet,0.1,3,mismatch,inferred_spearman,-1,0.8;0.4;0.2;0.9;1;0.6;0.1;0.5;0.3;0.7,100,5,complete,101,0.313383333333,100,0.313383333333,100,20260811_040934,28cdffbf279aca04,sp_-train-20260811_040934-28cdffbf279aca04.csv,raw\sp_-train-20260811_040934-28cdffbf279aca04.csv,by_dataset\mnist_family\qmnist\sp\standard\mismatch\alpha_0.1\sp_-train-20260811_040934-28cdffbf279aca04.csv,29748,e42dddbc3b73c350c33cf2e92d977ea81acf4d328e03027f97128d601ce428fe
sp_-train-20260811_064245-e3e4ff67d17e056a.csv,qmnist,qmnist,mnist_family,sp,standard,sp,sp,simple_lora_mlp,qmnist_dirichlet_0_4_seed_1,dirichlet,0.4,1,mismatch,inferred_spearman,-1,0.2706;0.25;0.8313;0.4493;0.5789;1;0.9024;0.5256;0.4495;0.5291,100,5,complete,101,0.434483333333,82,0.419683333333,100,20260811_064245,e3e4ff67d17e056a,sp_-train-20260811_064245-e3e4ff67d17e056a.csv,raw\sp_-train-20260811_064245-e3e4ff67d17e056a.csv,by_dataset\mnist_family\qmnist\sp\standard\mismatch\alpha_0.4\sp_-train-20260811_064245-e3e4ff67d17e056a.csv,30565,febd71d6501b404c075cc0c0d26ab191146fce67096dcceb6406fa2d73d405bc
sp_-train-20260811_091747-a79d235954cb25f3.csv,qmnist,qmnist,mnist_family,sp,standard,sp,sp,simple_lora_mlp,qmnist_dirichlet_0_4_seed_2,dirichlet,0.4,2,mismatch,inferred_spearman,-1,0.2679;0.6918;0.3957;0.3406;0.6099;0.2795;1;0.8646;0.25;0.2887,100,5,complete,101,0.182116666667,100,0.182116666667,100,20260811_091747,a79d235954cb25f3,sp_-train-20260811_091747-a79d235954cb25f3.csv,raw\sp_-train-20260811_091747-a79d235954cb25f3.csv,by_dataset\mnist_family\qmnist\sp\standard\mismatch\alpha_0.4\sp_-train-20260811_091747-a79d235954cb25f3.csv,27993,a4db2c7f93317ac7cab19808fdae7a16ac474dc8e507ddabec49ed5d92bef1ad
sp_-train-20260811_115124-df9867827edbc158.csv,qmnist,qmnist,mnist_family,sp,standard,sp,sp,simple_lora_mlp,qmnist_dirichlet_0_4_seed_3,dirichlet,0.4,3,mismatch,inferred_spearman,-1,0.7367;0.3179;0.25;0.3144;0.4083;0.4077;1;0.5548;0.5282;0.3221,100,5,complete,101,0.533016666667,89,0.504833333333,100,20260811_115124,df9867827edbc158,sp_-train-20260811_115124-df9867827edbc158.csv,raw\sp_-train-20260811_115124-df9867827edbc158.csv,by_dataset\mnist_family\qmnist\sp\standard\mismatch\alpha_0.4\sp_-train-20260811_115124-df9867827edbc158.csv,30271,3d87d08dc11b6ad815af338aeae9a6235acbbed0b5c45edae5a4c55b0f849b95
sp_-train-20260811_142533-8517c29f1f23f0da.csv,qmnist,qmnist,mnist_family,sp,standard,sp,sp,simple_lora_mlp,qmnist_dirichlet_0_8_seed_1,dirichlet,0.8,1,mismatch,inferred_spearman,-1,0.6;0.1;0.3;0.7;1;0.4;0.5;0.8;0.9;0.2,100,5,complete,101,0.23505,93,0.227983333333,100,20260811_142533,8517c29f1f23f0da,sp_-train-20260811_142533-8517c29f1f23f0da.csv,raw\sp_-train-20260811_142533-8517c29f1f23f0da.csv,by_dataset\mnist_family\qmnist\sp\standard\mismatch\alpha_0.8\sp_-train-20260811_142533-8517c29f1f23f0da.csv,31992,e3441787883c26dc08a94468b3b39dbead759b444fcfdf25878e7ef6d5212eec
sp_-train-20260811_165936-f86d7a6324da6793.csv,qmnist,qmnist,mnist_family,sp,standard,sp,sp,simple_lora_mlp,qmnist_dirichlet_0_8_seed_2,dirichlet,0.8,2,mismatch,inferred_spearman,-1,0.8;0.3;0.4;0.7;1;0.9;0.2;0.5;0.1;0.6,100,5,complete,101,0.1397,100,0.1397,100,20260811_165936,f86d7a6324da6793,sp_-train-20260811_165936-f86d7a6324da6793.csv,raw\sp_-train-20260811_165936-f86d7a6324da6793.csv,by_dataset\mnist_family\qmnist\sp\standard\mismatch\alpha_0.8\sp_-train-20260811_165936-f86d7a6324da6793.csv,28504,15b48bd2e432b29307445dbfb04a73bc5431bf042fa7934683007a73b092f46f
sp_-train-20260811_193358-b7aeeef279e980bf.csv,qmnist,qmnist,mnist_family,sp,standard,sp,sp,simple_lora_mlp,qmnist_dirichlet_0_8_seed_3,dirichlet,0.8,3,mismatch,inferred_spearman,-1,0.6;0.5;0.9;0.1;0.4;1;0.3;0.8;0.7;0.2,100,5,complete,101,0.201983333333,83,0.20045,100,20260811_193358,b7aeeef279e980bf,sp_-train-20260811_193358-b7aeeef279e980bf.csv,raw\sp_-train-20260811_193358-b7aeeef279e980bf.csv,by_dataset\mnist_family\qmnist\sp\standard\mismatch\alpha_0.8\sp_-train-20260811_193358-b7aeeef279e980bf.csv,32006,85ca96368fc5de883c68f26c68dd02b318c5f8f24f7e57e0ac442a885e4cffee
sst2_dirichlet_0_4_rank_correct_flora_-train-20260813_135755-38c71688e50e77ed.csv,sst2,sst2,nlp,flora,unspecified,flora,flora,tiny_bert_lora,sst2_dirichlet_0_4,dirichlet,0.4,,correct,explicit_name,,1;0.5559;0.25;0.5863;0.2861;0.2798;0.4118;0.4461;0.6856;0.5168,100,3,complete,101,0.636467889908,0,0.636467889908,100,20260813_135755,38c71688e50e77ed,sst2_dirichlet_0_4_rank_correct_flora_-train-20260813_135755-38c71688e50e77ed.csv,raw\sst2_dirichlet_0_4_rank_correct_flora_-train-20260813_135755-38c71688e50e77ed.csv,by_dataset\nlp\sst2\flora\unspecified\correct\alpha_0.4\sst2_dirichlet_0_4_rank_correct_flora_-train-20260813_135755-38c71688e50e77ed.csv,37022,ba41a770e0edd8ddc1907c84b7a1c297c19253ed1626601587e64818bc124da5
sst2_dirichlet_0_4_rank_correct_flora_correct_-train-20260816_023829-94ef1c7ad269e9c4.csv,sst2,sst2,nlp,flora,corrected,flora,flora,tiny_bert_lora,sst2_dirichlet_0_4,dirichlet,0.4,,correct,explicit_name,,1;0.5559;0.25;0.5863;0.2861;0.2798;0.4118;0.4461;0.6856;0.5168,100,3,complete,101,0.813073394495,5,0.772935779817,100,20260816_023829,94ef1c7ad269e9c4,sst2_dirichlet_0_4_rank_correct_flora_correct_-train-20260816_023829-94ef1c7ad269e9c4.csv,raw\sst2_dirichlet_0_4_rank_correct_flora_correct_-train-20260816_023829-94ef1c7ad269e9c4.csv,by_dataset\nlp\sst2\flora\corrected\correct\alpha_0.4\sst2_dirichlet_0_4_rank_correct_flora_correct_-train-20260816_023829-94ef1c7ad269e9c4.csv,36703,f9d4466c4e148d94a253f69c16c62e0ec8ed17d0a20e7279bd230cc7ed9b5dc7
sst2_dirichlet_0_4_rank_correct_rbla_-train-20260804_051121-8f15e7a267505a83.csv,sst2,sst2,nlp,rbla,standard,rbla,rbla,tiny_bert_lora,sst2_dirichlet_0_4,dirichlet,0.4,,correct,explicit_name,,1;0.5559;0.25;0.5863;0.2861;0.2798;0.4118;0.4461;0.6856;0.5168,100,3,complete,101,0.784403669725,1,0.691513761468,100,20260804_051121,8f15e7a267505a83,sst2_dirichlet_0_4_rank_correct_rbla_-train-20260804_051121-8f15e7a267505a83.csv,raw\sst2_dirichlet_0_4_rank_correct_rbla_-train-20260804_051121-8f15e7a267505a83.csv,by_dataset\nlp\sst2\rbla\standard\correct\alpha_0.4\sst2_dirichlet_0_4_rank_correct_rbla_-train-20260804_051121-8f15e7a267505a83.csv,36947,929b68269f6da17ff3ce5fdf8ee10fd83e9649e8dcfd17b9051ed5da810a94dd
sst2_dirichlet_0_4_rank_correct_rbla_plus_-train-20260804_062330-61ffb73e61d951e2.csv,sst2,sst2,nlp,rbla_plus,standard,sp_plus,sp_plus,tiny_bert_lora,sst2_dirichlet_0_4,dirichlet,0.4,,correct,explicit_name,,1;0.5559;0.25;0.5863;0.2861;0.2798;0.4118;0.4461;0.6856;0.5168,100,3,complete,101,0.793577981651,2,0.743119266055,100,20260804_062330,61ffb73e61d951e2,sst2_dirichlet_0_4_rank_correct_rbla_plus_-train-20260804_062330-61ffb73e61d951e2.csv,raw\sst2_dirichlet_0_4_rank_correct_rbla_plus_-train-20260804_062330-61ffb73e61d951e2.csv,by_dataset\nlp\sst2\rbla_plus\standard\correct\alpha_0.4\sst2_dirichlet_0_4_rank_correct_rbla_plus_-train-20260804_062330-61ffb73e61d951e2.csv,46154,55caf4dcdf38fce4ffcc38f4934b32018d34535e1e233c9b6949b6563773f172
sst2_dirichlet_0_4_rank_correct_sp_-train-20260804_073533-0d30cea97f3526a4.csv,sst2,sst2,nlp,sp,standard,sp,sp,tiny_bert_lora,sst2_dirichlet_0_4,dirichlet,0.4,,correct,explicit_name,,1;0.5559;0.25;0.5863;0.2861;0.2798;0.4118;0.4461;0.6856;0.5168,100,3,complete,101,0.797018348624,7,0.702981651376,100,20260804_073533,0d30cea97f3526a4,sst2_dirichlet_0_4_rank_correct_sp_-train-20260804_073533-0d30cea97f3526a4.csv,raw\sst2_dirichlet_0_4_rank_correct_sp_-train-20260804_073533-0d30cea97f3526a4.csv,by_dataset\nlp\sst2\sp\standard\correct\alpha_0.4\sst2_dirichlet_0_4_rank_correct_sp_-train-20260804_073533-0d30cea97f3526a4.csv,36718,c33f4aa93d15b4f79b5ef4bee363fecd4a3d3ac8e9ed7e0f1d75a4fbf3fb427f
sst2_dirichlet_0_4_rank_correct_zeropadding_-train-20260804_084806-c715de5d5dcf687b.csv,sst2,sst2,nlp,zeropadding,standard,zeropadding,rbla,tiny_bert_lora,sst2_dirichlet_0_4,dirichlet,0.4,,correct,explicit_name,,1;0.5559;0.25;0.5863;0.2861;0.2798;0.4118;0.4461;0.6856;0.5168,100,3,complete,101,0.80619266055,2,0.716743119266,100,20260804_084806,c715de5d5dcf687b,sst2_dirichlet_0_4_rank_correct_zeropadding_-train-20260804_084806-c715de5d5dcf687b.csv,raw\sst2_dirichlet_0_4_rank_correct_zeropadding_-train-20260804_084806-c715de5d5dcf687b.csv,by_dataset\nlp\sst2\zeropadding\standard\correct\alpha_0.4\sst2_dirichlet_0_4_rank_correct_zeropadding_-train-20260804_084806-c715de5d5dcf687b.csv,36780,66cd586c03fc16254d116c9c7e8a7a9d08a641fdde821a9095d168ce38d19221
sst2_dirichlet_0_4_rank_mismatch_flora_-train-20260814_085154-1b6ac1d1b4e9d381.csv,sst2,sst2,nlp,flora,unspecified,flora,flora,tiny_bert_lora,sst2_dirichlet_0_4,dirichlet,0.4,,mismatch,explicit_name,,0.25;0.6941;1;0.6637;0.9639;0.9702;0.8382;0.8039;0.5644;0.7332,100,3,complete,101,0.558486238532,0,0.558486238532,100,20260814_085154,1b6ac1d1b4e9d381,sst2_dirichlet_0_4_rank_mismatch_flora_-train-20260814_085154-1b6ac1d1b4e9d381.csv,raw\sst2_dirichlet_0_4_rank_mismatch_flora_-train-20260814_085154-1b6ac1d1b4e9d381.csv,by_dataset\nlp\sst2\flora\unspecified\mismatch\alpha_0.4\sst2_dirichlet_0_4_rank_mismatch_flora_-train-20260814_085154-1b6ac1d1b4e9d381.csv,36818,8c0a5a6f440a7f99431b4a7170dcea5d5e1fa929ec9150af27c0c418256b6da3
sst2_dirichlet_0_4_rank_mismatch_flora_correct_-train-20260816_212905-2c4f83191d967607.csv,sst2,sst2,nlp,flora,corrected,flora,flora,tiny_bert_lora,sst2_dirichlet_0_4,dirichlet,0.4,,mismatch,explicit_name,,0.25;0.6941;1;0.6637;0.9639;0.9702;0.8382;0.8039;0.5644;0.7332,100,3,complete,101,0.810779816514,16,0.798165137615,100,20260816_212905,2c4f83191d967607,sst2_dirichlet_0_4_rank_mismatch_flora_correct_-train-20260816_212905-2c4f83191d967607.csv,raw\sst2_dirichlet_0_4_rank_mismatch_flora_correct_-train-20260816_212905-2c4f83191d967607.csv,by_dataset\nlp\sst2\flora\corrected\mismatch\alpha_0.4\sst2_dirichlet_0_4_rank_mismatch_flora_correct_-train-20260816_212905-2c4f83191d967607.csv,36656,beee299c13291c2942fb5ecc7114a534125d8fbc23583f69a1577d481070e82c
sst2_dirichlet_0_4_rank_mismatch_rbla_-train-20260811_050726-b31875c14fe13d9f.csv,sst2,sst2,nlp,rbla,standard,rbla,rbla,tiny_bert_lora,sst2_dirichlet_0_4,dirichlet,0.4,,mismatch,explicit_name,,0.25;0.6941;1;0.6637;0.9639;0.9702;0.8382;0.8039;0.5644;0.7332,100,3,complete,101,0.810779816514,4,0.709862385321,100,20260811_050726,b31875c14fe13d9f,sst2_dirichlet_0_4_rank_mismatch_rbla_-train-20260811_050726-b31875c14fe13d9f.csv,raw\sst2_dirichlet_0_4_rank_mismatch_rbla_-train-20260811_050726-b31875c14fe13d9f.csv,by_dataset\nlp\sst2\rbla\standard\mismatch\alpha_0.4\sst2_dirichlet_0_4_rank_mismatch_rbla_-train-20260811_050726-b31875c14fe13d9f.csv,36942,12d385a7211035cc43c7ef58e959d6771aaa6e30a5cad40e886e235c0e269612
sst2_dirichlet_0_4_rank_mismatch_rbla_plus_-train-20260811_062005-8b48d26bf8d664f8.csv,sst2,sst2,nlp,rbla_plus,standard,sp_plus,sp_plus,tiny_bert_lora,sst2_dirichlet_0_4,dirichlet,0.4,,mismatch,explicit_name,,0.25;0.6941;1;0.6637;0.9639;0.9702;0.8382;0.8039;0.5644;0.7332,100,3,complete,101,0.810779816514,16,0.761467889908,100,20260811_062005,8b48d26bf8d664f8,sst2_dirichlet_0_4_rank_mismatch_rbla_plus_-train-20260811_062005-8b48d26bf8d664f8.csv,raw\sst2_dirichlet_0_4_rank_mismatch_rbla_plus_-train-20260811_062005-8b48d26bf8d664f8.csv,by_dataset\nlp\sst2\rbla_plus\standard\mismatch\alpha_0.4\sst2_dirichlet_0_4_rank_mismatch_rbla_plus_-train-20260811_062005-8b48d26bf8d664f8.csv,46334,7761f2baba9afddc3d3889dee2148b4457d5997bdce8987abde5164c20b19ce3
sst2_dirichlet_0_4_rank_mismatch_sp_-train-20260811_073255-86d373be5746dbbd.csv,sst2,sst2,nlp,sp,standard,sp,sp,tiny_bert_lora,sst2_dirichlet_0_4,dirichlet,0.4,,mismatch,explicit_name,,0.25;0.6941;1;0.6637;0.9639;0.9702;0.8382;0.8039;0.5644;0.7332,100,3,complete,101,0.801605504587,21,0.788990825688,100,20260811_073255,86d373be5746dbbd,sst2_dirichlet_0_4_rank_mismatch_sp_-train-20260811_073255-86d373be5746dbbd.csv,raw\sst2_dirichlet_0_4_rank_mismatch_sp_-train-20260811_073255-86d373be5746dbbd.csv,by_dataset\nlp\sst2\sp\standard\mismatch\alpha_0.4\sst2_dirichlet_0_4_rank_mismatch_sp_-train-20260811_073255-86d373be5746dbbd.csv,36721,8327bd96475140dca6cf41e5ed4dbd9562d5e25654893f08d7cea35485f6da3b
sst2_dirichlet_0_4_rank_mismatch_zeropadding_-train-20260811_084614-ae4419dc8d41fae2.csv,sst2,sst2,nlp,zeropadding,standard,zeropadding,rbla,tiny_bert_lora,sst2_dirichlet_0_4,dirichlet,0.4,,mismatch,explicit_name,,0.25;0.6941;1;0.6637;0.9639;0.9702;0.8382;0.8039;0.5644;0.7332,100,3,complete,101,0.793577981651,20,0.771788990826,100,20260811_084614,ae4419dc8d41fae2,sst2_dirichlet_0_4_rank_mismatch_zeropadding_-train-20260811_084614-ae4419dc8d41fae2.csv,raw\sst2_dirichlet_0_4_rank_mismatch_zeropadding_-train-20260811_084614-ae4419dc8d41fae2.csv,by_dataset\nlp\sst2\zeropadding\standard\mismatch\alpha_0.4\sst2_dirichlet_0_4_rank_mismatch_zeropadding_-train-20260811_084614-ae4419dc8d41fae2.csv,36704,83e62a66c4d5e2c2c2dd06d1be999de8e81c99888686d8b0b129e3fb10c7b945
svhn_dirichlet_0_4_rank_correct_flora_-train-20260813_123602-05b21712ac0a3e48.csv,svhn,svhn,cnn,flora,unspecified,flora,flora,vgg9_lora,svhn_dirichlet_0_4,dirichlet,0.4,,correct,explicit_name,,0.25;0.7096;0.4521;0.4801;1;0.2709;0.5763;0.2596;0.3634;0.483,100,5,complete,101,0.303472649047,89,0.302934849416,100,20260813_123602,05b21712ac0a3e48,svhn_dirichlet_0_4_rank_correct_flora_-train-20260813_123602-05b21712ac0a3e48.csv,raw\svhn_dirichlet_0_4_rank_correct_flora_-train-20260813_123602-05b21712ac0a3e48.csv,by_dataset\cnn\svhn\flora\unspecified\correct\alpha_0.4\svhn_dirichlet_0_4_rank_correct_flora_-train-20260813_123602-05b21712ac0a3e48.csv,33581,16baf704c15b67ce8c74ee52e1ebf83f5344c747e685c0b7dea329d34ea37542
svhn_dirichlet_0_4_rank_correct_flora_correct_-train-20260816_011747-1e282c832daa4aa2.csv,svhn,svhn,cnn,flora,corrected,flora,flora,vgg9_lora,svhn_dirichlet_0_4,dirichlet,0.4,,correct,explicit_name,,0.25;0.7096;0.4521;0.4801;1;0.2709;0.5763;0.2596;0.3634;0.483,100,5,complete,101,0.922326367548,94,0.919944683467,100,20260816_011747,1e282c832daa4aa2,svhn_dirichlet_0_4_rank_correct_flora_correct_-train-20260816_011747-1e282c832daa4aa2.csv,raw\svhn_dirichlet_0_4_rank_correct_flora_correct_-train-20260816_011747-1e282c832daa4aa2.csv,by_dataset\cnn\svhn\flora\corrected\correct\alpha_0.4\svhn_dirichlet_0_4_rank_correct_flora_correct_-train-20260816_011747-1e282c832daa4aa2.csv,33289,8a34d9b1a29c07af63668b200b0b85a65ac43eaad23bf9b0af8953f2ad4e663f
svhn_dirichlet_0_4_rank_correct_rbla_-train-20260807_195917-0b565d8702592757.csv,svhn,svhn,cnn,rbla,standard,rbla,rbla,vgg9_lora,svhn_dirichlet_0_4,dirichlet,0.4,,correct,explicit_name,,0.25;0.7096;0.4521;0.4801;1;0.2709;0.5763;0.2596;0.3634;0.483,100,5,complete,101,0.723878303626,74,0.53614781807,100,20260807_195917,0b565d8702592757,svhn_dirichlet_0_4_rank_correct_rbla_-train-20260807_195917-0b565d8702592757.csv,raw\svhn_dirichlet_0_4_rank_correct_rbla_-train-20260807_195917-0b565d8702592757.csv,by_dataset\cnn\svhn\rbla\standard\correct\alpha_0.4\svhn_dirichlet_0_4_rank_correct_rbla_-train-20260807_195917-0b565d8702592757.csv,33487,a41fb2557310518a17b89176d1a2ea20c88d0660b848c84293e23825e6b88b9e
svhn_dirichlet_0_4_rank_correct_rbla_plus_-train-20260807_212758-c3111fc3a4d81dff.csv,svhn,svhn,cnn,rbla_plus,standard,sp_plus,sp_plus,vgg9_lora,svhn_dirichlet_0_4,dirichlet,0.4,,correct,explicit_name,,0.25;0.7096;0.4521;0.4801;1;0.2709;0.5763;0.2596;0.3634;0.483,100,5,complete,101,0.929010448679,90,0.923786109404,100,20260807_212758,c3111fc3a4d81dff,svhn_dirichlet_0_4_rank_correct_rbla_plus_-train-20260807_212758-c3111fc3a4d81dff.csv,raw\svhn_dirichlet_0_4_rank_correct_rbla_plus_-train-20260807_212758-c3111fc3a4d81dff.csv,by_dataset\cnn\svhn\rbla_plus\standard\correct\alpha_0.4\svhn_dirichlet_0_4_rank_correct_rbla_plus_-train-20260807_212758-c3111fc3a4d81dff.csv,42972,4994db9b302281f112dc98a88171e9255c3253551cee4eeba4975f3a4f52d0ae
svhn_dirichlet_0_4_rank_correct_sp_-train-20260807_225622-8d814a30b4392c8a.csv,svhn,svhn,cnn,sp,standard,sp,sp,vgg9_lora,svhn_dirichlet_0_4,dirichlet,0.4,,correct,explicit_name,,0.25;0.7096;0.4521;0.4801;1;0.2709;0.5763;0.2596;0.3634;0.483,100,5,complete,101,0.927012907191,46,0.921942224954,100,20260807_225622,8d814a30b4392c8a,svhn_dirichlet_0_4_rank_correct_sp_-train-20260807_225622-8d814a30b4392c8a.csv,raw\svhn_dirichlet_0_4_rank_correct_sp_-train-20260807_225622-8d814a30b4392c8a.csv,by_dataset\cnn\svhn\sp\standard\correct\alpha_0.4\svhn_dirichlet_0_4_rank_correct_sp_-train-20260807_225622-8d814a30b4392c8a.csv,33274,d79bfb5c48c7d9254f85ae24a7b030f9b74215e32fa979501f379c9d5ec44b8e
svhn_dirichlet_0_4_rank_correct_zeropadding_-train-20260808_002614-b65b524b2fc5d638.csv,svhn,svhn,cnn,zeropadding,standard,zeropadding,rbla,vgg9_lora,svhn_dirichlet_0_4,dirichlet,0.4,,correct,explicit_name,,0.25;0.7096;0.4521;0.4801;1;0.2709;0.5763;0.2596;0.3634;0.483,100,5,complete,101,0.918945912723,43,0.912261831592,100,20260808_002614,b65b524b2fc5d638,svhn_dirichlet_0_4_rank_correct_zeropadding_-train-20260808_002614-b65b524b2fc5d638.csv,raw\svhn_dirichlet_0_4_rank_correct_zeropadding_-train-20260808_002614-b65b524b2fc5d638.csv,by_dataset\cnn\svhn\zeropadding\standard\correct\alpha_0.4\svhn_dirichlet_0_4_rank_correct_zeropadding_-train-20260808_002614-b65b524b2fc5d638.csv,33333,de4c85861afc533b18ae38f68499154a2237eebb7b64a39448875248d9da9fab
svhn_dirichlet_0_4_rank_mismatch_flora_-train-20260814_072952-12f5759759b53a5a.csv,svhn,svhn,cnn,flora,unspecified,flora,flora,vgg9_lora,svhn_dirichlet_0_4,dirichlet,0.4,,mismatch,explicit_name,,1;0.5404;0.7979;0.7699;0.25;0.9791;0.6737;0.9904;0.8866;0.767,100,5,complete,101,0.0702596803934,21,0.0699907805778,100,20260814_072952,12f5759759b53a5a,svhn_dirichlet_0_4_rank_mismatch_flora_-train-20260814_072952-12f5759759b53a5a.csv,raw\svhn_dirichlet_0_4_rank_mismatch_flora_-train-20260814_072952-12f5759759b53a5a.csv,by_dataset\cnn\svhn\flora\unspecified\mismatch\alpha_0.4\svhn_dirichlet_0_4_rank_mismatch_flora_-train-20260814_072952-12f5759759b53a5a.csv,34333,09a7651c2ba937757ce04facddf27cc3afe8fa47ccf0800cf9ac57d1c6d8ec2c
svhn_dirichlet_0_4_rank_mismatch_flora_correct_-train-20260816_200849-19a04fadaca62549.csv,svhn,svhn,cnn,flora,corrected,flora,flora,vgg9_lora,svhn_dirichlet_0_4,dirichlet,0.4,,mismatch,explicit_name,,1;0.5404;0.7979;0.7699;0.25;0.9791;0.6737;0.9904;0.8866;0.767,100,5,complete,101,0.918408113092,31,0.915949600492,100,20260816_200849,19a04fadaca62549,svhn_dirichlet_0_4_rank_mismatch_flora_correct_-train-20260816_200849-19a04fadaca62549.csv,raw\svhn_dirichlet_0_4_rank_mismatch_flora_correct_-train-20260816_200849-19a04fadaca62549.csv,by_dataset\cnn\svhn\flora\corrected\mismatch\alpha_0.4\svhn_dirichlet_0_4_rank_mismatch_flora_correct_-train-20260816_200849-19a04fadaca62549.csv,33275,37d240384d27074160c6b2e25b7bd2c69c2e73559179ef03cd642d6e8caea66d
svhn_dirichlet_0_4_rank_mismatch_rbla_-train-20260810_231217-4d99bc5561c2136a.csv,svhn,svhn,cnn,rbla,standard,rbla,rbla,vgg9_lora,svhn_dirichlet_0_4,dirichlet,0.4,,mismatch,explicit_name,,1;0.5404;0.7979;0.7699;0.25;0.9791;0.6737;0.9904;0.8866;0.767,100,5,complete,101,0.903503380455,99,0.89213275968,100,20260810_231217,4d99bc5561c2136a,svhn_dirichlet_0_4_rank_mismatch_rbla_-train-20260810_231217-4d99bc5561c2136a.csv,raw\svhn_dirichlet_0_4_rank_mismatch_rbla_-train-20260810_231217-4d99bc5561c2136a.csv,by_dataset\cnn\svhn\rbla\standard\mismatch\alpha_0.4\svhn_dirichlet_0_4_rank_mismatch_rbla_-train-20260810_231217-4d99bc5561c2136a.csv,33468,078a7fa2c44b17b853b453ba3356fbfe191a8a2be9cd15d1cf648236d450eeb1
svhn_dirichlet_0_4_rank_mismatch_rbla_plus_-train-20260811_004052-c1bec1b6c8f18a26.csv,svhn,svhn,cnn,rbla_plus,standard,sp_plus,sp_plus,vgg9_lora,svhn_dirichlet_0_4,dirichlet,0.4,,mismatch,explicit_name,,1;0.5404;0.7979;0.7699;0.25;0.9791;0.6737;0.9904;0.8866;0.767,100,5,complete,101,0.934503687769,35,0.923440381069,100,20260811_004052,c1bec1b6c8f18a26,svhn_dirichlet_0_4_rank_mismatch_rbla_plus_-train-20260811_004052-c1bec1b6c8f18a26.csv,raw\svhn_dirichlet_0_4_rank_mismatch_rbla_plus_-train-20260811_004052-c1bec1b6c8f18a26.csv,by_dataset\cnn\svhn\rbla_plus\standard\mismatch\alpha_0.4\svhn_dirichlet_0_4_rank_mismatch_rbla_plus_-train-20260811_004052-c1bec1b6c8f18a26.csv,43015,78997767c0e29fddae9ff84af54cc8f48f7a1f04e91cce91293f40670e6152db
svhn_dirichlet_0_4_rank_mismatch_sp_-train-20260811_020902-593b1885cf147c15.csv,svhn,svhn,cnn,sp,standard,sp,sp,vgg9_lora,svhn_dirichlet_0_4,dirichlet,0.4,,mismatch,explicit_name,,1;0.5404;0.7979;0.7699;0.25;0.9791;0.6737;0.9904;0.8866;0.767,100,5,complete,101,0.919867854948,80,0.915872771973,100,20260811_020902,593b1885cf147c15,svhn_dirichlet_0_4_rank_mismatch_sp_-train-20260811_020902-593b1885cf147c15.csv,raw\svhn_dirichlet_0_4_rank_mismatch_sp_-train-20260811_020902-593b1885cf147c15.csv,by_dataset\cnn\svhn\sp\standard\mismatch\alpha_0.4\svhn_dirichlet_0_4_rank_mismatch_sp_-train-20260811_020902-593b1885cf147c15.csv,33275,411590c2e910b6a468bd7f7099345bef1d40d54a1cf55b20532c5889972b9078
svhn_dirichlet_0_4_rank_mismatch_zeropadding_-train-20260811_033810-d7b8232662d0be29.csv,svhn,svhn,cnn,zeropadding,standard,zeropadding,rbla,vgg9_lora,svhn_dirichlet_0_4,dirichlet,0.4,,mismatch,explicit_name,,1;0.5404;0.7979;0.7699;0.25;0.9791;0.6737;0.9904;0.8866;0.767,100,5,complete,101,0.90442532268,74,0.895052243393,100,20260811_033810,d7b8232662d0be29,svhn_dirichlet_0_4_rank_mismatch_zeropadding_-train-20260811_033810-d7b8232662d0be29.csv,raw\svhn_dirichlet_0_4_rank_mismatch_zeropadding_-train-20260811_033810-d7b8232662d0be29.csv,by_dataset\cnn\svhn\zeropadding\standard\mismatch\alpha_0.4\svhn_dirichlet_0_4_rank_mismatch_zeropadding_-train-20260811_033810-d7b8232662d0be29.csv,33313,4975fe90b6d53ca0d4f682282dc8c4ad13a615fae5f60b36670e6719a4f771ab
zeropadding_-train-20260803_084356-1e45be7aeb8f7ee8.csv,mnist,mnist,mnist_family,zeropadding,standard,zeropadding,rbla,simple_lora_mlp,mnist_dirichlet_0_1_seed_1,dirichlet,0.1,1,correct,inferred_spearman,1,0.5;1;0.1;0.9;0.7;0.6;0.2;0.8;0.4;0.3,100,5,complete,101,0.679,100,0.679,100,20260803_084356,1e45be7aeb8f7ee8,zeropadding_-train-20260803_084356-1e45be7aeb8f7ee8.csv,raw\zeropadding_-train-20260803_084356-1e45be7aeb8f7ee8.csv,by_dataset\mnist_family\mnist\zeropadding\standard\correct\alpha_0.1\zeropadding_-train-20260803_084356-1e45be7aeb8f7ee8.csv,30713,37f9c53f31dd9c548e3870a3aca98d6ee69092c8a1c1c3d9f32e0895d4de34e4
zeropadding_-train-20260803_102538-877de7afe57c0d70.csv,mnist,mnist,mnist_family,zeropadding,standard,zeropadding,rbla,simple_lora_mlp,mnist_dirichlet_0_1_seed_2,dirichlet,0.1,2,correct,inferred_spearman,1,0.4;0.5;0.3;0.2;0.8;0.6;0.7;0.1;0.9;1,100,5,complete,101,0.6389,100,0.6389,100,20260803_102538,877de7afe57c0d70,zeropadding_-train-20260803_102538-877de7afe57c0d70.csv,raw\zeropadding_-train-20260803_102538-877de7afe57c0d70.csv,by_dataset\mnist_family\mnist\zeropadding\standard\correct\alpha_0.1\zeropadding_-train-20260803_102538-877de7afe57c0d70.csv,30564,f2a1bd755ac299fea8424c64c9cd760560a6410a5ba7f219fca01d0359c1cf97
zeropadding_-train-20260803_120642-9322594f6d4a8a72.csv,mnist,mnist,mnist_family,zeropadding,standard,zeropadding,rbla,simple_lora_mlp,mnist_dirichlet_0_1_seed_3,dirichlet,0.1,3,correct,inferred_spearman,1,0.3;0.7;0.9;0.2;0.1;0.5;1;0.6;0.8;0.4,100,5,complete,101,0.7144,99,0.7141,100,20260803_120642,9322594f6d4a8a72,zeropadding_-train-20260803_120642-9322594f6d4a8a72.csv,raw\zeropadding_-train-20260803_120642-9322594f6d4a8a72.csv,by_dataset\mnist_family\mnist\zeropadding\standard\correct\alpha_0.1\zeropadding_-train-20260803_120642-9322594f6d4a8a72.csv,30714,e7b07e3fe76cddece5490e214cf4de46c47d54b5b9282ef517ea0fb68d66eec8
zeropadding_-train-20260803_134504-3ab1371d6fae3d31.csv,mnist,mnist,mnist_family,zeropadding,standard,zeropadding,rbla,simple_lora_mlp,mnist_dirichlet_0_4_seed_1,dirichlet,0.4,1,correct,inferred_spearman,1,0.9024;1;0.4493;0.8313;0.4495;0.25;0.2706;0.5291;0.5789;0.5256,100,5,complete,101,0.8078,100,0.8078,100,20260803_134504,3ab1371d6fae3d31,zeropadding_-train-20260803_134504-3ab1371d6fae3d31.csv,raw\zeropadding_-train-20260803_134504-3ab1371d6fae3d31.csv,by_dataset\mnist_family\mnist\zeropadding\standard\correct\alpha_0.4\zeropadding_-train-20260803_134504-3ab1371d6fae3d31.csv,30898,105738d7fb93e08cf6bc536b56ba0727ff6d71caba45ad73f06b1422eae154dc
zeropadding_-train-20260803_152208-cb2c1e5a07702164.csv,mnist,mnist,mnist_family,zeropadding,standard,zeropadding,rbla,simple_lora_mlp,mnist_dirichlet_0_4_seed_2,dirichlet,0.4,2,correct,inferred_spearman,1,0.8646;0.2795;0.3406;0.3957;0.2887;0.6918;0.25;0.2679;1;0.6099,100,5,complete,101,0.7531,100,0.7531,100,20260803_152208,cb2c1e5a07702164,zeropadding_-train-20260803_152208-cb2c1e5a07702164.csv,raw\zeropadding_-train-20260803_152208-cb2c1e5a07702164.csv,by_dataset\mnist_family\mnist\zeropadding\standard\correct\alpha_0.4\zeropadding_-train-20260803_152208-cb2c1e5a07702164.csv,30901,91536ddbf2e95e2ad33539bbc89d0df3bc500e384e76eab35b7ceffa968d2459
zeropadding_-train-20260803_165813-44422f58c584ea34.csv,mnist,mnist,mnist_family,zeropadding,standard,zeropadding,rbla,simple_lora_mlp,mnist_dirichlet_0_4_seed_3,dirichlet,0.4,3,correct,inferred_spearman,1,0.3144;0.5548;1;0.7367;0.4077;0.4083;0.25;0.3179;0.3221;0.5282,100,5,complete,101,0.8144,99,0.8131,100,20260803_165813,44422f58c584ea34,zeropadding_-train-20260803_165813-44422f58c584ea34.csv,raw\zeropadding_-train-20260803_165813-44422f58c584ea34.csv,by_dataset\mnist_family\mnist\zeropadding\standard\correct\alpha_0.4\zeropadding_-train-20260803_165813-44422f58c584ea34.csv,30978,fdd5914784b239c405407b63cc399ce7a0250eefdf353965bf83ab2b8657250d
zeropadding_-train-20260803_183318-49a80d36f9471c2c.csv,mnist,mnist,mnist_family,zeropadding,standard,zeropadding,rbla,simple_lora_mlp,mnist_dirichlet_0_8_seed_1,dirichlet,0.8,1,correct,inferred_spearman,1,0.5;1;0.8;0.4;0.1;0.7;0.6;0.3;0.2;0.9,100,5,complete,101,0.8036,100,0.8036,100,20260803_183318,49a80d36f9471c2c,zeropadding_-train-20260803_183318-49a80d36f9471c2c.csv,raw\zeropadding_-train-20260803_183318-49a80d36f9471c2c.csv,by_dataset\mnist_family\mnist\zeropadding\standard\correct\alpha_0.8\zeropadding_-train-20260803_183318-49a80d36f9471c2c.csv,30724,291f25b7386762088aa2acc60d9c3ee03b33e8bf4f1ae2145946531a45d614e7
zeropadding_-train-20260803_201103-0ddb9b9281a98fa1.csv,mnist,mnist,mnist_family,zeropadding,standard,zeropadding,rbla,simple_lora_mlp,mnist_dirichlet_0_8_seed_2,dirichlet,0.8,2,correct,inferred_spearman,1,0.3;0.8;0.7;0.4;0.1;0.2;0.9;0.6;1;0.5,100,5,complete,101,0.7874,100,0.7874,100,20260803_201103,0ddb9b9281a98fa1,zeropadding_-train-20260803_201103-0ddb9b9281a98fa1.csv,raw\zeropadding_-train-20260803_201103-0ddb9b9281a98fa1.csv,by_dataset\mnist_family\mnist\zeropadding\standard\correct\alpha_0.8\zeropadding_-train-20260803_201103-0ddb9b9281a98fa1.csv,30753,19ac2528d4e2329edc441400c2386f3723e3b66bbef229fe3b86fcb3cae37eac
zeropadding_-train-20260803_214912-dd56785753efe20e.csv,mnist,mnist,mnist_family,zeropadding,standard,zeropadding,rbla,simple_lora_mlp,mnist_dirichlet_0_8_seed_3,dirichlet,0.8,3,correct,inferred_spearman,1,0.5;0.6;0.2;1;0.7;0.1;0.8;0.3;0.4;0.9,100,5,complete,101,0.8275,100,0.8275,100,20260803_214912,dd56785753efe20e,zeropadding_-train-20260803_214912-dd56785753efe20e.csv,raw\zeropadding_-train-20260803_214912-dd56785753efe20e.csv,by_dataset\mnist_family\mnist\zeropadding\standard\correct\alpha_0.8\zeropadding_-train-20260803_214912-dd56785753efe20e.csv,30686,693779f2f8fe49c3a512510d682d18d808c6984eb42e8992e1671cdffc1fae60
zeropadding_-train-20260803_232616-2b6157d42ecb05f0.csv,fmnist,fmnist,mnist_family,zeropadding,standard,zeropadding,rbla,simple_lora_mlp,fmnist_dirichlet_0_1_seed_1,dirichlet,0.1,1,correct,inferred_spearman,1,0.6;1;0.1;0.8;0.7;0.9;0.3;0.5;0.4;0.2,100,5,complete,101,0.6499,98,0.6462,100,20260803_232616,2b6157d42ecb05f0,zeropadding_-train-20260803_232616-2b6157d42ecb05f0.csv,raw\zeropadding_-train-20260803_232616-2b6157d42ecb05f0.csv,by_dataset\mnist_family\fmnist\zeropadding\standard\correct\alpha_0.1\zeropadding_-train-20260803_232616-2b6157d42ecb05f0.csv,30121,aba2f1e48b533d68967d9d4a3a314c2e7ee3cb60810194f0ce5fa70c31e50fae
zeropadding_-train-20260804_010745-7bd2fd7627f6fb59.csv,fmnist,fmnist,mnist_family,zeropadding,standard,zeropadding,rbla,simple_lora_mlp,fmnist_dirichlet_0_1_seed_2,dirichlet,0.1,2,correct,inferred_spearman,1,0.2;0.3;0.8;0.4;0.6;0.7;0.1;0.5;0.9;1,100,5,complete,101,0.4482,100,0.4482,100,20260804_010745,7bd2fd7627f6fb59,zeropadding_-train-20260804_010745-7bd2fd7627f6fb59.csv,raw\zeropadding_-train-20260804_010745-7bd2fd7627f6fb59.csv,by_dataset\mnist_family\fmnist\zeropadding\standard\correct\alpha_0.1\zeropadding_-train-20260804_010745-7bd2fd7627f6fb59.csv,29944,8bdf44026fc5409521269ed7ab8b6b42573b5614dd19bb4e80a832302dea95d3
zeropadding_-train-20260804_024736-1fab3b87b57d8028.csv,fmnist,fmnist,mnist_family,zeropadding,standard,zeropadding,rbla,simple_lora_mlp,fmnist_dirichlet_0_1_seed_3,dirichlet,0.1,3,correct,inferred_spearman,1,0.1;0.7;0.3;0.4;0.2;0.5;1;0.6;0.8;0.9,100,5,complete,101,0.619,100,0.619,100,20260804_024736,1fab3b87b57d8028,zeropadding_-train-20260804_024736-1fab3b87b57d8028.csv,raw\zeropadding_-train-20260804_024736-1fab3b87b57d8028.csv,by_dataset\mnist_family\fmnist\zeropadding\standard\correct\alpha_0.1\zeropadding_-train-20260804_024736-1fab3b87b57d8028.csv,30059,da44093af955379a0b994156e781d36386268deb1061cf6a3438ebe73a0c4aae
zeropadding_-train-20260804_042708-4031027cc113f219.csv,fmnist,fmnist,mnist_family,zeropadding,standard,zeropadding,rbla,simple_lora_mlp,fmnist_dirichlet_0_4_seed_1,dirichlet,0.4,1,correct,inferred_spearman,1,0.4526;0.5244;0.62;0.25;0.3727;0.8765;0.7326;1;0.7391;0.7671,100,5,complete,101,0.6588,100,0.6588,100,20260804_042708,4031027cc113f219,zeropadding_-train-20260804_042708-4031027cc113f219.csv,raw\zeropadding_-train-20260804_042708-4031027cc113f219.csv,by_dataset\mnist_family\fmnist\zeropadding\standard\correct\alpha_0.4\zeropadding_-train-20260804_042708-4031027cc113f219.csv,30200,7973e01206f33d0f5b6b8ac47c7a3915de37b43a8a9e79b0e00d818c603fa7b1
zeropadding_-train-20260804_060825-54e0513b7f709415.csv,fmnist,fmnist,mnist_family,zeropadding,standard,zeropadding,rbla,simple_lora_mlp,fmnist_dirichlet_0_4_seed_2,dirichlet,0.4,2,correct,inferred_spearman,1,0.9552;0.8082;0.7228;0.25;0.3571;0.7636;0.5437;0.9035;1;0.7251,100,5,complete,101,0.631,100,0.631,100,20260804_060825,54e0513b7f709415,zeropadding_-train-20260804_060825-54e0513b7f709415.csv,raw\zeropadding_-train-20260804_060825-54e0513b7f709415.csv,by_dataset\mnist_family\fmnist\zeropadding\standard\correct\alpha_0.4\zeropadding_-train-20260804_060825-54e0513b7f709415.csv,30252,43442dae23f88bc9ec51260006ede573d4535aeef71aae372e97386107a19488
zeropadding_-train-20260804_074755-77023463fdf4121b.csv,fmnist,fmnist,mnist_family,zeropadding,standard,zeropadding,rbla,simple_lora_mlp,fmnist_dirichlet_0_4_seed_3,dirichlet,0.4,3,correct,inferred_spearman,1,0.2572;0.5829;1;0.8743;0.2725;0.3323;0.2596;0.2717;0.25;0.4386,100,5,complete,101,0.5911,99,0.5899,100,20260804_074755,77023463fdf4121b,zeropadding_-train-20260804_074755-77023463fdf4121b.csv,raw\zeropadding_-train-20260804_074755-77023463fdf4121b.csv,by_dataset\mnist_family\fmnist\zeropadding\standard\correct\alpha_0.4\zeropadding_-train-20260804_074755-77023463fdf4121b.csv,30249,840b66411585e20801e337d9bd2e74ac22bb760b9f63f161aaf77517c307ec14
zeropadding_-train-20260804_092613-045ee90774f3aa18.csv,fmnist,fmnist,mnist_family,zeropadding,standard,zeropadding,rbla,simple_lora_mlp,fmnist_dirichlet_0_8_seed_1,dirichlet,0.8,1,correct,inferred_spearman,1,0.2;1;0.7;0.4;0.3;0.1;0.8;0.5;0.6;0.9,100,5,complete,101,0.7187,100,0.7187,100,20260804_092613,045ee90774f3aa18,zeropadding_-train-20260804_092613-045ee90774f3aa18.csv,raw\zeropadding_-train-20260804_092613-045ee90774f3aa18.csv,by_dataset\mnist_family\fmnist\zeropadding\standard\correct\alpha_0.8\zeropadding_-train-20260804_092613-045ee90774f3aa18.csv,30088,aa41748041844937aa409bafa54cb74b4a1d3a557fdcf00fc36b9a1aa5bd7f00
zeropadding_-train-20260804_110605-befe769b6e85bc9d.csv,fmnist,fmnist,mnist_family,zeropadding,standard,zeropadding,rbla,simple_lora_mlp,fmnist_dirichlet_0_8_seed_2,dirichlet,0.8,2,correct,inferred_spearman,1,0.4;0.7;0.2;0.5;0.6;0.1;0.9;0.3;1;0.8,100,5,complete,101,0.6519,100,0.6519,100,20260804_110605,befe769b6e85bc9d,zeropadding_-train-20260804_110605-befe769b6e85bc9d.csv,raw\zeropadding_-train-20260804_110605-befe769b6e85bc9d.csv,by_dataset\mnist_family\fmnist\zeropadding\standard\correct\alpha_0.8\zeropadding_-train-20260804_110605-befe769b6e85bc9d.csv,29911,f3f9cae32e59196ac2871bcf78c4f1c2fa009f59f6047717fc5007aa8c0809e0
zeropadding_-train-20260804_124517-3a2a77ef998d0697.csv,fmnist,fmnist,mnist_family,zeropadding,standard,zeropadding,rbla,simple_lora_mlp,fmnist_dirichlet_0_8_seed_3,dirichlet,0.8,3,correct,inferred_spearman,1,0.9;1;0.1;0.4;0.7;0.2;0.8;0.6;0.3;0.5,100,5,complete,101,0.7141,100,0.7141,100,20260804_124517,3a2a77ef998d0697,zeropadding_-train-20260804_124517-3a2a77ef998d0697.csv,raw\zeropadding_-train-20260804_124517-3a2a77ef998d0697.csv,by_dataset\mnist_family\fmnist\zeropadding\standard\correct\alpha_0.8\zeropadding_-train-20260804_124517-3a2a77ef998d0697.csv,29955,2b181353e2087ee9fb95f56c7c4f7d8ca2729d725fae819d2c48f2c6921c4951
zeropadding_-train-20260804_142451-59266a1e92fef02d.csv,kmnist,kmnist,mnist_family,zeropadding,standard,zeropadding,rbla,simple_lora_mlp,kmnist_dirichlet_0_1_seed_1,dirichlet,0.1,1,correct,inferred_spearman,1,0.6;1;0.1;0.8;0.7;0.9;0.3;0.5;0.4;0.2,100,5,complete,101,0.3965,100,0.3965,100,20260804_142451,59266a1e92fef02d,zeropadding_-train-20260804_142451-59266a1e92fef02d.csv,raw\zeropadding_-train-20260804_142451-59266a1e92fef02d.csv,by_dataset\mnist_family\kmnist\zeropadding\standard\correct\alpha_0.1\zeropadding_-train-20260804_142451-59266a1e92fef02d.csv,29542,f8279d6e7b389c9a5b68306ef9f799d476e1f7e21792ff940debcf37accbe5b4
zeropadding_-train-20260804_160641-933b0283ce99e7ee.csv,kmnist,kmnist,mnist_family,zeropadding,standard,zeropadding,rbla,simple_lora_mlp,kmnist_dirichlet_0_1_seed_2,dirichlet,0.1,2,correct,inferred_spearman,1,0.2;0.3;0.8;0.4;0.6;0.7;0.1;0.5;0.9;1,100,5,complete,101,0.2965,99,0.2878,100,20260804_160641,933b0283ce99e7ee,zeropadding_-train-20260804_160641-933b0283ce99e7ee.csv,raw\zeropadding_-train-20260804_160641-933b0283ce99e7ee.csv,by_dataset\mnist_family\kmnist\zeropadding\standard\correct\alpha_0.1\zeropadding_-train-20260804_160641-933b0283ce99e7ee.csv,29989,d88121c1e67df991a89d48cf219f7261124046f51add190f046c0a09e8d38fba
zeropadding_-train-20260804_174639-ec2f5966a737dd66.csv,kmnist,kmnist,mnist_family,zeropadding,standard,zeropadding,rbla,simple_lora_mlp,kmnist_dirichlet_0_1_seed_3,dirichlet,0.1,3,correct,inferred_spearman,1,0.1;0.7;0.3;0.4;0.2;0.5;1;0.6;0.8;0.9,100,5,complete,101,0.3065,95,0.2982,100,20260804_174639,ec2f5966a737dd66,zeropadding_-train-20260804_174639-ec2f5966a737dd66.csv,raw\zeropadding_-train-20260804_174639-ec2f5966a737dd66.csv,by_dataset\mnist_family\kmnist\zeropadding\standard\correct\alpha_0.1\zeropadding_-train-20260804_174639-ec2f5966a737dd66.csv,29180,8b0f26d346382ef0ff039e9f96d2929a86f3f9dd6051095945b67324abf3fa7b
zeropadding_-train-20260804_192626-46d3d78b69ae6705.csv,kmnist,kmnist,mnist_family,zeropadding,standard,zeropadding,rbla,simple_lora_mlp,kmnist_dirichlet_0_4_seed_1,dirichlet,0.4,1,correct,inferred_spearman,1,0.4526;0.5244;0.62;0.25;0.3727;0.8765;0.7326;1;0.7391;0.7671,100,5,complete,101,0.408,100,0.408,100,20260804_192626,46d3d78b69ae6705,zeropadding_-train-20260804_192626-46d3d78b69ae6705.csv,raw\zeropadding_-train-20260804_192626-46d3d78b69ae6705.csv,by_dataset\mnist_family\kmnist\zeropadding\standard\correct\alpha_0.4\zeropadding_-train-20260804_192626-46d3d78b69ae6705.csv,30038,6af19a1229052f567e599659680e22cfd74e22dcf34f7cbd2477db586147f4aa
zeropadding_-train-20260804_210829-ee5ccd5e7d258ce2.csv,kmnist,kmnist,mnist_family,zeropadding,standard,zeropadding,rbla,simple_lora_mlp,kmnist_dirichlet_0_4_seed_2,dirichlet,0.4,2,correct,inferred_spearman,1,0.9552;0.8082;0.7228;0.25;0.3571;0.7636;0.5437;0.9035;1;0.7251,100,5,complete,101,0.3639,100,0.3639,100,20260804_210829,ee5ccd5e7d258ce2,zeropadding_-train-20260804_210829-ee5ccd5e7d258ce2.csv,raw\zeropadding_-train-20260804_210829-ee5ccd5e7d258ce2.csv,by_dataset\mnist_family\kmnist\zeropadding\standard\correct\alpha_0.4\zeropadding_-train-20260804_210829-ee5ccd5e7d258ce2.csv,30199,36ba16554fe33792cd7b30c5d78495d2fdf61c1ac06fb6b8b04cad0876eed202
zeropadding_-train-20260804_225255-7d6dd24762cfe3da.csv,kmnist,kmnist,mnist_family,zeropadding,standard,zeropadding,rbla,simple_lora_mlp,kmnist_dirichlet_0_4_seed_3,dirichlet,0.4,3,correct,inferred_spearman,1,0.2572;0.5829;1;0.8743;0.2725;0.3323;0.2596;0.2717;0.25;0.4386,100,5,complete,101,0.4643,100,0.4643,100,20260804_225255,7d6dd24762cfe3da,zeropadding_-train-20260804_225255-7d6dd24762cfe3da.csv,raw\zeropadding_-train-20260804_225255-7d6dd24762cfe3da.csv,by_dataset\mnist_family\kmnist\zeropadding\standard\correct\alpha_0.4\zeropadding_-train-20260804_225255-7d6dd24762cfe3da.csv,30357,c11e459b96cca73d5e5edab9915649698f4546cd92da06239c45e1c672b805c0
zeropadding_-train-20260805_003335-96a9e6a9b84266de.csv,kmnist,kmnist,mnist_family,zeropadding,standard,zeropadding,rbla,simple_lora_mlp,kmnist_dirichlet_0_8_seed_1,dirichlet,0.8,1,correct,inferred_spearman,1,0.2;1;0.7;0.4;0.3;0.1;0.8;0.5;0.6;0.9,100,5,complete,101,0.4381,100,0.4381,100,20260805_003335,96a9e6a9b84266de,zeropadding_-train-20260805_003335-96a9e6a9b84266de.csv,raw\zeropadding_-train-20260805_003335-96a9e6a9b84266de.csv,by_dataset\mnist_family\kmnist\zeropadding\standard\correct\alpha_0.8\zeropadding_-train-20260805_003335-96a9e6a9b84266de.csv,30138,c7b8e148f4b2f821b7ef0bdff6a2eec0254f9c9b82401df0c45c576000ef7b14
zeropadding_-train-20260805_021351-55566f8cf5a504df.csv,kmnist,kmnist,mnist_family,zeropadding,standard,zeropadding,rbla,simple_lora_mlp,kmnist_dirichlet_0_8_seed_2,dirichlet,0.8,2,correct,inferred_spearman,1,0.4;0.7;0.2;0.5;0.6;0.1;0.9;0.3;1;0.8,100,5,complete,101,0.3962,100,0.3962,100,20260805_021351,55566f8cf5a504df,zeropadding_-train-20260805_021351-55566f8cf5a504df.csv,raw\zeropadding_-train-20260805_021351-55566f8cf5a504df.csv,by_dataset\mnist_family\kmnist\zeropadding\standard\correct\alpha_0.8\zeropadding_-train-20260805_021351-55566f8cf5a504df.csv,30068,ed78058fa1be324d9326d6b626bd46669cbec9fd26ba31ce62f26fc308e80582
zeropadding_-train-20260805_035140-0453500a0c7b45ee.csv,kmnist,kmnist,mnist_family,zeropadding,standard,zeropadding,rbla,simple_lora_mlp,kmnist_dirichlet_0_8_seed_3,dirichlet,0.8,3,correct,inferred_spearman,1,0.9;1;0.1;0.4;0.7;0.2;0.8;0.6;0.3;0.5,100,5,complete,101,0.4589,100,0.4589,100,20260805_035140,0453500a0c7b45ee,zeropadding_-train-20260805_035140-0453500a0c7b45ee.csv,raw\zeropadding_-train-20260805_035140-0453500a0c7b45ee.csv,by_dataset\mnist_family\kmnist\zeropadding\standard\correct\alpha_0.8\zeropadding_-train-20260805_035140-0453500a0c7b45ee.csv,30183,a1fb9e02bde63a9fa9b4fd392a78b4bef9eaddddc390b3f9825dbb634883da00
zeropadding_-train-20260805_061228-26a71f752a169d9c.csv,qmnist,qmnist,mnist_family,zeropadding,standard,zeropadding,rbla,simple_lora_mlp,qmnist_dirichlet_0_1_seed_1,dirichlet,0.1,1,correct,inferred_spearman,1,0.5;1;0.1;0.9;0.7;0.6;0.2;0.8;0.4;0.3,100,5,complete,101,0.674683333333,100,0.674683333333,100,20260805_061228,26a71f752a169d9c,zeropadding_-train-20260805_061228-26a71f752a169d9c.csv,raw\zeropadding_-train-20260805_061228-26a71f752a169d9c.csv,by_dataset\mnist_family\qmnist\zeropadding\standard\correct\alpha_0.1\zeropadding_-train-20260805_061228-26a71f752a169d9c.csv,31625,8815db6e57e051d2d4a7329a51320eab66e17c73cb57d986924d540033b4869f
zeropadding_-train-20260805_084916-e98a2467e5bb1578.csv,qmnist,qmnist,mnist_family,zeropadding,standard,zeropadding,rbla,simple_lora_mlp,qmnist_dirichlet_0_1_seed_2,dirichlet,0.1,2,correct,inferred_spearman,1,0.4;0.5;0.3;0.2;0.8;0.6;0.7;0.1;0.9;1,100,5,complete,101,0.629933333333,100,0.629933333333,100,20260805_084916,e98a2467e5bb1578,zeropadding_-train-20260805_084916-e98a2467e5bb1578.csv,raw\zeropadding_-train-20260805_084916-e98a2467e5bb1578.csv,by_dataset\mnist_family\qmnist\zeropadding\standard\correct\alpha_0.1\zeropadding_-train-20260805_084916-e98a2467e5bb1578.csv,31673,38cbc1f4bb8f02b02039dadf4aa684db50234f55811219494c3e6fd1935767d6
zeropadding_-train-20260805_112845-51b7ec7a4a74ee04.csv,qmnist,qmnist,mnist_family,zeropadding,standard,zeropadding,rbla,simple_lora_mlp,qmnist_dirichlet_0_1_seed_3,dirichlet,0.1,3,correct,inferred_spearman,1,0.3;0.7;0.9;0.2;0.1;0.5;1;0.6;0.8;0.4,100,5,complete,101,0.709333333333,100,0.709333333333,100,20260805_112845,51b7ec7a4a74ee04,zeropadding_-train-20260805_112845-51b7ec7a4a74ee04.csv,raw\zeropadding_-train-20260805_112845-51b7ec7a4a74ee04.csv,by_dataset\mnist_family\qmnist\zeropadding\standard\correct\alpha_0.1\zeropadding_-train-20260805_112845-51b7ec7a4a74ee04.csv,31815,e28fc2cd9d921558c97a8e28d5f7c94c2761052a70d7e32e5c0fa26ecfd8014f
zeropadding_-train-20260805_140424-0990492aa10f09d1.csv,qmnist,qmnist,mnist_family,zeropadding,standard,zeropadding,rbla,simple_lora_mlp,qmnist_dirichlet_0_4_seed_1,dirichlet,0.4,1,correct,inferred_spearman,1,0.9024;1;0.4493;0.8313;0.4495;0.25;0.2706;0.5291;0.5789;0.5256,100,5,complete,101,0.803783333333,99,0.803783333333,100,20260805_140424,0990492aa10f09d1,zeropadding_-train-20260805_140424-0990492aa10f09d1.csv,raw\zeropadding_-train-20260805_140424-0990492aa10f09d1.csv,by_dataset\mnist_family\qmnist\zeropadding\standard\correct\alpha_0.4\zeropadding_-train-20260805_140424-0990492aa10f09d1.csv,31919,0bcf2b1b9a5f3d2a6ca86600986cadda8f68362ccd04b58b13a53652897fa133
zeropadding_-train-20260805_164045-f484f521b99ae0f9.csv,qmnist,qmnist,mnist_family,zeropadding,standard,zeropadding,rbla,simple_lora_mlp,qmnist_dirichlet_0_4_seed_2,dirichlet,0.4,2,correct,inferred_spearman,1,0.8646;0.2795;0.3406;0.3957;0.2887;0.6918;0.25;0.2679;1;0.6099,100,5,complete,101,0.745216666667,100,0.745216666667,100,20260805_164045,f484f521b99ae0f9,zeropadding_-train-20260805_164045-f484f521b99ae0f9.csv,raw\zeropadding_-train-20260805_164045-f484f521b99ae0f9.csv,by_dataset\mnist_family\qmnist\zeropadding\standard\correct\alpha_0.4\zeropadding_-train-20260805_164045-f484f521b99ae0f9.csv,31974,1e594b4ddd4e4a4588fcbd2943e718f276a5ed14d288d5ad6a60f85becc235e7
zeropadding_-train-20260805_191647-156662424174592f.csv,qmnist,qmnist,mnist_family,zeropadding,standard,zeropadding,rbla,simple_lora_mlp,qmnist_dirichlet_0_4_seed_3,dirichlet,0.4,3,correct,inferred_spearman,1,0.3144;0.5548;1;0.7367;0.4077;0.4083;0.25;0.3179;0.3221;0.5282,100,5,complete,101,0.8153,100,0.8153,100,20260805_191647,156662424174592f,zeropadding_-train-20260805_191647-156662424174592f.csv,raw\zeropadding_-train-20260805_191647-156662424174592f.csv,by_dataset\mnist_family\qmnist\zeropadding\standard\correct\alpha_0.4\zeropadding_-train-20260805_191647-156662424174592f.csv,31893,08b8531bccb4fd9f7ab895660c2a914f5481b0301412c1d7ea8467bc9aaf9f58
zeropadding_-train-20260805_215030-03346c0605a24f30.csv,qmnist,qmnist,mnist_family,zeropadding,standard,zeropadding,rbla,simple_lora_mlp,qmnist_dirichlet_0_8_seed_1,dirichlet,0.8,1,correct,inferred_spearman,1,0.5;1;0.8;0.4;0.1;0.7;0.6;0.3;0.2;0.9,100,5,complete,101,0.7969,100,0.7969,100,20260805_215030,03346c0605a24f30,zeropadding_-train-20260805_215030-03346c0605a24f30.csv,raw\zeropadding_-train-20260805_215030-03346c0605a24f30.csv,by_dataset\mnist_family\qmnist\zeropadding\standard\correct\alpha_0.8\zeropadding_-train-20260805_215030-03346c0605a24f30.csv,31799,3d106298dfa9339117ec1045ae4d8b000620a41af6923b7c6b4acc66a2488f92
zeropadding_-train-20260806_002833-c81260fc3ed408bb.csv,qmnist,qmnist,mnist_family,zeropadding,standard,zeropadding,rbla,simple_lora_mlp,qmnist_dirichlet_0_8_seed_2,dirichlet,0.8,2,correct,inferred_spearman,1,0.3;0.8;0.7;0.4;0.1;0.2;0.9;0.6;1;0.5,100,5,complete,101,0.779733333333,100,0.779733333333,100,20260806_002833,c81260fc3ed408bb,zeropadding_-train-20260806_002833-c81260fc3ed408bb.csv,raw\zeropadding_-train-20260806_002833-c81260fc3ed408bb.csv,by_dataset\mnist_family\qmnist\zeropadding\standard\correct\alpha_0.8\zeropadding_-train-20260806_002833-c81260fc3ed408bb.csv,31839,2c4b5c2fe02e3d619f0a99829b9ea3d6facbc4ba661081b46d04d0733e23a649
zeropadding_-train-20260806_030722-a7511f3a7d2955ae.csv,qmnist,qmnist,mnist_family,zeropadding,standard,zeropadding,rbla,simple_lora_mlp,qmnist_dirichlet_0_8_seed_3,dirichlet,0.8,3,correct,inferred_spearman,1,0.5;0.6;0.2;1;0.7;0.1;0.8;0.3;0.4;0.9,100,5,complete,101,0.819633333333,100,0.819633333333,100,20260806_030722,a7511f3a7d2955ae,zeropadding_-train-20260806_030722-a7511f3a7d2955ae.csv,raw\zeropadding_-train-20260806_030722-a7511f3a7d2955ae.csv,by_dataset\mnist_family\qmnist\zeropadding\standard\correct\alpha_0.8\zeropadding_-train-20260806_030722-a7511f3a7d2955ae.csv,31706,6a763f66668fd782e1df525fc51dddcd143cde502d7cd215f565c761ff4b2c1e
zeropadding_-train-20260806_050105-5b1f381be5fd055b.csv,mnist,mnist,mnist_family,zeropadding,standard,zeropadding,rbla,simple_lora_mlp,mnist_dirichlet_0_1_seed_1,dirichlet,0.1,1,medium,inferred_spearman,0.00606060606061,0.1;0.5;0.2;0.4;1;0.3;0.7;0.6;0.9;0.8,100,5,complete,101,0.6258,100,0.6258,100,20260806_050105,5b1f381be5fd055b,zeropadding_-train-20260806_050105-5b1f381be5fd055b.csv,raw\zeropadding_-train-20260806_050105-5b1f381be5fd055b.csv,by_dataset\mnist_family\mnist\zeropadding\standard\medium\alpha_0.1\zeropadding_-train-20260806_050105-5b1f381be5fd055b.csv,30733,953482ae3b5a7ee53c6a9a86e22663183baac8380c8d039c6ae574f9e03c1c6b
zeropadding_-train-20260806_064129-1d439b55b3d824dc.csv,mnist,mnist,mnist_family,zeropadding,standard,zeropadding,rbla,simple_lora_mlp,mnist_dirichlet_0_1_seed_2,dirichlet,0.1,2,medium,inferred_spearman,0.00606060606061,0.9;0.1;0.8;0.7;0.6;0.3;1;0.2;0.4;0.5,100,5,complete,101,0.6438,100,0.6438,100,20260806_064129,1d439b55b3d824dc,zeropadding_-train-20260806_064129-1d439b55b3d824dc.csv,raw\zeropadding_-train-20260806_064129-1d439b55b3d824dc.csv,by_dataset\mnist_family\mnist\zeropadding\standard\medium\alpha_0.1\zeropadding_-train-20260806_064129-1d439b55b3d824dc.csv,30585,0245593a3ea9ab266041b910f6aa552c79855214c52856d0d901b2b25479a077
zeropadding_-train-20260806_082320-db51b5885dade5bb.csv,mnist,mnist,mnist_family,zeropadding,standard,zeropadding,rbla,simple_lora_mlp,mnist_dirichlet_0_1_seed_3,dirichlet,0.1,3,medium,inferred_spearman,0.00606060606061,0.8;1;0.4;0.7;0.2;0.1;0.5;0.3;0.6;0.9,100,5,complete,101,0.6906,100,0.6906,100,20260806_082320,db51b5885dade5bb,zeropadding_-train-20260806_082320-db51b5885dade5bb.csv,raw\zeropadding_-train-20260806_082320-db51b5885dade5bb.csv,by_dataset\mnist_family\mnist\zeropadding\standard\medium\alpha_0.1\zeropadding_-train-20260806_082320-db51b5885dade5bb.csv,30733,799c3e6e79a4590ccb1696a72c22d67133b8effeb000752ec908035d455f4ca1
zeropadding_-train-20260806_100516-7976fe31cc6cbd73.csv,mnist,mnist,mnist_family,zeropadding,standard,zeropadding,rbla,simple_lora_mlp,mnist_dirichlet_0_4_seed_1,dirichlet,0.4,1,medium,inferred_spearman,0.00606060606061,0.4495;0.5256;0.8313;0.5291;0.9024;0.2706;0.5789;0.4493;1;0.25,100,5,complete,101,0.8018,100,0.8018,100,20260806_100516,7976fe31cc6cbd73,zeropadding_-train-20260806_100516-7976fe31cc6cbd73.csv,raw\zeropadding_-train-20260806_100516-7976fe31cc6cbd73.csv,by_dataset\mnist_family\mnist\zeropadding\standard\medium\alpha_0.4\zeropadding_-train-20260806_100516-7976fe31cc6cbd73.csv,30878,3a0ee8883d9dcf46dd6fe580ee7a7aab00ea3cd088a30fd4e444860e7dd9d475
zeropadding_-train-20260806_114614-5ddb1cfcba024e1d.csv,mnist,mnist,mnist_family,zeropadding,standard,zeropadding,rbla,simple_lora_mlp,mnist_dirichlet_0_4_seed_2,dirichlet,0.4,2,medium,inferred_spearman,0.00606060606061,0.2887;0.6918;0.25;0.2795;0.8646;0.3957;0.2679;0.6099;0.3406;1,100,5,complete,101,0.7339,100,0.7339,100,20260806_114614,5ddb1cfcba024e1d,zeropadding_-train-20260806_114614-5ddb1cfcba024e1d.csv,raw\zeropadding_-train-20260806_114614-5ddb1cfcba024e1d.csv,by_dataset\mnist_family\mnist\zeropadding\standard\medium\alpha_0.4\zeropadding_-train-20260806_114614-5ddb1cfcba024e1d.csv,30865,588388a03ad987006c2acac7562753dfd8b516d259576d59dbf8d9934ee70812
zeropadding_-train-20260806_132635-51fc6a8966b376ca.csv,mnist,mnist,mnist_family,zeropadding,standard,zeropadding,rbla,simple_lora_mlp,mnist_dirichlet_0_4_seed_3,dirichlet,0.4,3,medium,inferred_spearman,0.00606060606061,0.5282;0.4083;0.4077;0.3221;0.25;0.3179;0.3144;0.5548;0.7367;1,100,5,complete,101,0.7968,100,0.7968,100,20260806_132635,51fc6a8966b376ca,zeropadding_-train-20260806_132635-51fc6a8966b376ca.csv,raw\zeropadding_-train-20260806_132635-51fc6a8966b376ca.csv,by_dataset\mnist_family\mnist\zeropadding\standard\medium\alpha_0.4\zeropadding_-train-20260806_132635-51fc6a8966b376ca.csv,30965,37bfaad4375f35c1b86412f8b03afb017db7c0633dbf88bc599834fdcdf2a333
zeropadding_-train-20260806_150819-e556bbeab61e8832.csv,mnist,mnist,mnist_family,zeropadding,standard,zeropadding,rbla,simple_lora_mlp,mnist_dirichlet_0_8_seed_1,dirichlet,0.8,1,medium,inferred_spearman,0.00606060606061,0.1;0.5;0.6;0.9;0.2;1;0.3;0.8;0.7;0.4,100,5,complete,101,0.7994,100,0.7994,100,20260806_150819,e556bbeab61e8832,zeropadding_-train-20260806_150819-e556bbeab61e8832.csv,raw\zeropadding_-train-20260806_150819-e556bbeab61e8832.csv,by_dataset\mnist_family\mnist\zeropadding\standard\medium\alpha_0.8\zeropadding_-train-20260806_150819-e556bbeab61e8832.csv,30725,f8da250f01c39e69c35d8127acf7d7875af31b64257c6a8047897a2bf43a84d7
zeropadding_-train-20260806_165041-099221c601d8351f.csv,mnist,mnist,mnist_family,zeropadding,standard,zeropadding,rbla,simple_lora_mlp,mnist_dirichlet_0_8_seed_2,dirichlet,0.8,2,medium,inferred_spearman,0.00606060606061,0.8;0.6;1;0.9;0.2;0.7;0.4;0.3;0.5;0.1,100,5,complete,101,0.7831,100,0.7831,100,20260806_165041,099221c601d8351f,zeropadding_-train-20260806_165041-099221c601d8351f.csv,raw\zeropadding_-train-20260806_165041-099221c601d8351f.csv,by_dataset\mnist_family\mnist\zeropadding\standard\medium\alpha_0.8\zeropadding_-train-20260806_165041-099221c601d8351f.csv,30726,86f377f2af745afe27f1abfaeae3304926425f955df78a4f5921398ade27cc60
zeropadding_-train-20260806_182932-22405b83efdabebb.csv,mnist,mnist,mnist_family,zeropadding,standard,zeropadding,rbla,simple_lora_mlp,mnist_dirichlet_0_8_seed_3,dirichlet,0.8,3,medium,inferred_spearman,0.00606060606061,0.1;0.3;0.7;0.5;1;0.2;0.6;0.8;0.9;0.4,100,5,complete,101,0.8204,100,0.8204,100,20260806_182932,22405b83efdabebb,zeropadding_-train-20260806_182932-22405b83efdabebb.csv,raw\zeropadding_-train-20260806_182932-22405b83efdabebb.csv,by_dataset\mnist_family\mnist\zeropadding\standard\medium\alpha_0.8\zeropadding_-train-20260806_182932-22405b83efdabebb.csv,30694,05689f3835f1197d84d9c4a7704d0c402e6cdcfff89b66902ffab43581643147
zeropadding_-train-20260806_201107-7bc6d88a8a8fb2ba.csv,fmnist,fmnist,mnist_family,zeropadding,standard,zeropadding,rbla,simple_lora_mlp,fmnist_dirichlet_0_1_seed_1,dirichlet,0.1,1,medium,inferred_spearman,0.00606060606061,0.3;0.5;0.2;0.6;1;0.4;0.8;0.1;0.9;0.7,100,5,complete,101,0.6506,95,0.6491,100,20260806_201107,7bc6d88a8a8fb2ba,zeropadding_-train-20260806_201107-7bc6d88a8a8fb2ba.csv,raw\zeropadding_-train-20260806_201107-7bc6d88a8a8fb2ba.csv,by_dataset\mnist_family\fmnist\zeropadding\standard\medium\alpha_0.1\zeropadding_-train-20260806_201107-7bc6d88a8a8fb2ba.csv,29854,0b5fa23942da6439b1f64373bed3e39519a92359472831be98e41b4b073f4989
zeropadding_-train-20260806_215259-7deff78f34553e5b.csv,fmnist,fmnist,mnist_family,zeropadding,standard,zeropadding,rbla,simple_lora_mlp,fmnist_dirichlet_0_1_seed_2,dirichlet,0.1,2,medium,inferred_spearman,0.00606060606061,0.7;0.8;0.6;0.9;0.3;1;0.2;0.1;0.4;0.5,100,5,complete,101,0.4936,100,0.4936,100,20260806_215259,7deff78f34553e5b,zeropadding_-train-20260806_215259-7deff78f34553e5b.csv,raw\zeropadding_-train-20260806_215259-7deff78f34553e5b.csv,by_dataset\mnist_family\fmnist\zeropadding\standard\medium\alpha_0.1\zeropadding_-train-20260806_215259-7deff78f34553e5b.csv,29981,ab3f1320106a071dcd93ab04c184fb7c4a315c50d4dd77eb80e33b5a7d174e2e
zeropadding_-train-20260806_233326-8adf80671a5a819a.csv,fmnist,fmnist,mnist_family,zeropadding,standard,zeropadding,rbla,simple_lora_mlp,fmnist_dirichlet_0_1_seed_3,dirichlet,0.1,3,medium,inferred_spearman,0.00606060606061,0.2;1;0.8;0.9;0.7;0.1;0.5;0.3;0.6;0.4,100,5,complete,101,0.5664,91,0.5617,100,20260806_233326,8adf80671a5a819a,zeropadding_-train-20260806_233326-8adf80671a5a819a.csv,raw\zeropadding_-train-20260806_233326-8adf80671a5a819a.csv,by_dataset\mnist_family\fmnist\zeropadding\standard\medium\alpha_0.1\zeropadding_-train-20260806_233326-8adf80671a5a819a.csv,30076,9ecb0c483ddaba80bcb061fb35883f11f72280e58f8ab552084e773acf90b860
zeropadding_-train-20260807_011324-52b138e022bff93b.csv,fmnist,fmnist,mnist_family,zeropadding,standard,zeropadding,rbla,simple_lora_mlp,fmnist_dirichlet_0_4_seed_1,dirichlet,0.4,1,medium,inferred_spearman,0.00606060606061,0.7671;0.8765;0.25;0.3727;0.7391;0.5244;0.4526;0.62;1;0.7326,100,5,complete,101,0.6518,100,0.6518,100,20260807_011324,52b138e022bff93b,zeropadding_-train-20260807_011324-52b138e022bff93b.csv,raw\zeropadding_-train-20260807_011324-52b138e022bff93b.csv,by_dataset\mnist_family\fmnist\zeropadding\standard\medium\alpha_0.4\zeropadding_-train-20260807_011324-52b138e022bff93b.csv,30147,7a69773b5712dc5acf35a95f98bb13a3d5f616dc76989620188efd39479e2c02
zeropadding_-train-20260807_025531-6c2330dbb7feca0d.csv,fmnist,fmnist,mnist_family,zeropadding,standard,zeropadding,rbla,simple_lora_mlp,fmnist_dirichlet_0_4_seed_2,dirichlet,0.4,2,medium,inferred_spearman,0.00606060606061,0.7228;1;0.9552;0.3571;0.8082;0.5437;0.9035;0.7636;0.7251;0.25,100,5,complete,101,0.6307,100,0.6307,100,20260807_025531,6c2330dbb7feca0d,zeropadding_-train-20260807_025531-6c2330dbb7feca0d.csv,raw\zeropadding_-train-20260807_025531-6c2330dbb7feca0d.csv,by_dataset\mnist_family\fmnist\zeropadding\standard\medium\alpha_0.4\zeropadding_-train-20260807_025531-6c2330dbb7feca0d.csv,30188,b4397d2030b4b5eef5041382cebd313d97cfcf75e6dac281a786bea187a69d48
zeropadding_-train-20260807_043659-4903fbbf1476d059.csv,fmnist,fmnist,mnist_family,zeropadding,standard,zeropadding,rbla,simple_lora_mlp,fmnist_dirichlet_0_4_seed_3,dirichlet,0.4,3,medium,inferred_spearman,0.00606060606061,0.4386;0.3323;0.2725;0.2717;0.25;0.2596;0.5829;0.8743;0.2572;1,100,5,complete,101,0.5266,99,0.5237,100,20260807_043659,4903fbbf1476d059,zeropadding_-train-20260807_043659-4903fbbf1476d059.csv,raw\zeropadding_-train-20260807_043659-4903fbbf1476d059.csv,by_dataset\mnist_family\fmnist\zeropadding\standard\medium\alpha_0.4\zeropadding_-train-20260807_043659-4903fbbf1476d059.csv,30387,d0a175cca7a306f72fdd56ddb3de1b7cb3f5af2f8c95112aa19e5fe309128c28
zeropadding_-train-20260807_061728-34577c26faac258b.csv,fmnist,fmnist,mnist_family,zeropadding,standard,zeropadding,rbla,simple_lora_mlp,fmnist_dirichlet_0_8_seed_1,dirichlet,0.8,1,medium,inferred_spearman,0.00606060606061,0.7;0.5;1;0.9;0.8;0.2;0.6;0.1;0.3;0.4,100,5,complete,101,0.7182,100,0.7182,100,20260807_061728,34577c26faac258b,zeropadding_-train-20260807_061728-34577c26faac258b.csv,raw\zeropadding_-train-20260807_061728-34577c26faac258b.csv,by_dataset\mnist_family\fmnist\zeropadding\standard\medium\alpha_0.8\zeropadding_-train-20260807_061728-34577c26faac258b.csv,29999,54180f006dfdc946901e21404bf8795ab27e29a8633c987474561267e8541aa5
zeropadding_-train-20260807_075707-c09ebd811d948189.csv,fmnist,fmnist,mnist_family,zeropadding,standard,zeropadding,rbla,simple_lora_mlp,fmnist_dirichlet_0_8_seed_2,dirichlet,0.8,2,medium,inferred_spearman,0.00606060606061,0.9;1;0.7;0.1;0.3;0.2;0.4;0.8;0.5;0.6,100,5,complete,101,0.6439,100,0.6439,100,20260807_075707,c09ebd811d948189,zeropadding_-train-20260807_075707-c09ebd811d948189.csv,raw\zeropadding_-train-20260807_075707-c09ebd811d948189.csv,by_dataset\mnist_family\fmnist\zeropadding\standard\medium\alpha_0.8\zeropadding_-train-20260807_075707-c09ebd811d948189.csv,30116,bfd9b57d066756dbcce2f8053856b690cb4f62f9486e61a4beb0af7d01b1111f
zeropadding_-train-20260807_093628-7be7bef331a74c07.csv,fmnist,fmnist,mnist_family,zeropadding,standard,zeropadding,rbla,simple_lora_mlp,fmnist_dirichlet_0_8_seed_3,dirichlet,0.8,3,medium,inferred_spearman,0.00606060606061,0.4;0.5;0.2;0.9;1;0.7;0.6;0.3;0.8;0.1,100,5,complete,101,0.7044,100,0.7044,100,20260807_093628,7be7bef331a74c07,zeropadding_-train-20260807_093628-7be7bef331a74c07.csv,raw\zeropadding_-train-20260807_093628-7be7bef331a74c07.csv,by_dataset\mnist_family\fmnist\zeropadding\standard\medium\alpha_0.8\zeropadding_-train-20260807_093628-7be7bef331a74c07.csv,30049,ba0462fffc0c82f268a0ad0db69610e4ed59c9018fc58ea38df7d38aea9049aa
zeropadding_-train-20260807_111507-d29c3862fa6ae810.csv,kmnist,kmnist,mnist_family,zeropadding,standard,zeropadding,rbla,simple_lora_mlp,kmnist_dirichlet_0_1_seed_1,dirichlet,0.1,1,medium,inferred_spearman,0.00606060606061,0.3;0.5;0.2;0.6;1;0.4;0.8;0.1;0.9;0.7,100,5,complete,101,0.3526,100,0.3526,100,20260807_111507,d29c3862fa6ae810,zeropadding_-train-20260807_111507-d29c3862fa6ae810.csv,raw\zeropadding_-train-20260807_111507-d29c3862fa6ae810.csv,by_dataset\mnist_family\kmnist\zeropadding\standard\medium\alpha_0.1\zeropadding_-train-20260807_111507-d29c3862fa6ae810.csv,29414,441e41d6bf275003510563115e6ca4634d0603990ed9aeac4f5bcd2956be535e
zeropadding_-train-20260807_125421-79a33152901ceedf.csv,kmnist,kmnist,mnist_family,zeropadding,standard,zeropadding,rbla,simple_lora_mlp,kmnist_dirichlet_0_1_seed_2,dirichlet,0.1,2,medium,inferred_spearman,0.00606060606061,0.7;0.8;0.6;0.9;0.3;1;0.2;0.1;0.4;0.5,100,5,complete,101,0.3058,99,0.2979,100,20260807_125421,79a33152901ceedf,zeropadding_-train-20260807_125421-79a33152901ceedf.csv,raw\zeropadding_-train-20260807_125421-79a33152901ceedf.csv,by_dataset\mnist_family\kmnist\zeropadding\standard\medium\alpha_0.1\zeropadding_-train-20260807_125421-79a33152901ceedf.csv,29996,7425c88063a3b437b73b15f4a3ab4d48edb2731c820413169dc7121754c48aaa
zeropadding_-train-20260807_143238-53319016421d5a79.csv,kmnist,kmnist,mnist_family,zeropadding,standard,zeropadding,rbla,simple_lora_mlp,kmnist_dirichlet_0_1_seed_3,dirichlet,0.1,3,medium,inferred_spearman,0.00606060606061,0.2;1;0.8;0.9;0.7;0.1;0.5;0.3;0.6;0.4,100,5,complete,101,0.3377,95,0.33,100,20260807_143238,53319016421d5a79,zeropadding_-train-20260807_143238-53319016421d5a79.csv,raw\zeropadding_-train-20260807_143238-53319016421d5a79.csv,by_dataset\mnist_family\kmnist\zeropadding\standard\medium\alpha_0.1\zeropadding_-train-20260807_143238-53319016421d5a79.csv,29185,d90fb8468b8b32e66a66babae667483eb41b0ec7a64557a855841d9ab5ec574c
zeropadding_-train-20260807_161145-7fd2f0ca6640645d.csv,kmnist,kmnist,mnist_family,zeropadding,standard,zeropadding,rbla,simple_lora_mlp,kmnist_dirichlet_0_4_seed_1,dirichlet,0.4,1,medium,inferred_spearman,0.00606060606061,0.7671;0.8765;0.25;0.3727;0.7391;0.5244;0.4526;0.62;1;0.7326,100,5,complete,101,0.4032,100,0.4032,100,20260807_161145,7fd2f0ca6640645d,zeropadding_-train-20260807_161145-7fd2f0ca6640645d.csv,raw\zeropadding_-train-20260807_161145-7fd2f0ca6640645d.csv,by_dataset\mnist_family\kmnist\zeropadding\standard\medium\alpha_0.4\zeropadding_-train-20260807_161145-7fd2f0ca6640645d.csv,30123,66a9c12905f08f2160f083bab45df0b1e0b323f41053803294a5e1d18444bebe
zeropadding_-train-20260807_175143-c235c25833427ec8.csv,kmnist,kmnist,mnist_family,zeropadding,standard,zeropadding,rbla,simple_lora_mlp,kmnist_dirichlet_0_4_seed_2,dirichlet,0.4,2,medium,inferred_spearman,0.00606060606061,0.7228;1;0.9552;0.3571;0.8082;0.5437;0.9035;0.7636;0.7251;0.25,100,5,complete,101,0.3606,100,0.3606,100,20260807_175143,c235c25833427ec8,zeropadding_-train-20260807_175143-c235c25833427ec8.csv,raw\zeropadding_-train-20260807_175143-c235c25833427ec8.csv,by_dataset\mnist_family\kmnist\zeropadding\standard\medium\alpha_0.4\zeropadding_-train-20260807_175143-c235c25833427ec8.csv,30244,bdd13f4b7c0cd6540c71461cc5b3e3782e030dcd16c1c72947488f14c85f654d
zeropadding_-train-20260807_193011-e889693f45e02a55.csv,kmnist,kmnist,mnist_family,zeropadding,standard,zeropadding,rbla,simple_lora_mlp,kmnist_dirichlet_0_4_seed_3,dirichlet,0.4,3,medium,inferred_spearman,0.00606060606061,0.4386;0.3323;0.2725;0.2717;0.25;0.2596;0.5829;0.8743;0.2572;1,100,5,complete,101,0.3714,100,0.3714,100,20260807_193011,e889693f45e02a55,zeropadding_-train-20260807_193011-e889693f45e02a55.csv,raw\zeropadding_-train-20260807_193011-e889693f45e02a55.csv,by_dataset\mnist_family\kmnist\zeropadding\standard\medium\alpha_0.4\zeropadding_-train-20260807_193011-e889693f45e02a55.csv,30340,633988292df31277ac253c00da2b2e8be8d97f61cb35fbf0e7d7e22b5dc4b54c
zeropadding_-train-20260807_210905-5d705fa05936d8af.csv,kmnist,kmnist,mnist_family,zeropadding,standard,zeropadding,rbla,simple_lora_mlp,kmnist_dirichlet_0_8_seed_1,dirichlet,0.8,1,medium,inferred_spearman,0.00606060606061,0.7;0.5;1;0.9;0.8;0.2;0.6;0.1;0.3;0.4,100,5,complete,101,0.4234,100,0.4234,100,20260807_210905,5d705fa05936d8af,zeropadding_-train-20260807_210905-5d705fa05936d8af.csv,raw\zeropadding_-train-20260807_210905-5d705fa05936d8af.csv,by_dataset\mnist_family\kmnist\zeropadding\standard\medium\alpha_0.8\zeropadding_-train-20260807_210905-5d705fa05936d8af.csv,30025,a834f6bd0a91d7fcfb15d5c74f4afe4d17208e6ce932b533a4d1d7357636d8a2
zeropadding_-train-20260807_224920-18050d9dae08b9ed.csv,kmnist,kmnist,mnist_family,zeropadding,standard,zeropadding,rbla,simple_lora_mlp,kmnist_dirichlet_0_8_seed_2,dirichlet,0.8,2,medium,inferred_spearman,0.00606060606061,0.9;1;0.7;0.1;0.3;0.2;0.4;0.8;0.5;0.6,100,5,complete,101,0.4117,100,0.4117,100,20260807_224920,18050d9dae08b9ed,zeropadding_-train-20260807_224920-18050d9dae08b9ed.csv,raw\zeropadding_-train-20260807_224920-18050d9dae08b9ed.csv,by_dataset\mnist_family\kmnist\zeropadding\standard\medium\alpha_0.8\zeropadding_-train-20260807_224920-18050d9dae08b9ed.csv,30064,fa2bbbb129d9e60f352d346749e92f9fa29d6d8a8d82ef4c8c2454b76fdfbc52
zeropadding_-train-20260808_002925-0133a3304522849a.csv,kmnist,kmnist,mnist_family,zeropadding,standard,zeropadding,rbla,simple_lora_mlp,kmnist_dirichlet_0_8_seed_3,dirichlet,0.8,3,medium,inferred_spearman,0.00606060606061,0.4;0.5;0.2;0.9;1;0.7;0.6;0.3;0.8;0.1,100,5,complete,101,0.4723,100,0.4723,100,20260808_002925,0133a3304522849a,zeropadding_-train-20260808_002925-0133a3304522849a.csv,raw\zeropadding_-train-20260808_002925-0133a3304522849a.csv,by_dataset\mnist_family\kmnist\zeropadding\standard\medium\alpha_0.8\zeropadding_-train-20260808_002925-0133a3304522849a.csv,30116,c90d7216b4da5263807c951e9c46b6743da1e2081e2147850990fd4682c68c73
zeropadding_-train-20260808_025157-b0d2cd01a40af885.csv,qmnist,qmnist,mnist_family,zeropadding,standard,zeropadding,rbla,simple_lora_mlp,qmnist_dirichlet_0_1_seed_1,dirichlet,0.1,1,medium,inferred_spearman,0.00606060606061,0.1;0.5;0.2;0.4;1;0.3;0.7;0.6;0.9;0.8,100,5,complete,101,0.625883333333,99,0.62285,100,20260808_025157,b0d2cd01a40af885,zeropadding_-train-20260808_025157-b0d2cd01a40af885.csv,raw\zeropadding_-train-20260808_025157-b0d2cd01a40af885.csv,by_dataset\mnist_family\qmnist\zeropadding\standard\medium\alpha_0.1\zeropadding_-train-20260808_025157-b0d2cd01a40af885.csv,31699,332c5f46a73890863158999ae7c3e414e06986e6f807bfcaaf01dc81b0ae3fa5
zeropadding_-train-20260808_053456-99fe1dd359a08e4f.csv,qmnist,qmnist,mnist_family,zeropadding,standard,zeropadding,rbla,simple_lora_mlp,qmnist_dirichlet_0_1_seed_2,dirichlet,0.1,2,medium,inferred_spearman,0.00606060606061,0.9;0.1;0.8;0.7;0.6;0.3;1;0.2;0.4;0.5,100,5,complete,101,0.633783333333,100,0.633783333333,100,20260808_053456,99fe1dd359a08e4f,zeropadding_-train-20260808_053456-99fe1dd359a08e4f.csv,raw\zeropadding_-train-20260808_053456-99fe1dd359a08e4f.csv,by_dataset\mnist_family\qmnist\zeropadding\standard\medium\alpha_0.1\zeropadding_-train-20260808_053456-99fe1dd359a08e4f.csv,31812,3684766eaa06196581703b687fa94e2fbe8c84d360887c79b587840f8f490a5d
zeropadding_-train-20260808_082013-46c256f1bbf3ea94.csv,qmnist,qmnist,mnist_family,zeropadding,standard,zeropadding,rbla,simple_lora_mlp,qmnist_dirichlet_0_1_seed_3,dirichlet,0.1,3,medium,inferred_spearman,0.00606060606061,0.8;1;0.4;0.7;0.2;0.1;0.5;0.3;0.6;0.9,100,5,complete,101,0.683333333333,100,0.683333333333,100,20260808_082013,46c256f1bbf3ea94,zeropadding_-train-20260808_082013-46c256f1bbf3ea94.csv,raw\zeropadding_-train-20260808_082013-46c256f1bbf3ea94.csv,by_dataset\mnist_family\qmnist\zeropadding\standard\medium\alpha_0.1\zeropadding_-train-20260808_082013-46c256f1bbf3ea94.csv,31738,27911b4efa36bdabac27b4930a8a4782a828f6b47405b663626271a9fb732eee
zeropadding_-train-20260808_105759-cf1470f2e74bd9c9.csv,qmnist,qmnist,mnist_family,zeropadding,standard,zeropadding,rbla,simple_lora_mlp,qmnist_dirichlet_0_4_seed_1,dirichlet,0.4,1,medium,inferred_spearman,0.00606060606061,0.4495;0.5256;0.8313;0.5291;0.9024;0.2706;0.5789;0.4493;1;0.25,100,5,complete,101,0.7946,100,0.7946,100,20260808_105759,cf1470f2e74bd9c9,zeropadding_-train-20260808_105759-cf1470f2e74bd9c9.csv,raw\zeropadding_-train-20260808_105759-cf1470f2e74bd9c9.csv,by_dataset\mnist_family\qmnist\zeropadding\standard\medium\alpha_0.4\zeropadding_-train-20260808_105759-cf1470f2e74bd9c9.csv,31898,397778230f57570992cfab79ff918604fcc706fd46dda0e9368ed6864d119a70
zeropadding_-train-20260808_133625-7e162b57b4ca1e5a.csv,qmnist,qmnist,mnist_family,zeropadding,standard,zeropadding,rbla,simple_lora_mlp,qmnist_dirichlet_0_4_seed_2,dirichlet,0.4,2,medium,inferred_spearman,0.00606060606061,0.2887;0.6918;0.25;0.2795;0.8646;0.3957;0.2679;0.6099;0.3406;1,100,5,complete,101,0.724183333333,99,0.723833333333,100,20260808_133625,7e162b57b4ca1e5a,zeropadding_-train-20260808_133625-7e162b57b4ca1e5a.csv,raw\zeropadding_-train-20260808_133625-7e162b57b4ca1e5a.csv,by_dataset\mnist_family\qmnist\zeropadding\standard\medium\alpha_0.4\zeropadding_-train-20260808_133625-7e162b57b4ca1e5a.csv,31990,6a7fafee631574041fa2fc7528bc32c081c5d9e0992816e3ada72d4a7890e49c
zeropadding_-train-20260808_161610-88cc232a0c1b1c2f.csv,qmnist,qmnist,mnist_family,zeropadding,standard,zeropadding,rbla,simple_lora_mlp,qmnist_dirichlet_0_4_seed_3,dirichlet,0.4,3,medium,inferred_spearman,0.00606060606061,0.5282;0.4083;0.4077;0.3221;0.25;0.3179;0.3144;0.5548;0.7367;1,100,5,complete,101,0.79545,100,0.79545,100,20260808_161610,88cc232a0c1b1c2f,zeropadding_-train-20260808_161610-88cc232a0c1b1c2f.csv,raw\zeropadding_-train-20260808_161610-88cc232a0c1b1c2f.csv,by_dataset\mnist_family\qmnist\zeropadding\standard\medium\alpha_0.4\zeropadding_-train-20260808_161610-88cc232a0c1b1c2f.csv,31896,0e66d585b1d1665e8483a189cd90ced796dff246989f11a0648666285da6de65
zeropadding_-train-20260808_185413-be28d9803b815db2.csv,qmnist,qmnist,mnist_family,zeropadding,standard,zeropadding,rbla,simple_lora_mlp,qmnist_dirichlet_0_8_seed_1,dirichlet,0.8,1,medium,inferred_spearman,0.00606060606061,0.1;0.5;0.6;0.9;0.2;1;0.3;0.8;0.7;0.4,100,5,complete,101,0.791083333333,100,0.791083333333,100,20260808_185413,be28d9803b815db2,zeropadding_-train-20260808_185413-be28d9803b815db2.csv,raw\zeropadding_-train-20260808_185413-be28d9803b815db2.csv,by_dataset\mnist_family\qmnist\zeropadding\standard\medium\alpha_0.8\zeropadding_-train-20260808_185413-be28d9803b815db2.csv,31719,395ed16f8a8399a574008fe3fc20510fbfb58829757afc5a1da3133e33533e1b
zeropadding_-train-20260808_213125-cd27be2f2f47b6c1.csv,qmnist,qmnist,mnist_family,zeropadding,standard,zeropadding,rbla,simple_lora_mlp,qmnist_dirichlet_0_8_seed_2,dirichlet,0.8,2,medium,inferred_spearman,0.00606060606061,0.8;0.6;1;0.9;0.2;0.7;0.4;0.3;0.5;0.1,100,5,complete,101,0.774283333333,100,0.774283333333,100,20260808_213125,cd27be2f2f47b6c1,zeropadding_-train-20260808_213125-cd27be2f2f47b6c1.csv,raw\zeropadding_-train-20260808_213125-cd27be2f2f47b6c1.csv,by_dataset\mnist_family\qmnist\zeropadding\standard\medium\alpha_0.8\zeropadding_-train-20260808_213125-cd27be2f2f47b6c1.csv,31734,543d8b2825437fc666ee2cfe6c8fa680722e35ae9233e931970b4f220b40ec4c
zeropadding_-train-20260809_001158-4fcd43f69878d2b3.csv,qmnist,qmnist,mnist_family,zeropadding,standard,zeropadding,rbla,simple_lora_mlp,qmnist_dirichlet_0_8_seed_3,dirichlet,0.8,3,medium,inferred_spearman,0.00606060606061,0.1;0.3;0.7;0.5;1;0.2;0.6;0.8;0.9;0.4,100,5,complete,101,0.811883333333,100,0.811883333333,100,20260809_001158,4fcd43f69878d2b3,zeropadding_-train-20260809_001158-4fcd43f69878d2b3.csv,raw\zeropadding_-train-20260809_001158-4fcd43f69878d2b3.csv,by_dataset\mnist_family\qmnist\zeropadding\standard\medium\alpha_0.8\zeropadding_-train-20260809_001158-4fcd43f69878d2b3.csv,31627,548fc97703061f128eb348734ed230065d9d3d541b5b88e4a7aafd574ba4d680
zeropadding_-train-20260809_020658-855118e8cdfed5a1.csv,mnist,mnist,mnist_family,zeropadding,standard,zeropadding,rbla,simple_lora_mlp,mnist_dirichlet_0_1_seed_1,dirichlet,0.1,1,mismatch,inferred_spearman,-1,0.6;0.1;1;0.2;0.4;0.5;0.9;0.3;0.7;0.8,100,5,complete,101,0.4711,97,0.4636,100,20260809_020658,855118e8cdfed5a1,zeropadding_-train-20260809_020658-855118e8cdfed5a1.csv,raw\zeropadding_-train-20260809_020658-855118e8cdfed5a1.csv,by_dataset\mnist_family\mnist\zeropadding\standard\mismatch\alpha_0.1\zeropadding_-train-20260809_020658-855118e8cdfed5a1.csv,30750,569e9781e4718a33f5fac4810d58858d6d2aa4c54f0cddb1d75b64ac990d2193
zeropadding_-train-20260809_034603-8bb155f56fb29d1c.csv,mnist,mnist,mnist_family,zeropadding,standard,zeropadding,rbla,simple_lora_mlp,mnist_dirichlet_0_1_seed_2,dirichlet,0.1,2,mismatch,inferred_spearman,-1,0.7;0.6;0.8;0.9;0.3;0.5;0.4;1;0.2;0.1,100,5,complete,101,0.6045,100,0.6045,100,20260809_034603,8bb155f56fb29d1c,zeropadding_-train-20260809_034603-8bb155f56fb29d1c.csv,raw\zeropadding_-train-20260809_034603-8bb155f56fb29d1c.csv,by_dataset\mnist_family\mnist\zeropadding\standard\mismatch\alpha_0.1\zeropadding_-train-20260809_034603-8bb155f56fb29d1c.csv,30539,70171a9292f734b777611fe6b4b18bf0f102e41bca264b9f6694d3c5a86a3dae
zeropadding_-train-20260809_052613-aa83e17df0fcbb6c.csv,mnist,mnist,mnist_family,zeropadding,standard,zeropadding,rbla,simple_lora_mlp,mnist_dirichlet_0_1_seed_3,dirichlet,0.1,3,mismatch,inferred_spearman,-1,0.8;0.4;0.2;0.9;1;0.6;0.1;0.5;0.3;0.7,100,5,complete,101,0.5698,100,0.5698,100,20260809_052613,aa83e17df0fcbb6c,zeropadding_-train-20260809_052613-aa83e17df0fcbb6c.csv,raw\zeropadding_-train-20260809_052613-aa83e17df0fcbb6c.csv,by_dataset\mnist_family\mnist\zeropadding\standard\mismatch\alpha_0.1\zeropadding_-train-20260809_052613-aa83e17df0fcbb6c.csv,30629,10a1a3a9c7ad424dc1f7b87fa8ecaa355b296df9517346812f34e8826d41249b
zeropadding_-train-20260809_070837-7ba5d7fc1d8d3e0e.csv,mnist,mnist,mnist_family,zeropadding,standard,zeropadding,rbla,simple_lora_mlp,mnist_dirichlet_0_4_seed_1,dirichlet,0.4,1,mismatch,inferred_spearman,-1,0.2706;0.25;0.8313;0.4493;0.5789;1;0.9024;0.5256;0.4495;0.5291,100,5,complete,101,0.7336,100,0.7336,100,20260809_070837,7ba5d7fc1d8d3e0e,zeropadding_-train-20260809_070837-7ba5d7fc1d8d3e0e.csv,raw\zeropadding_-train-20260809_070837-7ba5d7fc1d8d3e0e.csv,by_dataset\mnist_family\mnist\zeropadding\standard\mismatch\alpha_0.4\zeropadding_-train-20260809_070837-7ba5d7fc1d8d3e0e.csv,30875,763111bdb780f9de4e6a0c8bedcfdffd2f594323f5c53c40011b9275dd9100ed
zeropadding_-train-20260809_085002-622d7ee34f7da366.csv,mnist,mnist,mnist_family,zeropadding,standard,zeropadding,rbla,simple_lora_mlp,mnist_dirichlet_0_4_seed_2,dirichlet,0.4,2,mismatch,inferred_spearman,-1,0.2679;0.6918;0.3957;0.3406;0.6099;0.2795;1;0.8646;0.25;0.2887,100,5,complete,101,0.717,100,0.717,100,20260809_085002,622d7ee34f7da366,zeropadding_-train-20260809_085002-622d7ee34f7da366.csv,raw\zeropadding_-train-20260809_085002-622d7ee34f7da366.csv,by_dataset\mnist_family\mnist\zeropadding\standard\mismatch\alpha_0.4\zeropadding_-train-20260809_085002-622d7ee34f7da366.csv,30856,caad6719f3cbabb71c9d796202b002766e01d699aadd1aa06b7825f22b2804b4
zeropadding_-train-20260809_103248-b51d3401907a96e2.csv,mnist,mnist,mnist_family,zeropadding,standard,zeropadding,rbla,simple_lora_mlp,mnist_dirichlet_0_4_seed_3,dirichlet,0.4,3,mismatch,inferred_spearman,-1,0.7367;0.3179;0.25;0.3144;0.4083;0.4077;1;0.5548;0.5282;0.3221,100,5,complete,101,0.7664,98,0.7658,100,20260809_103248,b51d3401907a96e2,zeropadding_-train-20260809_103248-b51d3401907a96e2.csv,raw\zeropadding_-train-20260809_103248-b51d3401907a96e2.csv,by_dataset\mnist_family\mnist\zeropadding\standard\mismatch\alpha_0.4\zeropadding_-train-20260809_103248-b51d3401907a96e2.csv,30895,48e0f7ce0bde5deb3fd006279e36c6ce1d4739ca7959518e6cf43349232c51a8
zeropadding_-train-20260809_121419-823a431724dbbee9.csv,mnist,mnist,mnist_family,zeropadding,standard,zeropadding,rbla,simple_lora_mlp,mnist_dirichlet_0_8_seed_1,dirichlet,0.8,1,mismatch,inferred_spearman,-1,0.6;0.1;0.3;0.7;1;0.4;0.5;0.8;0.9;0.2,100,5,complete,101,0.7936,100,0.7936,100,20260809_121419,823a431724dbbee9,zeropadding_-train-20260809_121419-823a431724dbbee9.csv,raw\zeropadding_-train-20260809_121419-823a431724dbbee9.csv,by_dataset\mnist_family\mnist\zeropadding\standard\mismatch\alpha_0.8\zeropadding_-train-20260809_121419-823a431724dbbee9.csv,30750,f045378ae28f70471f335df90436809d33f6f6ae534f8365d787bab5aebcde2f
zeropadding_-train-20260809_135552-27e116eb61877a39.csv,mnist,mnist,mnist_family,zeropadding,standard,zeropadding,rbla,simple_lora_mlp,mnist_dirichlet_0_8_seed_2,dirichlet,0.8,2,mismatch,inferred_spearman,-1,0.8;0.3;0.4;0.7;1;0.9;0.2;0.5;0.1;0.6,100,5,complete,101,0.7586,100,0.7586,100,20260809_135552,27e116eb61877a39,zeropadding_-train-20260809_135552-27e116eb61877a39.csv,raw\zeropadding_-train-20260809_135552-27e116eb61877a39.csv,by_dataset\mnist_family\mnist\zeropadding\standard\mismatch\alpha_0.8\zeropadding_-train-20260809_135552-27e116eb61877a39.csv,30701,1409243252bc351762eb829e1d20ad1550788768975cdb510536fe4a99ba43d8
zeropadding_-train-20260809_153737-dfa9304b4dfa34b1.csv,mnist,mnist,mnist_family,zeropadding,standard,zeropadding,rbla,simple_lora_mlp,mnist_dirichlet_0_8_seed_3,dirichlet,0.8,3,mismatch,inferred_spearman,-1,0.6;0.5;0.9;0.1;0.4;1;0.3;0.8;0.7;0.2,100,5,complete,101,0.8162,100,0.8162,100,20260809_153737,dfa9304b4dfa34b1,zeropadding_-train-20260809_153737-dfa9304b4dfa34b1.csv,raw\zeropadding_-train-20260809_153737-dfa9304b4dfa34b1.csv,by_dataset\mnist_family\mnist\zeropadding\standard\mismatch\alpha_0.8\zeropadding_-train-20260809_153737-dfa9304b4dfa34b1.csv,30702,26ca748a392a27f88f60ef435e620db8cd6d72ae8ef025e60268da65f936bc60
zeropadding_-train-20260809_171704-18b47c6b562cbf92.csv,fmnist,fmnist,mnist_family,zeropadding,standard,zeropadding,rbla,simple_lora_mlp,fmnist_dirichlet_0_1_seed_1,dirichlet,0.1,1,mismatch,inferred_spearman,-1,0.5;0.1;1;0.3;0.4;0.2;0.8;0.6;0.7;0.9,100,5,complete,101,0.5015,39,0.4882,100,20260809_171704,18b47c6b562cbf92,zeropadding_-train-20260809_171704-18b47c6b562cbf92.csv,raw\zeropadding_-train-20260809_171704-18b47c6b562cbf92.csv,by_dataset\mnist_family\fmnist\zeropadding\standard\mismatch\alpha_0.1\zeropadding_-train-20260809_171704-18b47c6b562cbf92.csv,30088,bd7398321c0516cb335b1dbc626d9d633820477f800af397f7810ed67fdea063
zeropadding_-train-20260809_185604-20efccd984aa3fc5.csv,fmnist,fmnist,mnist_family,zeropadding,standard,zeropadding,rbla,simple_lora_mlp,fmnist_dirichlet_0_1_seed_2,dirichlet,0.1,2,mismatch,inferred_spearman,-1,0.9;0.8;0.3;0.7;0.5;0.4;1;0.6;0.2;0.1,100,5,complete,101,0.4325,100,0.4325,100,20260809_185604,20efccd984aa3fc5,zeropadding_-train-20260809_185604-20efccd984aa3fc5.csv,raw\zeropadding_-train-20260809_185604-20efccd984aa3fc5.csv,by_dataset\mnist_family\fmnist\zeropadding\standard\mismatch\alpha_0.1\zeropadding_-train-20260809_185604-20efccd984aa3fc5.csv,29963,954fc6ae1541effe8d44ee32e00c04a9b5636f82933e13e2fbcd2e10032a46e9
zeropadding_-train-20260809_203546-299a60522a55ae3d.csv,fmnist,fmnist,mnist_family,zeropadding,standard,zeropadding,rbla,simple_lora_mlp,fmnist_dirichlet_0_1_seed_3,dirichlet,0.1,3,mismatch,inferred_spearman,-1,1;0.4;0.8;0.7;0.9;0.6;0.1;0.5;0.3;0.2,100,5,complete,101,0.4836,91,0.4815,100,20260809_203546,299a60522a55ae3d,zeropadding_-train-20260809_203546-299a60522a55ae3d.csv,raw\zeropadding_-train-20260809_203546-299a60522a55ae3d.csv,by_dataset\mnist_family\fmnist\zeropadding\standard\mismatch\alpha_0.1\zeropadding_-train-20260809_203546-299a60522a55ae3d.csv,29969,89759893fc57319ade1103de5012a12e94689081705c23ef2ba5fa3f03b2893f
zeropadding_-train-20260809_221539-d8403f528a1d2d0f.csv,fmnist,fmnist,mnist_family,zeropadding,standard,zeropadding,rbla,simple_lora_mlp,fmnist_dirichlet_0_4_seed_1,dirichlet,0.4,1,mismatch,inferred_spearman,-1,0.7671;0.7391;0.7326;1;0.8765;0.3727;0.62;0.25;0.5244;0.4526,100,5,complete,101,0.6457,100,0.6457,100,20260809_221539,d8403f528a1d2d0f,zeropadding_-train-20260809_221539-d8403f528a1d2d0f.csv,raw\zeropadding_-train-20260809_221539-d8403f528a1d2d0f.csv,by_dataset\mnist_family\fmnist\zeropadding\standard\mismatch\alpha_0.4\zeropadding_-train-20260809_221539-d8403f528a1d2d0f.csv,30175,5db80b9b881c31e27ec3e65f5b5058fab53240899a74be2b24f355351d68847c
zeropadding_-train-20260809_235537-f9e7d93bb96d6618.csv,fmnist,fmnist,mnist_family,zeropadding,standard,zeropadding,rbla,simple_lora_mlp,fmnist_dirichlet_0_4_seed_2,dirichlet,0.4,2,mismatch,inferred_spearman,-1,0.3571;0.7228;0.8082;1;0.9552;0.7251;0.9035;0.5437;0.25;0.7636,100,5,complete,101,0.6002,100,0.6002,100,20260809_235537,f9e7d93bb96d6618,zeropadding_-train-20260809_235537-f9e7d93bb96d6618.csv,raw\zeropadding_-train-20260809_235537-f9e7d93bb96d6618.csv,by_dataset\mnist_family\fmnist\zeropadding\standard\mismatch\alpha_0.4\zeropadding_-train-20260809_235537-f9e7d93bb96d6618.csv,30121,cbcf2d4186842c3589fcccc0c1b0cc84df55e6498f2b95260a08ba0499c28e91
zeropadding_-train-20260810_013434-53e0f31eb14fb756.csv,fmnist,fmnist,mnist_family,zeropadding,standard,zeropadding,rbla,simple_lora_mlp,fmnist_dirichlet_0_4_seed_3,dirichlet,0.4,3,mismatch,inferred_spearman,-1,0.8743;0.2596;0.25;0.2572;0.3323;0.2725;0.5829;0.4386;1;0.2717,100,5,complete,101,0.4802,99,0.477,100,20260810_013434,53e0f31eb14fb756,zeropadding_-train-20260810_013434-53e0f31eb14fb756.csv,raw\zeropadding_-train-20260810_013434-53e0f31eb14fb756.csv,by_dataset\mnist_family\fmnist\zeropadding\standard\mismatch\alpha_0.4\zeropadding_-train-20260810_013434-53e0f31eb14fb756.csv,30404,31048ea7d6e207a7f1a6714eb534f936e5b5114141503ba994e4555300e5cfeb
zeropadding_-train-20260810_031356-deb35d26ae9f384e.csv,fmnist,fmnist,mnist_family,zeropadding,standard,zeropadding,rbla,simple_lora_mlp,fmnist_dirichlet_0_8_seed_1,dirichlet,0.8,1,mismatch,inferred_spearman,-1,0.9;0.1;0.4;0.7;0.8;1;0.3;0.6;0.5;0.2,100,5,complete,101,0.6672,100,0.6672,100,20260810_031356,deb35d26ae9f384e,zeropadding_-train-20260810_031356-deb35d26ae9f384e.csv,raw\zeropadding_-train-20260810_031356-deb35d26ae9f384e.csv,by_dataset\mnist_family\fmnist\zeropadding\standard\mismatch\alpha_0.8\zeropadding_-train-20260810_031356-deb35d26ae9f384e.csv,30103,ff703c6ae69a0e8ae129c0bb24a23293d181d5bd77cd300c235c80a482dcceb5
zeropadding_-train-20260810_045507-0baa41e9640445cd.csv,fmnist,fmnist,mnist_family,zeropadding,standard,zeropadding,rbla,simple_lora_mlp,fmnist_dirichlet_0_8_seed_2,dirichlet,0.8,2,mismatch,inferred_spearman,-1,0.7;0.4;0.9;0.6;0.5;1;0.2;0.8;0.1;0.3,100,5,complete,101,0.6493,100,0.6493,100,20260810_045507,0baa41e9640445cd,zeropadding_-train-20260810_045507-0baa41e9640445cd.csv,raw\zeropadding_-train-20260810_045507-0baa41e9640445cd.csv,by_dataset\mnist_family\fmnist\zeropadding\standard\mismatch\alpha_0.8\zeropadding_-train-20260810_045507-0baa41e9640445cd.csv,30199,077a03d901b97b451beb3a8c467abe0744275b5c2aad3d9a76c4ca04b28800c0
zeropadding_-train-20260810_063423-290a168c8846d15d.csv,fmnist,fmnist,mnist_family,zeropadding,standard,zeropadding,rbla,simple_lora_mlp,fmnist_dirichlet_0_8_seed_3,dirichlet,0.8,3,mismatch,inferred_spearman,-1,0.2;0.1;1;0.7;0.4;0.9;0.3;0.5;0.8;0.6,100,5,complete,101,0.6453,99,0.6447,100,20260810_063423,290a168c8846d15d,zeropadding_-train-20260810_063423-290a168c8846d15d.csv,raw\zeropadding_-train-20260810_063423-290a168c8846d15d.csv,by_dataset\mnist_family\fmnist\zeropadding\standard\mismatch\alpha_0.8\zeropadding_-train-20260810_063423-290a168c8846d15d.csv,29995,edf4d15c72dde76e33a2eddc97ec58dfe0aa36fea189c587d0a9a94564905214
zeropadding_-train-20260810_081316-1acc11a9897f04c9.csv,kmnist,kmnist,mnist_family,zeropadding,standard,zeropadding,rbla,simple_lora_mlp,kmnist_dirichlet_0_1_seed_1,dirichlet,0.1,1,mismatch,inferred_spearman,-1,0.5;0.1;1;0.3;0.4;0.2;0.8;0.6;0.7;0.9,100,5,complete,101,0.2347,68,0.2078,100,20260810_081316,1acc11a9897f04c9,zeropadding_-train-20260810_081316-1acc11a9897f04c9.csv,raw\zeropadding_-train-20260810_081316-1acc11a9897f04c9.csv,by_dataset\mnist_family\kmnist\zeropadding\standard\mismatch\alpha_0.1\zeropadding_-train-20260810_081316-1acc11a9897f04c9.csv,30297,7399058d34551bf56c1afa770b8015dcef292916785ce3d06772a4d36469ebf8
zeropadding_-train-20260810_095216-fb1af23249c5382c.csv,kmnist,kmnist,mnist_family,zeropadding,standard,zeropadding,rbla,simple_lora_mlp,kmnist_dirichlet_0_1_seed_2,dirichlet,0.1,2,mismatch,inferred_spearman,-1,0.9;0.8;0.3;0.7;0.5;0.4;1;0.6;0.2;0.1,100,5,complete,101,0.2638,96,0.2608,100,20260810_095216,fb1af23249c5382c,zeropadding_-train-20260810_095216-fb1af23249c5382c.csv,raw\zeropadding_-train-20260810_095216-fb1af23249c5382c.csv,by_dataset\mnist_family\kmnist\zeropadding\standard\mismatch\alpha_0.1\zeropadding_-train-20260810_095216-fb1af23249c5382c.csv,30013,6c888b33b31a96d22a8f4aa9f0c459b0fe4156529031aaa03217966ab7033bd9
zeropadding_-train-20260810_113155-5e5f8b5c2e4b8344.csv,kmnist,kmnist,mnist_family,zeropadding,standard,zeropadding,rbla,simple_lora_mlp,kmnist_dirichlet_0_1_seed_3,dirichlet,0.1,3,mismatch,inferred_spearman,-1,1;0.4;0.8;0.7;0.9;0.6;0.1;0.5;0.3;0.2,100,5,complete,101,0.3205,100,0.3205,100,20260810_113155,5e5f8b5c2e4b8344,zeropadding_-train-20260810_113155-5e5f8b5c2e4b8344.csv,raw\zeropadding_-train-20260810_113155-5e5f8b5c2e4b8344.csv,by_dataset\mnist_family\kmnist\zeropadding\standard\mismatch\alpha_0.1\zeropadding_-train-20260810_113155-5e5f8b5c2e4b8344.csv,29348,9ca6812e42c44d395d8b4c6353722ace67daed74f8eec62d84ecc5be9029b371
zeropadding_-train-20260810_131037-45a28f0751d2f755.csv,kmnist,kmnist,mnist_family,zeropadding,standard,zeropadding,rbla,simple_lora_mlp,kmnist_dirichlet_0_4_seed_1,dirichlet,0.4,1,mismatch,inferred_spearman,-1,0.7671;0.7391;0.7326;1;0.8765;0.3727;0.62;0.25;0.5244;0.4526,100,5,complete,101,0.3836,100,0.3836,100,20260810_131037,45a28f0751d2f755,zeropadding_-train-20260810_131037-45a28f0751d2f755.csv,raw\zeropadding_-train-20260810_131037-45a28f0751d2f755.csv,by_dataset\mnist_family\kmnist\zeropadding\standard\mismatch\alpha_0.4\zeropadding_-train-20260810_131037-45a28f0751d2f755.csv,30146,87767eb9a73f9e7464d85bdf513ccbc8bad78122659ce7e39a5227df719c95ab
zeropadding_-train-20260810_144639-d082470b9817e0c1.csv,kmnist,kmnist,mnist_family,zeropadding,standard,zeropadding,rbla,simple_lora_mlp,kmnist_dirichlet_0_4_seed_2,dirichlet,0.4,2,mismatch,inferred_spearman,-1,0.3571;0.7228;0.8082;1;0.9552;0.7251;0.9035;0.5437;0.25;0.7636,100,5,complete,101,0.3597,100,0.3597,100,20260810_144639,d082470b9817e0c1,zeropadding_-train-20260810_144639-d082470b9817e0c1.csv,raw\zeropadding_-train-20260810_144639-d082470b9817e0c1.csv,by_dataset\mnist_family\kmnist\zeropadding\standard\mismatch\alpha_0.4\zeropadding_-train-20260810_144639-d082470b9817e0c1.csv,30165,fbc32edcbf90c8bae4342c76879568e8d411db88ed2b0f4b1d01c78c2011b4bd
zeropadding_-train-20260810_162434-9bb4a6a47cef88d1.csv,kmnist,kmnist,mnist_family,zeropadding,standard,zeropadding,rbla,simple_lora_mlp,kmnist_dirichlet_0_4_seed_3,dirichlet,0.4,3,mismatch,inferred_spearman,-1,0.8743;0.2596;0.25;0.2572;0.3323;0.2725;0.5829;0.4386;1;0.2717,100,5,complete,101,0.3645,100,0.3645,100,20260810_162434,9bb4a6a47cef88d1,zeropadding_-train-20260810_162434-9bb4a6a47cef88d1.csv,raw\zeropadding_-train-20260810_162434-9bb4a6a47cef88d1.csv,by_dataset\mnist_family\kmnist\zeropadding\standard\mismatch\alpha_0.4\zeropadding_-train-20260810_162434-9bb4a6a47cef88d1.csv,30225,e2fcc7dc30badac3a4723c8a3ea9c45ecd2137c6706cdb4a750619191dd8140a
zeropadding_-train-20260810_180341-90b831bc8e2e20eb.csv,kmnist,kmnist,mnist_family,zeropadding,standard,zeropadding,rbla,simple_lora_mlp,kmnist_dirichlet_0_8_seed_1,dirichlet,0.8,1,mismatch,inferred_spearman,-1,0.9;0.1;0.4;0.7;0.8;1;0.3;0.6;0.5;0.2,100,5,complete,101,0.3852,99,0.3836,100,20260810_180341,90b831bc8e2e20eb,zeropadding_-train-20260810_180341-90b831bc8e2e20eb.csv,raw\zeropadding_-train-20260810_180341-90b831bc8e2e20eb.csv,by_dataset\mnist_family\kmnist\zeropadding\standard\mismatch\alpha_0.8\zeropadding_-train-20260810_180341-90b831bc8e2e20eb.csv,30065,0325f04ca774e29a6253a2ec59a40f863f227ba14f31dae6a8be2548c77f4ae5
zeropadding_-train-20260810_194157-892254bdc6e5df1a.csv,kmnist,kmnist,mnist_family,zeropadding,standard,zeropadding,rbla,simple_lora_mlp,kmnist_dirichlet_0_8_seed_2,dirichlet,0.8,2,mismatch,inferred_spearman,-1,0.7;0.4;0.9;0.6;0.5;1;0.2;0.8;0.1;0.3,100,5,complete,101,0.3903,100,0.3903,100,20260810_194157,892254bdc6e5df1a,zeropadding_-train-20260810_194157-892254bdc6e5df1a.csv,raw\zeropadding_-train-20260810_194157-892254bdc6e5df1a.csv,by_dataset\mnist_family\kmnist\zeropadding\standard\mismatch\alpha_0.8\zeropadding_-train-20260810_194157-892254bdc6e5df1a.csv,29947,5b089a9251c4d406ae1b221cfe4290725c01805048f947f1f06c08dd0f86079a
zeropadding_-train-20260810_211912-a17664561dedf4a0.csv,kmnist,kmnist,mnist_family,zeropadding,standard,zeropadding,rbla,simple_lora_mlp,kmnist_dirichlet_0_8_seed_3,dirichlet,0.8,3,mismatch,inferred_spearman,-1,0.2;0.1;1;0.7;0.4;0.9;0.3;0.5;0.8;0.6,100,5,complete,101,0.4675,99,0.4665,100,20260810_211912,a17664561dedf4a0,zeropadding_-train-20260810_211912-a17664561dedf4a0.csv,raw\zeropadding_-train-20260810_211912-a17664561dedf4a0.csv,by_dataset\mnist_family\kmnist\zeropadding\standard\mismatch\alpha_0.8\zeropadding_-train-20260810_211912-a17664561dedf4a0.csv,30119,a84ba27cee20288f98f0d5375c11088c0f7ffb968aca593a8b193ff076315bd0
zeropadding_-train-20260810_233857-d5de799de670ace8.csv,qmnist,qmnist,mnist_family,zeropadding,standard,zeropadding,rbla,simple_lora_mlp,qmnist_dirichlet_0_1_seed_1,dirichlet,0.1,1,mismatch,inferred_spearman,-1,0.6;0.1;1;0.2;0.4;0.5;0.9;0.3;0.7;0.8,100,5,complete,101,0.47315,97,0.470466666667,100,20260810_233857,d5de799de670ace8,zeropadding_-train-20260810_233857-d5de799de670ace8.csv,raw\zeropadding_-train-20260810_233857-d5de799de670ace8.csv,by_dataset\mnist_family\qmnist\zeropadding\standard\mismatch\alpha_0.1\zeropadding_-train-20260810_233857-d5de799de670ace8.csv,31889,c116292a69856a81cac9917f96505c328647380f6972379d59a7b74801eae773
zeropadding_-train-20260811_021350-dccd95a4a679526d.csv,qmnist,qmnist,mnist_family,zeropadding,standard,zeropadding,rbla,simple_lora_mlp,qmnist_dirichlet_0_1_seed_2,dirichlet,0.1,2,mismatch,inferred_spearman,-1,0.7;0.6;0.8;0.9;0.3;0.5;0.4;1;0.2;0.1,100,5,complete,101,0.604766666667,100,0.604766666667,100,20260811_021350,dccd95a4a679526d,zeropadding_-train-20260811_021350-dccd95a4a679526d.csv,raw\zeropadding_-train-20260811_021350-dccd95a4a679526d.csv,by_dataset\mnist_family\qmnist\zeropadding\standard\mismatch\alpha_0.1\zeropadding_-train-20260811_021350-dccd95a4a679526d.csv,31581,639b737956d3aba333ab3f7280e401bea9439247946d0607b39e56bc7b28fb79
zeropadding_-train-20260811_044809-0b496ee40bea5b71.csv,qmnist,qmnist,mnist_family,zeropadding,standard,zeropadding,rbla,simple_lora_mlp,qmnist_dirichlet_0_1_seed_3,dirichlet,0.1,3,mismatch,inferred_spearman,-1,0.8;0.4;0.2;0.9;1;0.6;0.1;0.5;0.3;0.7,100,5,complete,101,0.5605,100,0.5605,100,20260811_044809,0b496ee40bea5b71,zeropadding_-train-20260811_044809-0b496ee40bea5b71.csv,raw\zeropadding_-train-20260811_044809-0b496ee40bea5b71.csv,by_dataset\mnist_family\qmnist\zeropadding\standard\mismatch\alpha_0.1\zeropadding_-train-20260811_044809-0b496ee40bea5b71.csv,31858,7eb4b02834f5f601ef17ff338cb0272d8ea0f1ba9cd6738ce605b8fb500792ed
zeropadding_-train-20260811_072154-5bab8a8c6012d78b.csv,qmnist,qmnist,mnist_family,zeropadding,standard,zeropadding,rbla,simple_lora_mlp,qmnist_dirichlet_0_4_seed_1,dirichlet,0.4,1,mismatch,inferred_spearman,-1,0.2706;0.25;0.8313;0.4493;0.5789;1;0.9024;0.5256;0.4495;0.5291,100,5,complete,101,0.731833333333,100,0.731833333333,100,20260811_072154,5bab8a8c6012d78b,zeropadding_-train-20260811_072154-5bab8a8c6012d78b.csv,raw\zeropadding_-train-20260811_072154-5bab8a8c6012d78b.csv,by_dataset\mnist_family\qmnist\zeropadding\standard\mismatch\alpha_0.4\zeropadding_-train-20260811_072154-5bab8a8c6012d78b.csv,31978,fed927489a55e441b095caebd87aacf198e190ac8007e1eabb327ad63f61ad35
zeropadding_-train-20260811_095552-29f57412251f7ac7.csv,qmnist,qmnist,mnist_family,zeropadding,standard,zeropadding,rbla,simple_lora_mlp,qmnist_dirichlet_0_4_seed_2,dirichlet,0.4,2,mismatch,inferred_spearman,-1,0.2679;0.6918;0.3957;0.3406;0.6099;0.2795;1;0.8646;0.25;0.2887,100,5,complete,101,0.7136,100,0.7136,100,20260811_095552,29f57412251f7ac7,zeropadding_-train-20260811_095552-29f57412251f7ac7.csv,raw\zeropadding_-train-20260811_095552-29f57412251f7ac7.csv,by_dataset\mnist_family\qmnist\zeropadding\standard\mismatch\alpha_0.4\zeropadding_-train-20260811_095552-29f57412251f7ac7.csv,31904,335c2aca3faa489ff16c1301dcac1f5435e3dcbc1a2359e6585aedb4c24d04c9
zeropadding_-train-20260811_122947-250d9c77bb933117.csv,qmnist,qmnist,mnist_family,zeropadding,standard,zeropadding,rbla,simple_lora_mlp,qmnist_dirichlet_0_4_seed_3,dirichlet,0.4,3,mismatch,inferred_spearman,-1,0.7367;0.3179;0.25;0.3144;0.4083;0.4077;1;0.5548;0.5282;0.3221,100,5,complete,101,0.766783333333,100,0.766783333333,100,20260811_122947,250d9c77bb933117,zeropadding_-train-20260811_122947-250d9c77bb933117.csv,raw\zeropadding_-train-20260811_122947-250d9c77bb933117.csv,by_dataset\mnist_family\qmnist\zeropadding\standard\mismatch\alpha_0.4\zeropadding_-train-20260811_122947-250d9c77bb933117.csv,31895,78b87926c3b56266cf7918d5d67f3088dd359d917cf20e4d82f61277a3e71d8a
zeropadding_-train-20260811_150402-d9a5055de6f6cfd2.csv,qmnist,qmnist,mnist_family,zeropadding,standard,zeropadding,rbla,simple_lora_mlp,qmnist_dirichlet_0_8_seed_1,dirichlet,0.8,1,mismatch,inferred_spearman,-1,0.6;0.1;0.3;0.7;1;0.4;0.5;0.8;0.9;0.2,100,5,complete,101,0.785133333333,100,0.785133333333,100,20260811_150402,d9a5055de6f6cfd2,zeropadding_-train-20260811_150402-d9a5055de6f6cfd2.csv,raw\zeropadding_-train-20260811_150402-d9a5055de6f6cfd2.csv,by_dataset\mnist_family\qmnist\zeropadding\standard\mismatch\alpha_0.8\zeropadding_-train-20260811_150402-d9a5055de6f6cfd2.csv,31850,9a041a24c331a84d50e6b482b5d9dcf54cce8362b28587f51192553874932330
zeropadding_-train-20260811_173837-bd6d63bcc1ea147f.csv,qmnist,qmnist,mnist_family,zeropadding,standard,zeropadding,rbla,simple_lora_mlp,qmnist_dirichlet_0_8_seed_2,dirichlet,0.8,2,mismatch,inferred_spearman,-1,0.8;0.3;0.4;0.7;1;0.9;0.2;0.5;0.1;0.6,100,5,complete,101,0.751216666667,99,0.750066666667,100,20260811_173837,bd6d63bcc1ea147f,zeropadding_-train-20260811_173837-bd6d63bcc1ea147f.csv,raw\zeropadding_-train-20260811_173837-bd6d63bcc1ea147f.csv,by_dataset\mnist_family\qmnist\zeropadding\standard\mismatch\alpha_0.8\zeropadding_-train-20260811_173837-bd6d63bcc1ea147f.csv,31883,e7bc4b42d9d485d71b9f56e8877d719d1e807660303a5443a6098ecb56356d78
zeropadding_-train-20260811_201203-a3aa0137a15ee906.csv,qmnist,qmnist,mnist_family,zeropadding,standard,zeropadding,rbla,simple_lora_mlp,qmnist_dirichlet_0_8_seed_3,dirichlet,0.8,3,mismatch,inferred_spearman,-1,0.6;0.5;0.9;0.1;0.4;1;0.3;0.8;0.7;0.2,100,5,complete,101,0.808033333333,100,0.808033333333,100,20260811_201203,a3aa0137a15ee906,zeropadding_-train-20260811_201203-a3aa0137a15ee906.csv,raw\zeropadding_-train-20260811_201203-a3aa0137a15ee906.csv,by_dataset\mnist_family\qmnist\zeropadding\standard\mismatch\alpha_0.8\zeropadding_-train-20260811_201203-a3aa0137a15ee906.csv,31731,26832e0dda9700d7beae5b092c29c514b3b387a0eb1daf4088f7c9955064f1ba
