{
  "n_paired_cells": 9,
  "methods": {
    "gamma000": {
      "best_accuracy": {
        "mean": 0.22303333333333333,
        "sample_std": 0.041329075721578866
      },
      "final_accuracy": {
        "mean": 0.19267777777777778,
        "sample_std": 0.01631063899558949
      },
      "last5_accuracy": {
        "mean": 0.19290444444444443,
        "sample_std": 0.015117465984012594
      },
      "last5_macro_f1": {
        "mean": 0.08521668695917078,
        "sample_std": 0.02266873448714181
      },
      "last5_mcc": {
        "mean": 0.16442520496419488,
        "sample_std": 0.02257100748291054
      },
      "last5_loss": {
        "mean": 6.1633205377705895,
        "sample_std": 0.6420840038875787
      },
      "last5_tail_energy": {
        "mean": 0.4435783869690365,
        "sample_std": 0.020166060050142223
      },
      "last5_tail_risk": {
        "mean": 0.15439970443154868,
        "sample_std": 0.006601443504416251
      }
    },
    "gamma050": {
      "best_accuracy": {
        "mean": 0.7134,
        "sample_std": 0.03190877622222451
      },
      "final_accuracy": {
        "mean": 0.6834888888888889,
        "sample_std": 0.05381529625590768
      },
      "last5_accuracy": {
        "mean": 0.6846155555555555,
        "sample_std": 0.051853857887121345
      },
      "last5_macro_f1": {
        "mean": 0.6675133590319812,
        "sample_std": 0.06212015350870893
      },
      "last5_mcc": {
        "mean": 0.6608480246772653,
        "sample_std": 0.05030378295167128
      },
      "last5_loss": {
        "mean": 1.050875135599772,
        "sample_std": 0.07689892169749364
      },
      "last5_tail_energy": {
        "mean": 0.21558619605170357,
        "sample_std": 0.006599010945134691
      },
      "last5_tail_risk": {
        "mean": 0.040153148120653626,
        "sample_std": 0.006665119661599523
      }
    }
  },
  "paired_last5_accuracy_delta": {
    "mean": 0.49171111111111115,
    "sample_std": 0.05947847266962317,
    "95pct_t_interval": [
      0.44599199178572746,
      0.5374302304364948
    ],
    "positive_cells": 9,
    "minimum": 0.38348000000000004,
    "maximum": 0.5595
  },
  "marginal_last5_accuracy": {
    "by_training_seed": {
      "42": {
        "gamma000": 0.19050666666666666,
        "gamma050": 0.7000266666666667
      },
      "43": {
        "gamma000": 0.20157333333333333,
        "gamma050": 0.70368
      },
      "44": {
        "gamma000": 0.18663333333333335,
        "gamma050": 0.65014
      }
    },
    "by_rank_assignment_seed": {
      "42": {
        "gamma000": 0.18335333333333334,
        "gamma050": 0.7185533333333334
      },
      "43": {
        "gamma000": 0.20667333333333335,
        "gamma050": 0.6312333333333333
      },
      "44": {
        "gamma000": 0.18868666666666667,
        "gamma050": 0.70406
      }
    }
  }
}