dataset,model,layer_or_aggregate,seed,round,R,r,normalized_rank,sp_plus_dense_difference,gap,analytic_optimal_error,experiment_type,checkpoint,d_out,d_in,spectrum,method,relative_error,numerical_checks_passed
synthetic,synthetic_low_rank_update,aggregate,42,-1,8,1,1.2500000000000000e-01,1.1674142121286500e-15,3.9560629356687238e-01,5.6465359762652834e-01,structured_synthetic_rotation,N/A,128,96,exp(-4*i/(R-1)),RBLA index prefix,9.6025989119340072e-01,True
synthetic,synthetic_low_rank_update,aggregate,42,-1,8,1,1.2500000000000000e-01,1.1674142121286500e-15,3.9560629356687238e-01,5.6465359762652834e-01,structured_synthetic_rotation,N/A,128,96,exp(-4*i/(R-1)),SP+ (compact QR),5.6465359762652834e-01,True
synthetic,synthetic_low_rank_update,aggregate,42,-1,8,1,1.2500000000000000e-01,1.1674142121286500e-15,3.9560629356687238e-01,5.6465359762652834e-01,structured_synthetic_rotation,N/A,128,96,exp(-4*i/(R-1)),Dense truncated SVD,5.6465359762652834e-01,True
synthetic,synthetic_low_rank_update,aggregate,42,-1,8,2,2.5000000000000000e-01,1.0886072023192517e-15,5.1106280841772711e-01,3.1875583277888486e-01,structured_synthetic_rotation,N/A,128,96,exp(-4*i/(R-1)),RBLA index prefix,8.2981864119661197e-01,True
synthetic,synthetic_low_rank_update,aggregate,42,-1,8,2,2.5000000000000000e-01,1.0886072023192517e-15,5.1106280841772711e-01,3.1875583277888486e-01,structured_synthetic_rotation,N/A,128,96,exp(-4*i/(R-1)),SP+ (compact QR),3.1875583277888486e-01,True
synthetic,synthetic_low_rank_update,aggregate,42,-1,8,2,2.5000000000000000e-01,1.0886072023192517e-15,5.1106280841772711e-01,3.1875583277888486e-01,structured_synthetic_rotation,N/A,128,96,exp(-4*i/(R-1)),Dense truncated SVD,3.1875583277888486e-01,True
synthetic,synthetic_low_rank_update,aggregate,42,-1,8,3,3.7500000000000000e-01,1.0693755903043412e-15,6.1850047202197267e-01,1.7980466716998986e-01,structured_synthetic_rotation,N/A,128,96,exp(-4*i/(R-1)),RBLA index prefix,7.9830513919196244e-01,True
synthetic,synthetic_low_rank_update,aggregate,42,-1,8,3,3.7500000000000000e-01,1.0693755903043412e-15,6.1850047202197267e-01,1.7980466716998986e-01,structured_synthetic_rotation,N/A,128,96,exp(-4*i/(R-1)),SP+ (compact QR),1.7980466716998977e-01,True
synthetic,synthetic_low_rank_update,aggregate,42,-1,8,3,3.7500000000000000e-01,1.0693755903043412e-15,6.1850047202197267e-01,1.7980466716998986e-01,structured_synthetic_rotation,N/A,128,96,exp(-4*i/(R-1)),Dense truncated SVD,1.7980466716998980e-01,True
synthetic,synthetic_low_rank_update,aggregate,42,-1,8,4,5.0000000000000000e-01,1.0760208584622456e-15,5.5724792612049490e-01,1.0117947994743637e-01,structured_synthetic_rotation,N/A,128,96,exp(-4*i/(R-1)),RBLA index prefix,6.5842740606793126e-01,True
synthetic,synthetic_low_rank_update,aggregate,42,-1,8,4,5.0000000000000000e-01,1.0760208584622456e-15,5.5724792612049490e-01,1.0117947994743637e-01,structured_synthetic_rotation,N/A,128,96,exp(-4*i/(R-1)),SP+ (compact QR),1.0117947994743635e-01,True
synthetic,synthetic_low_rank_update,aggregate,42,-1,8,4,5.0000000000000000e-01,1.0760208584622456e-15,5.5724792612049490e-01,1.0117947994743637e-01,structured_synthetic_rotation,N/A,128,96,exp(-4*i/(R-1)),Dense truncated SVD,1.0117947994743635e-01,True
synthetic,synthetic_low_rank_update,aggregate,42,-1,8,5,6.2500000000000000e-01,1.0940205489186905e-15,3.7334335571138066e-01,5.6496601613898335e-02,structured_synthetic_rotation,N/A,128,96,exp(-4*i/(R-1)),RBLA index prefix,4.2983995732527897e-01,True
synthetic,synthetic_low_rank_update,aggregate,42,-1,8,5,6.2500000000000000e-01,1.0940205489186905e-15,3.7334335571138066e-01,5.6496601613898335e-02,structured_synthetic_rotation,N/A,128,96,exp(-4*i/(R-1)),SP+ (compact QR),5.6496601613898328e-02,True
synthetic,synthetic_low_rank_update,aggregate,42,-1,8,5,6.2500000000000000e-01,1.0940205489186905e-15,3.7334335571138066e-01,5.6496601613898335e-02,structured_synthetic_rotation,N/A,128,96,exp(-4*i/(R-1)),Dense truncated SVD,5.6496601613898328e-02,True
synthetic,synthetic_low_rank_update,aggregate,42,-1,8,6,7.5000000000000000e-01,1.0928481824055415e-15,2.4911321664676878e-01,3.0741421310200859e-02,structured_synthetic_rotation,N/A,128,96,exp(-4*i/(R-1)),RBLA index prefix,2.7985463795696963e-01,True
synthetic,synthetic_low_rank_update,aggregate,42,-1,8,6,7.5000000000000000e-01,1.0928481824055415e-15,2.4911321664676878e-01,3.0741421310200859e-02,structured_synthetic_rotation,N/A,128,96,exp(-4*i/(R-1)),SP+ (compact QR),3.0741421310200853e-02,True
synthetic,synthetic_low_rank_update,aggregate,42,-1,8,6,7.5000000000000000e-01,1.0928481824055415e-15,2.4911321664676878e-01,3.0741421310200859e-02,structured_synthetic_rotation,N/A,128,96,exp(-4*i/(R-1)),Dense truncated SVD,3.0741421310200853e-02,True
synthetic,synthetic_low_rank_update,aggregate,42,-1,8,7,8.7500000000000000e-01,1.0945755023130975e-15,1.8913895193538405e-01,1.5116409691580561e-02,structured_synthetic_rotation,N/A,128,96,exp(-4*i/(R-1)),RBLA index prefix,2.0425536162696462e-01,True
synthetic,synthetic_low_rank_update,aggregate,42,-1,8,7,8.7500000000000000e-01,1.0945755023130975e-15,1.8913895193538405e-01,1.5116409691580561e-02,structured_synthetic_rotation,N/A,128,96,exp(-4*i/(R-1)),SP+ (compact QR),1.5116409691580559e-02,True
synthetic,synthetic_low_rank_update,aggregate,42,-1,8,7,8.7500000000000000e-01,1.0945755023130975e-15,1.8913895193538405e-01,1.5116409691580561e-02,structured_synthetic_rotation,N/A,128,96,exp(-4*i/(R-1)),Dense truncated SVD,1.5116409691580559e-02,True
synthetic,synthetic_low_rank_update,aggregate,42,-1,8,8,1.0000000000000000e+00,1.0948689088138699e-15,-8.1092992405462698e-16,0.0000000000000000e+00,structured_synthetic_rotation,N/A,128,96,exp(-4*i/(R-1)),RBLA index prefix,0.0000000000000000e+00,True
synthetic,synthetic_low_rank_update,aggregate,42,-1,8,8,1.0000000000000000e+00,1.0948689088138699e-15,-8.1092992405462698e-16,0.0000000000000000e+00,structured_synthetic_rotation,N/A,128,96,exp(-4*i/(R-1)),SP+ (compact QR),8.1092992405462698e-16,True
synthetic,synthetic_low_rank_update,aggregate,42,-1,8,8,1.0000000000000000e+00,1.0948689088138699e-15,-8.1092992405462698e-16,0.0000000000000000e+00,structured_synthetic_rotation,N/A,128,96,exp(-4*i/(R-1)),Dense truncated SVD,9.1579504714877281e-16,True
synthetic,synthetic_low_rank_update,aggregate,43,-1,8,1,1.2500000000000000e-01,1.2427777993078799e-15,4.0874101694664433e-01,5.6465359762652834e-01,structured_synthetic_rotation,N/A,128,96,exp(-4*i/(R-1)),RBLA index prefix,9.7339461457317267e-01,True
synthetic,synthetic_low_rank_update,aggregate,43,-1,8,1,1.2500000000000000e-01,1.2427777993078799e-15,4.0874101694664433e-01,5.6465359762652834e-01,structured_synthetic_rotation,N/A,128,96,exp(-4*i/(R-1)),SP+ (compact QR),5.6465359762652834e-01,True
synthetic,synthetic_low_rank_update,aggregate,43,-1,8,1,1.2500000000000000e-01,1.2427777993078799e-15,4.0874101694664433e-01,5.6465359762652834e-01,structured_synthetic_rotation,N/A,128,96,exp(-4*i/(R-1)),Dense truncated SVD,5.6465359762652834e-01,True
synthetic,synthetic_low_rank_update,aggregate,43,-1,8,2,2.5000000000000000e-01,1.2184375515095118e-15,5.5247078548142836e-01,3.1875583277888486e-01,structured_synthetic_rotation,N/A,128,96,exp(-4*i/(R-1)),RBLA index prefix,8.7122661826031333e-01,True
synthetic,synthetic_low_rank_update,aggregate,43,-1,8,2,2.5000000000000000e-01,1.2184375515095118e-15,5.5247078548142836e-01,3.1875583277888486e-01,structured_synthetic_rotation,N/A,128,96,exp(-4*i/(R-1)),SP+ (compact QR),3.1875583277888492e-01,True
synthetic,synthetic_low_rank_update,aggregate,43,-1,8,2,2.5000000000000000e-01,1.2184375515095118e-15,5.5247078548142836e-01,3.1875583277888486e-01,structured_synthetic_rotation,N/A,128,96,exp(-4*i/(R-1)),Dense truncated SVD,3.1875583277888486e-01,True
synthetic,synthetic_low_rank_update,aggregate,43,-1,8,3,3.7500000000000000e-01,1.3359132480804017e-15,6.0175810825238174e-01,1.7980466716998986e-01,structured_synthetic_rotation,N/A,128,96,exp(-4*i/(R-1)),RBLA index prefix,7.8156277542237163e-01,True
synthetic,synthetic_low_rank_update,aggregate,43,-1,8,3,3.7500000000000000e-01,1.3359132480804017e-15,6.0175810825238174e-01,1.7980466716998986e-01,structured_synthetic_rotation,N/A,128,96,exp(-4*i/(R-1)),SP+ (compact QR),1.7980466716998983e-01,True
synthetic,synthetic_low_rank_update,aggregate,43,-1,8,3,3.7500000000000000e-01,1.3359132480804017e-15,6.0175810825238174e-01,1.7980466716998986e-01,structured_synthetic_rotation,N/A,128,96,exp(-4*i/(R-1)),Dense truncated SVD,1.7980466716998983e-01,True
synthetic,synthetic_low_rank_update,aggregate,43,-1,8,4,5.0000000000000000e-01,1.3173689224680976e-15,5.8739764724736721e-01,1.0117947994743637e-01,structured_synthetic_rotation,N/A,128,96,exp(-4*i/(R-1)),RBLA index prefix,6.8857712719480357e-01,True
synthetic,synthetic_low_rank_update,aggregate,43,-1,8,4,5.0000000000000000e-01,1.3173689224680976e-15,5.8739764724736721e-01,1.0117947994743637e-01,structured_synthetic_rotation,N/A,128,96,exp(-4*i/(R-1)),SP+ (compact QR),1.0117947994743640e-01,True
synthetic,synthetic_low_rank_update,aggregate,43,-1,8,4,5.0000000000000000e-01,1.3173689224680976e-15,5.8739764724736721e-01,1.0117947994743637e-01,structured_synthetic_rotation,N/A,128,96,exp(-4*i/(R-1)),Dense truncated SVD,1.0117947994743640e-01,True
synthetic,synthetic_low_rank_update,aggregate,43,-1,8,5,6.2500000000000000e-01,1.3230764251327283e-15,5.3667499948050190e-01,5.6496601613898335e-02,structured_synthetic_rotation,N/A,128,96,exp(-4*i/(R-1)),RBLA index prefix,5.9317160109440026e-01,True
synthetic,synthetic_low_rank_update,aggregate,43,-1,8,5,6.2500000000000000e-01,1.3230764251327283e-15,5.3667499948050190e-01,5.6496601613898335e-02,structured_synthetic_rotation,N/A,128,96,exp(-4*i/(R-1)),SP+ (compact QR),5.6496601613898349e-02,True
synthetic,synthetic_low_rank_update,aggregate,43,-1,8,5,6.2500000000000000e-01,1.3230764251327283e-15,5.3667499948050190e-01,5.6496601613898335e-02,structured_synthetic_rotation,N/A,128,96,exp(-4*i/(R-1)),Dense truncated SVD,5.6496601613898349e-02,True
synthetic,synthetic_low_rank_update,aggregate,43,-1,8,6,7.5000000000000000e-01,1.3193091388991003e-15,5.2750773468980872e-01,3.0741421310200859e-02,structured_synthetic_rotation,N/A,128,96,exp(-4*i/(R-1)),RBLA index prefix,5.5824915600000957e-01,True
synthetic,synthetic_low_rank_update,aggregate,43,-1,8,6,7.5000000000000000e-01,1.3193091388991003e-15,5.2750773468980872e-01,3.0741421310200859e-02,structured_synthetic_rotation,N/A,128,96,exp(-4*i/(R-1)),SP+ (compact QR),3.0741421310200859e-02,True
synthetic,synthetic_low_rank_update,aggregate,43,-1,8,6,7.5000000000000000e-01,1.3193091388991003e-15,5.2750773468980872e-01,3.0741421310200859e-02,structured_synthetic_rotation,N/A,128,96,exp(-4*i/(R-1)),Dense truncated SVD,3.0741421310200859e-02,True
synthetic,synthetic_low_rank_update,aggregate,43,-1,8,7,8.7500000000000000e-01,1.3209603557116874e-15,4.7451583634540984e-01,1.5116409691580561e-02,structured_synthetic_rotation,N/A,128,96,exp(-4*i/(R-1)),RBLA index prefix,4.8963224603699040e-01,True
synthetic,synthetic_low_rank_update,aggregate,43,-1,8,7,8.7500000000000000e-01,1.3209603557116874e-15,4.7451583634540984e-01,1.5116409691580561e-02,structured_synthetic_rotation,N/A,128,96,exp(-4*i/(R-1)),SP+ (compact QR),1.5116409691580564e-02,True
synthetic,synthetic_low_rank_update,aggregate,43,-1,8,7,8.7500000000000000e-01,1.3209603557116874e-15,4.7451583634540984e-01,1.5116409691580561e-02,structured_synthetic_rotation,N/A,128,96,exp(-4*i/(R-1)),Dense truncated SVD,1.5116409691580564e-02,True
synthetic,synthetic_low_rank_update,aggregate,43,-1,8,8,1.0000000000000000e+00,1.3221160349701185e-15,-1.1623663384458697e-15,0.0000000000000000e+00,structured_synthetic_rotation,N/A,128,96,exp(-4*i/(R-1)),RBLA index prefix,0.0000000000000000e+00,True
synthetic,synthetic_low_rank_update,aggregate,43,-1,8,8,1.0000000000000000e+00,1.3221160349701185e-15,-1.1623663384458697e-15,0.0000000000000000e+00,structured_synthetic_rotation,N/A,128,96,exp(-4*i/(R-1)),SP+ (compact QR),1.1623663384458697e-15,True
synthetic,synthetic_low_rank_update,aggregate,43,-1,8,8,1.0000000000000000e+00,1.3221160349701185e-15,-1.1623663384458697e-15,0.0000000000000000e+00,structured_synthetic_rotation,N/A,128,96,exp(-4*i/(R-1)),Dense truncated SVD,7.7611745203094236e-16,True
synthetic,synthetic_low_rank_update,aggregate,44,-1,8,1,1.2500000000000000e-01,9.2173695156892012e-16,2.4140992401271799e-01,5.6465359762652834e-01,structured_synthetic_rotation,N/A,128,96,exp(-4*i/(R-1)),RBLA index prefix,8.0606352163924655e-01,True
synthetic,synthetic_low_rank_update,aggregate,44,-1,8,1,1.2500000000000000e-01,9.2173695156892012e-16,2.4140992401271799e-01,5.6465359762652834e-01,structured_synthetic_rotation,N/A,128,96,exp(-4*i/(R-1)),SP+ (compact QR),5.6465359762652856e-01,True
synthetic,synthetic_low_rank_update,aggregate,44,-1,8,1,1.2500000000000000e-01,9.2173695156892012e-16,2.4140992401271799e-01,5.6465359762652834e-01,structured_synthetic_rotation,N/A,128,96,exp(-4*i/(R-1)),Dense truncated SVD,5.6465359762652856e-01,True
synthetic,synthetic_low_rank_update,aggregate,44,-1,8,2,2.5000000000000000e-01,9.4421905774708323e-16,4.2755037630962217e-01,3.1875583277888486e-01,structured_synthetic_rotation,N/A,128,96,exp(-4*i/(R-1)),RBLA index prefix,7.4630620908850720e-01,True
synthetic,synthetic_low_rank_update,aggregate,44,-1,8,2,2.5000000000000000e-01,9.4421905774708323e-16,4.2755037630962217e-01,3.1875583277888486e-01,structured_synthetic_rotation,N/A,128,96,exp(-4*i/(R-1)),SP+ (compact QR),3.1875583277888503e-01,True
synthetic,synthetic_low_rank_update,aggregate,44,-1,8,2,2.5000000000000000e-01,9.4421905774708323e-16,4.2755037630962217e-01,3.1875583277888486e-01,structured_synthetic_rotation,N/A,128,96,exp(-4*i/(R-1)),Dense truncated SVD,3.1875583277888503e-01,True
synthetic,synthetic_low_rank_update,aggregate,44,-1,8,3,3.7500000000000000e-01,1.1000345932433401e-15,5.1136658285043635e-01,1.7980466716998986e-01,structured_synthetic_rotation,N/A,128,96,exp(-4*i/(R-1)),RBLA index prefix,6.9117125002042623e-01,True
synthetic,synthetic_low_rank_update,aggregate,44,-1,8,3,3.7500000000000000e-01,1.1000345932433401e-15,5.1136658285043635e-01,1.7980466716998986e-01,structured_synthetic_rotation,N/A,128,96,exp(-4*i/(R-1)),SP+ (compact QR),1.7980466716998986e-01,True
synthetic,synthetic_low_rank_update,aggregate,44,-1,8,3,3.7500000000000000e-01,1.1000345932433401e-15,5.1136658285043635e-01,1.7980466716998986e-01,structured_synthetic_rotation,N/A,128,96,exp(-4*i/(R-1)),Dense truncated SVD,1.7980466716998986e-01,True
synthetic,synthetic_low_rank_update,aggregate,44,-1,8,4,5.0000000000000000e-01,1.0887145773742925e-15,5.3077813155826148e-01,1.0117947994743637e-01,structured_synthetic_rotation,N/A,128,96,exp(-4*i/(R-1)),RBLA index prefix,6.3195761150569785e-01,True
synthetic,synthetic_low_rank_update,aggregate,44,-1,8,4,5.0000000000000000e-01,1.0887145773742925e-15,5.3077813155826148e-01,1.0117947994743637e-01,structured_synthetic_rotation,N/A,128,96,exp(-4*i/(R-1)),SP+ (compact QR),1.0117947994743641e-01,True
synthetic,synthetic_low_rank_update,aggregate,44,-1,8,4,5.0000000000000000e-01,1.0887145773742925e-15,5.3077813155826148e-01,1.0117947994743637e-01,structured_synthetic_rotation,N/A,128,96,exp(-4*i/(R-1)),Dense truncated SVD,1.0117947994743641e-01,True
synthetic,synthetic_low_rank_update,aggregate,44,-1,8,5,6.2500000000000000e-01,1.1941519723272597e-15,4.0710670574944557e-01,5.6496601613898335e-02,structured_synthetic_rotation,N/A,128,96,exp(-4*i/(R-1)),RBLA index prefix,4.6360330736334393e-01,True
synthetic,synthetic_low_rank_update,aggregate,44,-1,8,5,6.2500000000000000e-01,1.1941519723272597e-15,4.0710670574944557e-01,5.6496601613898335e-02,structured_synthetic_rotation,N/A,128,96,exp(-4*i/(R-1)),SP+ (compact QR),5.6496601613898370e-02,True
synthetic,synthetic_low_rank_update,aggregate,44,-1,8,5,6.2500000000000000e-01,1.1941519723272597e-15,4.0710670574944557e-01,5.6496601613898335e-02,structured_synthetic_rotation,N/A,128,96,exp(-4*i/(R-1)),Dense truncated SVD,5.6496601613898370e-02,True
synthetic,synthetic_low_rank_update,aggregate,44,-1,8,6,7.5000000000000000e-01,1.1472583260293737e-15,3.7102980843200323e-01,3.0741421310200859e-02,structured_synthetic_rotation,N/A,128,96,exp(-4*i/(R-1)),RBLA index prefix,4.0177122974220408e-01,True
synthetic,synthetic_low_rank_update,aggregate,44,-1,8,6,7.5000000000000000e-01,1.1472583260293737e-15,3.7102980843200323e-01,3.0741421310200859e-02,structured_synthetic_rotation,N/A,128,96,exp(-4*i/(R-1)),SP+ (compact QR),3.0741421310200863e-02,True
synthetic,synthetic_low_rank_update,aggregate,44,-1,8,6,7.5000000000000000e-01,1.1472583260293737e-15,3.7102980843200323e-01,3.0741421310200859e-02,structured_synthetic_rotation,N/A,128,96,exp(-4*i/(R-1)),Dense truncated SVD,3.0741421310200870e-02,True
synthetic,synthetic_low_rank_update,aggregate,44,-1,8,7,8.7500000000000000e-01,1.1459021460934580e-15,3.2628682608676468e-01,1.5116409691580561e-02,structured_synthetic_rotation,N/A,128,96,exp(-4*i/(R-1)),RBLA index prefix,3.4140323577834525e-01,True
synthetic,synthetic_low_rank_update,aggregate,44,-1,8,7,8.7500000000000000e-01,1.1459021460934580e-15,3.2628682608676468e-01,1.5116409691580561e-02,structured_synthetic_rotation,N/A,128,96,exp(-4*i/(R-1)),SP+ (compact QR),1.5116409691580570e-02,True
synthetic,synthetic_low_rank_update,aggregate,44,-1,8,7,8.7500000000000000e-01,1.1459021460934580e-15,3.2628682608676468e-01,1.5116409691580561e-02,structured_synthetic_rotation,N/A,128,96,exp(-4*i/(R-1)),Dense truncated SVD,1.5116409691580570e-02,True
synthetic,synthetic_low_rank_update,aggregate,44,-1,8,8,1.0000000000000000e+00,1.1463810873337451e-15,-9.3604685200200066e-16,0.0000000000000000e+00,structured_synthetic_rotation,N/A,128,96,exp(-4*i/(R-1)),RBLA index prefix,0.0000000000000000e+00,True
synthetic,synthetic_low_rank_update,aggregate,44,-1,8,8,1.0000000000000000e+00,1.1463810873337451e-15,-9.3604685200200066e-16,0.0000000000000000e+00,structured_synthetic_rotation,N/A,128,96,exp(-4*i/(R-1)),SP+ (compact QR),9.3604685200200066e-16,True
synthetic,synthetic_low_rank_update,aggregate,44,-1,8,8,1.0000000000000000e+00,1.1463810873337451e-15,-9.3604685200200066e-16,0.0000000000000000e+00,structured_synthetic_rotation,N/A,128,96,exp(-4*i/(R-1)),Dense truncated SVD,7.6412491478089140e-16,True
synthetic,synthetic_low_rank_update,aggregate,45,-1,8,1,1.2500000000000000e-01,1.5934173134213529e-15,3.9722849570616536e-01,5.6465359762652834e-01,structured_synthetic_rotation,N/A,128,96,exp(-4*i/(R-1)),RBLA index prefix,9.6188209333269381e-01,True
synthetic,synthetic_low_rank_update,aggregate,45,-1,8,1,1.2500000000000000e-01,1.5934173134213529e-15,3.9722849570616536e-01,5.6465359762652834e-01,structured_synthetic_rotation,N/A,128,96,exp(-4*i/(R-1)),SP+ (compact QR),5.6465359762652845e-01,True
synthetic,synthetic_low_rank_update,aggregate,45,-1,8,1,1.2500000000000000e-01,1.5934173134213529e-15,3.9722849570616536e-01,5.6465359762652834e-01,structured_synthetic_rotation,N/A,128,96,exp(-4*i/(R-1)),Dense truncated SVD,5.6465359762652856e-01,True
synthetic,synthetic_low_rank_update,aggregate,45,-1,8,2,2.5000000000000000e-01,1.6281786430255908e-15,5.8170193374972234e-01,3.1875583277888486e-01,structured_synthetic_rotation,N/A,128,96,exp(-4*i/(R-1)),RBLA index prefix,9.0045776652860754e-01,True
synthetic,synthetic_low_rank_update,aggregate,45,-1,8,2,2.5000000000000000e-01,1.6281786430255908e-15,5.8170193374972234e-01,3.1875583277888486e-01,structured_synthetic_rotation,N/A,128,96,exp(-4*i/(R-1)),SP+ (compact QR),3.1875583277888520e-01,True
synthetic,synthetic_low_rank_update,aggregate,45,-1,8,2,2.5000000000000000e-01,1.6281786430255908e-15,5.8170193374972234e-01,3.1875583277888486e-01,structured_synthetic_rotation,N/A,128,96,exp(-4*i/(R-1)),Dense truncated SVD,3.1875583277888520e-01,True
synthetic,synthetic_low_rank_update,aggregate,45,-1,8,3,3.7500000000000000e-01,1.6916938823006162e-15,6.9097905856638109e-01,1.7980466716998986e-01,structured_synthetic_rotation,N/A,128,96,exp(-4*i/(R-1)),RBLA index prefix,8.7078372573637097e-01,True
synthetic,synthetic_low_rank_update,aggregate,45,-1,8,3,3.7500000000000000e-01,1.6916938823006162e-15,6.9097905856638109e-01,1.7980466716998986e-01,structured_synthetic_rotation,N/A,128,96,exp(-4*i/(R-1)),SP+ (compact QR),1.7980466716998994e-01,True
synthetic,synthetic_low_rank_update,aggregate,45,-1,8,3,3.7500000000000000e-01,1.6916938823006162e-15,6.9097905856638109e-01,1.7980466716998986e-01,structured_synthetic_rotation,N/A,128,96,exp(-4*i/(R-1)),Dense truncated SVD,1.7980466716998994e-01,True
synthetic,synthetic_low_rank_update,aggregate,45,-1,8,4,5.0000000000000000e-01,1.7219207993013836e-15,5.3165233653644028e-01,1.0117947994743637e-01,structured_synthetic_rotation,N/A,128,96,exp(-4*i/(R-1)),RBLA index prefix,6.3283181648387676e-01,True
synthetic,synthetic_low_rank_update,aggregate,45,-1,8,4,5.0000000000000000e-01,1.7219207993013836e-15,5.3165233653644028e-01,1.0117947994743637e-01,structured_synthetic_rotation,N/A,128,96,exp(-4*i/(R-1)),SP+ (compact QR),1.0117947994743644e-01,True
synthetic,synthetic_low_rank_update,aggregate,45,-1,8,4,5.0000000000000000e-01,1.7219207993013836e-15,5.3165233653644028e-01,1.0117947994743637e-01,structured_synthetic_rotation,N/A,128,96,exp(-4*i/(R-1)),Dense truncated SVD,1.0117947994743644e-01,True
synthetic,synthetic_low_rank_update,aggregate,45,-1,8,5,6.2500000000000000e-01,1.7319179446438955e-15,5.5646557172429323e-01,5.6496601613898335e-02,structured_synthetic_rotation,N/A,128,96,exp(-4*i/(R-1)),RBLA index prefix,6.1296217333819158e-01,True
synthetic,synthetic_low_rank_update,aggregate,45,-1,8,5,6.2500000000000000e-01,1.7319179446438955e-15,5.5646557172429323e-01,5.6496601613898335e-02,structured_synthetic_rotation,N/A,128,96,exp(-4*i/(R-1)),SP+ (compact QR),5.6496601613898370e-02,True
synthetic,synthetic_low_rank_update,aggregate,45,-1,8,5,6.2500000000000000e-01,1.7319179446438955e-15,5.5646557172429323e-01,5.6496601613898335e-02,structured_synthetic_rotation,N/A,128,96,exp(-4*i/(R-1)),Dense truncated SVD,5.6496601613898370e-02,True
synthetic,synthetic_low_rank_update,aggregate,45,-1,8,6,7.5000000000000000e-01,1.7270266891755453e-15,5.2271869502401980e-01,3.0741421310200859e-02,structured_synthetic_rotation,N/A,128,96,exp(-4*i/(R-1)),RBLA index prefix,5.5346011633422065e-01,True
synthetic,synthetic_low_rank_update,aggregate,45,-1,8,6,7.5000000000000000e-01,1.7270266891755453e-15,5.2271869502401980e-01,3.0741421310200859e-02,structured_synthetic_rotation,N/A,128,96,exp(-4*i/(R-1)),SP+ (compact QR),3.0741421310200870e-02,True
synthetic,synthetic_low_rank_update,aggregate,45,-1,8,6,7.5000000000000000e-01,1.7270266891755453e-15,5.2271869502401980e-01,3.0741421310200859e-02,structured_synthetic_rotation,N/A,128,96,exp(-4*i/(R-1)),Dense truncated SVD,3.0741421310200870e-02,True
synthetic,synthetic_low_rank_update,aggregate,45,-1,8,7,8.7500000000000000e-01,1.7273757561116307e-15,3.7524241463482716e-01,1.5116409691580561e-02,structured_synthetic_rotation,N/A,128,96,exp(-4*i/(R-1)),RBLA index prefix,3.9035882432640773e-01,True
synthetic,synthetic_low_rank_update,aggregate,45,-1,8,7,8.7500000000000000e-01,1.7273757561116307e-15,3.7524241463482716e-01,1.5116409691580561e-02,structured_synthetic_rotation,N/A,128,96,exp(-4*i/(R-1)),SP+ (compact QR),1.5116409691580575e-02,True
synthetic,synthetic_low_rank_update,aggregate,45,-1,8,7,8.7500000000000000e-01,1.7273757561116307e-15,3.7524241463482716e-01,1.5116409691580561e-02,structured_synthetic_rotation,N/A,128,96,exp(-4*i/(R-1)),Dense truncated SVD,1.5116409691580573e-02,True
synthetic,synthetic_low_rank_update,aggregate,45,-1,8,8,1.0000000000000000e+00,1.7270860744657329e-15,-1.0170287234306463e-15,0.0000000000000000e+00,structured_synthetic_rotation,N/A,128,96,exp(-4*i/(R-1)),RBLA index prefix,0.0000000000000000e+00,True
synthetic,synthetic_low_rank_update,aggregate,45,-1,8,8,1.0000000000000000e+00,1.7270860744657329e-15,-1.0170287234306463e-15,0.0000000000000000e+00,structured_synthetic_rotation,N/A,128,96,exp(-4*i/(R-1)),SP+ (compact QR),1.0170287234306463e-15,True
synthetic,synthetic_low_rank_update,aggregate,45,-1,8,8,1.0000000000000000e+00,1.7270860744657329e-15,-1.0170287234306463e-15,0.0000000000000000e+00,structured_synthetic_rotation,N/A,128,96,exp(-4*i/(R-1)),Dense truncated SVD,9.8354218790115865e-16,True
synthetic,synthetic_low_rank_update,aggregate,46,-1,8,1,1.2500000000000000e-01,9.9022053393971656e-16,4.0270086548533712e-01,5.6465359762652834e-01,structured_synthetic_rotation,N/A,128,96,exp(-4*i/(R-1)),RBLA index prefix,9.6735446311186568e-01,True
synthetic,synthetic_low_rank_update,aggregate,46,-1,8,1,1.2500000000000000e-01,9.9022053393971656e-16,4.0270086548533712e-01,5.6465359762652834e-01,structured_synthetic_rotation,N/A,128,96,exp(-4*i/(R-1)),SP+ (compact QR),5.6465359762652856e-01,True
synthetic,synthetic_low_rank_update,aggregate,46,-1,8,1,1.2500000000000000e-01,9.9022053393971656e-16,4.0270086548533712e-01,5.6465359762652834e-01,structured_synthetic_rotation,N/A,128,96,exp(-4*i/(R-1)),Dense truncated SVD,5.6465359762652856e-01,True
synthetic,synthetic_low_rank_update,aggregate,46,-1,8,2,2.5000000000000000e-01,9.5985905410057211e-16,5.8951627584787691e-01,3.1875583277888486e-01,structured_synthetic_rotation,N/A,128,96,exp(-4*i/(R-1)),RBLA index prefix,9.0827210862676211e-01,True
synthetic,synthetic_low_rank_update,aggregate,46,-1,8,2,2.5000000000000000e-01,9.5985905410057211e-16,5.8951627584787691e-01,3.1875583277888486e-01,structured_synthetic_rotation,N/A,128,96,exp(-4*i/(R-1)),SP+ (compact QR),3.1875583277888514e-01,True
synthetic,synthetic_low_rank_update,aggregate,46,-1,8,2,2.5000000000000000e-01,9.5985905410057211e-16,5.8951627584787691e-01,3.1875583277888486e-01,structured_synthetic_rotation,N/A,128,96,exp(-4*i/(R-1)),Dense truncated SVD,3.1875583277888514e-01,True
synthetic,synthetic_low_rank_update,aggregate,46,-1,8,3,3.7500000000000000e-01,9.8145280945854332e-16,6.1729860849096574e-01,1.7980466716998986e-01,structured_synthetic_rotation,N/A,128,96,exp(-4*i/(R-1)),RBLA index prefix,7.9710327566095573e-01,True
synthetic,synthetic_low_rank_update,aggregate,46,-1,8,3,3.7500000000000000e-01,9.8145280945854332e-16,6.1729860849096574e-01,1.7980466716998986e-01,structured_synthetic_rotation,N/A,128,96,exp(-4*i/(R-1)),SP+ (compact QR),1.7980466716998997e-01,True
synthetic,synthetic_low_rank_update,aggregate,46,-1,8,3,3.7500000000000000e-01,9.8145280945854332e-16,6.1729860849096574e-01,1.7980466716998986e-01,structured_synthetic_rotation,N/A,128,96,exp(-4*i/(R-1)),Dense truncated SVD,1.7980466716998997e-01,True
synthetic,synthetic_low_rank_update,aggregate,46,-1,8,4,5.0000000000000000e-01,9.9636822604959283e-16,6.3150708240933584e-01,1.0117947994743637e-01,structured_synthetic_rotation,N/A,128,96,exp(-4*i/(R-1)),RBLA index prefix,7.3268656235677232e-01,True
synthetic,synthetic_low_rank_update,aggregate,46,-1,8,4,5.0000000000000000e-01,9.9636822604959283e-16,6.3150708240933584e-01,1.0117947994743637e-01,structured_synthetic_rotation,N/A,128,96,exp(-4*i/(R-1)),SP+ (compact QR),1.0117947994743645e-01,True
synthetic,synthetic_low_rank_update,aggregate,46,-1,8,4,5.0000000000000000e-01,9.9636822604959283e-16,6.3150708240933584e-01,1.0117947994743637e-01,structured_synthetic_rotation,N/A,128,96,exp(-4*i/(R-1)),Dense truncated SVD,1.0117947994743645e-01,True
synthetic,synthetic_low_rank_update,aggregate,46,-1,8,5,6.2500000000000000e-01,1.7002230519491679e-15,5.3963234983833819e-01,5.6496601613898335e-02,structured_synthetic_rotation,N/A,128,96,exp(-4*i/(R-1)),RBLA index prefix,5.9612895145223654e-01,True
synthetic,synthetic_low_rank_update,aggregate,46,-1,8,5,6.2500000000000000e-01,1.7002230519491679e-15,5.3963234983833819e-01,5.6496601613898335e-02,structured_synthetic_rotation,N/A,128,96,exp(-4*i/(R-1)),SP+ (compact QR),5.6496601613898377e-02,True
synthetic,synthetic_low_rank_update,aggregate,46,-1,8,5,6.2500000000000000e-01,1.7002230519491679e-15,5.3963234983833819e-01,5.6496601613898335e-02,structured_synthetic_rotation,N/A,128,96,exp(-4*i/(R-1)),Dense truncated SVD,5.6496601613898377e-02,True
synthetic,synthetic_low_rank_update,aggregate,46,-1,8,6,7.5000000000000000e-01,1.3022453044668741e-15,5.3003064550909507e-01,3.0741421310200859e-02,structured_synthetic_rotation,N/A,128,96,exp(-4*i/(R-1)),RBLA index prefix,5.6077206681929592e-01,True
synthetic,synthetic_low_rank_update,aggregate,46,-1,8,6,7.5000000000000000e-01,1.3022453044668741e-15,5.3003064550909507e-01,3.0741421310200859e-02,structured_synthetic_rotation,N/A,128,96,exp(-4*i/(R-1)),SP+ (compact QR),3.0741421310200877e-02,True
synthetic,synthetic_low_rank_update,aggregate,46,-1,8,6,7.5000000000000000e-01,1.3022453044668741e-15,5.3003064550909507e-01,3.0741421310200859e-02,structured_synthetic_rotation,N/A,128,96,exp(-4*i/(R-1)),Dense truncated SVD,3.0741421310200880e-02,True
synthetic,synthetic_low_rank_update,aggregate,46,-1,8,7,8.7500000000000000e-01,1.3010257356228703e-15,3.8092135956985440e-01,1.5116409691580561e-02,structured_synthetic_rotation,N/A,128,96,exp(-4*i/(R-1)),RBLA index prefix,3.9603776926143497e-01,True
synthetic,synthetic_low_rank_update,aggregate,46,-1,8,7,8.7500000000000000e-01,1.3010257356228703e-15,3.8092135956985440e-01,1.5116409691580561e-02,structured_synthetic_rotation,N/A,128,96,exp(-4*i/(R-1)),SP+ (compact QR),1.5116409691580570e-02,True
synthetic,synthetic_low_rank_update,aggregate,46,-1,8,7,8.7500000000000000e-01,1.3010257356228703e-15,3.8092135956985440e-01,1.5116409691580561e-02,structured_synthetic_rotation,N/A,128,96,exp(-4*i/(R-1)),Dense truncated SVD,1.5116409691580570e-02,True
synthetic,synthetic_low_rank_update,aggregate,46,-1,8,8,1.0000000000000000e+00,1.3004916451359180e-15,-1.2192945053759562e-15,0.0000000000000000e+00,structured_synthetic_rotation,N/A,128,96,exp(-4*i/(R-1)),RBLA index prefix,0.0000000000000000e+00,True
synthetic,synthetic_low_rank_update,aggregate,46,-1,8,8,1.0000000000000000e+00,1.3004916451359180e-15,-1.2192945053759562e-15,0.0000000000000000e+00,structured_synthetic_rotation,N/A,128,96,exp(-4*i/(R-1)),SP+ (compact QR),1.2192945053759562e-15,True
synthetic,synthetic_low_rank_update,aggregate,46,-1,8,8,1.0000000000000000e+00,1.3004916451359180e-15,-1.2192945053759562e-15,0.0000000000000000e+00,structured_synthetic_rotation,N/A,128,96,exp(-4*i/(R-1)),Dense truncated SVD,5.9052116608711971e-16,True
synthetic,synthetic_low_rank_update,aggregate,47,-1,8,1,1.2500000000000000e-01,8.4613046662209447e-16,3.6630147966550575e-01,5.6465359762652834e-01,structured_synthetic_rotation,N/A,128,96,exp(-4*i/(R-1)),RBLA index prefix,9.3095507729203408e-01,True
synthetic,synthetic_low_rank_update,aggregate,47,-1,8,1,1.2500000000000000e-01,8.4613046662209447e-16,3.6630147966550575e-01,5.6465359762652834e-01,structured_synthetic_rotation,N/A,128,96,exp(-4*i/(R-1)),SP+ (compact QR),5.6465359762652834e-01,True
synthetic,synthetic_low_rank_update,aggregate,47,-1,8,1,1.2500000000000000e-01,8.4613046662209447e-16,3.6630147966550575e-01,5.6465359762652834e-01,structured_synthetic_rotation,N/A,128,96,exp(-4*i/(R-1)),Dense truncated SVD,5.6465359762652834e-01,True
synthetic,synthetic_low_rank_update,aggregate,47,-1,8,2,2.5000000000000000e-01,9.7587734514052342e-16,5.7328877341842555e-01,3.1875583277888486e-01,structured_synthetic_rotation,N/A,128,96,exp(-4*i/(R-1)),RBLA index prefix,8.9204460619731052e-01,True
synthetic,synthetic_low_rank_update,aggregate,47,-1,8,2,2.5000000000000000e-01,9.7587734514052342e-16,5.7328877341842555e-01,3.1875583277888486e-01,structured_synthetic_rotation,N/A,128,96,exp(-4*i/(R-1)),SP+ (compact QR),3.1875583277888492e-01,True
synthetic,synthetic_low_rank_update,aggregate,47,-1,8,2,2.5000000000000000e-01,9.7587734514052342e-16,5.7328877341842555e-01,3.1875583277888486e-01,structured_synthetic_rotation,N/A,128,96,exp(-4*i/(R-1)),Dense truncated SVD,3.1875583277888492e-01,True
synthetic,synthetic_low_rank_update,aggregate,47,-1,8,3,3.7500000000000000e-01,8.3712618532213485e-16,4.1037334856729080e-01,1.7980466716998986e-01,structured_synthetic_rotation,N/A,128,96,exp(-4*i/(R-1)),RBLA index prefix,5.9017801573728057e-01,True
synthetic,synthetic_low_rank_update,aggregate,47,-1,8,3,3.7500000000000000e-01,8.3712618532213485e-16,4.1037334856729080e-01,1.7980466716998986e-01,structured_synthetic_rotation,N/A,128,96,exp(-4*i/(R-1)),SP+ (compact QR),1.7980466716998980e-01,True
synthetic,synthetic_low_rank_update,aggregate,47,-1,8,3,3.7500000000000000e-01,8.3712618532213485e-16,4.1037334856729080e-01,1.7980466716998986e-01,structured_synthetic_rotation,N/A,128,96,exp(-4*i/(R-1)),Dense truncated SVD,1.7980466716998980e-01,True
synthetic,synthetic_low_rank_update,aggregate,47,-1,8,4,5.0000000000000000e-01,8.5742968024600871e-16,4.2024044477480116e-01,1.0117947994743637e-01,structured_synthetic_rotation,N/A,128,96,exp(-4*i/(R-1)),RBLA index prefix,5.2141992472223753e-01,True
synthetic,synthetic_low_rank_update,aggregate,47,-1,8,4,5.0000000000000000e-01,8.5742968024600871e-16,4.2024044477480116e-01,1.0117947994743637e-01,structured_synthetic_rotation,N/A,128,96,exp(-4*i/(R-1)),SP+ (compact QR),1.0117947994743638e-01,True
synthetic,synthetic_low_rank_update,aggregate,47,-1,8,4,5.0000000000000000e-01,8.5742968024600871e-16,4.2024044477480116e-01,1.0117947994743637e-01,structured_synthetic_rotation,N/A,128,96,exp(-4*i/(R-1)),Dense truncated SVD,1.0117947994743638e-01,True
synthetic,synthetic_low_rank_update,aggregate,47,-1,8,5,6.2500000000000000e-01,8.7619762886670127e-16,4.4198206277027768e-01,5.6496601613898335e-02,structured_synthetic_rotation,N/A,128,96,exp(-4*i/(R-1)),RBLA index prefix,4.9847866438417604e-01,True
synthetic,synthetic_low_rank_update,aggregate,47,-1,8,5,6.2500000000000000e-01,8.7619762886670127e-16,4.4198206277027768e-01,5.6496601613898335e-02,structured_synthetic_rotation,N/A,128,96,exp(-4*i/(R-1)),SP+ (compact QR),5.6496601613898349e-02,True
synthetic,synthetic_low_rank_update,aggregate,47,-1,8,5,6.2500000000000000e-01,8.7619762886670127e-16,4.4198206277027768e-01,5.6496601613898335e-02,structured_synthetic_rotation,N/A,128,96,exp(-4*i/(R-1)),Dense truncated SVD,5.6496601613898349e-02,True
synthetic,synthetic_low_rank_update,aggregate,47,-1,8,6,7.5000000000000000e-01,8.5933201521225726e-16,3.4167877365006744e-01,3.0741421310200859e-02,structured_synthetic_rotation,N/A,128,96,exp(-4*i/(R-1)),RBLA index prefix,3.7242019496026829e-01,True
synthetic,synthetic_low_rank_update,aggregate,47,-1,8,6,7.5000000000000000e-01,8.5933201521225726e-16,3.4167877365006744e-01,3.0741421310200859e-02,structured_synthetic_rotation,N/A,128,96,exp(-4*i/(R-1)),SP+ (compact QR),3.0741421310200859e-02,True
synthetic,synthetic_low_rank_update,aggregate,47,-1,8,6,7.5000000000000000e-01,8.5933201521225726e-16,3.4167877365006744e-01,3.0741421310200859e-02,structured_synthetic_rotation,N/A,128,96,exp(-4*i/(R-1)),Dense truncated SVD,3.0741421310200859e-02,True
synthetic,synthetic_low_rank_update,aggregate,47,-1,8,7,8.7500000000000000e-01,8.6005048218792875e-16,2.3246571373614414e-01,1.5116409691580561e-02,structured_synthetic_rotation,N/A,128,96,exp(-4*i/(R-1)),RBLA index prefix,2.4758212342772470e-01,True
synthetic,synthetic_low_rank_update,aggregate,47,-1,8,7,8.7500000000000000e-01,8.6005048218792875e-16,2.3246571373614414e-01,1.5116409691580561e-02,structured_synthetic_rotation,N/A,128,96,exp(-4*i/(R-1)),SP+ (compact QR),1.5116409691580566e-02,True
synthetic,synthetic_low_rank_update,aggregate,47,-1,8,7,8.7500000000000000e-01,8.6005048218792875e-16,2.3246571373614414e-01,1.5116409691580561e-02,structured_synthetic_rotation,N/A,128,96,exp(-4*i/(R-1)),Dense truncated SVD,1.5116409691580566e-02,True
synthetic,synthetic_low_rank_update,aggregate,47,-1,8,8,1.0000000000000000e+00,8.6071276888876185e-16,-8.2995095232887283e-16,0.0000000000000000e+00,structured_synthetic_rotation,N/A,128,96,exp(-4*i/(R-1)),RBLA index prefix,0.0000000000000000e+00,True
synthetic,synthetic_low_rank_update,aggregate,47,-1,8,8,1.0000000000000000e+00,8.6071276888876185e-16,-8.2995095232887283e-16,0.0000000000000000e+00,structured_synthetic_rotation,N/A,128,96,exp(-4*i/(R-1)),SP+ (compact QR),8.2995095232887283e-16,True
synthetic,synthetic_low_rank_update,aggregate,47,-1,8,8,1.0000000000000000e+00,8.6071276888876185e-16,-8.2995095232887283e-16,0.0000000000000000e+00,structured_synthetic_rotation,N/A,128,96,exp(-4*i/(R-1)),Dense truncated SVD,5.9922813682673751e-16,True
synthetic,synthetic_low_rank_update,aggregate,48,-1,8,1,1.2500000000000000e-01,1.2922429472680129e-15,4.1103640173303668e-01,5.6465359762652834e-01,structured_synthetic_rotation,N/A,128,96,exp(-4*i/(R-1)),RBLA index prefix,9.7568999935956524e-01,True
synthetic,synthetic_low_rank_update,aggregate,48,-1,8,1,1.2500000000000000e-01,1.2922429472680129e-15,4.1103640173303668e-01,5.6465359762652834e-01,structured_synthetic_rotation,N/A,128,96,exp(-4*i/(R-1)),SP+ (compact QR),5.6465359762652856e-01,True
synthetic,synthetic_low_rank_update,aggregate,48,-1,8,1,1.2500000000000000e-01,1.2922429472680129e-15,4.1103640173303668e-01,5.6465359762652834e-01,structured_synthetic_rotation,N/A,128,96,exp(-4*i/(R-1)),Dense truncated SVD,5.6465359762652856e-01,True
synthetic,synthetic_low_rank_update,aggregate,48,-1,8,2,2.5000000000000000e-01,1.2447391591904437e-15,4.4048103688406781e-01,3.1875583277888486e-01,structured_synthetic_rotation,N/A,128,96,exp(-4*i/(R-1)),RBLA index prefix,7.5923686966295278e-01,True
synthetic,synthetic_low_rank_update,aggregate,48,-1,8,2,2.5000000000000000e-01,1.2447391591904437e-15,4.4048103688406781e-01,3.1875583277888486e-01,structured_synthetic_rotation,N/A,128,96,exp(-4*i/(R-1)),SP+ (compact QR),3.1875583277888497e-01,True
synthetic,synthetic_low_rank_update,aggregate,48,-1,8,2,2.5000000000000000e-01,1.2447391591904437e-15,4.4048103688406781e-01,3.1875583277888486e-01,structured_synthetic_rotation,N/A,128,96,exp(-4*i/(R-1)),Dense truncated SVD,3.1875583277888497e-01,True
synthetic,synthetic_low_rank_update,aggregate,48,-1,8,3,3.7500000000000000e-01,1.2064179571552658e-15,4.4826556957755659e-01,1.7980466716998986e-01,structured_synthetic_rotation,N/A,128,96,exp(-4*i/(R-1)),RBLA index prefix,6.2807023674754647e-01,True
synthetic,synthetic_low_rank_update,aggregate,48,-1,8,3,3.7500000000000000e-01,1.2064179571552658e-15,4.4826556957755659e-01,1.7980466716998986e-01,structured_synthetic_rotation,N/A,128,96,exp(-4*i/(R-1)),SP+ (compact QR),1.7980466716998988e-01,True
synthetic,synthetic_low_rank_update,aggregate,48,-1,8,3,3.7500000000000000e-01,1.2064179571552658e-15,4.4826556957755659e-01,1.7980466716998986e-01,structured_synthetic_rotation,N/A,128,96,exp(-4*i/(R-1)),Dense truncated SVD,1.7980466716998988e-01,True
synthetic,synthetic_low_rank_update,aggregate,48,-1,8,4,5.0000000000000000e-01,1.2183304853286084e-15,5.0100947677327023e-01,1.0117947994743637e-01,structured_synthetic_rotation,N/A,128,96,exp(-4*i/(R-1)),RBLA index prefix,6.0218895672070660e-01,True
synthetic,synthetic_low_rank_update,aggregate,48,-1,8,4,5.0000000000000000e-01,1.2183304853286084e-15,5.0100947677327023e-01,1.0117947994743637e-01,structured_synthetic_rotation,N/A,128,96,exp(-4*i/(R-1)),SP+ (compact QR),1.0117947994743640e-01,True
synthetic,synthetic_low_rank_update,aggregate,48,-1,8,4,5.0000000000000000e-01,1.2183304853286084e-15,5.0100947677327023e-01,1.0117947994743637e-01,structured_synthetic_rotation,N/A,128,96,exp(-4*i/(R-1)),Dense truncated SVD,1.0117947994743638e-01,True
synthetic,synthetic_low_rank_update,aggregate,48,-1,8,5,6.2500000000000000e-01,1.2284198660037799e-15,4.7666152892505409e-01,5.6496601613898335e-02,structured_synthetic_rotation,N/A,128,96,exp(-4*i/(R-1)),RBLA index prefix,5.3315813053895245e-01,True
synthetic,synthetic_low_rank_update,aggregate,48,-1,8,5,6.2500000000000000e-01,1.2284198660037799e-15,4.7666152892505409e-01,5.6496601613898335e-02,structured_synthetic_rotation,N/A,128,96,exp(-4*i/(R-1)),SP+ (compact QR),5.6496601613898356e-02,True
synthetic,synthetic_low_rank_update,aggregate,48,-1,8,5,6.2500000000000000e-01,1.2284198660037799e-15,4.7666152892505409e-01,5.6496601613898335e-02,structured_synthetic_rotation,N/A,128,96,exp(-4*i/(R-1)),Dense truncated SVD,5.6496601613898356e-02,True
synthetic,synthetic_low_rank_update,aggregate,48,-1,8,6,7.5000000000000000e-01,1.2154873267242938e-15,4.0521398225495170e-01,3.0741421310200859e-02,structured_synthetic_rotation,N/A,128,96,exp(-4*i/(R-1)),RBLA index prefix,4.3595540356515255e-01,True
synthetic,synthetic_low_rank_update,aggregate,48,-1,8,6,7.5000000000000000e-01,1.2154873267242938e-15,4.0521398225495170e-01,3.0741421310200859e-02,structured_synthetic_rotation,N/A,128,96,exp(-4*i/(R-1)),SP+ (compact QR),3.0741421310200863e-02,True
synthetic,synthetic_low_rank_update,aggregate,48,-1,8,6,7.5000000000000000e-01,1.2154873267242938e-15,4.0521398225495170e-01,3.0741421310200859e-02,structured_synthetic_rotation,N/A,128,96,exp(-4*i/(R-1)),Dense truncated SVD,3.0741421310200863e-02,True
synthetic,synthetic_low_rank_update,aggregate,48,-1,8,7,8.7500000000000000e-01,1.2158876115094433e-15,1.0224598649720916e-01,1.5116409691580561e-02,structured_synthetic_rotation,N/A,128,96,exp(-4*i/(R-1)),RBLA index prefix,1.1736239618878973e-01,True
synthetic,synthetic_low_rank_update,aggregate,48,-1,8,7,8.7500000000000000e-01,1.2158876115094433e-15,1.0224598649720916e-01,1.5116409691580561e-02,structured_synthetic_rotation,N/A,128,96,exp(-4*i/(R-1)),SP+ (compact QR),1.5116409691580570e-02,True
synthetic,synthetic_low_rank_update,aggregate,48,-1,8,7,8.7500000000000000e-01,1.2158876115094433e-15,1.0224598649720916e-01,1.5116409691580561e-02,structured_synthetic_rotation,N/A,128,96,exp(-4*i/(R-1)),Dense truncated SVD,1.5116409691580570e-02,True
synthetic,synthetic_low_rank_update,aggregate,48,-1,8,8,1.0000000000000000e+00,1.2163690653202289e-15,-5.4541327761510301e-16,0.0000000000000000e+00,structured_synthetic_rotation,N/A,128,96,exp(-4*i/(R-1)),RBLA index prefix,0.0000000000000000e+00,True
synthetic,synthetic_low_rank_update,aggregate,48,-1,8,8,1.0000000000000000e+00,1.2163690653202289e-15,-5.4541327761510301e-16,0.0000000000000000e+00,structured_synthetic_rotation,N/A,128,96,exp(-4*i/(R-1)),SP+ (compact QR),5.4541327761510301e-16,True
synthetic,synthetic_low_rank_update,aggregate,48,-1,8,8,1.0000000000000000e+00,1.2163690653202289e-15,-5.4541327761510301e-16,0.0000000000000000e+00,structured_synthetic_rotation,N/A,128,96,exp(-4*i/(R-1)),Dense truncated SVD,9.9561557010560185e-16,True
synthetic,synthetic_low_rank_update,aggregate,49,-1,8,1,1.2500000000000000e-01,1.0176877908603482e-15,3.6972229782723343e-01,5.6465359762652834e-01,structured_synthetic_rotation,N/A,128,96,exp(-4*i/(R-1)),RBLA index prefix,9.3437589545376198e-01,True
synthetic,synthetic_low_rank_update,aggregate,49,-1,8,1,1.2500000000000000e-01,1.0176877908603482e-15,3.6972229782723343e-01,5.6465359762652834e-01,structured_synthetic_rotation,N/A,128,96,exp(-4*i/(R-1)),SP+ (compact QR),5.6465359762652856e-01,True
synthetic,synthetic_low_rank_update,aggregate,49,-1,8,1,1.2500000000000000e-01,1.0176877908603482e-15,3.6972229782723343e-01,5.6465359762652834e-01,structured_synthetic_rotation,N/A,128,96,exp(-4*i/(R-1)),Dense truncated SVD,5.6465359762652856e-01,True
synthetic,synthetic_low_rank_update,aggregate,49,-1,8,2,2.5000000000000000e-01,1.3956804200722277e-15,4.7117334146981121e-01,3.1875583277888486e-01,structured_synthetic_rotation,N/A,128,96,exp(-4*i/(R-1)),RBLA index prefix,7.8992917424869624e-01,True
synthetic,synthetic_low_rank_update,aggregate,49,-1,8,2,2.5000000000000000e-01,1.3956804200722277e-15,4.7117334146981121e-01,3.1875583277888486e-01,structured_synthetic_rotation,N/A,128,96,exp(-4*i/(R-1)),SP+ (compact QR),3.1875583277888503e-01,True
synthetic,synthetic_low_rank_update,aggregate,49,-1,8,2,2.5000000000000000e-01,1.3956804200722277e-15,4.7117334146981121e-01,3.1875583277888486e-01,structured_synthetic_rotation,N/A,128,96,exp(-4*i/(R-1)),Dense truncated SVD,3.1875583277888497e-01,True
synthetic,synthetic_low_rank_update,aggregate,49,-1,8,3,3.7500000000000000e-01,1.3612253732145917e-15,5.8243353429522882e-01,1.7980466716998986e-01,structured_synthetic_rotation,N/A,128,96,exp(-4*i/(R-1)),RBLA index prefix,7.6223820146521870e-01,True
synthetic,synthetic_low_rank_update,aggregate,49,-1,8,3,3.7500000000000000e-01,1.3612253732145917e-15,5.8243353429522882e-01,1.7980466716998986e-01,structured_synthetic_rotation,N/A,128,96,exp(-4*i/(R-1)),SP+ (compact QR),1.7980466716998991e-01,True
synthetic,synthetic_low_rank_update,aggregate,49,-1,8,3,3.7500000000000000e-01,1.3612253732145917e-15,5.8243353429522882e-01,1.7980466716998986e-01,structured_synthetic_rotation,N/A,128,96,exp(-4*i/(R-1)),Dense truncated SVD,1.7980466716998991e-01,True
synthetic,synthetic_low_rank_update,aggregate,49,-1,8,4,5.0000000000000000e-01,1.3659706689445241e-15,4.2807562629652884e-01,1.0117947994743637e-01,structured_synthetic_rotation,N/A,128,96,exp(-4*i/(R-1)),RBLA index prefix,5.2925510624396532e-01,True
synthetic,synthetic_low_rank_update,aggregate,49,-1,8,4,5.0000000000000000e-01,1.3659706689445241e-15,4.2807562629652884e-01,1.0117947994743637e-01,structured_synthetic_rotation,N/A,128,96,exp(-4*i/(R-1)),SP+ (compact QR),1.0117947994743645e-01,True
synthetic,synthetic_low_rank_update,aggregate,49,-1,8,4,5.0000000000000000e-01,1.3659706689445241e-15,4.2807562629652884e-01,1.0117947994743637e-01,structured_synthetic_rotation,N/A,128,96,exp(-4*i/(R-1)),Dense truncated SVD,1.0117947994743645e-01,True
synthetic,synthetic_low_rank_update,aggregate,49,-1,8,5,6.2500000000000000e-01,1.8092675875374346e-15,1.2060528532382443e-01,5.6496601613898335e-02,structured_synthetic_rotation,N/A,128,96,exp(-4*i/(R-1)),RBLA index prefix,1.7710188693772280e-01,True
synthetic,synthetic_low_rank_update,aggregate,49,-1,8,5,6.2500000000000000e-01,1.8092675875374346e-15,1.2060528532382443e-01,5.6496601613898335e-02,structured_synthetic_rotation,N/A,128,96,exp(-4*i/(R-1)),SP+ (compact QR),5.6496601613898370e-02,True
synthetic,synthetic_low_rank_update,aggregate,49,-1,8,5,6.2500000000000000e-01,1.8092675875374346e-15,1.2060528532382443e-01,5.6496601613898335e-02,structured_synthetic_rotation,N/A,128,96,exp(-4*i/(R-1)),Dense truncated SVD,5.6496601613898370e-02,True
synthetic,synthetic_low_rank_update,aggregate,49,-1,8,6,7.5000000000000000e-01,1.5417345589536913e-15,8.7407054166363601e-02,3.0741421310200859e-02,structured_synthetic_rotation,N/A,128,96,exp(-4*i/(R-1)),RBLA index prefix,1.1814847547656447e-01,True
synthetic,synthetic_low_rank_update,aggregate,49,-1,8,6,7.5000000000000000e-01,1.5417345589536913e-15,8.7407054166363601e-02,3.0741421310200859e-02,structured_synthetic_rotation,N/A,128,96,exp(-4*i/(R-1)),SP+ (compact QR),3.0741421310200877e-02,True
synthetic,synthetic_low_rank_update,aggregate,49,-1,8,6,7.5000000000000000e-01,1.5417345589536913e-15,8.7407054166363601e-02,3.0741421310200859e-02,structured_synthetic_rotation,N/A,128,96,exp(-4*i/(R-1)),Dense truncated SVD,3.0741421310200877e-02,True
synthetic,synthetic_low_rank_update,aggregate,49,-1,8,7,8.7500000000000000e-01,1.5415168858579326e-15,9.4252576863235724e-02,1.5116409691580561e-02,structured_synthetic_rotation,N/A,128,96,exp(-4*i/(R-1)),RBLA index prefix,1.0936898655481629e-01,True
synthetic,synthetic_low_rank_update,aggregate,49,-1,8,7,8.7500000000000000e-01,1.5415168858579326e-15,9.4252576863235724e-02,1.5116409691580561e-02,structured_synthetic_rotation,N/A,128,96,exp(-4*i/(R-1)),SP+ (compact QR),1.5116409691580570e-02,True
synthetic,synthetic_low_rank_update,aggregate,49,-1,8,7,8.7500000000000000e-01,1.5415168858579326e-15,9.4252576863235724e-02,1.5116409691580561e-02,structured_synthetic_rotation,N/A,128,96,exp(-4*i/(R-1)),Dense truncated SVD,1.5116409691580570e-02,True
synthetic,synthetic_low_rank_update,aggregate,49,-1,8,8,1.0000000000000000e+00,1.5411434705930911e-15,-1.3923840325254258e-15,0.0000000000000000e+00,structured_synthetic_rotation,N/A,128,96,exp(-4*i/(R-1)),RBLA index prefix,0.0000000000000000e+00,True
synthetic,synthetic_low_rank_update,aggregate,49,-1,8,8,1.0000000000000000e+00,1.5411434705930911e-15,-1.3923840325254258e-15,0.0000000000000000e+00,structured_synthetic_rotation,N/A,128,96,exp(-4*i/(R-1)),SP+ (compact QR),1.3923840325254258e-15,True
synthetic,synthetic_low_rank_update,aggregate,49,-1,8,8,1.0000000000000000e+00,1.5411434705930911e-15,-1.3923840325254258e-15,0.0000000000000000e+00,structured_synthetic_rotation,N/A,128,96,exp(-4*i/(R-1)),Dense truncated SVD,7.4222932095641305e-16,True
synthetic,synthetic_low_rank_update,aggregate,50,-1,8,1,1.2500000000000000e-01,8.4210853379437200e-16,3.9938256697884322e-01,5.6465359762652834e-01,structured_synthetic_rotation,N/A,128,96,exp(-4*i/(R-1)),RBLA index prefix,9.6403616460537156e-01,True
synthetic,synthetic_low_rank_update,aggregate,50,-1,8,1,1.2500000000000000e-01,8.4210853379437200e-16,3.9938256697884322e-01,5.6465359762652834e-01,structured_synthetic_rotation,N/A,128,96,exp(-4*i/(R-1)),SP+ (compact QR),5.6465359762652834e-01,True
synthetic,synthetic_low_rank_update,aggregate,50,-1,8,1,1.2500000000000000e-01,8.4210853379437200e-16,3.9938256697884322e-01,5.6465359762652834e-01,structured_synthetic_rotation,N/A,128,96,exp(-4*i/(R-1)),Dense truncated SVD,5.6465359762652834e-01,True
synthetic,synthetic_low_rank_update,aggregate,50,-1,8,2,2.5000000000000000e-01,8.4625055777900028e-16,5.4428538047503361e-01,3.1875583277888486e-01,structured_synthetic_rotation,N/A,128,96,exp(-4*i/(R-1)),RBLA index prefix,8.6304121325391858e-01,True
synthetic,synthetic_low_rank_update,aggregate,50,-1,8,2,2.5000000000000000e-01,8.4625055777900028e-16,5.4428538047503361e-01,3.1875583277888486e-01,structured_synthetic_rotation,N/A,128,96,exp(-4*i/(R-1)),SP+ (compact QR),3.1875583277888492e-01,True
synthetic,synthetic_low_rank_update,aggregate,50,-1,8,2,2.5000000000000000e-01,8.4625055777900028e-16,5.4428538047503361e-01,3.1875583277888486e-01,structured_synthetic_rotation,N/A,128,96,exp(-4*i/(R-1)),Dense truncated SVD,3.1875583277888492e-01,True
synthetic,synthetic_low_rank_update,aggregate,50,-1,8,3,3.7500000000000000e-01,1.0780699661161709e-15,5.2676273781555438e-01,1.7980466716998986e-01,structured_synthetic_rotation,N/A,128,96,exp(-4*i/(R-1)),RBLA index prefix,7.0656740498554416e-01,True
synthetic,synthetic_low_rank_update,aggregate,50,-1,8,3,3.7500000000000000e-01,1.0780699661161709e-15,5.2676273781555438e-01,1.7980466716998986e-01,structured_synthetic_rotation,N/A,128,96,exp(-4*i/(R-1)),SP+ (compact QR),1.7980466716998983e-01,True
synthetic,synthetic_low_rank_update,aggregate,50,-1,8,3,3.7500000000000000e-01,1.0780699661161709e-15,5.2676273781555438e-01,1.7980466716998986e-01,structured_synthetic_rotation,N/A,128,96,exp(-4*i/(R-1)),Dense truncated SVD,1.7980466716998983e-01,True
synthetic,synthetic_low_rank_update,aggregate,50,-1,8,4,5.0000000000000000e-01,1.0762301923174636e-15,4.7636070539460573e-01,1.0117947994743637e-01,structured_synthetic_rotation,N/A,128,96,exp(-4*i/(R-1)),RBLA index prefix,5.7754018534204210e-01,True
synthetic,synthetic_low_rank_update,aggregate,50,-1,8,4,5.0000000000000000e-01,1.0762301923174636e-15,4.7636070539460573e-01,1.0117947994743637e-01,structured_synthetic_rotation,N/A,128,96,exp(-4*i/(R-1)),SP+ (compact QR),1.0117947994743637e-01,True
synthetic,synthetic_low_rank_update,aggregate,50,-1,8,4,5.0000000000000000e-01,1.0762301923174636e-15,4.7636070539460573e-01,1.0117947994743637e-01,structured_synthetic_rotation,N/A,128,96,exp(-4*i/(R-1)),Dense truncated SVD,1.0117947994743635e-01,True
synthetic,synthetic_low_rank_update,aggregate,50,-1,8,5,6.2500000000000000e-01,1.0970290271393953e-15,4.1915885316434071e-01,5.6496601613898335e-02,structured_synthetic_rotation,N/A,128,96,exp(-4*i/(R-1)),RBLA index prefix,4.7565545477823901e-01,True
synthetic,synthetic_low_rank_update,aggregate,50,-1,8,5,6.2500000000000000e-01,1.0970290271393953e-15,4.1915885316434071e-01,5.6496601613898335e-02,structured_synthetic_rotation,N/A,128,96,exp(-4*i/(R-1)),SP+ (compact QR),5.6496601613898322e-02,True
synthetic,synthetic_low_rank_update,aggregate,50,-1,8,5,6.2500000000000000e-01,1.0970290271393953e-15,4.1915885316434071e-01,5.6496601613898335e-02,structured_synthetic_rotation,N/A,128,96,exp(-4*i/(R-1)),Dense truncated SVD,5.6496601613898322e-02,True
synthetic,synthetic_low_rank_update,aggregate,50,-1,8,6,7.5000000000000000e-01,1.1033331807447836e-15,4.1829747636013093e-01,3.0741421310200859e-02,structured_synthetic_rotation,N/A,128,96,exp(-4*i/(R-1)),RBLA index prefix,4.4903889767033178e-01,True
synthetic,synthetic_low_rank_update,aggregate,50,-1,8,6,7.5000000000000000e-01,1.1033331807447836e-15,4.1829747636013093e-01,3.0741421310200859e-02,structured_synthetic_rotation,N/A,128,96,exp(-4*i/(R-1)),SP+ (compact QR),3.0741421310200863e-02,True
synthetic,synthetic_low_rank_update,aggregate,50,-1,8,6,7.5000000000000000e-01,1.1033331807447836e-15,4.1829747636013093e-01,3.0741421310200859e-02,structured_synthetic_rotation,N/A,128,96,exp(-4*i/(R-1)),Dense truncated SVD,3.0741421310200863e-02,True
synthetic,synthetic_low_rank_update,aggregate,50,-1,8,7,8.7500000000000000e-01,1.1000310592468850e-15,3.5655192305835182e-01,1.5116409691580561e-02,structured_synthetic_rotation,N/A,128,96,exp(-4*i/(R-1)),RBLA index prefix,3.7166833274993238e-01,True
synthetic,synthetic_low_rank_update,aggregate,50,-1,8,7,8.7500000000000000e-01,1.1000310592468850e-15,3.5655192305835182e-01,1.5116409691580561e-02,structured_synthetic_rotation,N/A,128,96,exp(-4*i/(R-1)),SP+ (compact QR),1.5116409691580564e-02,True
synthetic,synthetic_low_rank_update,aggregate,50,-1,8,7,8.7500000000000000e-01,1.1000310592468850e-15,3.5655192305835182e-01,1.5116409691580561e-02,structured_synthetic_rotation,N/A,128,96,exp(-4*i/(R-1)),Dense truncated SVD,1.5116409691580564e-02,True
synthetic,synthetic_low_rank_update,aggregate,50,-1,8,8,1.0000000000000000e+00,1.1018643051037424e-15,-7.6543448078976147e-16,0.0000000000000000e+00,structured_synthetic_rotation,N/A,128,96,exp(-4*i/(R-1)),RBLA index prefix,0.0000000000000000e+00,True
synthetic,synthetic_low_rank_update,aggregate,50,-1,8,8,1.0000000000000000e+00,1.1018643051037424e-15,-7.6543448078976147e-16,0.0000000000000000e+00,structured_synthetic_rotation,N/A,128,96,exp(-4*i/(R-1)),SP+ (compact QR),7.6543448078976147e-16,True
synthetic,synthetic_low_rank_update,aggregate,50,-1,8,8,1.0000000000000000e+00,1.1018643051037424e-15,-7.6543448078976147e-16,0.0000000000000000e+00,structured_synthetic_rotation,N/A,128,96,exp(-4*i/(R-1)),Dense truncated SVD,7.0064124514905591e-16,True
synthetic,synthetic_low_rank_update,aggregate,51,-1,8,1,1.2500000000000000e-01,1.1435028483747557e-15,3.6931425055654588e-01,5.6465359762652834e-01,structured_synthetic_rotation,N/A,128,96,exp(-4*i/(R-1)),RBLA index prefix,9.3396784818307466e-01,True
synthetic,synthetic_low_rank_update,aggregate,51,-1,8,1,1.2500000000000000e-01,1.1435028483747557e-15,3.6931425055654588e-01,5.6465359762652834e-01,structured_synthetic_rotation,N/A,128,96,exp(-4*i/(R-1)),SP+ (compact QR),5.6465359762652878e-01,True
synthetic,synthetic_low_rank_update,aggregate,51,-1,8,1,1.2500000000000000e-01,1.1435028483747557e-15,3.6931425055654588e-01,5.6465359762652834e-01,structured_synthetic_rotation,N/A,128,96,exp(-4*i/(R-1)),Dense truncated SVD,5.6465359762652878e-01,True
synthetic,synthetic_low_rank_update,aggregate,51,-1,8,2,2.5000000000000000e-01,1.0237408613881248e-15,5.6355000633885299e-01,3.1875583277888486e-01,structured_synthetic_rotation,N/A,128,96,exp(-4*i/(R-1)),RBLA index prefix,8.8230583911773808e-01,True
synthetic,synthetic_low_rank_update,aggregate,51,-1,8,2,2.5000000000000000e-01,1.0237408613881248e-15,5.6355000633885299e-01,3.1875583277888486e-01,structured_synthetic_rotation,N/A,128,96,exp(-4*i/(R-1)),SP+ (compact QR),3.1875583277888508e-01,True
synthetic,synthetic_low_rank_update,aggregate,51,-1,8,2,2.5000000000000000e-01,1.0237408613881248e-15,5.6355000633885299e-01,3.1875583277888486e-01,structured_synthetic_rotation,N/A,128,96,exp(-4*i/(R-1)),Dense truncated SVD,3.1875583277888503e-01,True
synthetic,synthetic_low_rank_update,aggregate,51,-1,8,3,3.7500000000000000e-01,1.0910293852511219e-15,6.7428156284628404e-01,1.7980466716998986e-01,structured_synthetic_rotation,N/A,128,96,exp(-4*i/(R-1)),RBLA index prefix,8.5408623001627393e-01,True
synthetic,synthetic_low_rank_update,aggregate,51,-1,8,3,3.7500000000000000e-01,1.0910293852511219e-15,6.7428156284628404e-01,1.7980466716998986e-01,structured_synthetic_rotation,N/A,128,96,exp(-4*i/(R-1)),SP+ (compact QR),1.7980466716998991e-01,True
synthetic,synthetic_low_rank_update,aggregate,51,-1,8,3,3.7500000000000000e-01,1.0910293852511219e-15,6.7428156284628404e-01,1.7980466716998986e-01,structured_synthetic_rotation,N/A,128,96,exp(-4*i/(R-1)),Dense truncated SVD,1.7980466716998991e-01,True
synthetic,synthetic_low_rank_update,aggregate,51,-1,8,4,5.0000000000000000e-01,1.0520202121696628e-15,5.4844982194319680e-01,1.0117947994743637e-01,structured_synthetic_rotation,N/A,128,96,exp(-4*i/(R-1)),RBLA index prefix,6.4962930189063328e-01,True
synthetic,synthetic_low_rank_update,aggregate,51,-1,8,4,5.0000000000000000e-01,1.0520202121696628e-15,5.4844982194319680e-01,1.0117947994743637e-01,structured_synthetic_rotation,N/A,128,96,exp(-4*i/(R-1)),SP+ (compact QR),1.0117947994743644e-01,True
synthetic,synthetic_low_rank_update,aggregate,51,-1,8,4,5.0000000000000000e-01,1.0520202121696628e-15,5.4844982194319680e-01,1.0117947994743637e-01,structured_synthetic_rotation,N/A,128,96,exp(-4*i/(R-1)),Dense truncated SVD,1.0117947994743644e-01,True
synthetic,synthetic_low_rank_update,aggregate,51,-1,8,5,6.2500000000000000e-01,1.0963124702671353e-15,5.6476729280659610e-01,5.6496601613898335e-02,structured_synthetic_rotation,N/A,128,96,exp(-4*i/(R-1)),RBLA index prefix,6.2126389442049446e-01,True
synthetic,synthetic_low_rank_update,aggregate,51,-1,8,5,6.2500000000000000e-01,1.0963124702671353e-15,5.6476729280659610e-01,5.6496601613898335e-02,structured_synthetic_rotation,N/A,128,96,exp(-4*i/(R-1)),SP+ (compact QR),5.6496601613898377e-02,True
synthetic,synthetic_low_rank_update,aggregate,51,-1,8,5,6.2500000000000000e-01,1.0963124702671353e-15,5.6476729280659610e-01,5.6496601613898335e-02,structured_synthetic_rotation,N/A,128,96,exp(-4*i/(R-1)),Dense truncated SVD,5.6496601613898377e-02,True
synthetic,synthetic_low_rank_update,aggregate,51,-1,8,6,7.5000000000000000e-01,1.0741524547340916e-15,5.2685958398148769e-01,3.0741421310200859e-02,structured_synthetic_rotation,N/A,128,96,exp(-4*i/(R-1)),RBLA index prefix,5.5760100529168855e-01,True
synthetic,synthetic_low_rank_update,aggregate,51,-1,8,6,7.5000000000000000e-01,1.0741524547340916e-15,5.2685958398148769e-01,3.0741421310200859e-02,structured_synthetic_rotation,N/A,128,96,exp(-4*i/(R-1)),SP+ (compact QR),3.0741421310200877e-02,True
synthetic,synthetic_low_rank_update,aggregate,51,-1,8,6,7.5000000000000000e-01,1.0741524547340916e-15,5.2685958398148769e-01,3.0741421310200859e-02,structured_synthetic_rotation,N/A,128,96,exp(-4*i/(R-1)),Dense truncated SVD,3.0741421310200877e-02,True
synthetic,synthetic_low_rank_update,aggregate,51,-1,8,7,8.7500000000000000e-01,1.0782172236614455e-15,1.4828634883137917e-01,1.5116409691580561e-02,structured_synthetic_rotation,N/A,128,96,exp(-4*i/(R-1)),RBLA index prefix,1.6340275852295974e-01,True
synthetic,synthetic_low_rank_update,aggregate,51,-1,8,7,8.7500000000000000e-01,1.0782172236614455e-15,1.4828634883137917e-01,1.5116409691580561e-02,structured_synthetic_rotation,N/A,128,96,exp(-4*i/(R-1)),SP+ (compact QR),1.5116409691580573e-02,True
synthetic,synthetic_low_rank_update,aggregate,51,-1,8,7,8.7500000000000000e-01,1.0782172236614455e-15,1.4828634883137917e-01,1.5116409691580561e-02,structured_synthetic_rotation,N/A,128,96,exp(-4*i/(R-1)),Dense truncated SVD,1.5116409691580570e-02,True
synthetic,synthetic_low_rank_update,aggregate,51,-1,8,8,1.0000000000000000e+00,1.0781231856909316e-15,-7.7436154915487728e-16,0.0000000000000000e+00,structured_synthetic_rotation,N/A,128,96,exp(-4*i/(R-1)),RBLA index prefix,0.0000000000000000e+00,True
synthetic,synthetic_low_rank_update,aggregate,51,-1,8,8,1.0000000000000000e+00,1.0781231856909316e-15,-7.7436154915487728e-16,0.0000000000000000e+00,structured_synthetic_rotation,N/A,128,96,exp(-4*i/(R-1)),SP+ (compact QR),7.7436154915487728e-16,True
synthetic,synthetic_low_rank_update,aggregate,51,-1,8,8,1.0000000000000000e+00,1.0781231856909316e-15,-7.7436154915487728e-16,0.0000000000000000e+00,structured_synthetic_rotation,N/A,128,96,exp(-4*i/(R-1)),Dense truncated SVD,6.9123180884077340e-16,True
synthetic,synthetic_low_rank_update,aggregate,52,-1,8,1,1.2500000000000000e-01,9.3573622390053871e-16,3.6693397852302301e-01,5.6465359762652834e-01,structured_synthetic_rotation,N/A,128,96,exp(-4*i/(R-1)),RBLA index prefix,9.3158757614955112e-01,True
synthetic,synthetic_low_rank_update,aggregate,52,-1,8,1,1.2500000000000000e-01,9.3573622390053871e-16,3.6693397852302301e-01,5.6465359762652834e-01,structured_synthetic_rotation,N/A,128,96,exp(-4*i/(R-1)),SP+ (compact QR),5.6465359762652811e-01,True
synthetic,synthetic_low_rank_update,aggregate,52,-1,8,1,1.2500000000000000e-01,9.3573622390053871e-16,3.6693397852302301e-01,5.6465359762652834e-01,structured_synthetic_rotation,N/A,128,96,exp(-4*i/(R-1)),Dense truncated SVD,5.6465359762652811e-01,True
synthetic,synthetic_low_rank_update,aggregate,52,-1,8,2,2.5000000000000000e-01,8.7513239292671148e-16,5.9041532008738584e-01,3.1875583277888486e-01,structured_synthetic_rotation,N/A,128,96,exp(-4*i/(R-1)),RBLA index prefix,9.0917115286627070e-01,True
synthetic,synthetic_low_rank_update,aggregate,52,-1,8,2,2.5000000000000000e-01,8.7513239292671148e-16,5.9041532008738584e-01,3.1875583277888486e-01,structured_synthetic_rotation,N/A,128,96,exp(-4*i/(R-1)),SP+ (compact QR),3.1875583277888486e-01,True
synthetic,synthetic_low_rank_update,aggregate,52,-1,8,2,2.5000000000000000e-01,8.7513239292671148e-16,5.9041532008738584e-01,3.1875583277888486e-01,structured_synthetic_rotation,N/A,128,96,exp(-4*i/(R-1)),Dense truncated SVD,3.1875583277888486e-01,True
synthetic,synthetic_low_rank_update,aggregate,52,-1,8,3,3.7500000000000000e-01,1.0136673005316045e-15,7.0810573031539426e-01,1.7980466716998986e-01,structured_synthetic_rotation,N/A,128,96,exp(-4*i/(R-1)),RBLA index prefix,8.8791039748538403e-01,True
synthetic,synthetic_low_rank_update,aggregate,52,-1,8,3,3.7500000000000000e-01,1.0136673005316045e-15,7.0810573031539426e-01,1.7980466716998986e-01,structured_synthetic_rotation,N/A,128,96,exp(-4*i/(R-1)),SP+ (compact QR),1.7980466716998977e-01,True
synthetic,synthetic_low_rank_update,aggregate,52,-1,8,3,3.7500000000000000e-01,1.0136673005316045e-15,7.0810573031539426e-01,1.7980466716998986e-01,structured_synthetic_rotation,N/A,128,96,exp(-4*i/(R-1)),Dense truncated SVD,1.7980466716998977e-01,True
synthetic,synthetic_low_rank_update,aggregate,52,-1,8,4,5.0000000000000000e-01,9.8317167984605306e-16,6.9270282859968102e-01,1.0117947994743637e-01,structured_synthetic_rotation,N/A,128,96,exp(-4*i/(R-1)),RBLA index prefix,7.9388230854711739e-01,True
synthetic,synthetic_low_rank_update,aggregate,52,-1,8,4,5.0000000000000000e-01,9.8317167984605306e-16,6.9270282859968102e-01,1.0117947994743637e-01,structured_synthetic_rotation,N/A,128,96,exp(-4*i/(R-1)),SP+ (compact QR),1.0117947994743634e-01,True
synthetic,synthetic_low_rank_update,aggregate,52,-1,8,4,5.0000000000000000e-01,9.8317167984605306e-16,6.9270282859968102e-01,1.0117947994743637e-01,structured_synthetic_rotation,N/A,128,96,exp(-4*i/(R-1)),Dense truncated SVD,1.0117947994743634e-01,True
synthetic,synthetic_low_rank_update,aggregate,52,-1,8,5,6.2500000000000000e-01,9.8604732082896108e-16,6.2217195064125652e-01,5.6496601613898335e-02,structured_synthetic_rotation,N/A,128,96,exp(-4*i/(R-1)),RBLA index prefix,6.7866855225515488e-01,True
synthetic,synthetic_low_rank_update,aggregate,52,-1,8,5,6.2500000000000000e-01,9.8604732082896108e-16,6.2217195064125652e-01,5.6496601613898335e-02,structured_synthetic_rotation,N/A,128,96,exp(-4*i/(R-1)),SP+ (compact QR),5.6496601613898328e-02,True
synthetic,synthetic_low_rank_update,aggregate,52,-1,8,5,6.2500000000000000e-01,9.8604732082896108e-16,6.2217195064125652e-01,5.6496601613898335e-02,structured_synthetic_rotation,N/A,128,96,exp(-4*i/(R-1)),Dense truncated SVD,5.6496601613898328e-02,True
synthetic,synthetic_low_rank_update,aggregate,52,-1,8,6,7.5000000000000000e-01,9.8878330525395095e-16,3.7287422366550310e-01,3.0741421310200859e-02,structured_synthetic_rotation,N/A,128,96,exp(-4*i/(R-1)),RBLA index prefix,4.0361564497570396e-01,True
synthetic,synthetic_low_rank_update,aggregate,52,-1,8,6,7.5000000000000000e-01,9.8878330525395095e-16,3.7287422366550310e-01,3.0741421310200859e-02,structured_synthetic_rotation,N/A,128,96,exp(-4*i/(R-1)),SP+ (compact QR),3.0741421310200849e-02,True
synthetic,synthetic_low_rank_update,aggregate,52,-1,8,6,7.5000000000000000e-01,9.8878330525395095e-16,3.7287422366550310e-01,3.0741421310200859e-02,structured_synthetic_rotation,N/A,128,96,exp(-4*i/(R-1)),Dense truncated SVD,3.0741421310200849e-02,True
synthetic,synthetic_low_rank_update,aggregate,52,-1,8,7,8.7500000000000000e-01,9.8713344454041802e-16,1.2158525952935416e-01,1.5116409691580561e-02,structured_synthetic_rotation,N/A,128,96,exp(-4*i/(R-1)),RBLA index prefix,1.3670166922093471e-01,True
synthetic,synthetic_low_rank_update,aggregate,52,-1,8,7,8.7500000000000000e-01,9.8713344454041802e-16,1.2158525952935416e-01,1.5116409691580561e-02,structured_synthetic_rotation,N/A,128,96,exp(-4*i/(R-1)),SP+ (compact QR),1.5116409691580552e-02,True
synthetic,synthetic_low_rank_update,aggregate,52,-1,8,7,8.7500000000000000e-01,9.8713344454041802e-16,1.2158525952935416e-01,1.5116409691580561e-02,structured_synthetic_rotation,N/A,128,96,exp(-4*i/(R-1)),Dense truncated SVD,1.5116409691580552e-02,True
synthetic,synthetic_low_rank_update,aggregate,52,-1,8,8,1.0000000000000000e+00,9.8738669028948973e-16,-6.4641271070892069e-16,0.0000000000000000e+00,structured_synthetic_rotation,N/A,128,96,exp(-4*i/(R-1)),RBLA index prefix,0.0000000000000000e+00,True
synthetic,synthetic_low_rank_update,aggregate,52,-1,8,8,1.0000000000000000e+00,9.8738669028948973e-16,-6.4641271070892069e-16,0.0000000000000000e+00,structured_synthetic_rotation,N/A,128,96,exp(-4*i/(R-1)),SP+ (compact QR),6.4641271070892069e-16,True
synthetic,synthetic_low_rank_update,aggregate,52,-1,8,8,1.0000000000000000e+00,9.8738669028948973e-16,-6.4641271070892069e-16,0.0000000000000000e+00,structured_synthetic_rotation,N/A,128,96,exp(-4*i/(R-1)),Dense truncated SVD,9.0461874097091711e-16,True
synthetic,synthetic_low_rank_update,aggregate,53,-1,8,1,1.2500000000000000e-01,1.2581084992185444e-15,3.9440563858073219e-01,5.6465359762652834e-01,structured_synthetic_rotation,N/A,128,96,exp(-4*i/(R-1)),RBLA index prefix,9.5905923620726041e-01,True
synthetic,synthetic_low_rank_update,aggregate,53,-1,8,1,1.2500000000000000e-01,1.2581084992185444e-15,3.9440563858073219e-01,5.6465359762652834e-01,structured_synthetic_rotation,N/A,128,96,exp(-4*i/(R-1)),SP+ (compact QR),5.6465359762652823e-01,True
synthetic,synthetic_low_rank_update,aggregate,53,-1,8,1,1.2500000000000000e-01,1.2581084992185444e-15,3.9440563858073219e-01,5.6465359762652834e-01,structured_synthetic_rotation,N/A,128,96,exp(-4*i/(R-1)),Dense truncated SVD,5.6465359762652823e-01,True
synthetic,synthetic_low_rank_update,aggregate,53,-1,8,2,2.5000000000000000e-01,1.2320950120001355e-15,5.2284020604972437e-01,3.1875583277888486e-01,structured_synthetic_rotation,N/A,128,96,exp(-4*i/(R-1)),RBLA index prefix,8.4159603882860934e-01,True
synthetic,synthetic_low_rank_update,aggregate,53,-1,8,2,2.5000000000000000e-01,1.2320950120001355e-15,5.2284020604972437e-01,3.1875583277888486e-01,structured_synthetic_rotation,N/A,128,96,exp(-4*i/(R-1)),SP+ (compact QR),3.1875583277888492e-01,True
synthetic,synthetic_low_rank_update,aggregate,53,-1,8,2,2.5000000000000000e-01,1.2320950120001355e-15,5.2284020604972437e-01,3.1875583277888486e-01,structured_synthetic_rotation,N/A,128,96,exp(-4*i/(R-1)),Dense truncated SVD,3.1875583277888492e-01,True
synthetic,synthetic_low_rank_update,aggregate,53,-1,8,3,3.7500000000000000e-01,1.2504207322618239e-15,6.1361179961005352e-01,1.7980466716998986e-01,structured_synthetic_rotation,N/A,128,96,exp(-4*i/(R-1)),RBLA index prefix,7.9341646678004329e-01,True
synthetic,synthetic_low_rank_update,aggregate,53,-1,8,3,3.7500000000000000e-01,1.2504207322618239e-15,6.1361179961005352e-01,1.7980466716998986e-01,structured_synthetic_rotation,N/A,128,96,exp(-4*i/(R-1)),SP+ (compact QR),1.7980466716998980e-01,True
synthetic,synthetic_low_rank_update,aggregate,53,-1,8,3,3.7500000000000000e-01,1.2504207322618239e-15,6.1361179961005352e-01,1.7980466716998986e-01,structured_synthetic_rotation,N/A,128,96,exp(-4*i/(R-1)),Dense truncated SVD,1.7980466716998980e-01,True
synthetic,synthetic_low_rank_update,aggregate,53,-1,8,4,5.0000000000000000e-01,1.3145224379891132e-15,4.8620060668525489e-01,1.0117947994743637e-01,structured_synthetic_rotation,N/A,128,96,exp(-4*i/(R-1)),RBLA index prefix,5.8738008663269126e-01,True
synthetic,synthetic_low_rank_update,aggregate,53,-1,8,4,5.0000000000000000e-01,1.3145224379891132e-15,4.8620060668525489e-01,1.0117947994743637e-01,structured_synthetic_rotation,N/A,128,96,exp(-4*i/(R-1)),SP+ (compact QR),1.0117947994743635e-01,True
synthetic,synthetic_low_rank_update,aggregate,53,-1,8,4,5.0000000000000000e-01,1.3145224379891132e-15,4.8620060668525489e-01,1.0117947994743637e-01,structured_synthetic_rotation,N/A,128,96,exp(-4*i/(R-1)),Dense truncated SVD,1.0117947994743637e-01,True
synthetic,synthetic_low_rank_update,aggregate,53,-1,8,5,6.2500000000000000e-01,1.3287995734173292e-15,4.8689467083271681e-01,5.6496601613898335e-02,structured_synthetic_rotation,N/A,128,96,exp(-4*i/(R-1)),RBLA index prefix,5.4339127244661511e-01,True
synthetic,synthetic_low_rank_update,aggregate,53,-1,8,5,6.2500000000000000e-01,1.3287995734173292e-15,4.8689467083271681e-01,5.6496601613898335e-02,structured_synthetic_rotation,N/A,128,96,exp(-4*i/(R-1)),SP+ (compact QR),5.6496601613898315e-02,True
synthetic,synthetic_low_rank_update,aggregate,53,-1,8,5,6.2500000000000000e-01,1.3287995734173292e-15,4.8689467083271681e-01,5.6496601613898335e-02,structured_synthetic_rotation,N/A,128,96,exp(-4*i/(R-1)),Dense truncated SVD,5.6496601613898328e-02,True
synthetic,synthetic_low_rank_update,aggregate,53,-1,8,6,7.5000000000000000e-01,1.3254444390836046e-15,4.6591749893594098e-01,3.0741421310200859e-02,structured_synthetic_rotation,N/A,128,96,exp(-4*i/(R-1)),RBLA index prefix,4.9665892024614183e-01,True
synthetic,synthetic_low_rank_update,aggregate,53,-1,8,6,7.5000000000000000e-01,1.3254444390836046e-15,4.6591749893594098e-01,3.0741421310200859e-02,structured_synthetic_rotation,N/A,128,96,exp(-4*i/(R-1)),SP+ (compact QR),3.0741421310200853e-02,True
synthetic,synthetic_low_rank_update,aggregate,53,-1,8,6,7.5000000000000000e-01,1.3254444390836046e-15,4.6591749893594098e-01,3.0741421310200859e-02,structured_synthetic_rotation,N/A,128,96,exp(-4*i/(R-1)),Dense truncated SVD,3.0741421310200853e-02,True
synthetic,synthetic_low_rank_update,aggregate,53,-1,8,7,8.7500000000000000e-01,1.3260286997909763e-15,3.3362735808346394e-01,1.5116409691580561e-02,structured_synthetic_rotation,N/A,128,96,exp(-4*i/(R-1)),RBLA index prefix,3.4874376777504451e-01,True
synthetic,synthetic_low_rank_update,aggregate,53,-1,8,7,8.7500000000000000e-01,1.3260286997909763e-15,3.3362735808346394e-01,1.5116409691580561e-02,structured_synthetic_rotation,N/A,128,96,exp(-4*i/(R-1)),SP+ (compact QR),1.5116409691580561e-02,True
synthetic,synthetic_low_rank_update,aggregate,53,-1,8,7,8.7500000000000000e-01,1.3260286997909763e-15,3.3362735808346394e-01,1.5116409691580561e-02,structured_synthetic_rotation,N/A,128,96,exp(-4*i/(R-1)),Dense truncated SVD,1.5116409691580559e-02,True
synthetic,synthetic_low_rank_update,aggregate,53,-1,8,8,1.0000000000000000e+00,1.3262987568643587e-15,-6.5030587135749301e-16,0.0000000000000000e+00,structured_synthetic_rotation,N/A,128,96,exp(-4*i/(R-1)),RBLA index prefix,0.0000000000000000e+00,True
synthetic,synthetic_low_rank_update,aggregate,53,-1,8,8,1.0000000000000000e+00,1.3262987568643587e-15,-6.5030587135749301e-16,0.0000000000000000e+00,structured_synthetic_rotation,N/A,128,96,exp(-4*i/(R-1)),SP+ (compact QR),6.5030587135749301e-16,True
synthetic,synthetic_low_rank_update,aggregate,53,-1,8,8,1.0000000000000000e+00,1.3262987568643587e-15,-6.5030587135749301e-16,0.0000000000000000e+00,structured_synthetic_rotation,N/A,128,96,exp(-4*i/(R-1)),Dense truncated SVD,1.0301902898650622e-15,True
synthetic,synthetic_low_rank_update,aggregate,54,-1,8,1,1.2500000000000000e-01,1.5698516755509280e-15,3.0719935816898514e-01,5.6465359762652834e-01,structured_synthetic_rotation,N/A,128,96,exp(-4*i/(R-1)),RBLA index prefix,8.7185295579551347e-01,True
synthetic,synthetic_low_rank_update,aggregate,54,-1,8,1,1.2500000000000000e-01,1.5698516755509280e-15,3.0719935816898514e-01,5.6465359762652834e-01,structured_synthetic_rotation,N/A,128,96,exp(-4*i/(R-1)),SP+ (compact QR),5.6465359762652834e-01,True
synthetic,synthetic_low_rank_update,aggregate,54,-1,8,1,1.2500000000000000e-01,1.5698516755509280e-15,3.0719935816898514e-01,5.6465359762652834e-01,structured_synthetic_rotation,N/A,128,96,exp(-4*i/(R-1)),Dense truncated SVD,5.6465359762652834e-01,True
synthetic,synthetic_low_rank_update,aggregate,54,-1,8,2,2.5000000000000000e-01,1.5439642190695512e-15,4.8896375781358348e-01,3.1875583277888486e-01,structured_synthetic_rotation,N/A,128,96,exp(-4*i/(R-1)),RBLA index prefix,8.0771959059246845e-01,True
synthetic,synthetic_low_rank_update,aggregate,54,-1,8,2,2.5000000000000000e-01,1.5439642190695512e-15,4.8896375781358348e-01,3.1875583277888486e-01,structured_synthetic_rotation,N/A,128,96,exp(-4*i/(R-1)),SP+ (compact QR),3.1875583277888497e-01,True
synthetic,synthetic_low_rank_update,aggregate,54,-1,8,2,2.5000000000000000e-01,1.5439642190695512e-15,4.8896375781358348e-01,3.1875583277888486e-01,structured_synthetic_rotation,N/A,128,96,exp(-4*i/(R-1)),Dense truncated SVD,3.1875583277888503e-01,True
synthetic,synthetic_low_rank_update,aggregate,54,-1,8,3,3.7500000000000000e-01,1.5668300064078953e-15,3.3196958415374284e-01,1.7980466716998986e-01,structured_synthetic_rotation,N/A,128,96,exp(-4*i/(R-1)),RBLA index prefix,5.1177425132373267e-01,True
synthetic,synthetic_low_rank_update,aggregate,54,-1,8,3,3.7500000000000000e-01,1.5668300064078953e-15,3.3196958415374284e-01,1.7980466716998986e-01,structured_synthetic_rotation,N/A,128,96,exp(-4*i/(R-1)),SP+ (compact QR),1.7980466716998983e-01,True
synthetic,synthetic_low_rank_update,aggregate,54,-1,8,3,3.7500000000000000e-01,1.5668300064078953e-15,3.3196958415374284e-01,1.7980466716998986e-01,structured_synthetic_rotation,N/A,128,96,exp(-4*i/(R-1)),Dense truncated SVD,1.7980466716998986e-01,True
synthetic,synthetic_low_rank_update,aggregate,54,-1,8,4,5.0000000000000000e-01,1.5419125399540934e-15,3.0819621610628239e-01,1.0117947994743637e-01,structured_synthetic_rotation,N/A,128,96,exp(-4*i/(R-1)),RBLA index prefix,4.0937569605371876e-01,True
synthetic,synthetic_low_rank_update,aggregate,54,-1,8,4,5.0000000000000000e-01,1.5419125399540934e-15,3.0819621610628239e-01,1.0117947994743637e-01,structured_synthetic_rotation,N/A,128,96,exp(-4*i/(R-1)),SP+ (compact QR),1.0117947994743638e-01,True
synthetic,synthetic_low_rank_update,aggregate,54,-1,8,4,5.0000000000000000e-01,1.5419125399540934e-15,3.0819621610628239e-01,1.0117947994743637e-01,structured_synthetic_rotation,N/A,128,96,exp(-4*i/(R-1)),Dense truncated SVD,1.0117947994743638e-01,True
synthetic,synthetic_low_rank_update,aggregate,54,-1,8,5,6.2500000000000000e-01,1.5417504518779680e-15,2.3781794541851617e-01,5.6496601613898335e-02,structured_synthetic_rotation,N/A,128,96,exp(-4*i/(R-1)),RBLA index prefix,2.9431454703241450e-01,True
synthetic,synthetic_low_rank_update,aggregate,54,-1,8,5,6.2500000000000000e-01,1.5417504518779680e-15,2.3781794541851617e-01,5.6496601613898335e-02,structured_synthetic_rotation,N/A,128,96,exp(-4*i/(R-1)),SP+ (compact QR),5.6496601613898335e-02,True
synthetic,synthetic_low_rank_update,aggregate,54,-1,8,5,6.2500000000000000e-01,1.5417504518779680e-15,2.3781794541851617e-01,5.6496601613898335e-02,structured_synthetic_rotation,N/A,128,96,exp(-4*i/(R-1)),Dense truncated SVD,5.6496601613898335e-02,True
synthetic,synthetic_low_rank_update,aggregate,54,-1,8,6,7.5000000000000000e-01,1.5408140980811376e-15,1.3922851716709406e-01,3.0741421310200859e-02,structured_synthetic_rotation,N/A,128,96,exp(-4*i/(R-1)),RBLA index prefix,1.6996993847729491e-01,True
synthetic,synthetic_low_rank_update,aggregate,54,-1,8,6,7.5000000000000000e-01,1.5408140980811376e-15,1.3922851716709406e-01,3.0741421310200859e-02,structured_synthetic_rotation,N/A,128,96,exp(-4*i/(R-1)),SP+ (compact QR),3.0741421310200863e-02,True
synthetic,synthetic_low_rank_update,aggregate,54,-1,8,6,7.5000000000000000e-01,1.5408140980811376e-15,1.3922851716709406e-01,3.0741421310200859e-02,structured_synthetic_rotation,N/A,128,96,exp(-4*i/(R-1)),Dense truncated SVD,3.0741421310200863e-02,True
synthetic,synthetic_low_rank_update,aggregate,54,-1,8,7,8.7500000000000000e-01,1.5423952700412839e-15,1.0311263065937713e-01,1.5116409691580561e-02,structured_synthetic_rotation,N/A,128,96,exp(-4*i/(R-1)),RBLA index prefix,1.1822904035095770e-01,True
synthetic,synthetic_low_rank_update,aggregate,54,-1,8,7,8.7500000000000000e-01,1.5423952700412839e-15,1.0311263065937713e-01,1.5116409691580561e-02,structured_synthetic_rotation,N/A,128,96,exp(-4*i/(R-1)),SP+ (compact QR),1.5116409691580564e-02,True
synthetic,synthetic_low_rank_update,aggregate,54,-1,8,7,8.7500000000000000e-01,1.5423952700412839e-15,1.0311263065937713e-01,1.5116409691580561e-02,structured_synthetic_rotation,N/A,128,96,exp(-4*i/(R-1)),Dense truncated SVD,1.5116409691580564e-02,True
synthetic,synthetic_low_rank_update,aggregate,54,-1,8,8,1.0000000000000000e+00,1.5427073869071689e-15,-9.2680667476860972e-16,0.0000000000000000e+00,structured_synthetic_rotation,N/A,128,96,exp(-4*i/(R-1)),RBLA index prefix,0.0000000000000000e+00,True
synthetic,synthetic_low_rank_update,aggregate,54,-1,8,8,1.0000000000000000e+00,1.5427073869071689e-15,-9.2680667476860972e-16,0.0000000000000000e+00,structured_synthetic_rotation,N/A,128,96,exp(-4*i/(R-1)),SP+ (compact QR),9.2680667476860972e-16,True
synthetic,synthetic_low_rank_update,aggregate,54,-1,8,8,1.0000000000000000e+00,1.5427073869071689e-15,-9.2680667476860972e-16,0.0000000000000000e+00,structured_synthetic_rotation,N/A,128,96,exp(-4*i/(R-1)),Dense truncated SVD,8.2013456292707376e-16,True
synthetic,synthetic_low_rank_update,aggregate,55,-1,8,1,1.2500000000000000e-01,6.9512241287852307e-16,3.6600736029161240e-01,5.6465359762652834e-01,structured_synthetic_rotation,N/A,128,96,exp(-4*i/(R-1)),RBLA index prefix,9.3066095791814074e-01,True
synthetic,synthetic_low_rank_update,aggregate,55,-1,8,1,1.2500000000000000e-01,6.9512241287852307e-16,3.6600736029161240e-01,5.6465359762652834e-01,structured_synthetic_rotation,N/A,128,96,exp(-4*i/(R-1)),SP+ (compact QR),5.6465359762652834e-01,True
synthetic,synthetic_low_rank_update,aggregate,55,-1,8,1,1.2500000000000000e-01,6.9512241287852307e-16,3.6600736029161240e-01,5.6465359762652834e-01,structured_synthetic_rotation,N/A,128,96,exp(-4*i/(R-1)),Dense truncated SVD,5.6465359762652834e-01,True
synthetic,synthetic_low_rank_update,aggregate,55,-1,8,2,2.5000000000000000e-01,8.0124637338335670e-16,2.9581452721455515e-01,3.1875583277888486e-01,structured_synthetic_rotation,N/A,128,96,exp(-4*i/(R-1)),RBLA index prefix,6.1457035999344023e-01,True
synthetic,synthetic_low_rank_update,aggregate,55,-1,8,2,2.5000000000000000e-01,8.0124637338335670e-16,2.9581452721455515e-01,3.1875583277888486e-01,structured_synthetic_rotation,N/A,128,96,exp(-4*i/(R-1)),SP+ (compact QR),3.1875583277888508e-01,True
synthetic,synthetic_low_rank_update,aggregate,55,-1,8,2,2.5000000000000000e-01,8.0124637338335670e-16,2.9581452721455515e-01,3.1875583277888486e-01,structured_synthetic_rotation,N/A,128,96,exp(-4*i/(R-1)),Dense truncated SVD,3.1875583277888508e-01,True
synthetic,synthetic_low_rank_update,aggregate,55,-1,8,3,3.7500000000000000e-01,9.8147067762044962e-16,4.0441813996246812e-01,1.7980466716998986e-01,structured_synthetic_rotation,N/A,128,96,exp(-4*i/(R-1)),RBLA index prefix,5.8422280713245800e-01,True
synthetic,synthetic_low_rank_update,aggregate,55,-1,8,3,3.7500000000000000e-01,9.8147067762044962e-16,4.0441813996246812e-01,1.7980466716998986e-01,structured_synthetic_rotation,N/A,128,96,exp(-4*i/(R-1)),SP+ (compact QR),1.7980466716998988e-01,True
synthetic,synthetic_low_rank_update,aggregate,55,-1,8,3,3.7500000000000000e-01,9.8147067762044962e-16,4.0441813996246812e-01,1.7980466716998986e-01,structured_synthetic_rotation,N/A,128,96,exp(-4*i/(R-1)),Dense truncated SVD,1.7980466716998988e-01,True
synthetic,synthetic_low_rank_update,aggregate,55,-1,8,4,5.0000000000000000e-01,1.0255954485577465e-15,3.6679167275511826e-01,1.0117947994743637e-01,structured_synthetic_rotation,N/A,128,96,exp(-4*i/(R-1)),RBLA index prefix,4.6797115270255468e-01,True
synthetic,synthetic_low_rank_update,aggregate,55,-1,8,4,5.0000000000000000e-01,1.0255954485577465e-15,3.6679167275511826e-01,1.0117947994743637e-01,structured_synthetic_rotation,N/A,128,96,exp(-4*i/(R-1)),SP+ (compact QR),1.0117947994743640e-01,True
synthetic,synthetic_low_rank_update,aggregate,55,-1,8,4,5.0000000000000000e-01,1.0255954485577465e-15,3.6679167275511826e-01,1.0117947994743637e-01,structured_synthetic_rotation,N/A,128,96,exp(-4*i/(R-1)),Dense truncated SVD,1.0117947994743640e-01,True
synthetic,synthetic_low_rank_update,aggregate,55,-1,8,5,6.2500000000000000e-01,1.2237556297202141e-15,2.8452606256042390e-01,5.6496601613898335e-02,structured_synthetic_rotation,N/A,128,96,exp(-4*i/(R-1)),RBLA index prefix,3.4102266417432225e-01,True
synthetic,synthetic_low_rank_update,aggregate,55,-1,8,5,6.2500000000000000e-01,1.2237556297202141e-15,2.8452606256042390e-01,5.6496601613898335e-02,structured_synthetic_rotation,N/A,128,96,exp(-4*i/(R-1)),SP+ (compact QR),5.6496601613898356e-02,True
synthetic,synthetic_low_rank_update,aggregate,55,-1,8,5,6.2500000000000000e-01,1.2237556297202141e-15,2.8452606256042390e-01,5.6496601613898335e-02,structured_synthetic_rotation,N/A,128,96,exp(-4*i/(R-1)),Dense truncated SVD,5.6496601613898349e-02,True
synthetic,synthetic_low_rank_update,aggregate,55,-1,8,6,7.5000000000000000e-01,1.0978940979441741e-15,2.5606873173696054e-01,3.0741421310200859e-02,structured_synthetic_rotation,N/A,128,96,exp(-4*i/(R-1)),RBLA index prefix,2.8681015304716140e-01,True
synthetic,synthetic_low_rank_update,aggregate,55,-1,8,6,7.5000000000000000e-01,1.0978940979441741e-15,2.5606873173696054e-01,3.0741421310200859e-02,structured_synthetic_rotation,N/A,128,96,exp(-4*i/(R-1)),SP+ (compact QR),3.0741421310200859e-02,True
synthetic,synthetic_low_rank_update,aggregate,55,-1,8,6,7.5000000000000000e-01,1.0978940979441741e-15,2.5606873173696054e-01,3.0741421310200859e-02,structured_synthetic_rotation,N/A,128,96,exp(-4*i/(R-1)),Dense truncated SVD,3.0741421310200859e-02,True
synthetic,synthetic_low_rank_update,aggregate,55,-1,8,7,8.7500000000000000e-01,1.0972740495667030e-15,1.2971701860565055e-01,1.5116409691580561e-02,structured_synthetic_rotation,N/A,128,96,exp(-4*i/(R-1)),RBLA index prefix,1.4483342829723111e-01,True
synthetic,synthetic_low_rank_update,aggregate,55,-1,8,7,8.7500000000000000e-01,1.0972740495667030e-15,1.2971701860565055e-01,1.5116409691580561e-02,structured_synthetic_rotation,N/A,128,96,exp(-4*i/(R-1)),SP+ (compact QR),1.5116409691580564e-02,True
synthetic,synthetic_low_rank_update,aggregate,55,-1,8,7,8.7500000000000000e-01,1.0972740495667030e-15,1.2971701860565055e-01,1.5116409691580561e-02,structured_synthetic_rotation,N/A,128,96,exp(-4*i/(R-1)),Dense truncated SVD,1.5116409691580564e-02,True
synthetic,synthetic_low_rank_update,aggregate,55,-1,8,8,1.0000000000000000e+00,1.0982733842873921e-15,-6.2797002090519060e-16,0.0000000000000000e+00,structured_synthetic_rotation,N/A,128,96,exp(-4*i/(R-1)),RBLA index prefix,0.0000000000000000e+00,True
synthetic,synthetic_low_rank_update,aggregate,55,-1,8,8,1.0000000000000000e+00,1.0982733842873921e-15,-6.2797002090519060e-16,0.0000000000000000e+00,structured_synthetic_rotation,N/A,128,96,exp(-4*i/(R-1)),SP+ (compact QR),6.2797002090519060e-16,True
synthetic,synthetic_low_rank_update,aggregate,55,-1,8,8,1.0000000000000000e+00,1.0982733842873921e-15,-6.2797002090519060e-16,0.0000000000000000e+00,structured_synthetic_rotation,N/A,128,96,exp(-4*i/(R-1)),Dense truncated SVD,7.3485065944154750e-16,True
synthetic,synthetic_low_rank_update,aggregate,56,-1,8,1,1.2500000000000000e-01,1.6702484241823153e-15,3.6311263333723953e-01,5.6465359762652834e-01,structured_synthetic_rotation,N/A,128,96,exp(-4*i/(R-1)),RBLA index prefix,9.2776623096376787e-01,True
synthetic,synthetic_low_rank_update,aggregate,56,-1,8,1,1.2500000000000000e-01,1.6702484241823153e-15,3.6311263333723953e-01,5.6465359762652834e-01,structured_synthetic_rotation,N/A,128,96,exp(-4*i/(R-1)),SP+ (compact QR),5.6465359762652834e-01,True
synthetic,synthetic_low_rank_update,aggregate,56,-1,8,1,1.2500000000000000e-01,1.6702484241823153e-15,3.6311263333723953e-01,5.6465359762652834e-01,structured_synthetic_rotation,N/A,128,96,exp(-4*i/(R-1)),Dense truncated SVD,5.6465359762652834e-01,True
synthetic,synthetic_low_rank_update,aggregate,56,-1,8,2,2.5000000000000000e-01,1.5377183871133790e-15,4.9881266939804325e-01,3.1875583277888486e-01,structured_synthetic_rotation,N/A,128,96,exp(-4*i/(R-1)),RBLA index prefix,8.1756850217692822e-01,True
synthetic,synthetic_low_rank_update,aggregate,56,-1,8,2,2.5000000000000000e-01,1.5377183871133790e-15,4.9881266939804325e-01,3.1875583277888486e-01,structured_synthetic_rotation,N/A,128,96,exp(-4*i/(R-1)),SP+ (compact QR),3.1875583277888497e-01,True
synthetic,synthetic_low_rank_update,aggregate,56,-1,8,2,2.5000000000000000e-01,1.5377183871133790e-15,4.9881266939804325e-01,3.1875583277888486e-01,structured_synthetic_rotation,N/A,128,96,exp(-4*i/(R-1)),Dense truncated SVD,3.1875583277888497e-01,True
synthetic,synthetic_low_rank_update,aggregate,56,-1,8,3,3.7500000000000000e-01,1.4981259367595853e-15,3.8226621190632304e-01,1.7980466716998986e-01,structured_synthetic_rotation,N/A,128,96,exp(-4*i/(R-1)),RBLA index prefix,5.6207087907631292e-01,True
synthetic,synthetic_low_rank_update,aggregate,56,-1,8,3,3.7500000000000000e-01,1.4981259367595853e-15,3.8226621190632304e-01,1.7980466716998986e-01,structured_synthetic_rotation,N/A,128,96,exp(-4*i/(R-1)),SP+ (compact QR),1.7980466716998986e-01,True
synthetic,synthetic_low_rank_update,aggregate,56,-1,8,3,3.7500000000000000e-01,1.4981259367595853e-15,3.8226621190632304e-01,1.7980466716998986e-01,structured_synthetic_rotation,N/A,128,96,exp(-4*i/(R-1)),Dense truncated SVD,1.7980466716998986e-01,True
synthetic,synthetic_low_rank_update,aggregate,56,-1,8,4,5.0000000000000000e-01,1.4938365259244591e-15,2.7519551067654541e-01,1.0117947994743637e-01,structured_synthetic_rotation,N/A,128,96,exp(-4*i/(R-1)),RBLA index prefix,3.7637499062398178e-01,True
synthetic,synthetic_low_rank_update,aggregate,56,-1,8,4,5.0000000000000000e-01,1.4938365259244591e-15,2.7519551067654541e-01,1.0117947994743637e-01,structured_synthetic_rotation,N/A,128,96,exp(-4*i/(R-1)),SP+ (compact QR),1.0117947994743638e-01,True
synthetic,synthetic_low_rank_update,aggregate,56,-1,8,4,5.0000000000000000e-01,1.4938365259244591e-15,2.7519551067654541e-01,1.0117947994743637e-01,structured_synthetic_rotation,N/A,128,96,exp(-4*i/(R-1)),Dense truncated SVD,1.0117947994743640e-01,True
synthetic,synthetic_low_rank_update,aggregate,56,-1,8,5,6.2500000000000000e-01,1.9407993076433660e-15,2.9698907116429935e-01,5.6496601613898335e-02,structured_synthetic_rotation,N/A,128,96,exp(-4*i/(R-1)),RBLA index prefix,3.5348567277819770e-01,True
synthetic,synthetic_low_rank_update,aggregate,56,-1,8,5,6.2500000000000000e-01,1.9407993076433660e-15,2.9698907116429935e-01,5.6496601613898335e-02,structured_synthetic_rotation,N/A,128,96,exp(-4*i/(R-1)),SP+ (compact QR),5.6496601613898349e-02,True
synthetic,synthetic_low_rank_update,aggregate,56,-1,8,5,6.2500000000000000e-01,1.9407993076433660e-15,2.9698907116429935e-01,5.6496601613898335e-02,structured_synthetic_rotation,N/A,128,96,exp(-4*i/(R-1)),Dense truncated SVD,5.6496601613898349e-02,True
synthetic,synthetic_low_rank_update,aggregate,56,-1,8,6,7.5000000000000000e-01,1.6759908656749686e-15,1.9464051065216192e-01,3.0741421310200859e-02,structured_synthetic_rotation,N/A,128,96,exp(-4*i/(R-1)),RBLA index prefix,2.2538193196236278e-01,True
synthetic,synthetic_low_rank_update,aggregate,56,-1,8,6,7.5000000000000000e-01,1.6759908656749686e-15,1.9464051065216192e-01,3.0741421310200859e-02,structured_synthetic_rotation,N/A,128,96,exp(-4*i/(R-1)),SP+ (compact QR),3.0741421310200859e-02,True
synthetic,synthetic_low_rank_update,aggregate,56,-1,8,6,7.5000000000000000e-01,1.6759908656749686e-15,1.9464051065216192e-01,3.0741421310200859e-02,structured_synthetic_rotation,N/A,128,96,exp(-4*i/(R-1)),Dense truncated SVD,3.0741421310200863e-02,True
synthetic,synthetic_low_rank_update,aggregate,56,-1,8,7,8.7500000000000000e-01,1.6753964374344814e-15,1.4420965023111645e-01,1.5116409691580561e-02,structured_synthetic_rotation,N/A,128,96,exp(-4*i/(R-1)),RBLA index prefix,1.5932605992269702e-01,True
synthetic,synthetic_low_rank_update,aggregate,56,-1,8,7,8.7500000000000000e-01,1.6753964374344814e-15,1.4420965023111645e-01,1.5116409691580561e-02,structured_synthetic_rotation,N/A,128,96,exp(-4*i/(R-1)),SP+ (compact QR),1.5116409691580564e-02,True
synthetic,synthetic_low_rank_update,aggregate,56,-1,8,7,8.7500000000000000e-01,1.6753964374344814e-15,1.4420965023111645e-01,1.5116409691580561e-02,structured_synthetic_rotation,N/A,128,96,exp(-4*i/(R-1)),Dense truncated SVD,1.5116409691580564e-02,True
synthetic,synthetic_low_rank_update,aggregate,56,-1,8,8,1.0000000000000000e+00,1.6772121948581558e-15,-1.0553824748850396e-15,0.0000000000000000e+00,structured_synthetic_rotation,N/A,128,96,exp(-4*i/(R-1)),RBLA index prefix,0.0000000000000000e+00,True
synthetic,synthetic_low_rank_update,aggregate,56,-1,8,8,1.0000000000000000e+00,1.6772121948581558e-15,-1.0553824748850396e-15,0.0000000000000000e+00,structured_synthetic_rotation,N/A,128,96,exp(-4*i/(R-1)),SP+ (compact QR),1.0553824748850396e-15,True
synthetic,synthetic_low_rank_update,aggregate,56,-1,8,8,1.0000000000000000e+00,1.6772121948581558e-15,-1.0553824748850396e-15,0.0000000000000000e+00,structured_synthetic_rotation,N/A,128,96,exp(-4*i/(R-1)),Dense truncated SVD,9.7555772239717359e-16,True
synthetic,synthetic_low_rank_update,aggregate,57,-1,8,1,1.2500000000000000e-01,1.0671993243444771e-15,4.0182299216676898e-01,5.6465359762652834e-01,structured_synthetic_rotation,N/A,128,96,exp(-4*i/(R-1)),RBLA index prefix,9.6647658979329765e-01,True
synthetic,synthetic_low_rank_update,aggregate,57,-1,8,1,1.2500000000000000e-01,1.0671993243444771e-15,4.0182299216676898e-01,5.6465359762652834e-01,structured_synthetic_rotation,N/A,128,96,exp(-4*i/(R-1)),SP+ (compact QR),5.6465359762652867e-01,True
synthetic,synthetic_low_rank_update,aggregate,57,-1,8,1,1.2500000000000000e-01,1.0671993243444771e-15,4.0182299216676898e-01,5.6465359762652834e-01,structured_synthetic_rotation,N/A,128,96,exp(-4*i/(R-1)),Dense truncated SVD,5.6465359762652867e-01,True
synthetic,synthetic_low_rank_update,aggregate,57,-1,8,2,2.5000000000000000e-01,1.1414391454140698e-15,6.0854731918140847e-01,3.1875583277888486e-01,structured_synthetic_rotation,N/A,128,96,exp(-4*i/(R-1)),RBLA index prefix,9.2730315196029345e-01,True
synthetic,synthetic_low_rank_update,aggregate,57,-1,8,2,2.5000000000000000e-01,1.1414391454140698e-15,6.0854731918140847e-01,3.1875583277888486e-01,structured_synthetic_rotation,N/A,128,96,exp(-4*i/(R-1)),SP+ (compact QR),3.1875583277888497e-01,True
synthetic,synthetic_low_rank_update,aggregate,57,-1,8,2,2.5000000000000000e-01,1.1414391454140698e-15,6.0854731918140847e-01,3.1875583277888486e-01,structured_synthetic_rotation,N/A,128,96,exp(-4*i/(R-1)),Dense truncated SVD,3.1875583277888497e-01,True
synthetic,synthetic_low_rank_update,aggregate,57,-1,8,3,3.7500000000000000e-01,1.2007892813097914e-15,5.4458595585066960e-01,1.7980466716998986e-01,structured_synthetic_rotation,N/A,128,96,exp(-4*i/(R-1)),RBLA index prefix,7.2439062302065949e-01,True
synthetic,synthetic_low_rank_update,aggregate,57,-1,8,3,3.7500000000000000e-01,1.2007892813097914e-15,5.4458595585066960e-01,1.7980466716998986e-01,structured_synthetic_rotation,N/A,128,96,exp(-4*i/(R-1)),SP+ (compact QR),1.7980466716998983e-01,True
synthetic,synthetic_low_rank_update,aggregate,57,-1,8,3,3.7500000000000000e-01,1.2007892813097914e-15,5.4458595585066960e-01,1.7980466716998986e-01,structured_synthetic_rotation,N/A,128,96,exp(-4*i/(R-1)),Dense truncated SVD,1.7980466716998983e-01,True
synthetic,synthetic_low_rank_update,aggregate,57,-1,8,4,5.0000000000000000e-01,1.1935980706521841e-15,5.2833155356801753e-01,1.0117947994743637e-01,structured_synthetic_rotation,N/A,128,96,exp(-4*i/(R-1)),RBLA index prefix,6.2951103351545390e-01,True
synthetic,synthetic_low_rank_update,aggregate,57,-1,8,4,5.0000000000000000e-01,1.1935980706521841e-15,5.2833155356801753e-01,1.0117947994743637e-01,structured_synthetic_rotation,N/A,128,96,exp(-4*i/(R-1)),SP+ (compact QR),1.0117947994743640e-01,True
synthetic,synthetic_low_rank_update,aggregate,57,-1,8,4,5.0000000000000000e-01,1.1935980706521841e-15,5.2833155356801753e-01,1.0117947994743637e-01,structured_synthetic_rotation,N/A,128,96,exp(-4*i/(R-1)),Dense truncated SVD,1.0117947994743640e-01,True
synthetic,synthetic_low_rank_update,aggregate,57,-1,8,5,6.2500000000000000e-01,1.2076050014736523e-15,3.8194520864381537e-01,5.6496601613898335e-02,structured_synthetic_rotation,N/A,128,96,exp(-4*i/(R-1)),RBLA index prefix,4.3844181025771373e-01,True
synthetic,synthetic_low_rank_update,aggregate,57,-1,8,5,6.2500000000000000e-01,1.2076050014736523e-15,3.8194520864381537e-01,5.6496601613898335e-02,structured_synthetic_rotation,N/A,128,96,exp(-4*i/(R-1)),SP+ (compact QR),5.6496601613898349e-02,True
synthetic,synthetic_low_rank_update,aggregate,57,-1,8,5,6.2500000000000000e-01,1.2076050014736523e-15,3.8194520864381537e-01,5.6496601613898335e-02,structured_synthetic_rotation,N/A,128,96,exp(-4*i/(R-1)),Dense truncated SVD,5.6496601613898349e-02,True
synthetic,synthetic_low_rank_update,aggregate,57,-1,8,6,7.5000000000000000e-01,1.1968720710002077e-15,3.3425732918069068e-01,3.0741421310200859e-02,structured_synthetic_rotation,N/A,128,96,exp(-4*i/(R-1)),RBLA index prefix,3.6499875049089153e-01,True
synthetic,synthetic_low_rank_update,aggregate,57,-1,8,6,7.5000000000000000e-01,1.1968720710002077e-15,3.3425732918069068e-01,3.0741421310200859e-02,structured_synthetic_rotation,N/A,128,96,exp(-4*i/(R-1)),SP+ (compact QR),3.0741421310200859e-02,True
synthetic,synthetic_low_rank_update,aggregate,57,-1,8,6,7.5000000000000000e-01,1.1968720710002077e-15,3.3425732918069068e-01,3.0741421310200859e-02,structured_synthetic_rotation,N/A,128,96,exp(-4*i/(R-1)),Dense truncated SVD,3.0741421310200859e-02,True
synthetic,synthetic_low_rank_update,aggregate,57,-1,8,7,8.7500000000000000e-01,1.1990133828635331e-15,2.6795322526814191e-01,1.5116409691580561e-02,structured_synthetic_rotation,N/A,128,96,exp(-4*i/(R-1)),RBLA index prefix,2.8306963495972248e-01,True
synthetic,synthetic_low_rank_update,aggregate,57,-1,8,7,8.7500000000000000e-01,1.1990133828635331e-15,2.6795322526814191e-01,1.5116409691580561e-02,structured_synthetic_rotation,N/A,128,96,exp(-4*i/(R-1)),SP+ (compact QR),1.5116409691580561e-02,True
synthetic,synthetic_low_rank_update,aggregate,57,-1,8,7,8.7500000000000000e-01,1.1990133828635331e-15,2.6795322526814191e-01,1.5116409691580561e-02,structured_synthetic_rotation,N/A,128,96,exp(-4*i/(R-1)),Dense truncated SVD,1.5116409691580564e-02,True
synthetic,synthetic_low_rank_update,aggregate,57,-1,8,8,1.0000000000000000e+00,1.1995175691065532e-15,-1.2845020714135491e-15,0.0000000000000000e+00,structured_synthetic_rotation,N/A,128,96,exp(-4*i/(R-1)),RBLA index prefix,0.0000000000000000e+00,True
synthetic,synthetic_low_rank_update,aggregate,57,-1,8,8,1.0000000000000000e+00,1.1995175691065532e-15,-1.2845020714135491e-15,0.0000000000000000e+00,structured_synthetic_rotation,N/A,128,96,exp(-4*i/(R-1)),SP+ (compact QR),1.2845020714135491e-15,True
synthetic,synthetic_low_rank_update,aggregate,57,-1,8,8,1.0000000000000000e+00,1.1995175691065532e-15,-1.2845020714135491e-15,0.0000000000000000e+00,structured_synthetic_rotation,N/A,128,96,exp(-4*i/(R-1)),Dense truncated SVD,1.0802610826702038e-15,True
synthetic,synthetic_low_rank_update,aggregate,58,-1,8,1,1.2500000000000000e-01,1.0585377516599642e-15,3.8395409653842849e-01,5.6465359762652834e-01,structured_synthetic_rotation,N/A,128,96,exp(-4*i/(R-1)),RBLA index prefix,9.4860769416495716e-01,True
synthetic,synthetic_low_rank_update,aggregate,58,-1,8,1,1.2500000000000000e-01,1.0585377516599642e-15,3.8395409653842849e-01,5.6465359762652834e-01,structured_synthetic_rotation,N/A,128,96,exp(-4*i/(R-1)),SP+ (compact QR),5.6465359762652867e-01,True
synthetic,synthetic_low_rank_update,aggregate,58,-1,8,1,1.2500000000000000e-01,1.0585377516599642e-15,3.8395409653842849e-01,5.6465359762652834e-01,structured_synthetic_rotation,N/A,128,96,exp(-4*i/(R-1)),Dense truncated SVD,5.6465359762652867e-01,True
synthetic,synthetic_low_rank_update,aggregate,58,-1,8,2,2.5000000000000000e-01,9.2871139368223863e-16,6.1480649282337541e-01,3.1875583277888486e-01,structured_synthetic_rotation,N/A,128,96,exp(-4*i/(R-1)),RBLA index prefix,9.3356232560226049e-01,True
synthetic,synthetic_low_rank_update,aggregate,58,-1,8,2,2.5000000000000000e-01,9.2871139368223863e-16,6.1480649282337541e-01,3.1875583277888486e-01,structured_synthetic_rotation,N/A,128,96,exp(-4*i/(R-1)),SP+ (compact QR),3.1875583277888514e-01,True
synthetic,synthetic_low_rank_update,aggregate,58,-1,8,2,2.5000000000000000e-01,9.2871139368223863e-16,6.1480649282337541e-01,3.1875583277888486e-01,structured_synthetic_rotation,N/A,128,96,exp(-4*i/(R-1)),Dense truncated SVD,3.1875583277888514e-01,True
synthetic,synthetic_low_rank_update,aggregate,58,-1,8,3,3.7500000000000000e-01,9.4086312302224653e-16,4.0750002133766416e-01,1.7980466716998986e-01,structured_synthetic_rotation,N/A,128,96,exp(-4*i/(R-1)),RBLA index prefix,5.8730468850765405e-01,True
synthetic,synthetic_low_rank_update,aggregate,58,-1,8,3,3.7500000000000000e-01,9.4086312302224653e-16,4.0750002133766416e-01,1.7980466716998986e-01,structured_synthetic_rotation,N/A,128,96,exp(-4*i/(R-1)),SP+ (compact QR),1.7980466716998986e-01,True
synthetic,synthetic_low_rank_update,aggregate,58,-1,8,3,3.7500000000000000e-01,9.4086312302224653e-16,4.0750002133766416e-01,1.7980466716998986e-01,structured_synthetic_rotation,N/A,128,96,exp(-4*i/(R-1)),Dense truncated SVD,1.7980466716998986e-01,True
synthetic,synthetic_low_rank_update,aggregate,58,-1,8,4,5.0000000000000000e-01,9.8919436874580741e-16,4.2539658372683725e-01,1.0117947994743637e-01,structured_synthetic_rotation,N/A,128,96,exp(-4*i/(R-1)),RBLA index prefix,5.2657606367427368e-01,True
synthetic,synthetic_low_rank_update,aggregate,58,-1,8,4,5.0000000000000000e-01,9.8919436874580741e-16,4.2539658372683725e-01,1.0117947994743637e-01,structured_synthetic_rotation,N/A,128,96,exp(-4*i/(R-1)),SP+ (compact QR),1.0117947994743642e-01,True
synthetic,synthetic_low_rank_update,aggregate,58,-1,8,4,5.0000000000000000e-01,9.8919436874580741e-16,4.2539658372683725e-01,1.0117947994743637e-01,structured_synthetic_rotation,N/A,128,96,exp(-4*i/(R-1)),Dense truncated SVD,1.0117947994743642e-01,True
synthetic,synthetic_low_rank_update,aggregate,58,-1,8,5,6.2500000000000000e-01,9.9817540992588969e-16,4.4593900858235602e-01,5.6496601613898335e-02,structured_synthetic_rotation,N/A,128,96,exp(-4*i/(R-1)),RBLA index prefix,5.0243561019625438e-01,True
synthetic,synthetic_low_rank_update,aggregate,58,-1,8,5,6.2500000000000000e-01,9.9817540992588969e-16,4.4593900858235602e-01,5.6496601613898335e-02,structured_synthetic_rotation,N/A,128,96,exp(-4*i/(R-1)),SP+ (compact QR),5.6496601613898370e-02,True
synthetic,synthetic_low_rank_update,aggregate,58,-1,8,5,6.2500000000000000e-01,9.9817540992588969e-16,4.4593900858235602e-01,5.6496601613898335e-02,structured_synthetic_rotation,N/A,128,96,exp(-4*i/(R-1)),Dense truncated SVD,5.6496601613898370e-02,True
synthetic,synthetic_low_rank_update,aggregate,58,-1,8,6,7.5000000000000000e-01,9.9719041323402409e-16,3.6633416259772000e-01,3.0741421310200859e-02,structured_synthetic_rotation,N/A,128,96,exp(-4*i/(R-1)),RBLA index prefix,3.9707558390792086e-01,True
synthetic,synthetic_low_rank_update,aggregate,58,-1,8,6,7.5000000000000000e-01,9.9719041323402409e-16,3.6633416259772000e-01,3.0741421310200859e-02,structured_synthetic_rotation,N/A,128,96,exp(-4*i/(R-1)),SP+ (compact QR),3.0741421310200870e-02,True
synthetic,synthetic_low_rank_update,aggregate,58,-1,8,6,7.5000000000000000e-01,9.9719041323402409e-16,3.6633416259772000e-01,3.0741421310200859e-02,structured_synthetic_rotation,N/A,128,96,exp(-4*i/(R-1)),Dense truncated SVD,3.0741421310200877e-02,True
synthetic,synthetic_low_rank_update,aggregate,58,-1,8,7,8.7500000000000000e-01,9.9599820179712468e-16,2.0883159595321793e-01,1.5116409691580561e-02,structured_synthetic_rotation,N/A,128,96,exp(-4*i/(R-1)),RBLA index prefix,2.2394800564479850e-01,True
synthetic,synthetic_low_rank_update,aggregate,58,-1,8,7,8.7500000000000000e-01,9.9599820179712468e-16,2.0883159595321793e-01,1.5116409691580561e-02,structured_synthetic_rotation,N/A,128,96,exp(-4*i/(R-1)),SP+ (compact QR),1.5116409691580566e-02,True
synthetic,synthetic_low_rank_update,aggregate,58,-1,8,7,8.7500000000000000e-01,9.9599820179712468e-16,2.0883159595321793e-01,1.5116409691580561e-02,structured_synthetic_rotation,N/A,128,96,exp(-4*i/(R-1)),Dense truncated SVD,1.5116409691580566e-02,True
synthetic,synthetic_low_rank_update,aggregate,58,-1,8,8,1.0000000000000000e+00,9.9824888776377734e-16,-6.4302409828569944e-16,0.0000000000000000e+00,structured_synthetic_rotation,N/A,128,96,exp(-4*i/(R-1)),RBLA index prefix,0.0000000000000000e+00,True
synthetic,synthetic_low_rank_update,aggregate,58,-1,8,8,1.0000000000000000e+00,9.9824888776377734e-16,-6.4302409828569944e-16,0.0000000000000000e+00,structured_synthetic_rotation,N/A,128,96,exp(-4*i/(R-1)),SP+ (compact QR),6.4302409828569944e-16,True
synthetic,synthetic_low_rank_update,aggregate,58,-1,8,8,1.0000000000000000e+00,9.9824888776377734e-16,-6.4302409828569944e-16,0.0000000000000000e+00,structured_synthetic_rotation,N/A,128,96,exp(-4*i/(R-1)),Dense truncated SVD,7.9478535468584570e-16,True
synthetic,synthetic_low_rank_update,aggregate,59,-1,8,1,1.2500000000000000e-01,1.4262344976792632e-15,2.9521454553542414e-01,5.6465359762652834e-01,structured_synthetic_rotation,N/A,128,96,exp(-4*i/(R-1)),RBLA index prefix,8.5986814316195248e-01,True
synthetic,synthetic_low_rank_update,aggregate,59,-1,8,1,1.2500000000000000e-01,1.4262344976792632e-15,2.9521454553542414e-01,5.6465359762652834e-01,structured_synthetic_rotation,N/A,128,96,exp(-4*i/(R-1)),SP+ (compact QR),5.6465359762652834e-01,True
synthetic,synthetic_low_rank_update,aggregate,59,-1,8,1,1.2500000000000000e-01,1.4262344976792632e-15,2.9521454553542414e-01,5.6465359762652834e-01,structured_synthetic_rotation,N/A,128,96,exp(-4*i/(R-1)),Dense truncated SVD,5.6465359762652834e-01,True
synthetic,synthetic_low_rank_update,aggregate,59,-1,8,2,2.5000000000000000e-01,1.3596784752376068e-15,3.0174576408343484e-01,3.1875583277888486e-01,structured_synthetic_rotation,N/A,128,96,exp(-4*i/(R-1)),RBLA index prefix,6.2050159686231976e-01,True
synthetic,synthetic_low_rank_update,aggregate,59,-1,8,2,2.5000000000000000e-01,1.3596784752376068e-15,3.0174576408343484e-01,3.1875583277888486e-01,structured_synthetic_rotation,N/A,128,96,exp(-4*i/(R-1)),SP+ (compact QR),3.1875583277888492e-01,True
synthetic,synthetic_low_rank_update,aggregate,59,-1,8,2,2.5000000000000000e-01,1.3596784752376068e-15,3.0174576408343484e-01,3.1875583277888486e-01,structured_synthetic_rotation,N/A,128,96,exp(-4*i/(R-1)),Dense truncated SVD,3.1875583277888492e-01,True
synthetic,synthetic_low_rank_update,aggregate,59,-1,8,3,3.7500000000000000e-01,1.3234595275730587e-15,2.9106984302657352e-01,1.7980466716998986e-01,structured_synthetic_rotation,N/A,128,96,exp(-4*i/(R-1)),RBLA index prefix,4.7087451019656329e-01,True
synthetic,synthetic_low_rank_update,aggregate,59,-1,8,3,3.7500000000000000e-01,1.3234595275730587e-15,2.9106984302657352e-01,1.7980466716998986e-01,structured_synthetic_rotation,N/A,128,96,exp(-4*i/(R-1)),SP+ (compact QR),1.7980466716998977e-01,True
synthetic,synthetic_low_rank_update,aggregate,59,-1,8,3,3.7500000000000000e-01,1.3234595275730587e-15,2.9106984302657352e-01,1.7980466716998986e-01,structured_synthetic_rotation,N/A,128,96,exp(-4*i/(R-1)),Dense truncated SVD,1.7980466716998980e-01,True
synthetic,synthetic_low_rank_update,aggregate,59,-1,8,4,5.0000000000000000e-01,1.3137440100202144e-15,3.1501011101167831e-01,1.0117947994743637e-01,structured_synthetic_rotation,N/A,128,96,exp(-4*i/(R-1)),RBLA index prefix,4.1618959095911462e-01,True
synthetic,synthetic_low_rank_update,aggregate,59,-1,8,4,5.0000000000000000e-01,1.3137440100202144e-15,3.1501011101167831e-01,1.0117947994743637e-01,structured_synthetic_rotation,N/A,128,96,exp(-4*i/(R-1)),SP+ (compact QR),1.0117947994743634e-01,True
synthetic,synthetic_low_rank_update,aggregate,59,-1,8,4,5.0000000000000000e-01,1.3137440100202144e-15,3.1501011101167831e-01,1.0117947994743637e-01,structured_synthetic_rotation,N/A,128,96,exp(-4*i/(R-1)),Dense truncated SVD,1.0117947994743634e-01,True
synthetic,synthetic_low_rank_update,aggregate,59,-1,8,5,6.2500000000000000e-01,1.3180608958652508e-15,3.3353952107616958e-01,5.6496601613898335e-02,structured_synthetic_rotation,N/A,128,96,exp(-4*i/(R-1)),RBLA index prefix,3.9003612269006793e-01,True
synthetic,synthetic_low_rank_update,aggregate,59,-1,8,5,6.2500000000000000e-01,1.3180608958652508e-15,3.3353952107616958e-01,5.6496601613898335e-02,structured_synthetic_rotation,N/A,128,96,exp(-4*i/(R-1)),SP+ (compact QR),5.6496601613898335e-02,True
synthetic,synthetic_low_rank_update,aggregate,59,-1,8,5,6.2500000000000000e-01,1.3180608958652508e-15,3.3353952107616958e-01,5.6496601613898335e-02,structured_synthetic_rotation,N/A,128,96,exp(-4*i/(R-1)),Dense truncated SVD,5.6496601613898335e-02,True
synthetic,synthetic_low_rank_update,aggregate,59,-1,8,6,7.5000000000000000e-01,1.3150653628289165e-15,2.4966378664136574e-01,3.0741421310200859e-02,structured_synthetic_rotation,N/A,128,96,exp(-4*i/(R-1)),RBLA index prefix,2.8040520795156659e-01,True
synthetic,synthetic_low_rank_update,aggregate,59,-1,8,6,7.5000000000000000e-01,1.3150653628289165e-15,2.4966378664136574e-01,3.0741421310200859e-02,structured_synthetic_rotation,N/A,128,96,exp(-4*i/(R-1)),SP+ (compact QR),3.0741421310200853e-02,True
synthetic,synthetic_low_rank_update,aggregate,59,-1,8,6,7.5000000000000000e-01,1.3150653628289165e-15,2.4966378664136574e-01,3.0741421310200859e-02,structured_synthetic_rotation,N/A,128,96,exp(-4*i/(R-1)),Dense truncated SVD,3.0741421310200853e-02,True
synthetic,synthetic_low_rank_update,aggregate,59,-1,8,7,8.7500000000000000e-01,1.3160370074407943e-15,1.6619766933963287e-01,1.5116409691580561e-02,structured_synthetic_rotation,N/A,128,96,exp(-4*i/(R-1)),RBLA index prefix,1.8131407903121344e-01,True
synthetic,synthetic_low_rank_update,aggregate,59,-1,8,7,8.7500000000000000e-01,1.3160370074407943e-15,1.6619766933963287e-01,1.5116409691580561e-02,structured_synthetic_rotation,N/A,128,96,exp(-4*i/(R-1)),SP+ (compact QR),1.5116409691580561e-02,True
synthetic,synthetic_low_rank_update,aggregate,59,-1,8,7,8.7500000000000000e-01,1.3160370074407943e-15,1.6619766933963287e-01,1.5116409691580561e-02,structured_synthetic_rotation,N/A,128,96,exp(-4*i/(R-1)),Dense truncated SVD,1.5116409691580559e-02,True
synthetic,synthetic_low_rank_update,aggregate,59,-1,8,8,1.0000000000000000e+00,1.3159949012209123e-15,-8.0525014984648766e-16,0.0000000000000000e+00,structured_synthetic_rotation,N/A,128,96,exp(-4*i/(R-1)),RBLA index prefix,0.0000000000000000e+00,True
synthetic,synthetic_low_rank_update,aggregate,59,-1,8,8,1.0000000000000000e+00,1.3159949012209123e-15,-8.0525014984648766e-16,0.0000000000000000e+00,structured_synthetic_rotation,N/A,128,96,exp(-4*i/(R-1)),SP+ (compact QR),8.0525014984648766e-16,True
synthetic,synthetic_low_rank_update,aggregate,59,-1,8,8,1.0000000000000000e+00,1.3159949012209123e-15,-8.0525014984648766e-16,0.0000000000000000e+00,structured_synthetic_rotation,N/A,128,96,exp(-4*i/(R-1)),Dense truncated SVD,7.1750600087593550e-16,True
synthetic,synthetic_low_rank_update,aggregate,60,-1,8,1,1.2500000000000000e-01,1.1628090696603051e-15,2.8651843505387020e-01,5.6465359762652834e-01,structured_synthetic_rotation,N/A,128,96,exp(-4*i/(R-1)),RBLA index prefix,8.5117203268039854e-01,True
synthetic,synthetic_low_rank_update,aggregate,60,-1,8,1,1.2500000000000000e-01,1.1628090696603051e-15,2.8651843505387020e-01,5.6465359762652834e-01,structured_synthetic_rotation,N/A,128,96,exp(-4*i/(R-1)),SP+ (compact QR),5.6465359762652834e-01,True
synthetic,synthetic_low_rank_update,aggregate,60,-1,8,1,1.2500000000000000e-01,1.1628090696603051e-15,2.8651843505387020e-01,5.6465359762652834e-01,structured_synthetic_rotation,N/A,128,96,exp(-4*i/(R-1)),Dense truncated SVD,5.6465359762652834e-01,True
synthetic,synthetic_low_rank_update,aggregate,60,-1,8,2,2.5000000000000000e-01,9.4730352572520337e-16,4.8174930410171712e-01,3.1875583277888486e-01,structured_synthetic_rotation,N/A,128,96,exp(-4*i/(R-1)),RBLA index prefix,8.0050513688060199e-01,True
synthetic,synthetic_low_rank_update,aggregate,60,-1,8,2,2.5000000000000000e-01,9.4730352572520337e-16,4.8174930410171712e-01,3.1875583277888486e-01,structured_synthetic_rotation,N/A,128,96,exp(-4*i/(R-1)),SP+ (compact QR),3.1875583277888486e-01,True
synthetic,synthetic_low_rank_update,aggregate,60,-1,8,2,2.5000000000000000e-01,9.4730352572520337e-16,4.8174930410171712e-01,3.1875583277888486e-01,structured_synthetic_rotation,N/A,128,96,exp(-4*i/(R-1)),Dense truncated SVD,3.1875583277888486e-01,True
synthetic,synthetic_low_rank_update,aggregate,60,-1,8,3,3.7500000000000000e-01,1.0443409022093629e-15,5.9510623247930505e-01,1.7980466716998986e-01,structured_synthetic_rotation,N/A,128,96,exp(-4*i/(R-1)),RBLA index prefix,7.7491089964929494e-01,True
synthetic,synthetic_low_rank_update,aggregate,60,-1,8,3,3.7500000000000000e-01,1.0443409022093629e-15,5.9510623247930505e-01,1.7980466716998986e-01,structured_synthetic_rotation,N/A,128,96,exp(-4*i/(R-1)),SP+ (compact QR),1.7980466716998983e-01,True
synthetic,synthetic_low_rank_update,aggregate,60,-1,8,3,3.7500000000000000e-01,1.0443409022093629e-15,5.9510623247930505e-01,1.7980466716998986e-01,structured_synthetic_rotation,N/A,128,96,exp(-4*i/(R-1)),Dense truncated SVD,1.7980466716998980e-01,True
synthetic,synthetic_low_rank_update,aggregate,60,-1,8,4,5.0000000000000000e-01,1.0661836740986959e-15,5.6868310161342495e-01,1.0117947994743637e-01,structured_synthetic_rotation,N/A,128,96,exp(-4*i/(R-1)),RBLA index prefix,6.6986258156086131e-01,True
synthetic,synthetic_low_rank_update,aggregate,60,-1,8,4,5.0000000000000000e-01,1.0661836740986959e-15,5.6868310161342495e-01,1.0117947994743637e-01,structured_synthetic_rotation,N/A,128,96,exp(-4*i/(R-1)),SP+ (compact QR),1.0117947994743638e-01,True
synthetic,synthetic_low_rank_update,aggregate,60,-1,8,4,5.0000000000000000e-01,1.0661836740986959e-15,5.6868310161342495e-01,1.0117947994743637e-01,structured_synthetic_rotation,N/A,128,96,exp(-4*i/(R-1)),Dense truncated SVD,1.0117947994743637e-01,True
synthetic,synthetic_low_rank_update,aggregate,60,-1,8,5,6.2500000000000000e-01,1.0634201245698616e-15,4.3184079033093198e-01,5.6496601613898335e-02,structured_synthetic_rotation,N/A,128,96,exp(-4*i/(R-1)),RBLA index prefix,4.8833739194483033e-01,True
synthetic,synthetic_low_rank_update,aggregate,60,-1,8,5,6.2500000000000000e-01,1.0634201245698616e-15,4.3184079033093198e-01,5.6496601613898335e-02,structured_synthetic_rotation,N/A,128,96,exp(-4*i/(R-1)),SP+ (compact QR),5.6496601613898335e-02,True
synthetic,synthetic_low_rank_update,aggregate,60,-1,8,5,6.2500000000000000e-01,1.0634201245698616e-15,4.3184079033093198e-01,5.6496601613898335e-02,structured_synthetic_rotation,N/A,128,96,exp(-4*i/(R-1)),Dense truncated SVD,5.6496601613898349e-02,True
synthetic,synthetic_low_rank_update,aggregate,60,-1,8,6,7.5000000000000000e-01,1.0705570872674560e-15,1.9741716021003181e-01,3.0741421310200859e-02,structured_synthetic_rotation,N/A,128,96,exp(-4*i/(R-1)),RBLA index prefix,2.2815858152023266e-01,True
synthetic,synthetic_low_rank_update,aggregate,60,-1,8,6,7.5000000000000000e-01,1.0705570872674560e-15,1.9741716021003181e-01,3.0741421310200859e-02,structured_synthetic_rotation,N/A,128,96,exp(-4*i/(R-1)),SP+ (compact QR),3.0741421310200863e-02,True
synthetic,synthetic_low_rank_update,aggregate,60,-1,8,6,7.5000000000000000e-01,1.0705570872674560e-15,1.9741716021003181e-01,3.0741421310200859e-02,structured_synthetic_rotation,N/A,128,96,exp(-4*i/(R-1)),Dense truncated SVD,3.0741421310200863e-02,True
synthetic,synthetic_low_rank_update,aggregate,60,-1,8,7,8.7500000000000000e-01,1.0699347276019740e-15,3.9790717251460918e-02,1.5116409691580561e-02,structured_synthetic_rotation,N/A,128,96,exp(-4*i/(R-1)),RBLA index prefix,5.4907126943041486e-02,True
synthetic,synthetic_low_rank_update,aggregate,60,-1,8,7,8.7500000000000000e-01,1.0699347276019740e-15,3.9790717251460918e-02,1.5116409691580561e-02,structured_synthetic_rotation,N/A,128,96,exp(-4*i/(R-1)),SP+ (compact QR),1.5116409691580566e-02,True
synthetic,synthetic_low_rank_update,aggregate,60,-1,8,7,8.7500000000000000e-01,1.0699347276019740e-15,3.9790717251460918e-02,1.5116409691580561e-02,structured_synthetic_rotation,N/A,128,96,exp(-4*i/(R-1)),Dense truncated SVD,1.5116409691580566e-02,True
synthetic,synthetic_low_rank_update,aggregate,60,-1,8,8,1.0000000000000000e+00,1.0700205802353869e-15,-1.0369099418850379e-15,0.0000000000000000e+00,structured_synthetic_rotation,N/A,128,96,exp(-4*i/(R-1)),RBLA index prefix,0.0000000000000000e+00,True
synthetic,synthetic_low_rank_update,aggregate,60,-1,8,8,1.0000000000000000e+00,1.0700205802353869e-15,-1.0369099418850379e-15,0.0000000000000000e+00,structured_synthetic_rotation,N/A,128,96,exp(-4*i/(R-1)),SP+ (compact QR),1.0369099418850379e-15,True
synthetic,synthetic_low_rank_update,aggregate,60,-1,8,8,1.0000000000000000e+00,1.0700205802353869e-15,-1.0369099418850379e-15,0.0000000000000000e+00,structured_synthetic_rotation,N/A,128,96,exp(-4*i/(R-1)),Dense truncated SVD,6.9967994587805452e-16,True
synthetic,synthetic_low_rank_update,aggregate,61,-1,8,1,1.2500000000000000e-01,7.8336613608862287e-16,2.7669949798015070e-01,5.6465359762652834e-01,structured_synthetic_rotation,N/A,128,96,exp(-4*i/(R-1)),RBLA index prefix,8.4135309560667915e-01,True
synthetic,synthetic_low_rank_update,aggregate,61,-1,8,1,1.2500000000000000e-01,7.8336613608862287e-16,2.7669949798015070e-01,5.6465359762652834e-01,structured_synthetic_rotation,N/A,128,96,exp(-4*i/(R-1)),SP+ (compact QR),5.6465359762652845e-01,True
synthetic,synthetic_low_rank_update,aggregate,61,-1,8,1,1.2500000000000000e-01,7.8336613608862287e-16,2.7669949798015070e-01,5.6465359762652834e-01,structured_synthetic_rotation,N/A,128,96,exp(-4*i/(R-1)),Dense truncated SVD,5.6465359762652845e-01,True
synthetic,synthetic_low_rank_update,aggregate,61,-1,8,2,2.5000000000000000e-01,7.8977284922334119e-16,3.2563409731372456e-01,3.1875583277888486e-01,structured_synthetic_rotation,N/A,128,96,exp(-4*i/(R-1)),RBLA index prefix,6.4438993009260959e-01,True
synthetic,synthetic_low_rank_update,aggregate,61,-1,8,2,2.5000000000000000e-01,7.8977284922334119e-16,3.2563409731372456e-01,3.1875583277888486e-01,structured_synthetic_rotation,N/A,128,96,exp(-4*i/(R-1)),SP+ (compact QR),3.1875583277888503e-01,True
synthetic,synthetic_low_rank_update,aggregate,61,-1,8,2,2.5000000000000000e-01,7.8977284922334119e-16,3.2563409731372456e-01,3.1875583277888486e-01,structured_synthetic_rotation,N/A,128,96,exp(-4*i/(R-1)),Dense truncated SVD,3.1875583277888503e-01,True
synthetic,synthetic_low_rank_update,aggregate,61,-1,8,3,3.7500000000000000e-01,8.0948024041156288e-16,4.1652101305280864e-01,1.7980466716998986e-01,structured_synthetic_rotation,N/A,128,96,exp(-4*i/(R-1)),RBLA index prefix,5.9632568022279853e-01,True
synthetic,synthetic_low_rank_update,aggregate,61,-1,8,3,3.7500000000000000e-01,8.0948024041156288e-16,4.1652101305280864e-01,1.7980466716998986e-01,structured_synthetic_rotation,N/A,128,96,exp(-4*i/(R-1)),SP+ (compact QR),1.7980466716998986e-01,True
synthetic,synthetic_low_rank_update,aggregate,61,-1,8,3,3.7500000000000000e-01,8.0948024041156288e-16,4.1652101305280864e-01,1.7980466716998986e-01,structured_synthetic_rotation,N/A,128,96,exp(-4*i/(R-1)),Dense truncated SVD,1.7980466716998986e-01,True
synthetic,synthetic_low_rank_update,aggregate,61,-1,8,4,5.0000000000000000e-01,8.3376966809544099e-16,3.7824101045254443e-01,1.0117947994743637e-01,structured_synthetic_rotation,N/A,128,96,exp(-4*i/(R-1)),RBLA index prefix,4.7942049039998086e-01,True
synthetic,synthetic_low_rank_update,aggregate,61,-1,8,4,5.0000000000000000e-01,8.3376966809544099e-16,3.7824101045254443e-01,1.0117947994743637e-01,structured_synthetic_rotation,N/A,128,96,exp(-4*i/(R-1)),SP+ (compact QR),1.0117947994743640e-01,True
synthetic,synthetic_low_rank_update,aggregate,61,-1,8,4,5.0000000000000000e-01,8.3376966809544099e-16,3.7824101045254443e-01,1.0117947994743637e-01,structured_synthetic_rotation,N/A,128,96,exp(-4*i/(R-1)),Dense truncated SVD,1.0117947994743640e-01,True
synthetic,synthetic_low_rank_update,aggregate,61,-1,8,5,6.2500000000000000e-01,8.5633912062853852e-16,2.7960123339825105e-01,5.6496601613898335e-02,structured_synthetic_rotation,N/A,128,96,exp(-4*i/(R-1)),RBLA index prefix,3.3609783501214940e-01,True
synthetic,synthetic_low_rank_update,aggregate,61,-1,8,5,6.2500000000000000e-01,8.5633912062853852e-16,2.7960123339825105e-01,5.6496601613898335e-02,structured_synthetic_rotation,N/A,128,96,exp(-4*i/(R-1)),SP+ (compact QR),5.6496601613898349e-02,True
synthetic,synthetic_low_rank_update,aggregate,61,-1,8,5,6.2500000000000000e-01,8.5633912062853852e-16,2.7960123339825105e-01,5.6496601613898335e-02,structured_synthetic_rotation,N/A,128,96,exp(-4*i/(R-1)),Dense truncated SVD,5.6496601613898349e-02,True
synthetic,synthetic_low_rank_update,aggregate,61,-1,8,6,7.5000000000000000e-01,8.5560199619188104e-16,2.4109042861837066e-01,3.0741421310200859e-02,structured_synthetic_rotation,N/A,128,96,exp(-4*i/(R-1)),RBLA index prefix,2.7183184992857151e-01,True
synthetic,synthetic_low_rank_update,aggregate,61,-1,8,6,7.5000000000000000e-01,8.5560199619188104e-16,2.4109042861837066e-01,3.0741421310200859e-02,structured_synthetic_rotation,N/A,128,96,exp(-4*i/(R-1)),SP+ (compact QR),3.0741421310200859e-02,True
synthetic,synthetic_low_rank_update,aggregate,61,-1,8,6,7.5000000000000000e-01,8.5560199619188104e-16,2.4109042861837066e-01,3.0741421310200859e-02,structured_synthetic_rotation,N/A,128,96,exp(-4*i/(R-1)),Dense truncated SVD,3.0741421310200859e-02,True
synthetic,synthetic_low_rank_update,aggregate,61,-1,8,7,8.7500000000000000e-01,8.6157726064445912e-16,1.1523011402450414e-01,1.5116409691580561e-02,structured_synthetic_rotation,N/A,128,96,exp(-4*i/(R-1)),RBLA index prefix,1.3034652371608471e-01,True
synthetic,synthetic_low_rank_update,aggregate,61,-1,8,7,8.7500000000000000e-01,8.6157726064445912e-16,1.1523011402450414e-01,1.5116409691580561e-02,structured_synthetic_rotation,N/A,128,96,exp(-4*i/(R-1)),SP+ (compact QR),1.5116409691580566e-02,True
synthetic,synthetic_low_rank_update,aggregate,61,-1,8,7,8.7500000000000000e-01,8.6157726064445912e-16,1.1523011402450414e-01,1.5116409691580561e-02,structured_synthetic_rotation,N/A,128,96,exp(-4*i/(R-1)),Dense truncated SVD,1.5116409691580564e-02,True
synthetic,synthetic_low_rank_update,aggregate,61,-1,8,8,1.0000000000000000e+00,8.6063375568539643e-16,-6.6355209016789605e-16,0.0000000000000000e+00,structured_synthetic_rotation,N/A,128,96,exp(-4*i/(R-1)),RBLA index prefix,0.0000000000000000e+00,True
synthetic,synthetic_low_rank_update,aggregate,61,-1,8,8,1.0000000000000000e+00,8.6063375568539643e-16,-6.6355209016789605e-16,0.0000000000000000e+00,structured_synthetic_rotation,N/A,128,96,exp(-4*i/(R-1)),SP+ (compact QR),6.6355209016789605e-16,True
synthetic,synthetic_low_rank_update,aggregate,61,-1,8,8,1.0000000000000000e+00,8.6063375568539643e-16,-6.6355209016789605e-16,0.0000000000000000e+00,structured_synthetic_rotation,N/A,128,96,exp(-4*i/(R-1)),Dense truncated SVD,6.1551971145653014e-16,True
